county_fips,education_less_than_9th_pct,education_9th_to_12th_no_diploma_pct,digital_with_computer_pct,digital_with_broadband_pct,unemployment_pct,public_assistance_pct,uninsured_pct,mean_commute_minutes,housing_vacancy_pct,housing_no_vehicle_pct,housing_renter_pct,housing_crowded_1_01_to_1_50_pct,housing_crowded_1_51_plus_pct,housing_rent_30_to_34_9_pct,housing_rent_35_plus_pct,population_total,median_age_years,female_pct,education_high_school_pct,education_college_pct,education_bachelors_or_higher_pct,poverty_pct,median_household_income
01001,1.5,7.2,96.6,93.2,1.3,1.0,7.3,27.9,8.5,4.1,22.9,1.4,0.3,2.8,31.8,59947,39.0,,33.7,21.2,29.1,11.3,72481
01003,2.3,5.9,94.9,90.6,1.8,1.0,8.3,27.0,25.5,2.7,22.4,1.2,0.5,8.5,38.7,246989,43.9,,27.1,21.3,33.7,10.1,78775
01005,7.0,14.9,90.2,75.5,3.5,1.9,10.3,27.1,22.4,10.5,31.8,1.3,0.4,9.4,27.3,24643,40.8,,37.9,19.7,10.6,21.4,46042
01007,5.7,12.0,91.9,82.9,6.0,8.5,6.9,31.7,15.6,5.4,20.8,1.0,0.8,13.6,46.4,22130,41.2,,42.5,20.3,11.7,22.5,52541
01009,5.6,11.2,93.5,85.0,2.9,2.4,10.3,35.8,11.0,4.0,19.0,1.5,1.0,5.5,36.8,59518,41.3,,35.9,20.5,15.8,12.9,64190
01011,10.8,14.4,84.2,68.1,3.0,0.2,11.8,31.8,19.5,10.0,33.4,3.2,0.9,2.9,48.4,10058,43.0,,42.9,17.6,8.1,33.3,31310
01013,4.7,8.4,91.7,82.7,3.3,1.3,12.3,25.0,23.1,5.9,34.2,0.4,0.3,10.5,35.2,18630,42.7,,45.7,18.3,13.5,22.4,44755
01015,4.1,9.5,94.3,87.3,3.3,2.0,10.2,25.2,15.6,6.4,29.7,1.1,0.4,8.0,36.9,116090,39.3,,34.5,22.5,20.6,17.9,55029
01017,5.6,10.7,91.5,82.1,2.8,1.4,11.0,23.1,18.3,7.3,28.2,1.2,2.5,11.3,35.6,34192,41.3,,38.1,21.5,14.9,15.7,49656
01019,5.7,11.9,90.9,82.6,1.9,2.6,7.2,30.5,30.7,2.8,18.9,0.7,0.6,2.7,37.3,25443,47.5,,35.3,19.5,16.5,14.8,53863
01021,4.6,10.0,90.0,83.3,3.2,2.5,11.1,31.0,9.9,2.6,23.1,2.3,0.3,3.9,31.5,45992,38.7,,41.4,18.8,16.5,14.0,65603
01023,5.3,8.5,84.7,76.1,2.4,2.3,8.6,33.6,27.0,8.8,17.6,1.1,0.0,9.5,28.0,12380,47.4,,42.0,20.4,15.8,16.5,47813
01025,3.7,10.2,83.7,73.7,4.7,0.9,7.5,25.1,28.3,11.6,29.2,0.9,0.6,13.9,43.6,22543,42.8,,44.4,19.4,15.0,20.1,49249
01027,5.2,11.6,88.2,80.4,1.1,4.9,7.2,28.5,18.1,5.8,20.6,2.0,0.7,11.2,29.5,14192,44.7,,36.3,21.0,14.7,17.6,55250
01029,3.8,10.4,90.0,76.0,1.3,2.4,8.8,35.3,13.0,5.6,21.5,1.9,1.0,15.1,35.4,15426,42.7,,42.4,19.0,17.0,13.7,55345
01031,4.2,8.7,92.6,86.8,2.7,1.0,10.4,23.0,14.9,4.0,27.7,0.9,0.8,7.0,31.9,54920,39.0,,30.1,21.2,22.5,16.7,68353
01033,3.9,8.7,90.8,81.9,1.8,0.5,7.9,22.5,13.3,4.6,28.7,0.7,0.4,5.4,35.2,58022,42.9,,31.5,24.2,21.7,17.4,60628
01035,2.6,8.1,83.5,72.7,3.5,2.5,8.0,28.3,31.5,5.8,25.7,1.5,0.3,3.8,47.3,11275,46.7,,46.4,21.5,13.4,27.8,41327
01037,3.9,12.2,88.8,80.7,2.9,0.6,7.6,31.5,27.1,6.0,18.4,0.5,2.3,4.3,59.2,10300,50.1,,40.3,21.1,13.9,13.1,57355
01039,4.5,10.3,89.6,83.8,2.7,1.7,9.4,25.5,21.8,6.2,23.7,1.0,0.2,12.7,37.3,37628,43.3,,35.1,19.9,17.2,19.2,52456
01041,5.2,8.8,84.3,69.2,2.8,2.2,8.1,31.3,20.5,7.3,26.8,1.2,0.4,10.6,33.5,13122,42.2,,41.1,16.5,18.7,17.9,48560
01043,4.1,9.6,92.7,87.3,2.2,0.9,10.9,27.0,11.3,3.2,23.4,2.1,0.5,7.9,31.0,90566,40.8,,31.9,22.6,19.7,15.3,62656
01045,3.8,9.7,93.9,86.0,3.2,1.7,10.1,22.5,14.1,5.7,38.1,1.0,0.5,8.9,31.0,49599,37.7,,30.9,24.4,20.4,18.7,54963
01047,2.5,9.8,87.5,80.5,5.7,19.2,8.2,26.4,15.8,14.1,36.2,0.9,0.7,5.6,56.5,36858,41.2,,41.2,17.4,17.5,31.0,35627
01049,10.7,10.1,91.4,86.9,2.3,1.6,15.5,24.8,15.4,4.2,21.7,2.9,1.5,9.4,35.0,72269,39.5,,33.7,19.7,14.1,22.4,51204
01051,2.8,7.5,96.4,91.7,2.7,1.6,7.7,27.9,12.0,3.4,23.0,1.5,0.1,6.6,38.8,89526,39.5,,33.7,21.0,25.4,10.3,78243
01053,4.2,11.4,88.2,79.0,4.8,1.1,9.2,24.6,23.8,5.7,29.1,0.6,0.2,7.2,36.3,36629,40.6,,41.9,18.7,13.5,20.0,48225
01055,4.3,9.6,92.5,87.5,3.3,2.0,11.4,25.5,17.2,4.4,26.1,1.3,0.7,8.9,39.5,103105,41.7,,34.5,22.9,18.1,16.9,54563
01057,5.4,8.9,87.5,80.9,4.4,1.9,7.7,28.6,19.9,7.6,21.6,0.4,0.7,2.5,30.7,16053,43.3,,39.9,21.9,14.9,21.8,49488
01059,7.8,11.7,86.4,72.0,2.1,0.4,12.7,26.0,14.6,7.7,27.6,2.4,0.4,5.0,30.8,31966,38.0,,38.8,18.5,15.8,19.1,53338
01061,5.9,10.1,90.2,79.6,3.1,1.3,12.5,26.6,15.4,6.0,21.9,1.2,0.5,8.4,31.3,26887,43.7,,39.2,21.0,13.2,19.2,52771
01063,3.8,9.3,82.3,67.0,1.6,1.5,13.7,29.4,24.6,13.3,38.4,2.6,0.4,23.8,26.3,7424,42.5,,47.9,15.3,15.1,40.1,29200
01065,6.7,11.5,85.1,75.4,2.9,2.4,6.2,30.2,25.7,11.2,25.6,2.2,0.6,3.4,46.7,14829,40.6,,36.8,18.7,17.6,24.6,39250
01067,4.7,11.6,87.9,82.5,2.0,1.6,9.1,27.6,23.4,7.5,20.5,0.3,0.3,14.5,32.7,17647,44.8,,31.1,21.5,21.8,18.3,59931
01069,3.4,8.7,93.2,86.5,2.6,1.3,11.2,22.1,13.7,6.8,36.2,1.2,0.3,9.5,36.5,108140,40.3,,32.3,22.5,23.0,17.5,58626
01071,5.0,12.2,93.2,89.9,2.3,1.4,10.3,27.3,12.5,4.9,24.9,1.3,0.4,12.3,32.5,53053,43.5,,37.6,19.1,15.9,17.3,51908
01073,2.5,6.3,95.4,90.4,2.9,1.7,9.4,24.1,13.2,7.0,36.1,1.1,0.4,10.0,43.5,667755,37.7,,26.3,20.5,36.2,15.7,66388
01075,5.1,11.4,86.7,77.7,2.8,3.3,8.0,25.4,28.6,6.1,24.3,0.8,0.5,9.4,42.4,13693,44.2,,39.4,22.6,12.1,18.0,50000
01077,2.7,6.7,92.2,85.1,2.4,1.2,8.8,25.9,12.6,5.1,31.1,0.4,0.3,8.7,28.8,95830,40.8,,32.9,19.6,29.8,12.2,62649
01079,4.8,10.2,88.7,79.0,1.1,0.7,8.0,30.0,11.5,4.4,18.3,0.9,0.2,12.8,25.2,33276,42.3,,40.9,19.7,15.2,13.3,66071
01081,2.8,5.1,95.8,88.9,2.1,0.9,8.6,22.3,12.8,4.8,33.7,0.7,1.3,6.8,50.5,181134,34.0,,21.8,19.1,42.4,18.9,65824
01083,4.9,8.4,93.9,88.0,2.0,0.9,7.8,26.3,7.7,3.5,22.4,1.0,0.4,9.3,31.5,111233,40.8,,26.5,21.5,30.2,10.0,83629
01085,5.3,12.1,86.6,72.5,3.2,2.9,7.6,31.4,11.6,8.8,22.5,1.0,1.7,9.5,44.4,9833,42.7,,42.3,17.5,14.4,29.9,37052
01087,3.8,11.6,87.3,79.1,4.2,0.6,9.4,23.7,25.0,9.5,38.5,0.9,0.7,6.7,45.1,18691,37.4,,31.9,23.5,21.1,24.3,43707
01089,2.3,4.9,96.9,92.3,2.3,1.8,7.7,22.1,7.6,4.0,31.7,1.0,0.2,8.3,35.9,405718,38.2,,19.2,19.4,46.4,10.1,86499
01091,8.4,5.8,88.6,78.0,2.1,0.9,9.2,26.4,20.0,10.2,29.8,1.1,0.4,7.8,46.4,18851,41.4,,33.8,22.3,19.5,21.9,43825
01093,5.4,11.7,88.2,79.0,2.5,2.1,10.7,25.9,25.4,4.2,23.2,2.1,0.0,13.6,32.7,29184,43.9,,38.6,20.4,13.3,16.2,50088
01095,6.8,8.4,94.1,90.1,2.2,1.5,12.0,25.5,12.7,4.4,24.2,1.7,0.4,14.5,32.0,99748,38.5,,32.2,19.2,21.5,16.6,62571
01097,2.6,8.1,95.0,86.3,3.1,0.9,10.4,26.1,13.1,6.0,34.0,1.2,0.5,11.0,44.6,412590,38.5,,33.5,21.1,26.0,16.2,58880
01099,3.6,12.3,82.0,76.9,4.7,1.3,9.1,25.5,27.9,4.3,28.3,1.7,0.1,16.1,35.2,19388,44.2,,46.2,18.5,11.7,20.1,42292
01101,3.2,7.6,94.7,90.3,3.4,1.1,10.3,21.6,13.9,6.6,42.2,1.7,0.9,7.8,45.6,226718,37.1,,26.2,21.0,34.5,19.9,59386
01103,5.5,8.6,92.4,86.0,2.1,1.5,10.9,24.9,9.0,4.8,27.3,1.6,0.3,8.9,36.2,124471,40.0,,31.0,22.6,23.3,13.5,68845
01105,2.7,14.2,86.7,75.5,6.5,21.7,7.2,28.0,13.2,8.0,22.5,0.5,0.0,2.7,47.9,8031,41.1,,41.9,18.5,15.8,31.4,37654
01107,6.4,8.3,87.5,80.1,2.1,1.5,7.5,32.6,22.5,7.1,24.2,0.7,0.4,8.5,31.9,18721,42.2,,45.6,17.9,13.1,20.0,46274
01109,4.1,9.3,91.7,81.9,2.0,1.4,8.4,20.3,23.1,5.7,38.7,1.1,0.5,7.4,47.5,32987,31.6,,32.2,19.2,28.0,23.3,48677
01111,5.0,10.1,90.5,84.9,1.9,5.0,9.1,28.9,25.9,4.4,22.8,0.6,0.5,12.1,35.0,22510,43.4,,37.7,16.8,18.4,19.9,52338
01113,4.3,8.7,89.1,79.7,3.3,1.4,11.3,26.3,13.6,8.0,38.7,1.1,0.4,10.4,44.0,58811,37.5,,32.5,25.5,18.2,22.2,51197
01115,4.1,8.1,94.9,91.1,2.7,1.4,7.2,30.7,10.5,3.0,17.4,1.7,0.2,9.6,32.9,94166,41.2,,34.0,23.1,21.4,11.4,77463
01117,1.8,3.6,97.2,94.7,1.9,0.7,6.4,29.5,5.6,2.5,18.6,0.9,0.1,8.7,38.4,230211,40.3,,20.4,19.3,46.8,7.2,97961
01119,2.6,11.1,89.4,76.0,5.5,1.5,8.6,23.2,24.1,9.5,33.2,1.1,0.5,7.8,51.8,11878,35.7,,35.3,25.1,19.0,26.5,33310
01121,4.2,9.8,92.2,87.2,3.6,0.7,8.1,28.0,12.7,6.9,28.0,1.2,0.2,7.9,36.3,81021,42.0,,36.3,23.9,16.5,17.8,57776
01123,3.9,9.0,91.4,83.9,2.6,0.9,8.4,25.2,26.3,5.8,23.9,0.9,0.4,5.1,31.3,40938,45.6,,33.3,23.2,20.3,16.3,59356
01125,2.6,5.9,95.1,88.6,3.6,2.8,6.7,23.3,13.7,5.8,38.6,1.6,0.4,8.6,42.9,237552,32.8,,27.9,21.4,32.1,16.8,66231
01127,4.7,11.1,92.0,84.7,2.6,1.6,9.6,31.2,16.4,5.0,23.9,1.0,0.7,9.9,30.7,64841,40.6,,35.4,22.2,16.6,18.5,56509
01129,2.0,8.4,85.6,81.2,2.4,1.4,6.8,34.3,23.5,5.1,14.2,1.1,0.4,3.3,29.8,15143,44.6,,42.6,20.8,17.0,17.1,61042
01131,6.0,12.6,85.4,78.9,5.7,2.8,8.7,28.3,27.6,10.4,22.6,2.0,0.3,6.8,41.7,10172,42.3,,41.0,20.4,12.9,28.2,40640
01133,7.4,15.1,88.6,81.8,1.9,2.4,8.9,28.2,28.4,4.9,24.2,1.9,0.6,8.9,24.5,23682,45.4,,37.9,17.0,14.3,18.7,57256
02013,4.9,8.2,92.6,64.1,6.4,2.4,35.6,5.6,16.1,22.1,35.8,2.9,1.1,4.7,25.6,3491,40.8,,35.9,22.2,18.3,13.2,65365
02016,4.8,4.5,94.0,85.6,3.7,1.5,18.5,6.4,29.5,5.3,66.5,6.0,2.8,11.2,18.2,5235,40.1,,35.6,26.9,17.9,11.3,135500
02020,2.0,3.8,98.0,94.5,3.0,5.6,9.9,18.8,9.8,5.9,36.1,2.6,1.3,10.4,36.0,288976,35.2,,24.1,23.4,38.7,8.9,103284
02050,6.2,11.6,96.5,84.9,9.8,11.6,12.0,7.4,19.7,57.7,38.4,16.7,16.9,2.2,20.8,18394,29.0,,48.0,17.2,12.8,25.6,73996
02060,1.2,1.6,94.8,86.6,2.9,4.8,20.8,9.2,63.5,7.6,46.4,2.7,0.7,0.0,13.6,918,39.7,,36.3,33.2,20.9,9.3,95625
02063,0.4,3.2,97.9,96.9,6.2,6.9,11.4,9.2,27.1,6.7,36.2,0.5,1.0,13.4,22.9,6862,37.9,,28.2,24.3,31.4,5.9,90509
02066,3.5,5.9,93.2,85.3,2.6,8.0,13.4,29.4,50.6,6.0,31.5,3.4,3.7,5.8,19.6,2626,48.9,,29.0,31.0,23.4,8.7,79250
02068,1.9,5.6,96.8,84.6,0.7,1.8,10.1,15.5,56.6,12.4,35.0,1.4,4.8,8.6,17.3,1969,44.0,,45.4,13.8,26.6,8.3,80781
02070,3.4,7.7,96.9,84.7,6.4,11.1,15.9,8.7,41.5,35.4,38.6,11.9,10.8,9.7,24.8,4724,31.7,,42.3,19.7,18.9,19.5,78533
02090,1.5,3.8,98.0,91.5,3.0,4.0,9.3,19.2,14.8,4.6,38.3,2.2,1.8,9.0,36.9,95460,32.5,,26.6,24.1,33.1,6.1,88267
02100,0.8,0.9,95.1,90.5,2.7,4.1,11.5,12.5,34.7,4.0,21.5,0.9,1.7,9.2,43.7,2086,50.9,,28.7,27.1,34.1,5.4,86927
02105,0.7,5.3,85.4,77.1,9.9,8.0,19.0,12.6,47.3,28.6,28.0,1.5,0.4,4.1,37.6,2311,50.0,,33.6,25.7,24.6,14.2,61406
02110,1.0,3.8,97.9,94.3,2.6,4.7,8.3,15.1,7.6,9.5,36.4,2.4,0.3,8.2,27.9,31794,40.0,,20.6,23.1,41.2,8.9,101661
02122,1.6,3.7,95.7,89.3,3.9,6.3,11.5,20.7,25.8,4.9,23.0,2.1,1.8,10.4,38.4,60413,41.4,,31.5,24.4,29.8,11.8,80538
02130,1.0,3.4,95.4,92.0,2.0,4.7,9.2,14.6,14.4,10.5,31.4,2.0,1.0,9.7,39.3,13768,41.0,,30.2,29.9,27.4,8.7,92885
02150,3.2,4.1,96.8,92.7,3.2,3.3,12.2,10.1,20.7,7.6,38.9,4.6,4.2,0.9,36.9,12771,35.1,,27.7,27.3,28.7,8.7,86250
02158,3.6,16.4,92.0,82.5,11.4,15.3,11.0,6.3,18.3,82.9,30.2,18.2,20.8,5.6,26.2,8176,23.6,,50.1,20.9,5.8,32.4,51471
02164,2.5,5.5,93.5,81.5,6.6,10.2,32.2,13.3,75.7,43.5,34.6,7.1,5.2,3.9,31.4,1013,33.7,,49.6,17.3,16.3,12.8,65625
02170,1.4,4.5,97.2,93.2,3.4,5.3,11.9,34.8,22.1,3.8,22.8,3.3,1.9,11.5,41.1,112988,36.7,,33.5,24.4,24.4,10.0,94031
02180,2.6,7.5,96.4,88.2,10.6,9.9,14.0,6.3,31.4,55.9,33.2,13.1,15.5,5.3,25.2,9866,29.4,,49.4,23.0,14.0,21.5,78681
02185,1.7,11.0,92.5,75.1,5.6,7.0,13.5,13.0,13.7,37.0,50.9,15.5,9.0,4.2,25.4,10810,35.0,,42.6,20.9,15.6,11.1,95694
02188,3.9,10.8,94.3,88.6,9.8,9.4,18.1,5.9,33.5,64.6,35.6,15.6,20.1,4.8,14.9,7441,28.8,,46.3,24.2,10.6,17.9,84018
02195,4.5,5.0,95.6,88.3,2.4,5.2,9.3,6.8,26.4,11.1,34.3,1.0,0.2,5.6,28.6,3409,45.7,,30.5,26.7,25.8,7.0,75125
02198,1.2,7.0,92.9,84.5,4.7,7.7,17.0,12.7,25.6,10.8,29.4,5.1,1.0,5.0,25.2,5715,43.4,,38.8,30.5,14.9,12.7,61156
02220,1.8,3.3,97.5,90.8,4.5,5.0,10.1,13.0,17.3,11.0,38.3,0.7,0.0,18.5,28.5,8368,39.7,,24.6,27.1,34.3,7.5,101727
02230,4.2,2.3,96.9,93.3,6.8,2.7,8.5,4.9,32.4,10.0,29.1,0.2,4.4,3.4,43.7,1244,41.2,,34.6,24.5,28.5,5.9,81136
02240,2.2,4.6,91.9,80.9,3.7,5.8,14.8,15.9,29.0,6.6,25.3,4.4,2.6,5.2,33.6,7068,38.1,,35.5,26.7,23.2,12.7,73882
02275,1.9,4.5,93.3,91.4,2.2,5.8,11.2,8.5,25.1,8.7,40.9,1.3,1.0,7.9,26.6,2088,48.1,,33.0,29.3,21.4,12.1,63750
02282,0.5,5.9,92.2,87.4,0.6,12.6,24.9,5.5,48.2,13.6,43.7,1.9,0.5,4.9,13.1,527,43.7,,38.1,28.5,14.4,11.9,85000
02290,3.2,9.3,86.2,64.2,3.6,7.4,24.5,11.0,38.3,37.0,30.1,7.6,5.5,1.1,22.7,5195,37.8,,39.0,25.1,16.0,16.0,55741
04001,6.2,8.8,75.3,60.0,4.5,2.7,18.2,28.1,27.2,11.5,20.6,6.4,6.6,5.5,18.7,65341,36.6,,31.5,27.4,16.6,30.5,41438
04003,4.2,6.5,94.8,87.5,3.4,3.1,8.3,23.4,14.6,5.3,29.0,1.8,1.0,11.4,36.8,125566,43.0,,24.7,25.8,28.1,15.4,59742
04005,3.0,5.0,96.0,84.2,3.5,2.0,11.0,19.3,22.0,5.6,40.3,4.3,2.7,8.7,42.9,144508,32.8,,21.1,21.5,40.3,16.8,72966
04007,2.3,7.2,91.8,82.2,3.3,3.3,10.9,21.9,27.8,6.4,22.5,2.8,1.0,6.3,32.3,53795,51.1,,32.4,29.4,18.7,16.9,61986
04009,5.3,9.8,95.0,84.9,4.1,3.0,9.6,22.8,9.7,5.0,26.9,3.2,2.3,6.3,23.7,39232,34.9,,31.3,28.2,14.6,17.3,67325
04011,8.7,5.8,96.4,90.8,1.3,0.4,2.9,19.1,19.0,2.5,47.0,2.9,0.7,2.1,8.5,9409,36.3,,30.5,27.5,20.9,8.2,71164
04012,5.1,9.8,91.9,78.9,4.3,2.5,10.7,13.2,34.5,4.5,27.9,4.8,3.7,1.9,26.4,16664,60.2,,36.9,24.1,13.5,17.5,49478
04013,4.7,5.6,97.2,93.1,2.9,2.2,10.6,26.0,8.2,5.1,34.8,2.9,1.4,9.5,43.1,4559748,37.6,,22.0,22.0,36.7,11.0,89300
04015,3.6,8.3,94.9,88.6,3.2,2.2,9.5,19.9,16.3,3.9,25.9,2.5,1.0,9.7,39.3,220517,53.6,,34.1,28.9,15.2,16.1,57684
04017,4.8,8.7,89.5,74.2,4.1,3.5,15.9,25.0,30.0,8.5,26.8,4.6,3.7,4.4,30.1,108415,39.5,,30.5,27.3,19.1,24.7,54606
04019,3.6,5.8,96.4,91.9,3.1,2.2,8.6,24.3,8.8,7.1,34.8,1.9,1.3,9.1,44.1,1060490,39.8,,21.1,23.4,36.8,14.3,70315
04021,4.2,6.7,96.8,92.5,3.2,2.0,10.9,31.8,12.3,3.9,18.3,2.6,1.1,8.1,38.6,469006,40.4,,30.0,26.3,22.5,11.1,80266
04023,9.7,13.7,93.3,87.9,7.0,4.3,15.2,24.2,11.8,5.0,30.7,4.3,1.7,7.3,42.6,48926,37.9,,26.8,18.2,23.1,20.2,55217
04025,2.4,4.9,96.4,91.6,2.1,2.1,10.1,23.5,11.8,3.8,24.9,1.7,0.7,7.5,38.7,245480,55.1,,24.1,27.9,30.3,12.0,69613
04027,11.1,11.5,93.8,88.7,3.5,1.8,14.0,21.3,16.7,5.5,29.0,5.1,5.7,11.2,36.8,211741,36.1,,27.9,24.6,16.8,15.6,62876
05001,3.0,11.5,89.1,82.5,4.9,0.4,9.7,18.7,22.9,8.7,35.4,1.2,1.0,2.5,44.5,16515,41.4,,41.8,19.8,13.6,19.0,53164
05003,3.7,8.7,86.4,80.0,2.6,1.5,9.9,23.9,21.7,8.8,29.2,1.0,0.2,6.5,42.2,18429,42.8,,50.6,16.8,12.8,22.1,44266
05005,2.9,7.4,92.4,87.2,2.8,2.1,7.0,19.4,15.4,4.6,24.8,1.1,1.0,10.0,41.4,42407,51.4,,33.1,24.3,19.4,15.5,48452
05007,4.3,5.2,97.2,94.4,2.1,0.7,9.5,21.6,8.8,2.8,33.0,3.1,0.7,6.7,26.1,303632,35.9,,27.8,17.6,37.8,7.6,93506
05009,2.5,5.1,93.5,87.8,1.4,1.3,8.2,20.2,12.0,6.8,29.2,0.9,0.7,12.1,28.1,38138,41.4,,38.0,26.6,17.2,11.7,55143
05011,4.7,9.0,89.1,79.7,3.4,4.9,12.5,24.4,25.8,9.3,34.0,2.3,1.0,6.5,41.7,10208,39.0,,46.0,17.6,15.3,19.9,41476
05013,2.3,10.6,94.4,83.7,2.8,0.6,4.8,26.2,31.5,1.7,12.2,0.1,0.0,12.7,14.5,4704,44.1,,40.1,18.0,19.8,10.2,66809
05015,8.0,7.1,93.5,87.7,2.5,0.9,14.2,21.9,18.7,5.1,22.5,3.3,0.9,11.1,36.9,28626,44.5,,34.9,21.9,20.0,17.2,54230
05017,5.8,11.0,90.8,80.1,4.2,1.1,10.9,19.5,22.4,10.1,30.8,1.0,0.0,9.3,32.4,9765,43.2,,41.3,20.3,18.0,22.6,39045
05019,2.8,7.9,91.3,83.9,2.2,2.5,10.3,21.4,19.0,6.1,35.0,2.5,0.4,5.3,42.9,21125,32.0,,34.4,23.0,26.2,21.6,52034
05021,4.5,8.0,90.3,81.6,3.6,1.4,9.8,23.3,19.6,6.1,25.3,0.5,0.6,12.5,27.3,14280,42.7,,45.9,17.9,15.3,17.2,51481
05023,3.7,7.5,92.1,83.7,2.9,1.3,7.2,26.6,32.8,5.3,19.4,1.1,0.8,6.5,38.6,25226,49.5,,38.4,23.5,18.4,13.9,55798
05025,0.9,6.5,91.8,79.3,1.0,3.8,4.0,27.1,18.3,6.8,17.4,1.1,0.7,15.1,46.1,7453,44.1,,45.7,20.1,19.7,15.8,54794
05027,2.6,8.6,91.0,80.3,1.8,0.9,7.5,22.3,23.8,3.4,29.3,2.5,1.5,8.0,23.1,22349,34.2,,39.1,20.8,21.9,21.1,55334
05029,3.0,6.9,91.9,82.4,3.5,1.9,5.8,28.1,14.7,7.8,25.9,0.7,0.1,2.6,46.6,21054,42.2,,42.3,17.4,19.9,19.7,54187
05031,4.2,5.6,94.8,88.0,3.5,1.6,8.2,19.6,9.1,6.4,39.9,1.3,1.1,8.3,42.8,113249,34.5,,31.3,21.0,29.7,20.1,59548
05033,3.5,9.9,95.4,88.5,2.2,1.5,9.4,24.4,8.8,4.2,24.5,2.8,0.6,7.2,33.0,61139,39.2,,34.8,21.8,20.0,14.7,64132
05035,4.2,10.4,91.2,86.2,6.4,1.1,9.6,22.5,14.9,10.7,42.6,1.5,0.6,6.6,38.7,47266,36.2,,37.9,22.7,17.0,21.0,55358
05037,5.6,9.4,90.4,84.1,6.3,1.9,8.7,25.5,14.5,10.0,32.5,4.4,1.6,9.7,39.6,16543,40.9,,40.0,19.2,18.4,19.7,50863
05039,4.6,9.6,77.9,74.1,4.3,2.0,3.9,25.2,26.3,7.6,27.4,0.8,0.7,11.2,29.3,6242,45.4,,47.9,17.4,11.3,13.9,42500
05041,9.1,13.0,88.7,78.0,3.8,5.4,7.7,20.8,20.5,14.6,43.2,2.1,0.0,6.2,40.1,10786,41.6,,41.1,18.8,12.6,28.3,37662
05043,4.3,6.9,90.5,80.5,3.0,3.7,8.3,21.0,13.2,7.2,36.3,1.9,0.8,4.9,38.1,17046,37.7,,39.6,17.5,25.6,22.4,42824
05045,2.8,3.8,96.5,92.9,2.1,1.1,7.1,25.5,8.1,4.3,37.7,1.5,1.1,7.9,38.1,127717,34.1,,29.1,21.3,35.0,14.5,67289
05047,5.0,7.6,90.0,78.8,2.6,2.0,9.4,23.2,9.1,7.2,22.0,2.2,0.4,10.2,34.6,17326,42.3,,39.7,21.6,14.5,18.0,55886
05049,3.3,8.4,91.0,76.5,2.0,2.4,6.6,28.2,23.6,4.6,15.3,1.8,0.1,6.7,44.9,12302,47.6,,41.1,22.4,16.0,18.0,42241
05051,2.7,6.6,93.7,85.2,3.1,1.7,9.5,21.4,17.2,5.6,30.6,1.8,0.9,9.9,35.4,100035,45.5,,31.0,23.7,25.3,15.8,57181
05053,2.5,6.7,92.1,89.3,2.6,4.0,6.6,30.5,12.3,2.6,19.3,1.4,0.4,10.3,39.5,18242,40.5,,42.4,19.4,21.5,13.1,71549
05055,4.1,9.1,93.4,87.1,3.5,1.2,8.9,22.8,8.2,5.2,33.8,2.7,1.3,8.2,41.1,46432,38.0,,42.3,19.9,16.9,17.4,57839
05057,8.3,9.3,85.6,75.7,2.9,1.1,8.3,21.2,22.4,9.4,28.3,1.2,1.4,12.4,49.6,19508,41.2,,37.4,22.1,16.3,20.2,46787
05059,2.1,8.2,92.1,82.6,1.9,1.5,7.2,29.9,13.9,5.3,23.5,2.5,0.2,5.9,28.3,33180,43.1,,39.2,23.4,17.5,15.1,55405
05061,4.3,8.0,92.9,80.8,3.0,0.5,9.9,19.8,17.4,5.2,27.5,2.5,1.8,6.6,46.2,12583,38.8,,41.0,20.5,16.2,22.5,45603
05063,4.0,7.8,91.6,81.4,2.2,1.9,10.0,19.5,12.8,6.5,30.8,1.9,0.8,8.7,34.1,38175,38.7,,37.4,22.5,18.1,20.4,56609
05065,5.2,9.0,91.5,80.7,2.9,1.1,8.4,27.6,22.4,5.6,24.6,2.3,0.8,8.6,26.5,14009,46.3,,35.4,21.5,19.7,22.3,49405
05067,4.2,10.9,90.0,82.5,4.5,1.5,9.7,20.2,14.4,8.8,34.5,0.2,1.4,14.4,32.8,16712,40.2,,42.6,20.1,14.7,21.7,44218
05069,3.7,7.9,91.7,82.6,4.2,6.8,5.1,22.7,21.7,7.5,38.2,1.1,1.2,13.1,33.0,64802,39.7,,42.1,21.1,20.1,18.6,51096
05071,7.3,8.4,88.6,74.3,2.4,1.1,8.2,19.3,10.7,5.4,25.9,1.2,1.3,13.8,36.1,26003,39.1,,40.4,19.0,17.8,19.8,45995
05073,9.9,8.6,87.5,68.3,2.3,0.2,8.8,29.7,33.5,6.2,20.7,0.7,0.3,8.3,25.9,6136,49.0,,47.8,18.0,9.0,22.3,41278
05075,5.6,11.2,93.3,86.1,3.1,1.9,11.5,25.7,13.5,5.2,33.4,1.6,0.3,8.8,34.7,16238,40.3,,36.1,23.5,14.5,20.1,44882
05077,5.3,14.8,83.3,82.2,7.1,0.7,6.4,23.1,27.2,16.7,41.0,2.7,0.0,6.9,66.2,8359,41.9,,45.1,20.3,7.2,39.4,34375
05079,6.4,11.4,86.9,75.0,1.0,4.5,8.1,21.5,18.2,6.7,23.9,2.0,0.2,4.2,31.7,12950,40.3,,46.6,19.1,12.0,15.4,51778
05081,2.6,6.1,89.8,78.8,4.1,1.0,4.0,30.8,20.4,5.2,19.9,1.9,1.3,7.5,35.5,11821,42.6,,44.3,22.6,17.2,15.5,53344
05083,3.2,8.4,92.1,80.2,3.2,2.0,7.1,26.9,12.7,4.4,21.6,1.1,1.4,8.6,27.8,21277,43.6,,42.4,21.8,16.7,13.9,58555
05085,2.8,6.5,94.8,89.9,2.7,1.6,6.2,29.5,7.5,4.1,25.0,2.2,0.2,8.4,31.9,75272,37.8,,36.4,21.4,22.1,10.4,72828
05087,5.9,7.8,92.7,85.6,3.1,1.3,12.6,32.2,16.5,3.9,20.5,1.5,1.7,3.6,34.4,17329,41.7,,51.3,17.7,12.9,14.1,56798
05089,5.0,9.5,94.2,86.8,2.2,1.4,6.7,26.0,21.4,2.8,18.7,1.9,2.2,13.5,28.1,17228,51.8,,36.2,25.5,14.9,18.0,48619
05091,4.2,9.7,92.5,83.1,3.7,1.8,11.5,20.1,17.6,8.5,35.6,0.7,0.4,7.6,44.7,42360,39.3,,42.7,21.5,15.0,24.6,48836
05093,5.3,8.8,90.0,83.8,4.1,1.7,8.4,19.8,19.2,11.2,40.0,0.6,0.7,7.4,44.1,39126,37.3,,41.9,20.7,13.7,21.1,52548
05095,6.3,11.9,89.1,82.3,5.0,3.9,7.5,29.2,27.1,14.5,37.4,0.5,0.3,7.7,30.0,6589,45.5,,40.3,21.3,12.7,20.6,43214
05097,4.8,6.3,89.5,78.2,2.6,3.0,10.2,33.3,32.3,5.3,19.4,0.7,0.4,18.9,39.1,8553,50.8,,35.0,28.5,16.7,22.4,48906
05099,4.9,5.4,88.5,72.0,2.4,3.0,6.7,26.3,24.5,2.3,24.0,3.5,0.8,17.6,55.4,8159,44.9,,48.5,21.4,13.8,20.3,53886
05101,3.8,12.9,90.6,80.8,2.1,2.1,6.5,33.9,22.4,3.0,23.5,2.8,0.0,23.7,29.8,7112,49.9,,38.3,23.1,15.7,15.9,48986
05103,2.6,8.8,86.4,80.5,2.6,1.9,6.9,22.0,27.3,9.8,29.1,0.7,0.3,8.7,42.1,22085,43.8,,39.4,23.3,16.3,18.9,49268
05105,3.3,8.6,93.0,84.2,2.1,2.2,9.2,33.4,17.7,4.5,19.6,2.0,0.2,3.6,23.3,10101,43.3,,41.1,22.5,16.5,14.2,55764
05107,7.8,11.4,84.7,79.3,7.1,1.7,7.6,19.9,27.9,17.0,48.8,3.3,0.1,5.9,52.8,15450,40.9,,33.5,21.2,15.0,29.3,40134
05109,6.7,5.9,90.4,83.1,2.0,0.7,11.9,29.9,23.3,3.1,25.0,2.4,1.1,13.0,48.1,10115,41.2,,36.6,23.2,19.1,20.7,49269
05111,7.7,11.0,88.7,80.9,3.5,1.6,8.7,24.3,15.9,11.5,35.6,1.7,0.3,15.1,33.8,22543,40.0,,45.5,18.2,11.4,20.1,46707
05113,4.7,9.0,89.5,79.6,3.9,2.0,9.0,21.0,18.1,6.4,21.1,1.9,0.5,11.1,22.0,19361,44.3,,36.4,24.7,17.8,15.9,49191
05115,4.9,7.9,93.2,84.6,2.9,1.3,7.3,20.1,10.3,4.5,29.6,1.8,0.6,8.2,34.3,64131,37.0,,35.5,19.8,24.7,16.9,57344
05117,5.8,6.8,86.8,72.8,1.6,1.4,6.0,26.6,20.3,6.3,24.2,0.2,0.0,13.7,31.1,8064,45.7,,44.0,17.0,18.2,11.8,51646
05119,3.3,4.5,95.5,89.5,2.9,1.9,9.7,20.3,10.9,7.2,43.0,1.3,0.6,9.5,38.5,399818,37.6,,24.8,21.3,37.9,16.7,62873
05121,4.9,10.4,86.8,78.8,2.8,1.7,7.2,23.8,15.3,5.4,26.5,3.1,1.0,12.4,33.5,18838,39.6,,40.5,22.3,12.1,22.4,50911
05123,4.9,9.2,92.3,82.7,4.3,2.0,8.2,23.0,18.7,13.3,44.5,1.4,0.3,11.3,43.7,22400,40.1,,45.2,19.6,14.2,28.5,42574
05125,2.9,3.8,96.7,89.1,2.4,1.1,6.0,25.3,5.2,3.2,21.8,1.2,1.0,7.8,29.3,127479,40.5,,31.8,22.7,29.4,8.8,79046
05127,5.7,10.0,87.8,78.4,3.2,1.3,11.3,25.8,18.0,7.3,21.9,0.0,0.1,6.1,46.7,9816,42.2,,42.6,19.7,13.0,18.7,43270
05129,8.2,8.9,87.8,76.7,1.8,2.1,8.2,30.4,32.3,5.9,20.6,0.6,0.4,12.1,43.6,7859,47.9,,39.0,20.3,15.0,23.0,44426
05131,6.4,8.0,94.1,86.0,3.3,1.9,10.5,19.3,9.2,6.0,38.6,2.2,0.8,7.1,35.4,128900,38.0,,32.1,22.1,23.3,16.0,57790
05133,14.7,11.9,89.0,78.3,2.8,3.9,14.9,25.1,17.2,4.4,32.4,2.9,2.8,7.1,35.7,15712,34.7,,33.0,22.9,9.3,17.3,53527
05135,3.5,10.3,90.4,80.0,3.7,3.1,8.2,27.5,28.0,5.0,21.2,0.8,0.7,9.8,28.0,17773,47.1,,38.6,25.5,13.9,16.5,44637
05137,3.0,10.1,86.3,75.2,1.3,4.1,8.0,23.9,22.9,8.9,24.1,1.3,0.5,13.1,29.4,12568,49.2,,39.1,21.3,15.8,19.3,40943
05139,3.3,8.2,91.8,84.6,3.1,2.1,5.6,20.1,19.6,6.6,27.3,1.0,2.2,8.3,36.1,37900,41.4,,38.8,22.5,19.1,19.5,55259
05141,4.1,8.6,92.6,81.5,1.7,0.8,8.2,33.2,23.6,6.4,22.1,1.3,0.8,16.5,37.5,15998,49.6,,44.8,21.0,15.0,19.1,50354
05143,6.5,5.7,96.3,91.0,2.2,1.8,12.4,20.9,7.8,4.1,44.4,2.9,1.5,10.4,34.3,256765,32.5,,28.9,17.0,35.2,14.6,70639
05145,3.6,9.3,94.0,87.2,3.3,2.1,9.8,22.4,12.6,5.5,30.9,1.6,0.8,11.5,37.6,77838,38.8,,40.0,18.6,20.4,17.5,55249
05147,4.7,12.2,83.3,71.3,2.7,1.1,9.2,22.2,17.3,14.7,35.3,0.6,0.0,12.1,34.3,6026,45.3,,44.6,14.2,16.2,24.1,48158
05149,7.0,10.2,90.0,80.4,2.0,1.5,10.2,21.8,10.6,6.5,32.5,3.7,0.9,5.4,29.8,20134,39.3,,40.9,19.7,14.9,15.6,55934
06001,6.5,4.6,97.4,94.4,3.6,4.4,4.0,31.0,6.1,10.0,45.6,4.6,2.7,8.6,41.8,1649473,39.0,,15.4,14.8,52.2,9.2,129367
06003,0.7,3.0,99.1,90.6,2.7,2.1,3.7,32.7,72.1,5.7,21.8,3.0,0.0,1.3,7.9,1616,39.8,,15.7,25.1,41.1,10.0,105521
06005,2.6,6.7,93.4,88.2,2.6,1.8,4.9,34.0,15.4,4.0,19.6,0.8,0.7,8.9,36.7,41428,49.7,,28.4,28.4,22.4,8.2,88044
06007,3.6,5.8,96.1,91.8,4.4,4.9,6.4,21.0,10.2,6.0,42.7,2.5,1.3,7.4,52.6,207929,36.2,,22.7,25.0,31.9,19.2,67928
06009,1.7,5.9,95.8,85.5,2.2,2.2,5.0,34.2,33.4,2.3,16.0,2.5,0.8,9.6,49.7,46248,52.0,,31.0,27.3,23.9,13.0,78647
06011,17.0,8.9,92.2,84.6,6.2,5.2,8.0,24.2,8.5,4.6,37.8,3.7,1.2,8.7,45.8,21984,35.9,,27.1,21.0,16.4,11.4,75672
06013,5.5,4.9,97.7,95.6,4.2,3.0,4.6,35.3,3.5,5.2,32.0,3.4,2.0,8.8,47.4,1165012,40.5,,18.0,18.4,45.2,8.4,127229
06015,3.9,10.2,95.4,91.4,3.1,4.4,5.5,19.6,15.2,8.2,29.9,3.5,0.1,7.5,50.9,27107,39.9,,26.7,28.0,21.4,12.9,67058
06017,1.8,3.1,96.2,92.5,2.6,2.9,3.9,28.6,19.5,3.6,22.8,1.6,0.8,8.6,44.9,192662,46.1,,20.4,24.4,40.0,8.0,108845
06019,11.8,9.1,94.4,88.9,5.3,5.9,6.7,23.5,5.9,7.0,44.5,5.9,4.8,9.4,46.1,1016725,33.5,,23.4,22.4,24.3,18.3,74201
06021,13.3,8.5,93.7,89.5,4.9,4.6,8.5,22.9,11.4,4.3,38.8,3.5,1.2,6.3,44.1,28494,36.2,,33.0,22.0,15.1,16.0,67139
06023,2.9,5.2,94.7,90.9,5.1,3.2,4.9,19.0,12.7,6.1,43.5,2.1,1.8,6.8,53.3,134541,39.9,,23.2,25.9,33.1,18.7,61160
06025,14.4,14.1,94.3,90.1,6.6,7.2,6.0,22.1,14.5,6.1,43.2,6.8,3.1,9.5,43.5,180202,33.2,,25.7,21.6,16.1,19.5,57681
06027,2.3,4.7,93.0,85.1,1.4,1.6,7.0,16.0,15.6,5.5,33.6,1.5,1.2,8.4,27.1,18739,45.5,,27.3,27.1,31.5,10.9,73991
06029,12.9,10.1,95.2,91.6,5.0,5.6,7.8,24.4,7.2,6.7,39.9,6.7,3.0,8.2,48.3,915075,32.7,,27.9,22.6,18.8,19.1,70210
06031,13.1,11.1,94.9,86.8,5.5,6.5,7.3,23.0,6.2,5.8,45.8,6.2,2.0,9.0,39.7,153298,32.5,,29.6,22.5,13.6,16.0,70995
06033,4.9,7.5,94.6,87.1,5.7,4.4,6.9,32.4,21.7,5.6,27.8,3.2,1.7,8.7,53.2,68152,44.1,,29.3,27.8,17.8,17.0,60621
06035,7.1,15.9,94.8,88.7,3.4,4.4,6.4,19.5,24.4,6.3,31.8,1.5,0.7,5.7,36.9,30356,38.3,,28.9,25.0,13.1,14.0,67403
06037,11.6,7.5,96.7,93.0,4.7,4.7,8.2,30.4,6.4,8.9,54.1,6.2,4.7,9.3,48.3,9808667,38.2,,20.3,17.6,36.0,13.7,90112
06039,15.9,11.0,94.8,91.0,5.7,6.0,7.4,27.9,11.0,5.0,32.5,7.1,4.0,9.6,47.2,160940,34.6,,24.4,22.6,17.9,19.2,76627
06041,4.5,2.7,97.7,95.8,3.8,2.6,3.8,27.4,8.1,4.9,35.3,2.5,1.9,8.4,47.2,257969,47.4,,10.7,15.1,61.1,8.3,149091
06043,1.9,7.9,92.6,87.9,3.3,1.8,5.2,33.9,23.7,4.6,25.3,2.4,1.2,4.8,43.7,17082,51.2,,21.0,27.3,31.8,14.0,68412
06045,6.9,5.7,93.5,89.6,5.1,3.7,7.7,21.5,16.4,7.3,38.3,3.4,1.7,10.4,44.5,90244,44.1,,27.5,25.1,25.2,15.4,68092
06047,17.3,10.4,91.4,88.4,6.2,5.2,8.1,31.3,5.3,7.3,46.0,5.4,2.8,9.4,42.5,290201,31.8,,29.7,20.2,15.3,19.1,65510
06049,6.0,7.3,92.6,87.4,3.6,3.5,10.0,22.5,31.4,4.7,22.6,3.1,0.2,7.4,37.4,8600,47.5,,28.3,26.0,24.8,17.9,59455
06051,4.8,6.5,99.1,92.4,2.2,2.4,8.8,17.1,58.0,4.1,34.6,2.0,2.1,17.9,30.9,13148,41.5,,19.6,27.2,32.2,8.6,99415
06053,16.8,9.9,97.3,93.8,3.0,2.9,9.6,25.4,8.9,4.7,47.9,8.6,6.4,10.6,45.0,437613,35.5,,20.9,16.4,28.2,12.7,97230
06055,9.6,5.3,97.6,93.5,3.3,2.6,5.7,24.9,10.8,4.8,36.6,4.6,1.7,9.9,44.9,134869,42.9,,17.1,19.6,39.8,8.5,111471
06057,1.6,3.6,96.8,93.0,2.9,2.6,5.3,23.6,21.1,4.2,24.5,1.0,0.9,9.1,48.3,102481,50.1,,19.2,24.4,41.5,11.0,89882
06059,7.3,5.6,97.9,95.0,3.5,3.1,6.4,26.7,5.5,4.8,43.6,5.3,3.5,9.6,47.0,3165820,39.4,,17.4,18.0,44.1,9.5,116289
06061,2.0,3.0,97.7,94.2,2.9,2.3,3.2,27.4,11.9,4.2,25.2,1.9,0.8,9.7,48.2,419156,42.5,,17.8,22.8,43.2,6.8,115998
06063,2.8,3.5,93.1,85.5,4.3,3.2,5.8,19.8,46.0,6.6,25.4,1.7,0.7,9.0,36.1,19423,52.0,,29.2,29.2,22.5,10.6,66031
06065,8.8,7.7,97.0,93.6,4.0,4.2,7.7,33.8,10.8,4.3,30.9,5.4,2.4,10.7,48.7,2478600,37.0,,26.6,22.9,25.6,10.6,93074
06067,6.2,5.5,97.1,94.0,4.3,4.7,4.9,27.3,4.6,6.6,41.0,4.0,2.1,9.8,46.3,1594006,37.5,,21.7,22.9,34.1,12.5,92175
06069,9.9,6.6,97.3,95.2,3.6,2.9,6.0,36.6,3.6,3.0,32.1,4.1,1.9,10.7,37.1,67290,36.1,,27.2,22.9,24.1,6.7,114394
06071,8.5,9.0,96.9,93.3,4.4,5.4,8.0,32.6,9.3,4.6,37.9,6.4,2.9,9.9,48.6,2197104,34.7,,28.5,22.2,23.3,13.3,85478
06073,5.9,4.9,97.6,94.9,3.9,3.3,6.4,25.5,6.3,5.5,45.4,4.2,2.3,10.1,47.7,3288774,37.3,,17.9,20.0,43.2,10.3,106268
06075,6.9,4.1,96.6,93.0,4.2,3.6,3.3,30.4,12.2,30.2,61.8,2.5,3.5,7.9,31.7,830235,40.0,,11.3,12.0,60.3,11.2,140970
06077,11.3,7.9,96.5,92.5,4.7,4.2,6.3,34.1,5.7,5.1,38.0,5.9,2.5,10.1,43.8,797334,35.4,,27.5,21.5,22.7,12.4,92179
06079,3.7,4.1,97.0,93.1,3.2,2.5,5.7,22.3,12.9,3.8,37.9,2.6,1.6,9.2,48.3,281555,40.4,,18.1,23.6,39.8,12.9,97446
06081,6.0,3.7,97.7,95.7,3.2,2.7,3.8,26.4,7.9,5.8,41.5,4.0,3.5,8.1,40.3,742340,40.9,,14.7,15.1,53.7,6.7,158855
06083,11.5,6.6,96.4,92.5,4.0,3.1,8.7,20.8,6.8,5.9,47.6,5.7,4.0,8.3,49.5,443701,34.6,,16.9,19.9,36.8,14.7,98161
06085,6.4,4.4,98.0,95.6,3.3,2.8,3.9,26.2,5.6,6.0,44.9,4.5,3.0,8.6,36.4,1902047,38.1,,13.3,13.1,56.5,7.1,164281
06087,7.1,4.3,97.1,94.2,3.8,3.0,4.9,25.7,9.4,5.2,40.1,3.9,3.4,8.0,43.7,264926,39.8,,15.2,20.8,43.9,11.6,111093
06089,2.5,5.4,96.1,91.3,3.5,3.3,6.5,19.8,11.0,6.3,34.4,2.4,0.7,10.1,43.3,181436,41.7,,26.7,30.1,23.8,13.3,72636
06091,3.0,4.5,87.6,79.5,6.7,2.0,13.7,24.3,42.5,6.5,27.9,1.2,0.3,17.8,25.2,2746,54.7,,18.7,33.7,25.8,4.4,63355
06093,2.9,5.4,94.2,88.5,4.0,3.5,6.0,21.2,17.4,6.1,30.8,2.4,1.9,8.7,49.5,43466,47.2,,27.3,28.7,23.3,16.4,59095
06095,5.7,5.7,97.2,93.8,3.9,3.2,4.8,31.0,4.4,4.9,37.0,3.4,1.8,10.8,49.4,451918,39.2,,24.3,25.0,28.8,10.0,100401
06097,6.6,4.7,97.1,94.4,3.6,2.5,5.1,25.1,8.0,4.8,37.4,3.1,1.8,10.7,44.1,485040,42.9,,18.8,22.2,38.5,8.9,104674
06099,11.2,8.9,95.7,92.1,4.9,3.8,5.6,30.8,3.9,5.6,38.8,5.6,2.1,8.7,45.4,553990,34.9,,29.2,22.8,19.6,13.5,81468
06101,11.1,8.7,95.6,90.6,4.3,4.7,6.4,27.1,4.3,5.5,38.7,4.8,2.1,9.3,44.0,98857,36.5,,24.1,24.7,20.9,14.4,79704
06103,6.7,6.1,94.4,88.0,3.1,4.4,6.6,23.4,10.0,6.1,32.9,3.5,1.5,9.2,46.9,65167,40.0,,30.3,27.6,19.3,15.6,63784
06105,1.9,5.9,90.0,81.9,3.5,2.4,9.3,27.2,31.2,5.5,28.3,2.0,0.1,4.3,30.2,15860,54.9,,36.5,25.7,22.4,20.7,53002
06107,16.0,9.2,95.4,89.7,5.7,5.9,8.1,23.7,7.1,4.5,41.5,7.6,2.8,7.7,42.8,478693,32.1,,27.8,21.5,16.6,17.9,71300
06109,1.5,5.2,94.2,88.8,4.1,2.6,5.3,30.0,28.2,5.2,26.1,1.3,0.5,11.4,47.9,54498,48.4,,24.7,33.9,24.6,10.4,77404
06111,8.8,6.1,96.9,94.2,3.6,2.8,7.3,25.6,5.2,4.1,35.4,4.4,2.6,10.2,48.6,837469,39.6,,19.3,20.1,36.1,9.3,109797
06113,6.4,5.0,96.6,92.3,3.7,3.3,4.8,24.0,7.0,7.6,45.7,4.2,2.1,7.7,51.4,220564,32.1,,17.7,19.4,44.8,16.7,91752
06115,7.4,6.9,95.7,91.8,3.9,6.1,6.4,32.4,6.6,6.4,36.5,3.8,1.6,15.4,38.3,84507,34.2,,27.3,29.4,17.7,14.2,76373
08001,6.9,7.9,97.0,92.9,3.3,2.7,11.6,29.8,3.6,4.7,31.4,2.8,1.4,11.6,45.8,530225,34.8,,28.2,19.6,29.0,9.8,94571
08003,5.8,5.7,93.4,91.8,2.3,5.4,5.8,15.9,8.2,7.9,44.1,2.8,0.7,8.2,29.0,16581,33.2,,24.5,22.2,32.4,17.2,55397
08005,3.9,4.2,97.9,94.7,3.5,2.5,9.3,27.1,4.5,5.3,35.3,2.1,1.3,11.0,45.4,659844,37.3,,18.6,18.9,46.5,8.6,101087
08007,1.4,3.2,94.2,90.0,0.7,0.2,10.5,22.2,39.9,3.6,19.9,2.2,0.2,7.3,43.2,13900,52.1,,24.4,24.0,40.9,8.2,83065
08009,6.1,6.2,92.3,83.9,0.3,6.8,7.4,12.1,16.4,5.5,28.5,0.1,0.4,8.6,40.6,3428,43.0,,29.4,23.5,24.7,24.6,46215
08011,5.3,11.8,94.9,83.3,2.2,4.9,7.4,22.2,13.8,3.1,34.8,2.3,0.7,8.1,50.8,5549,40.6,,40.5,17.3,15.7,28.4,50179
08013,2.0,2.2,98.3,95.7,3.2,2.4,4.4,22.3,5.3,5.2,38.0,1.1,0.5,9.9,50.0,328961,37.7,,11.3,14.7,64.2,11.2,103994
08014,1.0,2.5,98.6,96.7,2.7,1.7,4.4,25.5,4.3,3.8,37.3,0.5,0.7,8.9,35.3,76304,38.6,,12.3,15.4,60.3,6.2,123874
08015,1.2,4.1,96.4,89.7,2.7,2.3,6.5,18.1,14.1,1.7,25.9,0.1,0.0,14.1,45.6,20178,48.7,,20.6,20.2,47.0,8.3,84132
08017,4.0,3.7,97.5,90.6,0.3,1.4,5.3,15.1,20.4,0.3,27.4,0.8,0.0,1.3,39.0,1741,42.9,,27.1,28.2,26.1,8.2,70865
08019,2.0,4.5,97.4,90.2,3.2,1.7,5.7,28.4,19.6,4.4,18.4,0.5,1.1,22.3,36.5,9262,49.1,,15.1,14.3,57.5,6.4,94577
08021,4.5,4.8,89.2,83.6,2.9,2.8,13.6,23.4,22.9,4.8,23.5,4.6,0.6,9.0,33.5,7530,40.6,,31.6,23.5,25.7,11.7,50978
08023,2.7,7.3,92.8,88.1,1.5,6.6,8.5,26.1,32.1,5.4,21.0,1.3,0.7,4.4,45.8,3607,50.5,,28.2,25.4,24.9,21.0,36861
08025,7.5,11.1,90.1,84.0,1.2,5.1,8.1,28.9,14.1,4.7,30.5,0.8,0.0,6.2,46.3,5647,40.8,,46.2,18.1,12.4,19.4,48826
08027,1.1,3.7,93.8,80.4,1.7,3.9,5.0,36.9,42.3,4.5,14.7,0.3,1.0,7.0,42.5,5247,58.2,,20.8,21.3,43.7,12.7,72674
08029,2.6,6.7,91.3,81.9,1.6,4.2,12.0,24.2,13.8,5.1,22.1,1.3,0.3,11.2,46.2,31598,48.1,,35.2,22.5,26.6,14.0,57774
08031,4.4,4.4,97.5,92.9,3.6,3.1,9.0,24.9,6.7,10.3,51.2,2.0,1.2,9.8,37.8,718877,35.3,,14.4,15.0,56.5,11.2,94718
08033,1.6,2.9,96.0,80.9,1.6,2.9,7.9,17.6,20.2,7.1,18.7,3.2,0.5,12.4,20.2,2432,56.7,,40.3,21.4,28.1,21.6,64907
08035,1.0,1.2,98.9,97.9,2.6,1.1,3.9,27.1,3.1,2.4,22.6,0.8,0.6,10.0,41.2,377150,39.6,,11.3,17.2,62.0,3.8,149594
08037,1.7,3.2,98.2,95.4,3.5,1.8,10.9,22.2,35.0,5.3,34.1,2.8,1.1,9.0,55.7,55135,39.7,,19.0,15.3,50.9,8.7,104096
08039,1.9,1.7,97.8,94.5,2.2,1.0,5.1,41.3,4.8,1.3,5.0,0.8,0.1,9.0,32.5,27874,45.0,,24.9,24.8,36.1,5.3,132685
08041,1.9,3.1,97.7,94.8,3.4,2.7,7.2,23.5,4.4,3.8,33.8,1.3,0.7,10.4,44.4,742999,35.1,,19.6,22.7,41.9,8.5,90363
08043,2.7,6.5,92.9,85.4,1.9,3.5,6.5,24.7,12.8,4.5,24.4,1.2,0.2,9.2,35.8,49634,44.7,,39.4,21.7,22.0,13.3,62664
08045,6.6,4.1,96.4,94.3,2.4,1.9,15.6,31.4,6.2,5.2,30.4,1.5,0.5,11.2,35.0,62479,37.6,,24.3,21.7,33.6,8.2,91131
08047,1.4,5.2,95.4,93.4,2.1,1.4,3.9,32.1,16.7,5.3,12.5,1.2,0.0,7.9,33.2,5901,47.2,,11.3,18.1,52.8,11.2,95361
08049,1.6,2.8,95.6,91.3,2.9,1.7,11.5,24.4,57.1,1.4,26.6,0.8,0.1,6.5,36.4,15895,45.4,,23.5,23.3,42.7,7.6,88612
08051,1.1,1.3,98.4,92.3,3.4,3.0,5.0,20.2,32.1,2.4,33.2,0.9,0.6,6.1,44.7,17241,37.5,,13.9,13.5,64.7,11.3,84527
08053,0.0,0.0,98.4,94.1,0.0,8.4,9.3,7.6,62.0,1.6,23.9,2.2,0.0,0.0,5.3,1005,48.5,,11.2,38.2,47.7,4.1,75972
08055,3.7,3.1,92.6,77.9,3.3,6.3,3.6,21.1,35.2,3.2,24.9,0.5,2.0,4.3,47.6,6972,55.3,,24.5,27.6,26.4,17.3,52526
08057,2.4,6.1,87.8,79.8,5.6,2.3,7.7,12.2,40.6,3.2,28.9,0.0,0.0,9.5,49.5,1372,51.6,,34.1,16.0,31.3,14.6,47667
08059,1.3,2.9,97.6,95.1,2.7,1.7,5.3,26.0,4.7,4.0,29.3,0.8,0.5,10.5,42.5,579377,40.5,,18.2,18.1,52.0,6.7,110656
08061,0.7,6.7,88.2,84.6,0.1,6.0,8.8,17.3,20.9,3.1,31.3,0.7,0.0,2.3,33.6,1376,45.4,,26.0,34.7,20.1,11.8,58618
08063,3.2,5.7,93.8,88.5,1.6,1.7,12.0,16.9,15.5,5.9,27.4,1.3,0.2,11.6,27.8,7023,39.5,,30.3,28.9,20.4,9.8,70259
08065,3.0,3.1,92.9,89.2,1.7,1.3,13.7,25.7,24.2,4.1,24.4,1.1,0.9,13.2,48.7,7380,37.3,,23.2,14.1,49.5,7.9,96575
08067,1.0,2.5,97.1,90.0,2.4,2.5,8.2,20.3,15.9,2.7,29.1,1.4,0.6,8.9,43.8,56331,43.2,,19.3,18.9,49.3,11.7,86056
08069,1.3,2.2,98.0,93.1,3.2,2.6,5.6,23.4,6.4,3.6,36.0,0.7,0.6,10.5,45.0,367368,36.8,,16.1,18.5,53.0,11.2,93765
08071,3.6,6.1,92.5,87.3,2.9,4.4,8.4,19.5,20.3,7.1,31.4,2.1,0.1,12.1,39.8,14413,46.6,,29.8,27.0,19.3,18.7,52074
08073,2.0,11.9,91.5,81.7,0.6,1.5,7.6,22.8,17.3,4.9,28.3,1.8,0.0,8.7,26.0,5550,40.9,,39.0,15.9,26.1,9.8,62861
08075,3.4,6.7,92.9,85.4,3.1,1.3,7.2,17.4,6.2,6.9,33.7,3.1,0.5,14.4,34.9,20892,39.2,,37.3,21.6,20.1,15.8,51829
08077,1.6,5.5,95.8,92.6,3.3,2.4,9.9,18.9,5.9,6.0,27.5,1.6,0.4,8.5,40.3,158601,41.3,,27.8,23.9,32.3,10.7,73658
08079,0.0,1.6,96.6,91.2,5.2,1.8,12.9,12.4,67.3,3.6,30.3,3.4,1.3,25.2,34.0,729,56.4,,21.1,21.6,51.7,10.0,56250
08081,1.4,7.7,96.9,89.6,3.0,2.4,9.7,20.5,12.2,4.6,30.6,1.0,2.0,5.8,27.6,13207,40.1,,38.2,21.2,19.4,8.4,73849
08083,3.1,5.4,93.6,84.5,2.1,2.4,11.1,20.4,8.9,5.0,23.8,1.6,0.5,14.0,42.9,26412,44.5,,28.1,23.1,31.3,13.3,65244
08085,4.0,4.5,92.4,87.6,2.5,2.9,13.3,21.1,8.5,3.6,24.6,0.5,0.0,10.2,39.0,43807,46.1,,32.1,22.4,28.7,11.5,72120
08087,7.3,7.1,94.3,92.6,3.4,4.9,12.2,23.3,6.2,6.5,32.7,4.2,0.7,7.6,43.7,29520,37.5,,31.7,25.7,17.8,14.3,73278
08089,3.4,7.9,91.3,84.8,3.7,5.9,6.6,21.2,13.3,7.6,31.1,2.9,0.8,12.7,33.7,18321,41.8,,29.5,24.9,18.2,22.1,54037
08091,1.4,1.2,96.0,90.7,1.9,0.5,12.7,27.3,25.7,1.3,17.5,2.1,2.1,2.1,44.5,5087,55.4,,15.4,16.3,56.5,4.3,91020
08093,0.5,1.7,98.1,93.1,2.0,2.8,6.0,39.0,36.1,2.6,13.8,1.9,0.1,6.4,28.7,17907,51.2,,19.8,26.4,41.6,5.0,103670
08095,2.7,7.5,90.6,83.0,1.9,1.5,6.8,20.2,9.8,5.4,28.1,0.2,1.5,10.1,23.8,4496,40.9,,26.6,21.3,31.5,16.8,64674
08097,1.6,2.0,98.9,92.8,1.7,3.1,5.0,19.9,31.3,4.0,37.2,0.1,1.0,7.6,45.7,16985,47.2,,12.6,14.0,62.8,7.8,102645
08099,7.7,5.7,87.6,85.6,2.5,7.8,9.6,11.8,13.6,7.0,32.9,1.8,1.3,19.8,39.3,11910,37.7,,29.3,24.7,19.3,18.2,53508
08101,2.8,6.3,94.9,89.1,2.6,4.4,5.2,21.9,7.0,6.9,31.1,1.7,0.5,7.5,44.9,169356,40.4,,30.3,22.8,25.6,14.6,64010
08103,2.4,1.8,96.5,92.9,1.5,0.7,9.5,17.4,14.9,4.0,25.7,1.6,0.5,10.5,18.2,6544,37.8,,28.9,29.8,24.7,8.5,65473
08105,4.9,6.6,92.2,88.2,6.3,4.4,10.7,19.2,22.4,7.2,32.9,3.6,0.6,2.6,36.2,11321,41.7,,24.7,22.2,34.5,18.0,64411
08107,0.9,1.7,96.7,93.2,1.7,1.7,7.6,20.1,34.3,1.7,24.0,1.0,0.0,10.9,46.1,25084,43.4,,16.5,17.2,54.2,5.2,106489
08109,2.4,5.7,95.3,90.8,6.0,6.1,12.6,17.5,12.9,3.7,23.1,1.3,2.2,6.5,41.5,6580,49.6,,28.2,21.6,31.3,17.8,50082
08111,0.0,0.0,100.0,86.7,7.2,0.0,10.1,14.8,45.9,2.5,47.1,0.0,0.0,3.9,40.4,724,37.5,,23.4,19.9,52.1,21.3,77824
08113,0.0,1.8,97.5,84.5,2.0,2.0,15.2,16.7,30.8,12.9,37.0,0.3,3.2,3.4,50.1,7968,43.3,,13.4,15.5,64.9,9.3,79024
08115,0.7,4.1,92.8,88.0,1.9,2.8,10.0,18.2,15.8,4.5,28.2,0.1,2.2,10.9,46.9,2304,42.6,,30.2,21.6,27.2,13.0,52386
08117,1.6,2.5,99.8,97.8,3.8,1.8,10.2,20.8,61.1,2.2,27.9,1.6,1.3,7.6,44.2,31017,39.5,,16.3,18.2,55.0,7.7,109773
08119,0.7,3.0,94.2,92.8,2.1,1.7,6.9,31.7,13.3,3.1,19.0,0.8,0.3,11.3,43.3,24825,52.2,,22.1,26.9,37.9,7.6,85361
08121,3.1,6.9,93.1,86.4,1.8,4.4,6.0,22.9,9.5,5.2,26.4,0.2,0.1,13.3,22.7,4831,41.3,,28.0,20.9,24.9,8.1,67167
08123,5.7,5.6,97.3,92.7,3.3,2.5,8.0,27.9,4.1,3.6,24.0,2.1,0.9,10.0,45.5,350396,35.3,,23.6,21.9,33.2,9.6,97097
08125,11.2,7.4,93.8,90.6,2.9,2.1,15.7,15.6,6.0,5.4,31.1,1.2,2.6,7.2,43.3,9979,40.5,,24.0,19.3,25.3,17.9,60545
09110,3.7,4.9,95.4,91.5,3.4,3.6,4.5,23.6,6.1,9.8,34.3,1.4,0.5,8.7,43.2,977290,40.0,,25.0,16.2,42.1,10.3,93394
09120,7.0,5.8,94.9,91.2,4.9,2.8,8.6,31.3,5.1,11.2,34.7,1.9,1.1,9.0,49.7,329259,39.8,,24.1,15.1,41.7,12.4,89667
09130,1.6,3.0,95.4,92.5,2.5,1.8,3.3,26.0,10.7,5.4,24.2,0.9,0.3,8.9,40.7,175822,45.9,,23.7,17.1,46.0,6.8,104428
09140,4.5,5.0,94.8,90.8,3.9,3.2,4.8,28.3,6.5,9.1,31.4,1.5,1.0,9.0,44.4,454969,41.8,,29.3,18.3,33.8,11.2,86191
09150,2.4,5.1,95.0,91.4,3.9,2.8,3.8,29.0,5.6,4.8,22.7,0.4,0.1,10.9,30.0,96312,44.1,,35.2,20.7,26.1,7.5,90589
09160,2.5,3.4,95.7,93.4,3.5,1.9,3.9,26.9,14.2,5.4,23.7,0.7,0.2,7.3,36.8,113216,47.1,,28.1,17.7,39.4,8.8,93551
09170,3.7,4.1,95.4,92.4,3.9,3.0,4.9,23.5,7.1,11.4,39.5,1.8,0.8,9.0,44.5,570598,40.2,,28.1,15.1,42.0,11.4,88197
09180,3.0,4.2,95.2,91.6,3.1,2.9,4.7,23.9,8.4,7.4,34.9,0.7,0.3,10.3,40.7,279971,41.1,,29.0,19.2,35.8,10.7,86586
09190,4.4,3.9,96.6,94.7,3.6,2.2,7.2,30.8,6.4,6.2,33.6,1.7,1.0,9.3,43.4,627071,41.5,,17.7,12.9,55.5,7.5,128188
10001,3.1,5.9,94.9,91.1,3.5,3.5,6.6,26.5,6.4,6.6,27.5,1.2,0.4,9.6,42.9,187604,38.8,,33.8,20.8,27.5,10.6,74477
10003,2.7,4.7,96.8,93.2,3.2,2.2,5.9,25.3,5.0,7.5,31.0,1.4,0.6,8.9,38.9,577961,39.3,,26.7,18.4,39.7,10.1,91166
10005,3.6,6.2,95.7,91.5,2.9,2.2,7.0,27.3,29.9,3.3,18.4,1.8,0.7,10.7,42.8,255626,51.9,,29.8,18.2,33.0,10.9,81497
11001,3.0,4.3,96.5,91.2,4.5,4.4,3.6,30.0,10.1,36.0,58.5,1.8,2.2,10.0,36.6,681294,34.9,,14.5,11.2,64.2,15.4,109870
12001,1.6,3.9,97.1,88.0,2.6,2.3,7.4,21.8,8.6,8.4,45.9,1.3,0.7,8.2,55.2,285492,32.3,,19.1,15.6,48.8,21.2,61949
12003,3.5,9.4,94.6,90.4,2.5,1.0,11.8,29.9,9.7,4.8,14.9,3.9,0.6,5.9,39.2,28430,38.1,,42.3,20.3,17.8,11.8,79836
12005,2.8,5.8,97.3,92.8,2.4,2.0,14.4,23.9,27.3,4.3,33.2,2.4,0.7,14.4,45.7,186393,41.0,,27.3,22.7,29.6,11.9,73533
12007,4.6,12.0,94.2,90.4,2.3,2.4,11.6,32.4,14.8,6.2,26.7,1.1,1.0,15.2,41.2,27885,40.2,,39.1,20.3,15.2,16.8,63050
12009,2.3,4.4,96.9,93.0,2.7,2.0,9.8,25.4,13.9,4.9,23.3,1.2,0.4,8.6,47.2,632780,46.7,,25.8,21.1,34.2,10.2,78476
12011,4.2,5.4,96.9,92.1,3.6,2.2,12.5,29.1,12.9,6.8,36.4,3.2,1.7,9.8,55.4,1977129,41.3,,26.4,17.5,36.7,12.2,77633
12013,5.6,11.7,91.4,87.7,3.5,2.0,17.6,29.9,18.4,5.7,21.2,2.1,1.9,18.9,43.0,13492,42.2,,42.7,18.5,13.6,20.7,50517
12015,2.4,5.1,95.5,92.0,2.3,1.8,9.7,26.9,23.7,4.5,16.2,0.9,0.4,10.7,51.6,201064,59.9,,32.7,22.7,27.0,9.0,69952
12017,2.4,6.2,94.5,90.9,2.6,2.4,10.4,27.8,16.1,4.3,14.8,1.4,0.3,9.5,46.5,162472,56.9,,38.4,22.5,20.6,15.6,56546
12019,2.3,5.2,97.2,94.6,2.3,1.7,8.2,31.3,5.9,3.6,24.1,1.0,0.7,9.2,40.7,227584,40.4,,28.2,24.2,28.3,9.2,87820
12021,5.8,4.2,97.3,92.5,2.0,1.4,11.3,26.1,30.7,4.6,23.4,3.0,1.0,9.6,53.7,398291,53.3,,24.7,15.9,40.3,10.7,90045
12023,3.6,10.4,95.5,89.1,2.9,3.6,12.6,25.8,9.5,5.5,27.5,2.3,1.3,7.7,40.0,71789,40.7,,34.8,23.0,16.8,16.7,59205
12027,11.4,15.1,93.0,82.0,4.7,2.7,19.9,30.5,19.2,7.5,27.5,3.9,2.9,6.3,39.7,35386,43.5,,35.6,19.5,10.8,24.1,54417
12029,2.2,13.1,86.1,76.5,1.3,1.6,17.1,22.4,33.9,3.1,15.3,2.8,0.4,1.7,45.5,17058,46.4,,50.6,17.7,10.7,20.9,50110
12031,3.0,5.7,96.5,91.1,2.9,2.7,11.0,24.1,8.7,7.2,41.8,1.6,0.7,11.8,44.5,1023153,36.9,,27.3,19.9,34.4,14.1,71277
12033,2.8,6.3,96.1,91.9,3.4,2.4,11.7,23.5,13.5,7.0,35.2,1.5,0.6,9.0,46.7,325923,38.1,,26.9,23.1,29.7,14.7,67500
12035,2.8,3.8,96.3,88.9,2.1,1.2,10.5,27.4,13.7,4.0,17.0,0.8,0.4,6.9,53.1,126528,53.1,,28.8,22.9,31.3,10.3,77363
12037,4.4,11.3,94.3,89.5,4.0,0.8,16.7,19.3,42.2,8.1,19.1,2.3,0.5,11.2,45.2,12553,50.1,,30.6,19.8,27.9,16.5,64105
12039,6.2,12.1,86.8,80.3,2.4,1.6,15.7,30.3,11.9,11.4,29.3,1.6,0.3,7.1,45.5,43710,42.4,,36.4,17.1,21.3,27.9,48801
12041,4.7,8.5,94.2,86.7,1.8,1.5,12.8,31.6,9.1,6.7,14.3,0.6,1.2,8.5,29.4,19040,43.2,,38.5,23.8,15.3,11.5,63523
12043,10.6,14.2,94.1,80.7,2.8,2.2,22.8,32.2,32.7,2.0,14.9,4.6,0.4,12.1,41.8,12563,46.0,,34.8,21.0,13.4,17.2,45870
12045,5.1,10.0,95.4,90.9,1.1,1.7,8.3,24.1,36.5,3.7,19.2,1.4,0.2,5.8,53.0,15131,46.9,,32.8,21.0,23.5,12.5,61179
12047,5.0,13.4,89.3,81.4,2.5,3.2,14.5,30.0,24.3,3.6,20.2,1.4,0.4,1.0,57.1,13616,41.2,,44.2,16.3,11.0,20.1,50144
12049,12.6,10.5,97.7,88.2,3.1,2.8,20.1,26.8,17.3,6.0,28.6,3.9,2.6,9.0,40.7,25675,35.8,,40.7,16.4,12.1,25.3,60489
12051,16.5,15.4,93.1,84.9,2.6,1.4,21.7,31.4,12.5,8.1,26.4,3.3,0.9,9.1,51.3,42382,35.8,,33.4,12.8,12.2,22.5,56393
12053,2.8,6.7,96.0,91.9,2.7,2.5,11.2,31.4,10.9,4.5,17.5,1.4,0.4,12.8,43.0,207018,47.7,,33.6,24.2,21.1,11.7,66058
12055,5.4,7.9,94.6,86.7,2.8,2.1,13.8,23.8,20.0,5.6,21.4,1.5,0.4,13.2,42.4,105702,54.4,,34.2,22.8,20.5,15.3,54897
12057,4.5,5.8,97.4,93.9,2.9,2.0,11.1,28.8,7.5,5.8,38.5,2.0,1.1,10.2,47.7,1522748,37.9,,25.2,17.0,38.1,12.7,79540
12059,3.4,9.0,90.8,81.0,2.2,1.7,13.0,34.7,19.0,3.3,23.6,3.1,0.1,6.2,38.9,19513,43.7,,50.4,18.0,12.5,14.0,49343
12061,3.1,4.9,95.6,89.9,2.2,1.9,10.0,23.8,18.1,4.6,19.9,1.0,0.4,7.8,48.8,166936,55.3,,27.5,20.5,33.8,11.1,73491
12063,5.4,10.8,93.3,85.0,2.0,2.1,8.6,27.4,14.2,3.7,24.1,1.1,0.6,8.3,44.6,48250,43.0,,38.7,19.8,15.1,19.5,49149
12065,5.2,6.4,85.3,75.4,3.9,4.1,9.7,29.4,16.5,11.1,24.1,1.2,0.1,10.6,35.2,15091,47.6,,39.6,20.2,19.2,21.0,61212
12067,5.3,12.5,94.5,87.7,4.8,1.4,9.5,30.1,21.4,4.7,22.8,4.4,0.7,8.7,36.0,8161,42.3,,49.3,16.6,9.9,17.5,62757
12069,2.6,6.0,96.6,92.6,2.7,1.8,9.6,30.2,12.3,4.1,22.4,1.4,0.6,10.2,48.8,412924,46.5,,30.5,21.3,27.8,8.9,73161
12071,4.2,5.5,96.8,92.1,2.2,1.8,12.9,29.4,25.7,5.0,25.7,1.8,0.6,9.9,50.1,817666,49.0,,29.9,19.4,31.2,12.0,76107
12073,1.8,4.3,96.9,91.4,3.7,1.9,7.4,21.1,11.0,7.1,47.4,1.7,0.5,8.8,50.2,297542,32.0,,18.9,16.8,48.9,18.7,66287
12075,3.4,8.4,91.5,80.8,2.1,1.4,13.1,30.4,13.6,5.2,18.6,3.3,1.2,1.5,44.9,45391,46.7,,41.8,18.7,16.5,17.4,56750
12077,5.7,14.5,91.5,81.7,2.8,4.8,8.2,33.2,20.8,8.7,19.9,3.0,0.1,8.5,34.5,7687,39.7,,40.8,14.5,16.5,17.5,58671
12079,5.1,14.7,83.0,77.1,2.4,1.1,12.3,29.8,17.1,6.7,26.6,1.6,0.3,5.2,49.9,18089,44.8,,35.2,21.4,13.9,21.0,48485
12081,3.5,5.6,96.7,91.7,2.5,1.7,11.8,27.3,20.1,4.4,25.7,1.7,0.8,9.6,51.0,429792,49.6,,27.4,18.8,35.4,9.8,78457
12083,3.5,6.8,94.9,91.1,2.4,1.9,12.5,26.8,12.4,4.8,22.5,1.3,0.9,9.3,43.4,400078,47.9,,33.8,21.9,23.4,14.4,61010
12085,3.5,3.5,96.8,92.2,2.5,1.6,10.5,28.4,18.4,4.3,20.4,1.2,0.5,8.1,52.5,162176,53.3,,23.6,22.9,37.1,11.3,82943
12086,7.8,8.3,96.7,89.7,3.0,3.8,13.6,30.9,10.9,9.8,47.8,4.3,2.9,9.5,55.0,2738356,40.7,,26.9,13.1,34.4,14.7,71753
12087,2.4,4.4,96.9,89.9,1.8,2.0,12.8,19.5,37.3,6.1,34.2,2.9,1.7,10.4,54.1,81860,49.2,,27.8,18.6,38.6,10.6,87738
12089,1.6,5.5,97.8,94.6,2.6,1.8,7.2,30.1,12.8,3.0,17.3,1.2,0.5,10.0,44.3,97859,46.5,,28.0,19.7,35.6,9.7,89804
12091,2.9,3.8,97.4,93.2,2.2,1.7,11.8,26.3,17.8,3.6,31.6,1.7,0.7,12.7,42.2,216599,37.4,,23.9,22.5,34.8,9.3,81998
12093,8.3,11.5,92.4,84.4,2.2,3.2,17.2,28.4,18.6,4.7,26.1,4.2,0.6,7.9,41.5,40816,40.8,,35.0,21.2,15.8,18.0,57984
12095,4.1,5.3,97.8,93.9,3.7,2.6,12.0,28.0,10.1,5.7,43.2,2.4,1.3,9.9,49.5,1471937,36.6,,23.6,16.5,39.3,13.0,79719
12097,5.1,5.4,97.6,92.6,3.5,3.0,10.6,35.2,16.7,4.3,34.7,3.9,1.4,10.3,55.1,427415,37.1,,28.2,20.2,29.8,12.8,72637
12099,5.7,5.1,96.8,91.4,3.3,2.3,13.2,26.5,15.8,6.0,29.9,2.3,1.0,9.4,52.9,1533806,45.3,,22.6,17.0,40.5,11.3,83581
12101,2.7,5.8,96.1,91.3,2.8,3.3,9.9,31.1,13.1,4.7,24.3,1.4,0.6,9.7,44.8,611444,43.4,,32.6,19.7,29.2,11.1,70492
12103,2.6,4.6,95.9,90.5,2.6,2.3,10.4,25.2,17.6,6.9,30.5,1.2,0.8,10.1,49.9,963481,49.0,,25.5,20.3,36.8,11.5,72646
12105,5.2,6.9,96.1,90.7,2.8,2.7,12.4,30.5,15.1,5.4,29.5,2.6,0.8,9.3,44.9,790694,39.5,,33.0,21.3,23.5,14.5,65978
12107,4.8,12.9,91.0,85.7,3.5,2.4,14.1,29.6,15.4,6.8,24.6,2.3,0.6,13.3,42.1,75164,45.0,,40.0,20.0,14.5,23.4,47934
12109,1.5,2.7,97.4,95.4,2.0,1.4,5.3,26.9,13.3,3.1,17.8,0.7,0.4,9.4,50.1,306934,44.2,,18.4,17.0,50.9,6.5,109839
12111,4.5,6.3,96.9,92.6,3.4,3.0,11.4,29.3,14.2,4.4,21.4,1.7,0.8,11.7,53.6,360500,45.1,,29.8,21.6,26.7,12.3,71457
12113,1.9,5.0,96.6,93.7,2.5,2.2,10.2,30.5,9.2,3.4,19.4,1.8,0.1,8.5,31.7,198472,40.1,,26.3,22.0,32.0,8.8,91922
12115,1.9,3.3,96.4,92.9,1.8,1.4,9.9,24.5,20.4,4.1,23.3,1.2,0.3,9.3,49.9,459547,57.4,,25.0,19.3,40.8,8.6,83416
12117,2.1,3.9,98.2,94.7,2.8,2.2,9.5,26.8,6.2,3.9,33.8,1.6,0.7,9.9,48.7,481470,39.8,,21.3,18.4,42.7,9.0,85761
12119,2.0,5.3,95.9,91.5,1.4,0.8,5.2,28.9,16.4,3.1,12.4,0.7,0.3,8.6,52.3,143408,68.5,,27.4,19.6,35.3,9.7,76508
12121,6.3,8.5,90.1,86.5,3.2,4.7,11.1,29.2,16.0,5.9,25.1,1.0,1.3,6.3,29.7,45342,42.3,,38.9,21.2,16.6,15.0,56658
12123,4.4,10.4,86.7,81.2,2.3,1.0,11.2,21.3,29.2,8.0,24.0,2.1,0.3,9.6,42.6,21503,43.9,,44.3,18.4,16.5,17.3,49073
12125,4.7,16.7,97.5,90.1,1.8,2.5,7.8,37.2,10.7,2.0,25.3,3.5,1.3,16.0,35.3,15701,39.6,,39.4,19.6,11.1,19.5,64146
12127,2.9,5.1,96.1,91.6,2.3,2.1,10.2,27.5,14.3,5.3,26.3,1.6,0.6,9.5,48.6,579622,46.5,,30.3,21.9,28.4,11.8,70044
12129,4.2,7.4,95.1,88.9,1.9,3.9,6.8,32.3,12.7,3.2,18.1,1.6,0.7,5.0,47.2,35387,42.3,,36.9,19.8,23.3,6.7,81895
12131,2.4,5.5,97.3,92.5,2.9,1.9,14.7,29.4,43.9,3.5,21.4,1.4,1.0,12.4,43.9,82948,43.9,,26.9,20.1,35.0,12.5,81986
12133,4.6,11.0,93.5,87.0,1.7,1.8,14.1,36.1,15.9,2.9,20.0,1.7,1.2,20.2,35.1,25529,41.7,,43.5,19.3,11.5,17.3,58210
13001,6.2,9.4,91.0,76.1,1.7,2.5,16.8,27.0,16.2,6.3,27.5,3.9,0.7,17.6,28.5,18493,39.6,,43.3,22.4,11.2,22.5,46651
13003,16.2,15.2,92.7,83.0,2.8,1.5,26.1,24.2,8.7,6.3,38.1,5.3,0.9,16.7,26.8,8337,35.9,,33.4,19.7,8.9,25.0,42347
13005,4.4,9.7,92.1,84.8,1.3,2.3,14.9,26.4,13.0,7.7,31.4,2.2,0.7,6.4,34.5,11109,40.6,,41.2,26.6,10.4,24.5,44694
13007,3.0,7.2,80.0,64.0,3.0,2.0,19.0,24.8,19.7,6.2,23.3,0.8,0.0,14.0,39.3,2790,50.3,,40.4,18.8,16.7,26.3,46012
13009,3.1,9.9,94.8,89.8,2.9,3.6,12.2,25.3,18.3,7.9,38.9,2.1,1.0,12.8,42.7,43642,36.5,,33.6,20.0,24.4,21.7,54403
13011,3.9,13.1,90.3,88.0,1.8,0.4,11.8,32.7,8.3,2.4,21.3,2.1,0.4,1.0,35.5,19264,42.1,,35.4,20.6,18.6,11.3,77063
13013,5.2,6.2,97.4,94.2,2.5,1.7,15.4,33.5,4.5,3.1,21.5,1.8,0.5,9.4,37.0,89886,36.4,,34.7,23.6,21.2,9.6,80653
13015,3.7,7.7,95.6,87.8,3.1,2.1,14.8,29.4,9.7,2.7,27.2,1.4,0.3,8.0,39.4,113113,38.2,,35.5,20.3,24.3,10.3,82243
13017,6.3,9.8,91.6,81.1,1.7,1.7,19.0,16.8,13.0,6.3,36.7,2.7,1.3,9.1,31.6,17089,38.7,,45.9,15.1,13.0,25.2,41758
13019,6.2,10.3,92.5,82.5,2.0,3.9,14.9,24.6,13.0,3.4,29.0,2.3,0.2,9.3,34.4,18352,40.5,,36.6,20.7,15.7,20.6,52876
13021,3.5,9.0,92.7,85.8,4.6,2.4,13.6,22.2,16.7,11.3,48.6,1.5,1.0,8.5,49.5,156578,36.8,,31.3,21.6,26.3,24.7,51234
13023,5.2,8.3,90.8,73.4,3.2,4.4,7.3,25.6,15.6,8.2,27.1,0.9,0.0,3.0,50.1,12430,37.7,,33.9,26.0,19.8,19.3,62008
13025,5.3,10.9,94.8,79.6,1.5,3.8,20.1,30.5,20.5,5.3,20.1,0.4,0.2,6.8,22.9,18315,40.5,,40.4,20.6,14.5,17.1,58239
13027,5.7,9.8,87.3,74.8,2.6,2.7,16.1,24.7,17.7,8.3,28.3,1.7,0.9,2.9,54.6,16293,43.5,,41.9,20.1,15.8,25.4,46807
13029,2.9,4.4,96.9,92.8,3.5,1.3,6.7,32.0,7.5,3.5,22.3,1.0,0.2,7.3,45.5,48263,35.0,,24.0,23.9,36.1,6.7,103408
13031,2.9,7.2,96.9,87.4,4.9,1.4,10.9,25.2,9.7,5.6,46.9,1.8,0.2,6.3,40.2,82683,30.5,,27.0,21.7,32.5,23.0,58810
13033,5.1,13.0,93.7,85.6,2.9,1.7,13.8,28.0,18.7,9.0,30.0,0.2,0.6,7.4,40.0,24470,38.3,,35.3,19.8,15.5,18.3,53014
13035,3.8,11.7,95.7,88.2,1.8,1.6,12.3,29.0,8.0,4.3,25.7,0.4,0.9,7.3,28.7,26496,37.8,,42.1,20.5,14.4,10.4,69241
13037,7.1,14.0,83.1,77.7,2.0,1.1,14.2,24.4,21.5,10.7,40.6,1.4,0.3,5.6,36.0,5498,40.2,,42.5,18.4,13.0,22.8,46940
13039,2.1,4.2,98.1,91.3,2.8,2.8,8.9,28.3,8.4,4.4,32.2,0.9,0.8,6.6,43.5,56970,34.7,,29.7,29.4,24.6,12.9,74378
13043,8.0,9.2,89.5,83.1,1.3,2.1,15.1,23.4,11.0,3.6,38.0,2.8,0.9,6.2,24.0,11043,40.4,,35.0,24.9,16.0,16.3,49581
13045,4.6,9.6,94.7,89.7,3.7,2.2,12.0,29.7,7.8,3.9,28.7,2.0,0.6,7.1,44.9,124569,35.4,,32.9,21.0,23.8,15.4,73714
13047,3.4,6.9,93.2,88.7,2.6,1.7,11.0,24.5,6.7,4.3,25.8,1.2,1.3,5.5,37.9,68634,40.8,,30.5,25.8,24.2,9.9,74639
13049,8.7,9.8,93.7,87.3,7.5,1.1,16.2,28.7,11.4,7.0,19.9,4.6,0.5,11.7,31.6,12818,37.1,,37.8,24.3,12.3,18.1,61276
13051,3.1,5.7,96.4,92.2,3.7,1.4,12.9,23.0,12.5,7.6,43.2,1.1,0.6,8.0,45.8,300879,37.2,,23.9,21.8,37.7,14.3,71097
13053,0.5,3.0,95.9,89.7,1.6,2.5,6.1,10.5,33.7,3.0,60.7,2.3,0.0,11.2,30.2,8887,24.4,,24.8,31.2,29.6,13.9,61042
13055,8.8,15.8,91.2,85.2,2.7,8.9,13.1,28.1,15.9,7.6,33.2,2.8,0.7,7.6,44.3,25036,41.1,,34.8,20.9,12.0,21.2,50285
13057,3.4,4.2,98.2,95.9,2.2,1.1,10.4,31.3,4.6,2.4,22.7,1.0,0.2,9.5,47.1,281032,40.2,,22.0,20.8,41.1,7.0,108115
13059,4.7,5.6,96.8,92.6,3.3,1.9,11.2,20.7,6.0,6.3,58.6,0.9,0.5,8.3,51.3,129609,29.6,,19.4,16.4,47.4,26.0,53625
13061,4.0,9.7,92.1,80.6,2.2,0.0,7.8,23.2,37.9,8.4,21.7,0.9,0.0,7.6,19.8,2850,45.3,,31.0,23.5,23.4,21.0,49147
13063,6.3,8.2,96.2,91.3,4.8,2.4,17.0,31.6,8.3,7.1,45.5,2.3,1.0,10.2,52.7,298924,33.7,,32.0,21.6,22.5,17.9,59806
13065,10.4,11.4,85.6,71.3,1.0,2.6,22.0,27.8,20.1,14.6,29.2,0.6,0.0,3.8,33.7,6759,37.7,,49.6,13.2,9.1,26.1,45847
13067,3.8,3.3,98.4,96.1,3.2,1.5,12.0,29.4,5.9,3.9,33.0,1.5,0.5,9.5,40.6,775208,37.5,,17.8,17.2,50.8,8.7,102738
13069,7.6,12.0,95.2,86.8,2.3,1.5,17.9,18.7,12.3,6.9,35.3,2.3,0.5,7.6,38.9,43347,36.0,,38.1,20.3,13.9,23.1,50683
13071,7.5,11.9,92.9,84.9,2.5,2.1,20.5,21.1,13.4,6.2,36.3,3.9,1.0,8.7,35.6,46224,37.2,,38.2,18.1,15.5,22.9,49341
13073,2.5,5.0,96.4,91.6,3.0,1.8,9.3,24.9,10.6,3.1,21.9,0.8,0.2,12.2,37.4,162434,37.9,,21.9,19.8,38.5,7.5,95592
13075,6.2,10.1,90.0,79.2,2.1,1.4,15.3,25.6,15.8,5.2,34.0,0.2,0.1,2.3,51.3,17532,37.5,,36.1,18.1,17.9,17.7,53651
13077,2.3,5.6,97.2,93.7,2.0,2.4,8.5,29.8,4.9,3.2,21.6,0.8,0.5,9.9,45.2,152852,39.2,,25.7,20.2,36.2,7.4,95548
13079,4.4,10.6,89.5,79.1,1.4,1.7,11.9,33.0,15.3,4.6,18.6,1.6,0.5,2.0,31.3,12225,45.1,,42.6,19.1,14.5,11.6,67116
13081,4.4,11.7,91.5,75.5,4.2,2.1,14.5,20.6,20.2,15.7,44.5,0.6,0.1,4.9,45.9,19790,38.8,,38.7,20.2,15.3,23.3,45105
13083,3.3,8.2,91.7,87.4,1.8,2.4,9.6,27.2,18.1,2.8,20.0,1.7,0.2,3.4,25.6,16165,42.1,,37.3,22.7,18.4,8.2,64568
13085,2.9,7.1,96.3,92.6,2.2,0.8,11.8,30.8,10.9,1.6,21.3,2.2,0.3,19.3,32.6,30242,42.7,,25.9,20.5,36.4,8.5,92991
13087,5.1,11.3,87.3,77.0,3.3,2.2,13.8,21.4,19.6,6.9,37.9,2.1,1.1,6.2,33.2,29195,38.9,,33.4,20.8,15.1,22.0,53317
13089,4.6,4.6,96.9,93.7,4.4,2.3,12.7,30.4,13.2,7.3,41.2,1.9,1.0,9.6,48.9,765351,36.4,,19.6,16.1,47.4,13.7,80644
13091,3.8,12.0,93.1,77.0,2.8,5.2,14.6,26.3,19.9,4.2,29.4,1.2,0.0,6.6,32.9,19805,42.6,,37.5,23.7,17.2,21.5,51587
13093,4.6,11.3,89.4,76.6,1.6,0.9,11.9,23.1,15.6,7.3,35.3,1.3,0.3,2.1,18.6,10984,46.3,,37.4,21.6,14.8,15.7,60987
13095,4.2,9.8,91.6,82.3,5.6,2.0,13.1,20.0,15.7,10.9,54.7,1.4,0.3,6.5,43.2,83091,36.6,,31.9,22.0,22.8,25.0,49044
13097,3.2,5.5,96.6,94.9,4.1,1.9,12.3,33.2,7.3,3.1,33.1,1.9,0.8,13.5,36.8,147888,36.9,,29.7,21.8,30.8,10.9,82984
13099,4.3,12.4,84.1,70.7,3.6,2.4,13.7,21.0,17.0,9.1,33.4,0.5,2.4,10.9,42.6,10603,41.1,,37.7,22.0,14.7,23.6,54083
13101,8.6,8.8,88.2,68.5,1.1,2.4,21.1,29.2,15.5,1.9,24.1,5.3,1.0,7.3,32.7,3709,30.5,,42.0,18.6,15.7,14.2,59489
13103,2.0,7.4,96.1,87.3,3.7,1.6,9.7,32.3,6.4,2.8,21.6,0.8,0.5,5.4,26.8,69143,37.0,,32.5,20.9,27.2,6.8,88438
13105,3.8,10.4,88.6,82.3,2.7,1.3,12.2,24.1,11.1,7.2,29.1,3.2,1.2,7.5,31.8,19849,43.2,,36.9,25.5,16.3,18.0,58450
13107,5.9,14.4,90.7,85.5,5.0,2.1,16.0,28.5,17.2,8.2,39.2,1.6,0.2,7.0,22.5,23026,38.3,,38.8,20.2,13.5,25.7,52772
13109,6.7,11.1,91.7,82.9,2.4,4.5,15.7,28.0,13.3,6.5,34.6,3.9,0.6,8.3,33.5,10757,38.3,,39.5,19.8,14.5,19.1,53259
13111,4.3,7.1,91.4,88.9,1.9,1.8,14.4,26.0,35.7,3.0,21.4,1.7,0.7,16.7,24.3,25742,54.0,,34.9,20.9,24.2,13.7,57073
13113,2.5,2.6,98.1,94.8,2.3,1.2,8.6,31.4,4.0,3.2,19.9,1.0,0.1,9.5,49.1,122244,43.4,,19.0,17.7,49.9,5.6,111978
13115,5.9,9.4,93.5,87.8,2.5,2.2,13.5,23.3,9.9,7.3,36.4,1.8,1.0,8.2,40.3,99693,38.2,,29.4,21.7,25.9,16.0,65565
13117,2.4,3.2,98.6,97.7,2.4,0.8,7.9,30.6,3.8,2.0,15.6,0.8,0.5,7.9,37.8,267287,39.7,,14.9,15.5,57.1,4.3,143784
13119,5.1,11.9,90.9,82.0,3.1,2.1,18.3,27.0,17.5,5.6,22.8,2.2,0.5,10.6,26.7,24234,40.1,,33.7,21.6,17.8,19.5,53046
13121,2.2,4.0,97.3,93.5,3.7,1.7,9.5,27.7,8.8,10.0,45.7,1.2,0.9,8.7,41.8,1076561,36.4,,15.2,14.2,58.5,12.3,95292
13123,6.0,6.8,95.1,90.7,1.4,1.1,14.6,28.9,29.7,2.9,19.3,3.1,1.2,2.7,37.0,32426,50.0,,33.5,18.8,24.9,16.0,74499
13125,5.7,13.5,86.0,66.0,0.8,3.8,12.0,49.6,26.5,8.6,32.4,2.3,5.2,8.1,11.4,2932,41.6,,33.3,20.1,17.0,12.6,54934
13127,3.6,6.4,95.0,88.8,2.1,2.3,13.3,20.0,18.3,4.5,33.3,1.6,0.7,5.6,41.1,85447,43.4,,28.0,19.8,32.4,16.1,69799
13129,8.0,11.3,95.0,85.2,2.2,1.4,15.4,25.3,9.4,3.6,26.1,1.6,0.4,7.1,34.6,59100,38.9,,34.7,19.3,18.8,12.0,63650
13131,7.5,12.0,91.5,85.2,2.1,1.5,18.1,26.2,13.2,5.3,33.9,3.5,0.4,8.7,32.9,26108,39.4,,34.9,20.0,16.4,20.3,58980
13133,2.7,8.9,92.7,86.6,1.7,0.5,13.9,28.4,24.3,4.4,22.1,1.0,0.2,5.2,27.4,20109,53.1,,26.8,16.0,37.8,9.8,86272
13135,6.6,5.6,98.4,94.6,2.9,2.0,15.2,32.8,4.1,3.8,33.7,2.6,1.1,10.5,51.3,979864,36.0,,22.8,16.8,39.0,10.8,87890
13137,8.3,9.1,92.6,89.4,1.5,1.6,14.5,27.7,12.2,4.2,27.2,3.1,0.4,6.6,36.4,47793,39.4,,32.1,18.6,24.6,14.1,67309
13139,10.4,8.6,96.2,93.6,2.2,1.9,16.5,27.3,9.1,6.3,31.4,3.9,1.3,9.0,44.0,212705,38.4,,27.5,18.6,27.3,11.8,80901
13141,11.0,12.8,82.3,71.3,1.9,1.2,9.8,35.4,41.2,8.4,20.7,0.4,0.0,0.0,72.2,8650,47.3,,42.0,17.8,10.3,30.6,40082
13143,4.1,11.2,94.4,85.3,2.7,1.6,11.1,33.8,8.4,3.4,28.4,2.3,0.9,8.1,33.1,31285,38.6,,39.8,20.6,17.0,15.4,72127
13145,1.5,4.5,97.0,88.9,3.4,1.1,6.8,26.1,11.4,1.4,11.2,0.5,0.0,3.8,44.7,36086,43.5,,23.8,23.3,38.0,9.0,97302
13147,2.6,12.0,93.1,85.8,1.9,0.8,10.8,26.8,16.4,6.2,22.2,1.5,0.4,6.7,39.0,26939,44.8,,34.6,20.2,20.8,11.9,59385
13149,2.7,9.4,87.6,73.5,2.3,1.8,13.8,34.9,10.6,5.5,27.7,1.4,0.5,2.3,41.0,11773,41.1,,44.3,24.7,12.8,17.9,65868
13151,2.3,4.7,97.8,94.3,4.2,1.8,9.8,33.1,5.2,2.4,25.1,1.4,0.5,13.6,43.9,249960,37.1,,29.7,22.2,29.5,9.2,83146
13153,2.9,4.6,96.6,93.1,3.1,1.3,10.2,22.8,8.6,4.2,33.1,1.7,0.4,7.8,40.6,169649,36.3,,26.0,22.7,32.5,11.1,80698
13155,5.3,9.5,91.2,83.5,2.2,1.3,19.5,23.5,15.0,3.4,29.6,1.6,0.2,7.3,23.9,9285,40.3,,36.9,24.3,15.2,22.4,51384
13157,4.2,7.2,97.5,94.0,2.2,2.8,11.6,31.3,7.6,2.3,20.7,1.7,0.6,5.9,34.9,84757,38.1,,30.7,21.1,27.8,7.3,89544
13159,3.1,7.3,88.8,81.2,4.3,1.0,12.9,39.2,9.2,4.3,14.4,2.2,0.4,9.3,33.1,15929,41.8,,43.2,21.0,19.5,16.0,60134
13161,6.1,16.6,90.7,76.6,3.7,2.3,21.9,22.1,14.3,9.2,28.7,1.1,1.1,9.4,31.0,14924,39.9,,40.8,18.0,13.2,21.8,40283
13163,6.4,9.9,93.4,83.7,3.3,2.6,17.0,28.2,19.8,8.1,31.9,0.4,0.1,6.6,27.0,15341,40.9,,41.4,22.9,13.5,16.9,53014
13165,8.6,11.2,87.1,77.4,1.7,1.2,14.6,29.8,26.7,6.3,17.8,0.3,0.4,0.0,19.9,8711,41.8,,42.0,21.2,10.3,22.9,44389
13167,4.6,18.7,89.4,83.0,3.2,1.8,13.8,28.1,9.6,6.8,24.1,1.7,0.3,3.2,57.0,9190,43.7,,44.0,16.4,8.4,24.2,51028
13169,3.0,5.0,94.1,89.5,2.3,5.0,8.6,29.8,9.1,4.5,16.4,3.3,0.1,5.5,37.3,28673,41.4,,38.7,20.8,19.9,12.1,75500
13171,2.8,7.6,93.2,85.2,2.3,3.5,10.7,31.8,9.3,4.3,24.3,0.5,0.0,4.3,24.5,19571,39.2,,38.4,22.2,19.2,9.6,67062
13173,4.5,7.5,93.6,86.8,2.0,1.3,17.1,24.7,16.5,7.2,26.8,3.0,0.6,18.0,37.2,10221,36.8,,43.4,17.9,19.3,26.1,47186
13175,2.9,10.2,92.7,86.2,2.9,3.9,12.1,24.6,15.7,6.3,35.7,2.1,0.5,7.7,41.7,49798,39.2,,38.8,20.8,19.1,22.6,55010
13177,2.6,5.0,96.0,90.7,2.1,0.6,8.2,23.1,5.6,2.8,25.8,1.1,0.1,7.1,34.5,33626,37.7,,28.6,18.4,34.1,5.7,89168
13179,2.1,5.3,96.4,93.3,4.1,2.0,10.8,23.9,13.3,4.5,49.1,2.0,0.2,9.6,39.7,67397,29.0,,32.1,29.7,20.5,15.3,60456
13181,3.6,8.5,81.5,64.5,1.5,0.1,12.3,31.2,33.8,7.1,23.4,2.1,0.0,18.7,39.5,7854,48.1,,41.8,21.2,15.5,17.0,56907
13183,3.5,11.1,97.8,90.8,3.7,2.3,11.0,29.8,10.2,6.6,34.8,4.0,2.0,8.5,40.1,18374,34.0,,41.6,21.1,13.3,17.3,68808
13185,3.6,6.3,95.3,84.7,2.9,1.9,14.3,19.5,10.4,6.5,43.1,2.2,0.5,8.1,45.5,119965,31.8,,31.1,21.0,27.9,19.2,58541
13187,1.8,8.5,95.1,91.7,3.2,2.2,11.8,28.3,13.8,2.3,23.7,1.5,0.7,3.7,47.8,34505,36.5,,31.6,19.0,31.6,14.1,77448
13189,2.8,10.2,89.8,75.1,1.1,1.7,9.6,22.7,14.3,4.8,35.0,0.9,0.2,11.3,43.6,21718,38.9,,42.2,17.3,17.8,20.3,56733
13191,5.2,11.3,94.3,87.1,1.6,1.5,9.3,37.5,26.0,6.5,20.0,3.1,0.5,4.8,61.8,11312,51.8,,30.9,24.6,20.0,23.0,50273
13193,9.0,13.6,85.2,76.5,3.0,3.3,24.7,22.6,19.3,13.7,34.6,2.4,0.3,21.4,33.4,11864,40.4,,42.5,18.1,11.0,25.1,41031
13195,8.4,8.2,91.0,87.4,2.3,2.3,15.6,29.5,10.3,3.3,23.1,1.8,0.6,9.9,43.9,31528,39.9,,33.3,19.6,21.1,17.2,61963
13197,7.2,14.5,88.3,74.7,2.6,2.3,17.3,32.3,16.3,4.7,21.1,0.7,0.9,7.5,35.1,7509,41.9,,30.9,22.0,17.7,20.9,51667
13199,5.1,11.9,90.7,82.1,3.5,2.4,12.4,34.3,14.6,6.4,27.0,2.4,0.1,17.2,31.3,20929,43.5,,40.8,21.7,14.5,18.9,57340
13201,6.7,9.1,80.7,70.7,2.1,1.5,9.6,24.1,9.9,10.5,29.5,0.5,0.7,10.2,43.6,5850,43.6,,30.5,16.7,21.3,23.8,51425
13205,4.9,12.2,90.8,81.2,3.0,1.7,17.9,25.5,13.5,12.1,34.8,1.1,0.4,11.8,39.7,21058,40.3,,34.7,24.8,14.3,23.4,57613
13207,3.2,5.7,95.1,90.4,1.6,1.1,9.4,25.4,8.8,3.6,16.2,1.4,0.7,6.2,22.3,29664,41.8,,35.0,21.0,27.0,12.3,83183
13209,6.6,6.6,90.7,83.6,4.1,3.3,13.7,25.2,17.2,4.8,23.8,2.1,0.0,10.3,39.7,8640,40.6,,36.5,19.0,19.9,20.6,51941
13211,3.1,5.5,95.3,87.1,1.4,2.1,11.1,28.5,9.0,2.2,21.8,0.6,1.5,4.0,40.0,21078,42.4,,38.1,15.6,29.7,8.8,78111
13213,9.0,12.2,92.9,86.8,2.8,1.3,13.8,28.4,6.1,5.2,26.2,2.4,0.5,5.1,38.3,40562,39.4,,36.0,19.7,15.0,14.4,69253
13215,3.6,6.9,94.2,89.2,3.5,2.2,11.1,20.9,11.5,10.9,49.2,1.8,0.5,8.8,41.6,203711,35.4,,27.3,22.3,30.5,19.0,58073
13217,3.1,6.7,97.0,94.2,4.3,2.9,11.3,35.9,5.5,3.4,26.2,0.8,0.4,6.6,49.0,118152,36.8,,31.8,24.4,25.0,12.3,77179
13219,1.3,2.4,97.4,94.5,1.9,1.6,6.8,24.7,4.4,0.8,18.7,1.1,0.2,4.1,25.1,43551,41.1,,14.9,18.3,55.9,6.2,121217
13221,4.3,7.4,93.0,83.6,1.8,0.6,10.8,32.8,16.9,3.3,16.2,3.0,0.4,18.3,30.9,15509,43.2,,36.7,18.9,25.3,11.6,75034
13223,2.4,5.2,98.5,95.7,3.0,2.2,10.1,39.6,4.9,2.5,19.2,1.5,0.3,10.0,35.7,178909,36.9,,29.4,24.3,29.5,6.6,98031
13225,5.0,6.0,95.0,87.1,4.0,2.5,12.1,24.5,13.5,5.0,30.4,2.5,0.5,6.9,38.3,28560,38.5,,33.0,19.3,22.8,17.3,71293
13227,2.9,7.2,96.2,92.1,1.8,1.5,12.0,33.5,13.7,2.8,18.8,2.8,0.4,9.8,44.0,34951,46.7,,32.4,22.9,26.7,12.0,78930
13229,4.2,7.7,94.8,82.9,1.6,1.7,12.5,26.4,11.0,5.1,23.5,1.4,0.5,22.8,23.1,20202,40.2,,39.6,19.1,20.2,13.8,60517
13231,2.0,8.8,94.4,84.6,2.0,1.5,13.3,35.7,8.9,2.6,15.4,2.0,0.1,8.3,35.2,19903,39.9,,36.6,21.3,21.5,9.3,86719
13233,5.3,10.3,93.5,87.4,3.4,4.3,12.0,30.5,8.4,5.0,34.0,2.2,1.2,9.0,45.1,43785,38.0,,40.7,19.6,15.4,16.4,58515
13235,7.7,7.6,94.6,73.9,1.4,2.7,9.7,25.6,22.0,5.9,29.2,0.8,2.6,1.9,55.1,9939,45.2,,35.5,26.0,14.5,16.5,50406
13237,4.6,8.8,92.1,86.6,2.0,0.9,10.3,31.1,22.7,4.6,19.1,2.6,1.4,11.0,52.7,22855,47.8,,27.7,18.5,31.1,17.6,72096
13239,5.0,14.1,67.6,66.5,11.5,0.1,14.8,25.0,39.6,13.1,15.7,1.6,0.9,0.0,0.0,2264,58.4,,41.1,21.5,12.4,15.7,40179
13241,2.9,6.8,95.0,90.8,0.7,1.9,13.9,23.1,37.9,4.5,22.9,1.3,1.0,4.3,43.3,17312,50.1,,30.2,19.5,31.3,13.1,67493
13243,4.8,8.5,82.7,81.5,6.1,1.1,8.0,24.8,23.5,25.0,48.5,1.5,0.0,6.1,43.4,6196,34.9,,34.7,25.1,16.4,30.0,28380
13245,3.2,8.9,94.7,87.6,5.0,3.2,11.8,21.4,17.7,9.9,48.8,1.4,0.3,10.1,45.5,206069,35.2,,31.1,22.5,24.5,20.0,55637
13247,3.4,5.3,97.2,93.2,3.8,2.2,13.1,33.7,4.9,3.2,30.4,2.0,1.3,8.2,45.0,95281,39.3,,27.1,23.3,32.4,10.8,77247
13249,2.7,10.9,92.8,84.7,4.3,2.1,10.1,29.3,13.1,5.8,20.0,1.1,0.7,8.2,44.2,4513,41.5,,30.4,19.4,22.2,13.9,56875
13251,3.1,10.7,91.5,85.5,2.5,0.7,12.9,30.7,24.9,6.4,30.2,1.1,0.0,2.5,28.5,14130,42.8,,41.8,21.4,14.7,17.2,52792
13253,3.9,7.8,84.3,68.9,2.8,1.2,14.8,24.1,25.9,10.5,19.8,0.6,1.0,9.7,18.2,9156,46.0,,41.0,23.1,13.4,20.1,49495
13255,3.4,11.1,93.7,88.3,4.1,2.2,13.3,25.7,7.8,6.2,37.3,1.6,0.6,6.8,46.8,68892,39.5,,39.7,17.8,18.5,18.9,62071
13257,7.3,7.6,95.2,86.4,3.1,1.9,14.6,23.8,14.8,5.3,26.4,1.4,0.2,9.6,34.3,27012,40.8,,40.5,23.7,15.1,15.8,54754
13259,5.4,14.6,80.2,67.7,2.0,0.3,22.6,25.8,15.9,18.4,41.1,0.0,0.0,40.7,25.6,4869,42.8,,48.8,13.1,12.7,26.4,33250
13261,5.4,9.8,92.5,84.7,2.7,3.0,14.0,19.9,18.7,11.6,43.4,1.7,0.9,13.9,35.6,29061,37.9,,36.1,17.8,21.4,23.7,42653
13263,4.6,13.0,82.3,74.8,1.5,1.5,11.8,42.9,17.3,9.6,20.4,4.0,0.0,9.6,46.5,5742,51.0,,43.3,17.6,12.1,25.2,41597
13265,5.6,7.1,81.0,70.1,2.5,3.6,10.6,32.8,36.6,5.8,17.9,3.4,0.3,15.9,36.5,1558,47.1,,45.5,27.2,12.0,20.4,52500
13267,6.3,10.9,89.7,83.3,3.1,3.5,13.9,28.1,18.9,6.3,29.0,2.7,0.5,12.5,27.5,24208,37.7,,41.5,18.0,15.4,23.4,50747
13269,6.1,14.4,88.5,76.3,1.2,2.5,10.3,32.7,19.3,15.5,37.1,2.5,0.2,8.3,46.5,7786,44.0,,41.8,13.7,17.5,32.1,41788
13271,10.0,12.1,85.2,79.3,1.9,3.6,20.7,27.2,28.8,14.1,35.1,4.4,3.0,2.8,45.0,11831,43.2,,42.0,18.6,10.1,24.1,50929
13273,7.4,12.6,87.6,83.4,2.1,1.2,14.5,22.6,20.4,11.8,38.4,1.8,0.1,8.1,45.3,8850,42.3,,34.9,27.0,13.1,33.3,46171
13275,3.0,7.9,92.5,87.4,3.5,1.7,11.8,20.1,11.6,5.9,36.2,1.1,0.7,8.0,42.2,45777,39.8,,32.2,20.5,22.7,17.9,60736
13277,4.9,8.5,89.0,78.3,1.6,1.1,14.5,21.6,11.9,7.3,39.0,1.4,1.0,11.7,31.7,41438,37.6,,33.2,17.2,21.0,20.8,53255
13279,6.4,9.1,93.0,83.2,2.5,2.9,16.0,21.2,14.0,10.4,39.5,2.7,1.1,10.0,32.7,27102,37.3,,35.8,21.0,18.4,22.5,52621
13281,1.8,5.8,93.2,89.1,1.9,1.5,11.5,23.7,32.7,3.7,17.7,1.1,0.2,7.6,50.4,12913,57.4,,27.7,22.7,31.0,13.3,59135
13283,7.5,18.0,83.7,76.3,4.1,0.7,12.8,30.0,16.8,5.4,34.7,0.3,0.0,4.6,26.3,6376,40.8,,44.5,10.0,11.9,13.8,55518
13285,2.8,8.1,93.2,88.5,3.3,1.7,9.5,23.1,9.7,9.4,39.4,2.0,0.5,10.6,45.7,70330,37.0,,35.1,20.4,23.8,16.9,56776
13287,6.5,16.9,85.6,72.6,6.6,1.6,13.2,24.5,16.1,7.9,36.2,0.0,0.5,8.1,28.6,8939,36.6,,34.9,21.5,9.8,20.3,36799
13289,4.7,17.1,90.2,76.2,1.7,3.3,14.6,27.9,28.8,8.1,11.8,1.4,0.8,15.5,35.5,7803,48.1,,43.3,17.8,10.5,18.2,56324
13291,3.2,8.5,93.6,90.8,1.2,1.8,13.7,21.8,24.2,5.4,15.6,3.5,0.8,8.1,31.9,26304,55.9,,32.5,19.1,26.9,10.9,66176
13293,3.5,10.8,90.1,84.5,2.1,2.0,12.4,26.3,14.8,11.7,39.0,0.5,0.3,4.2,46.8,28029,41.1,,39.5,20.6,15.5,19.3,55429
13295,4.4,8.6,94.1,88.3,2.3,1.9,12.6,29.4,11.2,3.7,22.8,1.3,0.3,10.1,36.9,68762,42.1,,35.7,22.3,21.3,13.3,59469
13297,3.6,8.7,96.0,91.2,3.4,2.1,10.7,34.4,4.6,2.7,20.7,2.4,0.4,7.0,45.2,103313,40.0,,32.9,21.3,24.5,11.9,84945
13299,5.6,11.5,92.9,77.9,2.9,1.8,16.8,20.6,18.7,16.0,36.9,1.1,0.7,12.0,40.3,35976,37.9,,41.6,20.4,14.4,21.5,47448
13301,5.6,17.9,82.9,63.2,5.5,3.8,7.7,28.1,19.3,7.6,27.8,1.0,0.6,13.5,34.4,5170,44.3,,36.8,18.1,12.3,21.4,44289
13303,5.4,10.4,89.5,83.0,4.2,2.1,13.5,23.3,16.4,6.8,35.5,2.1,1.0,7.5,48.8,19849,40.3,,43.8,16.6,16.9,17.2,46023
13305,3.6,9.7,93.1,84.3,3.7,1.5,20.0,28.0,12.9,10.2,32.7,1.8,0.7,4.2,38.7,30949,38.3,,41.5,20.1,16.2,21.3,53427
13307,3.7,7.5,83.4,72.4,2.4,4.7,21.5,33.8,26.2,7.7,23.0,0.0,0.0,0.0,28.1,2381,42.9,,47.1,23.1,8.9,22.3,46792
13309,3.9,17.0,90.9,83.5,2.0,1.0,23.6,25.5,33.7,9.3,34.4,3.0,0.1,7.0,33.6,7335,32.0,,44.4,15.1,10.0,32.7,40539
13311,5.3,10.0,96.1,89.4,2.1,0.9,11.6,30.4,23.1,2.6,21.2,1.3,1.3,10.7,32.4,28810,45.6,,30.6,22.3,24.0,12.4,70666
13313,13.2,11.2,93.8,88.3,3.3,1.7,18.1,21.8,7.5,6.1,33.0,3.0,1.0,7.2,36.3,103598,36.6,,31.2,18.0,20.2,14.8,67070
13315,6.1,14.7,89.9,76.9,2.1,4.3,13.7,35.0,24.5,9.1,25.3,0.8,0.2,6.9,41.7,8798,41.5,,37.6,20.0,15.4,21.9,54138
13317,6.7,10.9,83.6,67.1,0.7,2.7,15.3,32.6,21.3,6.2,33.9,0.2,0.9,4.9,36.6,9549,46.0,,41.2,19.0,16.9,17.8,52043
13319,4.4,7.2,92.0,78.5,2.5,1.0,10.0,26.9,19.3,6.6,19.5,0.9,0.2,1.4,39.1,8747,42.5,,46.1,21.7,12.3,21.6,45465
13321,3.4,11.1,91.4,74.5,3.8,0.9,12.5,28.4,17.0,6.5,26.3,1.7,0.3,9.1,41.2,20451,42.4,,43.3,19.9,11.7,24.0,58694
15001,2.2,4.7,95.5,91.1,3.4,4.7,4.5,27.4,18.4,4.8,26.0,5.0,3.4,11.3,40.3,205769,44.3,,29.5,20.4,31.4,14.9,78639
15003,3.1,3.7,96.4,92.4,2.8,4.1,3.3,26.7,9.5,9.7,40.2,4.9,4.0,10.4,47.2,1001146,39.8,,25.1,18.8,38.5,9.2,106195
15005,9.0,10.4,100.0,90.0,0.0,7.5,4.5,16.8,62.6,15.0,100.0,0.0,0.0,4.2,16.7,67,39.5,,31.3,23.9,22.4,22.7,73750
15007,3.1,3.9,97.0,94.3,2.5,4.6,4.0,22.4,22.4,4.0,31.4,4.1,2.6,10.1,41.9,73731,43.1,,29.2,22.2,30.1,9.1,97668
15009,2.8,4.0,95.8,90.2,3.5,4.4,4.1,23.0,22.7,5.4,34.4,6.2,3.9,10.1,45.8,164522,43.2,,30.2,22.1,31.0,9.2,97161
16001,1.8,3.1,98.0,94.7,2.1,2.8,6.4,21.2,4.2,3.8,29.2,1.4,0.5,10.5,38.5,518935,38.4,,20.1,22.2,44.6,8.3,91502
16003,0.8,6.3,91.7,76.8,3.5,0.2,11.9,19.7,33.6,2.0,15.3,0.7,0.1,13.9,42.4,4744,53.9,,38.5,25.8,21.6,17.9,61808
16005,1.4,4.8,95.6,88.7,2.7,3.9,6.5,17.6,7.1,5.0,30.5,1.7,0.3,6.5,41.7,89454,35.2,,26.7,26.1,30.6,12.3,66499
16007,1.2,6.4,95.3,89.6,1.5,2.0,6.9,30.0,43.3,1.7,10.5,0.7,0.2,30.7,23.9,6650,40.5,,33.5,26.4,21.6,7.0,75260
16009,2.4,9.9,92.4,84.4,2.0,2.5,14.3,23.8,14.4,3.0,26.8,3.0,1.5,14.5,35.0,10142,45.5,,33.6,24.2,19.7,12.9,59794
16011,5.8,5.3,95.2,89.4,3.4,3.0,8.9,22.2,8.0,4.5,19.5,2.5,0.4,6.6,33.3,49664,35.0,,30.5,26.0,21.8,11.7,77878
16013,5.7,2.8,98.5,95.8,1.4,0.8,9.0,18.7,34.9,1.3,26.5,2.8,0.5,9.2,21.3,24951,45.6,,17.4,19.5,48.0,6.6,92566
16015,0.8,3.3,95.4,90.0,1.8,1.2,9.3,38.0,36.8,2.6,9.7,1.2,0.3,4.7,25.0,8273,53.4,,27.5,26.0,31.2,7.7,78774
16017,2.1,5.6,95.5,90.4,2.5,2.3,11.1,24.2,24.5,4.8,21.7,2.6,2.4,13.9,31.3,51049,48.1,,29.8,25.7,28.6,11.1,66979
16019,2.9,5.2,96.3,92.9,3.0,3.4,8.4,20.8,7.0,3.1,28.3,2.4,0.8,6.2,33.2,129523,33.6,,23.6,24.0,33.1,9.8,79068
16021,6.7,7.2,95.3,90.8,1.3,4.3,14.0,18.2,10.1,2.1,24.7,1.3,0.3,9.4,26.8,13172,43.7,,30.5,22.8,24.0,13.6,67237
16023,3.6,7.3,92.6,89.2,2.4,2.3,7.8,22.0,19.7,5.7,22.5,0.7,0.0,13.2,30.8,2684,41.3,,29.4,21.5,17.5,19.3,53015
16025,9.6,3.4,94.9,93.0,0.0,0.0,11.9,42.7,47.4,4.1,20.0,7.0,0.0,15.6,37.5,1124,36.8,,22.5,23.4,34.4,5.9,57955
16027,5.3,7.0,96.8,93.4,2.4,3.4,12.3,25.3,3.4,3.4,24.5,3.7,0.7,12.5,36.1,250790,34.9,,30.4,24.7,23.2,10.5,76488
16029,2.3,6.7,97.3,93.6,1.2,1.6,7.8,21.1,21.6,2.3,18.4,0.9,0.0,1.0,38.8,7162,38.5,,35.0,29.4,16.8,9.2,68782
16031,6.6,8.1,93.3,88.1,1.5,3.7,11.7,17.9,6.6,4.6,31.4,4.9,0.8,8.5,34.8,25483,33.2,,25.3,27.4,21.3,12.4,70830
16033,8.3,17.3,98.6,92.8,1.3,0.4,17.1,24.0,38.8,0.0,38.7,1.4,1.8,42.3,15.4,849,31.1,,26.8,23.9,20.5,11.7,55208
16035,1.4,6.7,90.2,83.6,2.2,1.4,11.2,22.5,21.4,3.6,17.1,1.4,0.5,6.6,39.3,9012,52.2,,37.3,29.1,17.5,13.2,60000
16037,0.3,5.8,91.4,85.9,1.0,1.2,12.1,17.3,38.1,3.7,23.2,0.3,0.0,6.8,35.7,4470,60.0,,30.0,23.1,29.3,15.8,67574
16039,6.5,5.5,95.3,91.2,3.0,3.3,9.1,22.0,9.8,4.2,34.4,2.7,1.0,9.8,34.4,29321,33.1,,30.7,22.5,22.4,10.5,65359
16041,1.0,3.3,98.4,96.5,1.5,0.5,8.4,24.9,5.4,2.5,21.9,2.8,1.3,9.8,26.5,15056,33.3,,40.1,26.4,23.9,7.9,71950
16043,4.2,5.0,97.2,93.3,2.2,1.4,10.6,24.1,47.2,1.8,17.4,3.6,0.8,3.9,30.8,13943,40.0,,32.0,24.8,22.8,10.1,72683
16045,3.1,7.4,93.7,90.2,1.6,3.4,11.1,30.3,3.9,2.9,24.0,5.6,0.7,11.0,29.6,20614,44.2,,33.8,27.2,20.7,12.0,64605
16047,7.1,12.2,91.0,87.9,2.4,2.8,19.1,21.7,7.1,2.9,29.2,3.5,1.0,1.1,42.6,15931,38.1,,31.0,26.1,16.2,13.0,63559
16049,2.2,5.9,94.4,87.4,1.8,2.6,14.2,19.9,23.9,3.0,19.1,0.8,1.5,5.4,26.8,17432,49.4,,34.0,24.1,22.6,11.1,66325
16051,2.4,4.4,97.4,95.0,1.8,3.5,7.8,25.1,5.4,1.3,17.0,3.9,0.3,3.6,24.8,33154,32.8,,28.1,24.9,27.4,9.7,86679
16053,13.9,12.6,95.1,89.4,2.3,2.6,14.8,21.7,6.0,3.2,24.8,5.1,1.1,7.7,27.0,25173,34.0,,26.5,22.9,14.0,12.6,71724
16055,1.5,3.8,96.7,92.2,2.0,2.8,9.4,22.8,11.3,4.2,28.7,1.5,0.6,12.1,41.1,181996,40.9,,26.5,27.1,30.0,9.0,81861
16057,1.2,2.3,96.6,90.1,4.2,2.4,8.1,18.7,7.5,4.0,41.3,0.9,0.8,7.2,45.9,41049,30.6,,21.2,23.7,43.0,17.6,65424
16059,1.2,8.0,93.1,88.8,1.1,3.5,6.1,15.5,26.0,5.4,20.7,0.2,1.1,10.6,46.2,8249,53.3,,34.4,21.6,24.1,12.8,53202
16061,2.4,6.2,88.8,81.9,1.2,2.2,11.1,21.4,13.8,3.4,23.6,2.0,0.3,11.9,18.6,3682,49.0,,31.0,27.9,21.3,15.3,51615
16063,9.4,6.5,93.6,86.4,3.3,2.8,11.9,33.6,7.1,1.1,21.1,1.8,1.6,11.7,31.7,5358,37.2,,35.8,24.1,11.1,10.5,71453
16065,1.3,1.4,98.8,78.8,5.7,3.2,4.9,16.4,12.0,2.1,59.8,6.3,5.6,14.3,34.4,54618,21.4,,14.5,26.4,41.8,24.5,60160
16067,8.0,9.0,92.1,86.7,2.2,4.0,13.4,17.4,6.2,5.6,30.8,4.4,0.8,7.3,28.7,22208,34.9,,34.4,23.1,15.7,14.5,70377
16069,2.4,3.8,94.9,89.4,1.5,3.2,7.7,16.7,7.0,5.7,29.6,1.2,0.6,7.8,36.6,42697,41.2,,30.4,24.0,27.1,12.2,72599
16071,0.7,3.6,93.9,86.0,0.9,2.2,6.7,26.6,8.6,1.2,11.7,2.5,1.7,0.0,54.4,4768,40.8,,37.7,23.5,26.7,10.8,74954
16073,13.3,8.5,91.7,86.5,1.2,3.4,21.9,27.7,10.9,3.5,27.4,4.7,2.6,10.5,26.3,12503,39.0,,39.5,22.5,12.4,12.2,64406
16075,4.8,8.9,95.5,87.1,1.9,5.6,7.1,23.1,4.4,3.7,25.5,3.2,1.9,5.5,29.7,26771,38.9,,35.7,22.7,17.3,10.2,67673
16077,6.6,5.7,96.8,90.0,3.6,3.3,14.9,16.3,5.1,3.2,26.3,7.6,0.1,5.1,27.0,8133,34.6,,32.6,34.1,15.3,9.5,61146
16079,1.4,8.7,91.0,88.2,2.9,2.8,9.2,21.6,18.2,4.5,26.0,1.4,1.1,6.0,35.5,13785,44.8,,38.4,30.4,12.7,13.1,55527
16081,4.1,3.4,98.7,94.9,0.9,1.7,14.5,33.9,27.8,1.4,19.2,1.5,3.0,4.2,35.3,12425,39.6,,16.6,18.5,49.9,9.1,99805
16083,4.5,6.2,95.9,91.1,2.0,2.9,10.2,17.8,4.6,2.9,29.5,2.2,0.9,12.2,39.6,93734,36.1,,29.5,23.7,23.5,11.5,67409
16085,1.1,7.9,97.6,93.9,2.4,0.7,8.8,18.7,66.5,4.2,18.1,0.8,0.5,1.9,20.4,12389,46.9,,20.0,23.6,40.1,11.7,76078
16087,4.2,6.2,92.7,88.5,2.5,5.6,9.0,18.6,9.2,4.9,25.4,2.5,0.1,4.7,43.6,11142,45.0,,30.4,27.3,20.6,15.3,54000
17001,1.6,4.6,91.7,86.5,2.5,1.9,4.4,16.9,7.9,7.5,27.9,0.7,0.6,6.0,34.6,64754,41.4,,34.0,22.4,27.5,12.8,66220
17003,4.3,8.2,76.9,61.9,3.2,14.0,9.5,30.6,35.2,10.1,22.4,1.4,0.6,2.5,18.0,4875,48.0,,44.3,22.0,12.6,19.0,47043
17005,2.3,7.6,93.1,86.5,2.4,1.5,3.6,23.6,10.9,6.8,23.4,1.4,0.3,4.5,28.8,16716,39.7,,33.7,27.0,21.6,10.9,65959
17007,6.2,7.6,95.7,91.2,4.8,4.6,5.6,26.6,4.1,4.2,18.2,1.5,0.6,8.6,37.0,53230,39.7,,29.2,24.0,23.6,9.9,84571
17009,4.0,19.2,92.4,84.6,1.3,2.1,2.1,15.9,12.1,8.5,28.2,0.7,0.2,14.7,24.8,6322,41.0,,38.7,17.6,12.6,9.2,67917
17011,2.9,5.7,93.7,86.3,2.7,1.8,5.4,21.1,10.2,6.7,23.9,0.9,0.4,7.9,25.7,32866,44.1,,34.9,24.0,21.7,10.8,69257
17013,0.7,4.9,88.9,86.1,1.8,1.4,2.4,47.7,46.1,2.7,11.3,1.9,0.2,18.6,9.3,4330,48.8,,35.4,19.0,20.1,6.3,93203
17015,3.6,7.4,92.0,86.1,1.5,2.7,5.8,24.6,19.8,3.3,22.8,1.0,0.5,8.3,28.9,15576,45.4,,37.4,23.4,17.8,14.2,60758
17017,6.5,7.2,92.9,86.7,2.5,2.5,7.7,21.0,9.7,4.5,24.1,1.3,0.9,8.4,20.2,12784,38.3,,40.7,19.3,20.8,11.1,68125
17019,1.9,3.0,96.8,90.5,2.6,2.2,5.2,16.9,10.1,12.8,46.0,0.6,0.4,7.0,47.2,208741,30.7,,22.5,18.0,46.2,19.1,63683
17021,2.5,6.6,93.6,87.7,2.6,2.1,3.9,22.0,10.5,6.1,24.8,0.6,0.2,8.5,27.4,33538,43.2,,45.0,18.9,17.1,10.2,62611
17023,1.4,6.1,91.2,87.6,2.3,1.7,4.7,25.2,10.3,5.2,19.7,0.5,0.1,10.6,36.5,15266,42.6,,34.4,18.7,24.9,9.1,72927
17025,3.8,5.7,90.9,85.9,2.7,2.5,5.1,25.0,13.9,4.9,20.7,1.9,0.2,4.5,18.7,13052,40.4,,38.9,20.9,13.1,17.5,60417
17027,2.7,5.1,94.2,90.8,2.1,1.5,4.8,25.9,7.6,3.2,19.7,1.2,0.9,8.9,27.7,36954,41.5,,31.2,18.9,25.9,7.4,86588
17029,3.0,5.9,94.2,85.8,3.7,2.3,7.1,18.2,8.2,8.7,39.6,1.7,1.5,6.7,36.5,46777,37.5,,30.7,20.2,26.9,18.7,56478
17031,6.2,5.2,95.2,90.6,4.6,3.2,8.9,31.5,7.7,18.0,42.3,2.1,1.2,9.0,39.9,5182090,38.0,,22.0,17.1,42.7,13.5,83498
17033,3.3,6.1,93.5,88.5,1.7,1.8,5.3,18.1,11.4,6.1,18.1,0.7,0.0,2.8,33.4,18511,42.6,,29.6,22.0,20.6,12.1,71674
17035,1.7,4.2,91.5,87.0,0.9,1.2,5.3,23.5,11.6,4.8,15.8,1.1,0.0,11.1,24.9,10334,43.1,,37.3,21.3,19.6,9.1,73327
17037,3.3,4.5,96.4,92.7,4.7,3.5,5.1,26.7,5.1,6.4,38.6,1.5,0.5,10.9,46.3,100703,32.7,,26.2,23.4,33.0,14.8,70724
17039,2.1,4.0,93.7,86.0,2.4,2.3,3.2,23.3,9.9,3.8,21.5,1.0,0.0,12.8,21.7,15373,43.7,,40.1,22.5,23.2,10.0,71678
17041,8.5,4.0,89.5,82.8,1.6,1.8,15.4,20.4,8.7,10.8,23.1,2.5,0.3,4.5,28.0,19751,38.7,,34.0,19.3,20.9,8.5,77320
17043,3.7,3.3,97.5,94.8,3.4,1.9,5.2,27.7,4.5,4.6,26.9,1.8,0.9,9.0,36.1,930024,40.2,,17.9,16.0,51.8,6.6,112096
17045,3.1,7.7,93.3,87.1,2.5,1.5,5.4,17.9,7.9,8.0,27.3,0.8,0.7,18.4,15.2,16535,46.6,,40.1,18.6,20.4,12.0,59941
17047,1.6,6.4,91.7,85.1,3.3,3.0,6.0,23.4,12.4,3.9,20.7,1.2,0.5,11.7,33.4,6075,44.7,,34.2,21.6,13.9,16.5,60519
17049,2.8,4.2,95.6,90.6,1.4,2.9,5.3,18.1,9.5,5.7,21.8,1.4,1.8,6.4,27.1,34522,40.0,,30.3,20.3,26.9,10.1,80404
17051,4.1,8.6,90.1,83.9,2.1,2.6,7.3,25.5,11.3,5.5,19.4,2.1,1.0,9.5,42.4,21315,41.9,,40.8,18.3,17.2,15.5,60944
17053,3.1,5.3,92.7,86.9,3.4,4.8,5.7,24.6,6.9,9.1,27.7,0.6,0.6,8.5,35.5,13406,41.9,,37.1,24.9,18.9,12.4,62439
17055,3.2,7.2,92.3,83.4,4.3,4.8,7.3,26.9,12.6,6.3,25.9,1.3,0.5,12.8,39.3,37323,43.4,,32.8,27.4,15.8,17.5,56740
17057,1.5,7.9,93.5,87.9,3.6,2.5,3.7,25.8,13.0,5.3,23.4,0.3,0.3,11.4,34.5,33020,43.9,,37.3,22.6,18.5,13.2,60599
17059,4.3,8.9,86.1,82.3,5.1,3.6,4.6,26.1,16.2,7.7,22.6,1.2,0.0,6.2,28.8,4819,46.7,,36.5,23.4,13.6,13.6,59219
17061,1.8,7.0,93.9,88.3,2.8,2.4,4.1,29.0,23.0,4.6,21.8,0.3,0.1,9.7,28.1,11683,43.4,,43.6,16.9,19.0,14.3,62192
17063,2.1,4.1,95.6,91.8,3.1,1.5,3.4,26.8,3.7,4.0,25.6,2.0,0.3,5.1,35.0,53219,38.3,,33.9,25.5,23.6,6.0,92235
17065,4.1,4.2,85.1,80.7,3.0,1.8,7.6,26.8,10.9,5.4,23.6,0.2,0.1,1.9,19.0,7916,43.9,,31.2,21.7,21.0,12.1,65746
17067,2.1,4.3,90.7,82.4,2.5,2.3,5.7,24.1,14.8,5.4,18.7,0.3,0.2,5.7,34.6,17281,46.9,,33.1,22.0,25.1,12.3,65865
17069,3.5,4.6,83.8,78.6,1.1,3.0,3.7,28.2,33.9,9.0,20.5,0.6,1.4,2.1,5.9,3605,53.6,,43.4,22.6,13.3,11.0,54271
17071,1.5,7.6,87.4,84.0,4.3,2.7,2.6,26.1,19.7,4.4,18.9,1.3,0.4,1.0,31.3,6193,50.2,,41.5,20.2,20.6,13.9,62227
17073,2.6,5.0,93.2,86.7,3.0,2.2,4.0,22.2,8.7,6.6,20.1,0.6,0.2,7.6,32.5,48643,43.6,,33.8,22.2,24.7,8.9,71911
17075,3.7,7.2,93.3,86.5,2.7,2.3,6.0,25.0,10.5,4.5,20.0,0.8,0.1,13.7,29.0,26449,44.4,,37.4,23.4,18.2,12.5,66255
17077,2.6,4.5,94.6,86.5,4.2,3.2,6.3,20.3,17.2,11.5,50.0,1.6,0.6,9.2,41.0,53064,32.4,,23.2,25.0,36.3,21.0,48763
17079,2.0,6.3,95.0,88.4,2.8,1.0,5.0,28.1,11.2,4.5,14.8,1.1,0.3,7.1,21.1,9180,44.3,,32.7,20.2,20.9,11.1,74755
17081,2.2,5.5,92.6,85.7,3.4,2.5,7.2,19.6,10.9,6.3,28.3,0.7,0.5,11.2,32.1,36550,41.2,,34.5,25.7,18.2,13.5,63118
17083,1.7,4.2,89.4,86.4,2.1,2.6,5.0,27.1,20.0,4.7,19.5,1.1,0.7,10.4,29.6,21274,43.7,,37.1,21.3,22.6,8.8,80361
17085,2.6,4.2,91.8,87.2,2.1,2.2,4.7,22.1,22.7,7.0,19.6,0.5,0.1,12.8,28.4,21851,51.5,,30.7,21.2,28.9,7.8,73993
17087,2.7,11.9,88.0,80.1,1.5,3.0,8.1,28.4,26.0,4.3,18.0,0.4,0.7,9.0,34.3,13376,41.4,,32.4,23.2,19.6,17.6,62528
17089,7.0,5.6,97.1,93.3,3.3,2.2,7.8,27.8,3.3,4.7,24.0,2.2,0.8,9.4,40.3,517255,38.8,,23.0,19.0,38.1,7.9,103163
17091,3.5,5.0,94.7,89.0,3.0,2.5,5.7,24.9,9.7,6.6,30.1,1.8,0.2,7.7,39.4,106635,39.0,,34.9,25.3,21.2,12.2,71281
17093,2.3,3.7,98.3,95.6,3.2,1.9,4.0,31.6,2.6,2.2,16.0,1.2,0.5,16.3,36.1,137675,36.3,,23.2,23.4,36.9,5.4,111601
17095,2.8,7.2,90.6,84.0,2.8,3.0,5.0,20.4,11.7,8.6,29.2,0.5,0.3,11.9,40.3,49046,42.6,,33.6,21.8,21.0,14.6,57030
17097,5.0,4.4,97.2,94.3,3.4,2.7,6.9,28.5,4.5,4.6,25.2,2.0,0.9,9.2,40.1,714223,39.1,,19.6,16.7,47.7,8.3,110416
17099,2.7,5.5,93.4,87.4,3.3,2.7,4.0,26.0,9.0,6.0,25.6,1.3,0.5,6.7,36.4,108714,42.2,,35.0,24.8,20.5,13.9,73045
17101,3.8,9.2,94.1,90.3,4.1,2.6,6.6,20.8,14.6,5.7,28.2,0.2,0.6,19.7,14.8,15031,40.7,,38.0,21.0,14.9,14.5,55324
17103,2.4,6.4,92.2,87.4,2.9,2.7,3.8,24.6,11.1,6.6,26.4,0.3,0.1,12.0,30.4,33869,43.1,,37.7,23.9,19.4,11.8,70292
17105,3.4,8.0,93.9,88.5,2.1,2.2,5.2,21.6,8.3,5.5,25.7,1.1,0.5,8.6,26.7,35565,41.8,,39.0,21.1,19.0,10.5,73790
17107,1.8,5.5,94.1,89.5,2.2,1.7,2.6,21.0,5.9,6.8,31.5,1.5,0.3,11.6,35.7,27713,41.1,,40.8,22.6,20.9,13.1,66358
17109,2.1,3.7,92.0,84.0,4.9,1.9,7.4,18.6,12.7,9.4,36.5,0.2,0.9,7.1,41.1,26920,34.9,,32.8,19.5,31.4,17.2,52795
17111,2.8,3.6,97.7,95.4,3.3,2.1,4.5,30.1,3.1,3.5,17.3,1.2,0.3,12.5,38.1,312591,40.7,,26.7,22.4,35.2,6.2,104802
17113,1.4,2.7,96.6,90.0,2.0,1.9,4.6,18.3,6.8,5.9,34.9,0.7,0.6,5.9,39.1,171556,34.3,,22.4,17.5,47.2,12.9,79905
17115,1.8,5.1,93.8,89.4,3.9,2.8,4.1,19.4,12.4,9.5,29.8,0.9,0.3,8.6,31.8,101849,40.6,,37.9,21.9,24.4,15.0,62666
17117,2.2,6.4,92.0,88.6,2.1,2.7,4.1,27.5,16.9,4.5,21.5,0.7,0.0,3.6,34.8,44350,44.2,,39.6,19.6,20.3,13.1,70805
17119,1.6,4.5,94.9,91.0,2.9,2.3,4.7,24.9,7.6,5.7,25.8,0.7,0.3,8.8,37.8,264238,40.2,,28.5,23.5,31.0,11.1,75793
17121,2.3,7.0,90.8,86.0,3.5,2.8,6.4,21.1,10.5,7.0,25.3,0.6,0.5,8.6,34.0,37000,41.5,,36.8,24.7,16.8,15.4,61240
17123,1.1,7.3,93.2,85.6,2.1,3.4,3.5,28.9,12.4,3.6,20.8,1.4,0.1,7.7,33.2,11647,46.1,,39.2,22.8,18.0,11.4,71585
17125,2.1,4.9,91.6,87.0,2.6,3.4,3.9,30.4,12.7,7.9,18.2,0.9,0.5,1.8,54.8,12745,45.4,,38.0,25.3,17.1,14.8,62845
17127,4.0,5.3,85.4,77.8,2.1,3.7,7.8,20.3,20.0,5.1,23.6,2.0,0.0,17.9,32.7,13865,44.7,,32.7,28.0,17.0,16.3,65116
17129,1.2,3.9,95.4,90.2,2.1,1.8,2.2,26.1,6.6,5.5,20.5,1.6,0.0,14.2,40.7,12095,42.8,,34.3,21.9,28.3,10.1,82176
17131,1.7,4.5,92.9,90.5,1.9,2.0,4.6,28.1,9.9,2.8,16.2,0.3,0.3,11.6,26.0,15495,44.7,,38.5,22.1,20.9,8.9,74182
17133,0.6,3.4,94.7,92.7,1.3,2.3,2.5,28.3,6.2,4.0,15.3,0.2,0.0,7.3,39.5,35036,43.2,,24.3,22.4,38.7,5.0,102880
17135,2.2,7.6,89.9,84.5,2.5,3.0,4.5,22.8,9.4,6.6,22.6,1.0,0.9,11.6,34.0,27942,42.8,,42.1,20.5,18.3,12.6,63620
17137,2.7,7.8,92.0,85.3,3.0,2.6,4.4,18.7,12.9,5.5,27.2,0.4,0.1,11.3,21.9,33021,41.1,,39.4,20.1,22.6,13.4,66306
17139,8.0,6.5,90.1,82.6,1.3,1.1,14.1,20.9,6.8,13.3,24.0,2.1,0.3,12.6,21.2,14424,40.1,,35.4,22.6,19.0,9.2,71784
17141,3.4,5.5,92.8,88.4,3.1,2.9,4.1,26.0,8.2,5.5,24.6,1.2,0.3,9.0,29.0,51495,42.2,,33.7,21.7,24.3,8.4,82132
17143,2.1,4.4,94.5,89.5,3.8,3.8,5.8,19.2,8.4,8.1,33.0,1.3,0.4,6.8,40.4,179645,38.1,,27.7,21.4,34.9,15.7,65108
17145,2.0,12.1,92.9,86.5,2.2,3.0,3.5,24.3,14.0,6.5,19.1,0.4,0.3,10.7,38.6,20639,42.0,,34.3,24.6,13.7,16.9,62118
17147,0.4,3.3,95.3,91.3,1.8,1.1,3.3,24.0,6.6,2.1,15.2,0.3,0.0,5.8,25.5,16695,42.8,,34.0,19.9,32.9,6.1,94811
17149,3.0,5.6,88.0,83.2,2.4,1.8,5.7,23.4,18.0,3.4,22.3,1.3,0.2,10.1,30.7,14469,43.0,,43.6,20.0,18.5,14.8,59777
17151,3.1,4.2,83.8,74.9,1.2,2.9,3.1,29.3,37.8,5.5,13.7,0.0,0.1,19.7,13.9,3739,53.9,,38.8,26.0,15.7,13.3,60050
17153,3.3,9.1,69.8,61.1,1.8,14.4,4.7,29.4,32.0,7.4,31.8,1.0,0.2,7.1,22.9,5015,43.0,,42.8,22.2,13.0,25.0,42463
17155,1.0,4.9,96.7,86.8,2.5,2.0,3.0,28.1,20.2,3.2,18.5,0.8,0.2,1.2,27.6,5601,47.4,,35.6,21.9,22.9,8.1,75590
17157,3.6,9.3,91.8,86.9,2.7,1.9,5.3,23.1,11.0,6.7,23.4,0.6,0.7,12.0,32.2,30058,43.7,,38.7,22.6,15.2,14.6,68131
17159,2.7,5.8,92.2,86.6,1.9,1.3,6.1,19.7,12.5,8.4,26.2,2.1,0.5,16.4,29.8,15598,42.3,,34.4,20.8,19.1,12.1,62455
17161,3.6,5.7,94.9,90.5,3.4,3.3,6.1,19.7,7.5,8.6,30.3,1.2,0.4,8.4,39.3,142757,40.3,,30.9,24.6,24.7,15.5,67159
17163,2.2,4.4,94.2,89.7,3.7,2.6,5.1,24.0,12.8,7.5,31.6,1.1,0.7,7.9,39.8,253694,39.9,,27.0,23.5,31.8,13.6,73854
17165,4.6,5.6,84.8,76.5,4.2,3.1,5.4,23.1,13.2,9.6,27.5,0.8,0.9,5.1,45.4,23213,43.8,,31.7,23.8,19.6,18.9,53117
17167,1.5,4.3,95.4,90.6,3.3,2.3,3.6,19.7,9.2,7.6,28.7,1.2,0.3,8.7,37.1,194947,41.0,,28.1,20.5,36.6,13.1,75357
17169,2.6,4.6,93.1,88.3,2.6,1.6,10.4,19.7,17.3,5.0,20.6,1.2,0.0,10.1,23.9,6787,49.1,,39.2,25.0,19.1,20.8,65948
17171,1.1,6.5,88.3,83.1,1.5,3.4,5.5,24.2,14.2,4.8,21.0,1.0,0.1,6.2,17.6,4937,46.0,,45.6,15.6,21.5,11.5,66705
17173,1.6,3.5,91.7,88.6,1.9,2.9,4.4,20.8,11.4,4.9,21.6,2.4,0.3,10.1,21.8,20720,45.3,,40.7,22.6,18.3,9.2,72095
17175,2.3,4.9,93.4,85.2,1.4,2.1,5.8,25.7,11.2,2.5,19.9,0.3,0.3,10.6,32.3,5308,44.4,,38.5,22.0,21.4,11.1,62878
17177,2.0,5.4,91.7,86.5,2.6,4.2,5.2,20.7,9.2,7.9,29.1,0.8,0.3,13.2,30.2,43768,45.3,,33.0,25.5,20.7,13.9,64043
17179,1.9,3.8,95.7,90.2,2.2,2.1,5.1,20.8,8.0,5.5,21.6,0.7,0.2,7.4,35.4,130290,41.9,,30.5,23.5,28.4,9.0,77982
17181,3.9,8.7,81.5,72.6,2.0,5.9,6.4,24.4,12.5,9.6,22.6,0.1,0.3,3.6,44.5,16997,44.3,,34.7,21.9,20.9,20.2,55728
17183,2.6,6.4,91.6,87.6,3.5,2.7,4.9,20.1,12.4,9.1,29.8,0.8,0.3,9.3,36.9,72386,41.3,,39.2,20.7,19.2,17.7,56877
17185,2.3,4.9,92.7,84.5,2.4,1.0,4.2,23.7,12.4,11.0,23.7,0.6,0.7,5.9,34.1,11119,43.2,,33.0,21.5,18.6,16.7,57086
17187,5.9,7.0,93.0,84.7,2.2,1.7,5.0,18.8,10.5,6.9,24.8,1.1,0.3,8.5,26.5,16447,38.5,,34.5,19.6,22.0,14.6,67385
17189,2.9,4.2,92.4,87.4,2.8,1.6,3.4,26.7,9.7,2.6,15.9,0.5,0.4,6.1,22.5,13627,44.2,,31.1,23.1,23.5,7.5,78224
17191,4.8,5.5,89.0,83.0,2.0,2.1,12.1,24.2,10.6,7.2,21.6,1.5,0.8,11.0,30.2,15973,42.8,,35.4,21.5,16.3,16.1,55521
17193,3.6,7.5,89.2,78.6,2.1,2.8,4.9,24.4,15.7,9.5,22.9,0.8,0.1,6.8,33.9,13619,44.3,,33.7,23.9,18.3,16.4,54813
17195,3.2,4.9,93.3,86.7,2.7,1.6,5.0,20.3,10.5,5.8,23.1,0.9,0.2,8.4,37.1,54947,43.0,,37.4,22.9,20.5,12.0,67500
17197,4.0,4.2,97.0,94.1,3.4,2.1,5.2,31.4,3.9,3.9,17.2,1.6,0.5,8.1,43.4,701462,39.1,,25.2,20.6,37.5,7.3,109984
17199,1.8,5.4,92.9,87.6,2.9,3.0,4.6,23.5,9.7,6.0,29.3,0.4,0.1,11.2,35.2,66876,41.6,,28.7,25.9,26.2,13.8,65604
17201,3.6,7.6,93.9,88.8,4.5,3.5,6.2,23.0,7.2,8.6,34.1,1.2,0.7,9.2,40.6,283292,39.6,,30.6,23.1,25.2,15.6,65837
17203,1.5,3.7,94.4,87.7,2.2,1.7,5.2,25.0,6.8,3.3,14.3,0.3,0.1,13.0,31.2,38312,40.4,,27.0,19.5,35.9,7.0,91483
18001,7.2,3.9,82.9,78.4,1.7,2.2,20.7,24.6,6.8,13.1,16.5,2.3,1.4,9.2,32.1,36227,33.2,,45.3,16.0,16.2,11.2,65289
18003,4.8,4.9,95.1,91.1,3.1,1.7,8.3,21.9,5.8,6.8,31.1,1.3,0.5,8.9,37.5,392378,36.2,,28.1,20.4,31.6,12.5,70737
18005,2.5,5.5,95.8,92.9,2.7,1.9,5.5,21.5,6.5,5.2,30.7,1.2,0.6,9.0,33.6,83536,37.5,,32.6,17.3,34.1,10.5,79901
18007,3.2,7.9,92.4,88.5,2.4,1.4,7.1,25.4,8.2,4.8,20.2,1.2,0.9,6.3,37.4,8735,39.9,,41.0,19.7,19.8,13.9,65875
18009,2.5,7.2,90.5,84.7,2.1,1.7,7.5,27.1,11.6,9.5,26.1,0.1,0.2,20.8,25.5,11950,43.1,,45.9,21.1,14.5,16.2,51326
18011,1.7,3.3,97.2,93.5,1.9,1.0,4.5,23.6,3.4,2.4,21.2,0.4,0.0,9.3,30.6,74718,38.8,,20.4,14.1,51.7,4.5,111250
18013,1.3,4.5,93.8,88.1,1.3,1.6,4.3,36.0,20.9,3.5,13.4,2.0,0.1,1.9,48.7,15606,51.0,,38.4,17.5,26.4,7.8,78528
18015,3.6,6.8,93.4,83.6,2.0,1.5,12.2,25.2,15.4,4.6,17.8,0.4,0.0,8.3,19.6,20535,43.2,,43.7,17.4,17.2,8.8,65645
18017,5.9,8.5,92.2,83.5,2.8,1.9,6.6,22.3,8.2,5.0,25.7,0.7,0.1,6.7,33.8,37680,41.8,,41.9,18.2,16.5,13.2,56403
18019,3.0,5.8,95.7,90.9,2.6,1.6,6.7,22.2,6.9,5.0,25.3,1.6,0.4,9.9,35.5,124354,39.9,,32.4,21.5,27.7,10.2,74214
18021,2.5,7.3,93.4,87.7,1.9,1.1,6.0,29.1,9.4,4.2,19.1,1.8,0.6,6.5,25.7,26409,41.4,,38.8,17.4,20.3,11.7,70010
18023,5.8,7.4,94.8,88.3,1.7,1.1,7.7,21.7,7.6,4.1,25.8,1.2,0.4,15.1,22.9,32944,36.7,,44.2,16.8,16.5,9.8,65019
18025,3.9,10.0,89.9,74.4,1.8,0.8,7.0,37.4,22.5,5.2,18.7,0.5,0.7,4.4,40.6,10499,45.7,,48.7,16.1,11.4,22.9,49640
18027,14.8,8.7,86.9,82.3,1.0,1.1,21.9,21.4,8.3,13.6,27.6,3.5,1.0,12.4,31.2,33658,34.5,,33.3,14.4,16.5,11.7,68503
18029,1.6,5.7,94.1,89.1,1.2,2.2,4.8,29.8,3.9,4.1,14.8,0.4,0.1,7.1,30.1,51094,42.1,,39.5,17.8,25.3,7.6,84735
18031,3.6,5.7,93.3,88.0,1.7,0.6,3.9,24.0,8.3,3.2,23.9,0.9,0.0,8.9,26.8,26422,39.8,,43.2,17.7,20.0,10.2,69783
18033,2.3,4.8,93.3,88.1,3.0,1.2,6.5,21.3,7.0,5.8,17.9,1.0,0.0,10.2,29.3,43807,38.4,,41.6,20.5,20.2,9.5,74331
18035,2.5,7.1,94.8,88.4,3.5,2.1,6.8,21.2,10.4,7.2,33.5,1.3,0.5,6.7,43.5,112280,35.8,,33.7,21.2,26.2,19.6,58127
18037,4.2,6.3,92.6,86.4,1.5,2.2,5.2,19.8,6.7,4.2,25.3,0.7,0.6,4.2,27.3,43614,40.3,,35.7,17.5,25.7,11.0,75979
18039,9.5,8.3,92.3,88.6,2.3,1.9,14.2,20.0,10.2,7.8,28.4,2.1,0.6,8.4,39.4,207132,35.6,,36.9,18.3,20.1,12.4,68561
18041,4.6,9.6,93.2,86.9,1.9,2.5,6.3,26.8,13.6,7.3,27.9,1.4,0.0,7.6,45.2,23334,44.0,,42.5,19.0,16.0,17.9,59321
18043,2.8,4.4,94.8,89.7,2.6,1.8,4.6,23.1,8.4,5.8,26.8,0.5,0.2,8.5,38.0,80918,40.9,,29.3,21.8,32.9,10.3,79704
18045,2.8,6.1,94.6,89.6,3.0,1.6,6.6,25.1,11.9,3.2,25.4,0.4,0.9,10.1,18.6,16617,42.7,,42.4,22.2,14.7,12.4,62542
18047,3.1,6.7,90.8,83.0,2.4,1.3,6.7,36.0,6.0,6.5,18.5,1.7,0.0,6.4,33.9,23020,42.4,,42.6,18.4,19.5,6.9,78074
18049,3.5,8.4,93.1,87.6,4.0,1.2,8.9,23.8,16.0,6.0,19.9,2.7,0.3,6.2,34.5,20312,42.3,,43.5,19.3,16.9,15.3,61360
18051,2.0,7.4,94.2,88.9,1.4,1.1,3.7,20.6,9.8,4.0,23.3,2.2,0.4,8.5,27.3,33000,40.2,,40.7,18.9,18.5,10.8,67573
18053,2.6,8.1,92.7,88.2,3.7,2.3,6.8,22.0,10.5,6.4,27.3,0.9,0.9,5.8,36.6,66295,38.7,,37.4,20.5,20.3,19.8,53522
18055,2.7,7.9,91.3,83.3,3.5,2.5,7.4,30.0,8.7,6.2,23.0,0.5,1.8,10.8,32.2,31021,42.9,,40.1,21.1,16.1,12.8,62094
18057,0.9,1.8,98.5,96.3,2.0,1.0,4.1,25.9,5.2,2.4,23.9,0.7,0.3,9.9,32.5,365056,38.4,,14.2,14.3,61.9,4.4,121530
18059,1.9,3.9,96.8,93.6,1.9,1.4,5.5,27.7,2.6,3.0,20.5,0.4,0.6,11.4,29.0,84037,40.0,,29.7,20.6,34.9,4.7,93186
18061,2.0,6.0,90.8,85.2,2.1,1.7,5.0,30.5,8.6,4.0,16.4,1.0,0.1,5.6,30.8,39859,43.0,,39.1,21.3,21.7,7.2,74475
18063,1.9,4.8,97.5,94.1,1.7,1.2,5.2,25.3,3.7,3.3,21.8,0.9,0.4,9.4,38.0,183344,38.5,,26.4,18.6,39.5,5.3,101144
18065,2.6,6.9,93.7,88.7,2.0,1.9,5.7,25.8,11.2,5.7,23.8,0.8,0.3,7.2,33.5,48970,42.2,,42.0,22.1,17.5,13.6,63150
18067,2.8,5.4,93.7,89.0,3.4,2.6,5.7,20.4,10.7,7.3,29.4,1.1,0.2,9.3,42.0,83752,40.7,,37.7,22.7,20.8,13.4,64027
18069,1.3,6.0,94.0,87.4,2.2,2.6,5.5,22.0,5.7,4.7,22.6,0.8,0.2,9.4,30.1,36798,40.4,,44.2,16.9,21.3,9.9,66301
18071,5.5,6.6,92.1,85.7,1.7,3.0,8.5,22.6,6.3,5.7,26.8,0.9,0.6,11.7,27.4,46660,38.4,,38.9,20.2,20.3,12.3,70262
18073,3.6,3.8,96.2,91.1,2.9,1.7,5.5,28.8,7.5,2.3,16.4,0.6,0.4,13.2,30.7,33234,41.2,,42.7,22.1,19.2,8.4,77314
18075,5.2,8.8,89.2,82.8,2.6,2.2,10.8,22.5,12.3,8.2,20.1,1.2,0.1,14.8,36.9,20229,39.5,,45.7,17.3,13.3,14.4,54969
18077,3.0,7.1,91.9,86.9,2.5,2.5,7.6,22.2,11.9,3.4,28.2,1.6,0.6,12.1,27.2,32998,41.8,,37.8,20.6,19.8,12.3,64577
18079,3.3,9.0,93.2,87.9,2.8,3.1,9.1,26.1,6.7,5.5,21.2,2.6,1.2,3.4,40.3,27562,40.3,,43.8,21.8,14.8,12.6,69322
18081,3.0,4.7,96.1,93.0,2.0,1.3,4.7,26.4,5.1,3.3,27.3,1.2,0.4,7.7,35.0,166315,38.0,,29.1,19.3,34.7,7.4,90454
18083,3.2,7.2,93.4,88.2,1.9,3.3,6.0,19.7,10.6,7.5,32.2,1.4,0.2,8.7,29.1,36007,39.0,,35.5,19.8,19.1,13.7,61237
18085,5.8,6.3,93.1,87.1,1.8,1.3,11.7,20.3,17.8,5.5,23.0,1.7,0.3,7.9,38.3,80442,39.1,,35.3,20.1,25.1,9.8,75317
18087,34.3,6.8,72.5,66.9,2.7,1.6,44.4,21.8,14.9,29.2,17.0,3.1,0.6,7.1,25.3,40805,32.7,,29.0,12.5,11.5,5.9,84487
18089,3.7,6.1,94.1,89.7,3.7,2.3,6.6,28.5,10.3,7.2,28.3,1.7,0.6,7.4,44.8,500379,39.7,,34.2,21.1,25.8,14.3,71493
18091,3.0,6.2,94.5,90.2,2.7,2.0,5.9,25.0,12.8,4.8,25.3,1.5,0.3,10.4,36.7,111917,41.1,,39.5,19.9,22.7,13.6,71055
18093,3.0,7.0,89.7,84.1,2.1,1.8,6.1,27.2,6.9,4.8,19.3,1.1,0.5,11.3,36.1,45102,43.3,,39.8,19.7,20.4,12.2,66468
18095,2.7,6.5,94.4,89.6,3.6,2.2,7.4,26.3,9.9,6.1,29.8,0.8,0.3,10.2,38.8,131900,40.9,,39.1,20.8,20.5,13.4,63037
18097,4.9,7.0,95.9,91.8,3.5,2.7,8.8,24.5,9.2,8.3,43.5,1.8,1.0,9.2,41.7,975809,34.4,,26.9,18.9,34.8,15.3,66346
18099,6.8,7.7,90.3,84.3,1.6,0.7,12.9,22.3,11.7,6.6,23.6,1.1,0.7,6.7,26.3,46284,39.8,,37.1,18.2,20.9,11.7,71808
18101,3.0,7.5,93.1,85.6,1.5,1.5,7.7,28.5,14.8,4.5,21.5,3.8,0.8,1.4,35.2,9830,42.7,,43.1,17.3,13.3,16.3,68594
18103,3.8,7.6,93.9,87.5,3.6,2.6,6.9,25.6,10.9,5.1,23.8,1.2,0.1,9.1,31.2,35712,41.5,,41.8,20.8,16.1,15.1,61139
18105,1.2,4.0,96.7,90.0,3.4,1.6,5.3,19.6,9.8,8.4,46.0,1.0,0.5,8.0,52.7,140965,31.2,,20.8,17.4,49.5,19.7,65868
18107,2.9,7.5,94.7,90.1,2.1,1.6,8.2,22.8,5.9,5.6,19.7,1.0,0.4,10.0,33.1,38312,40.4,,42.4,17.8,20.4,10.5,71479
18109,2.1,7.6,95.9,90.3,2.6,1.3,5.1,31.5,5.9,3.6,17.9,0.6,0.4,7.7,40.1,72659,41.7,,39.5,19.9,21.1,9.3,79429
18111,2.9,7.0,91.0,87.3,3.9,0.9,5.0,33.0,6.0,3.0,18.9,0.6,0.3,7.7,32.0,13922,42.9,,49.1,17.3,15.3,14.0,75481
18113,9.1,7.7,90.5,86.3,2.0,1.4,12.6,26.1,10.4,10.1,22.9,1.6,0.3,18.1,25.3,47495,39.4,,39.2,17.5,18.8,9.2,71723
18115,0.8,5.3,90.8,86.3,0.8,0.7,5.9,34.3,5.4,5.3,18.7,1.6,0.0,15.7,50.5,5999,47.2,,44.8,19.5,17.8,8.1,70392
18117,4.0,10.2,90.4,84.9,1.9,1.9,7.4,25.3,12.4,6.7,21.3,2.3,0.8,14.5,33.1,19767,42.7,,44.2,17.5,16.1,13.4,65873
18119,3.1,9.3,90.5,81.2,1.8,2.0,6.3,35.5,13.1,3.1,18.6,0.7,0.3,2.4,35.0,21604,45.0,,42.8,18.0,16.8,12.3,62464
18121,7.3,9.7,85.8,79.3,2.3,2.2,14.9,30.4,19.7,8.5,17.6,2.7,0.4,7.8,29.7,16406,41.6,,39.9,19.5,15.4,16.2,68485
18123,1.8,6.5,90.2,84.4,2.5,4.7,5.8,23.9,9.8,5.5,24.5,1.0,1.3,3.2,40.7,19270,41.9,,45.6,19.8,16.6,15.0,61151
18125,3.0,6.5,91.0,83.8,1.9,3.7,3.8,26.6,10.2,4.2,13.3,0.9,0.4,6.8,35.5,12154,43.7,,47.1,16.9,16.0,10.7,71334
18127,2.1,4.0,96.3,93.0,2.9,1.5,5.0,28.4,5.5,3.4,22.3,0.9,0.5,12.7,37.9,174818,40.8,,33.1,20.9,31.1,9.6,87972
18129,1.4,5.6,95.4,90.4,1.1,1.6,3.2,23.4,5.2,3.1,17.7,1.1,0.1,2.7,37.7,25116,43.0,,35.5,19.9,25.2,10.1,78129
18131,2.0,9.4,93.5,90.5,1.1,1.3,7.0,25.9,15.4,6.0,25.4,1.1,0.1,10.3,34.1,12441,42.6,,47.3,20.3,14.1,12.1,62792
18133,2.0,5.4,95.7,88.7,1.7,1.0,4.6,27.5,7.4,3.5,24.6,0.9,0.5,11.5,38.8,37280,38.4,,40.0,22.3,20.2,8.7,78378
18135,2.8,6.3,93.0,86.3,2.6,1.7,7.2,24.3,9.2,6.6,22.7,2.0,0.9,12.7,36.4,24387,42.3,,44.7,21.4,15.1,15.8,60791
18137,2.7,6.6,92.3,87.9,1.9,1.3,5.2,26.8,7.5,4.4,23.2,1.2,0.2,10.3,33.7,29095,41.2,,40.8,17.9,20.7,10.1,70573
18139,3.4,5.6,92.6,85.8,2.6,1.3,7.5,26.3,8.7,5.2,25.1,1.1,0.2,6.5,38.1,16739,42.4,,43.2,19.3,18.6,11.9,66473
18141,2.2,6.2,95.1,90.3,3.3,2.2,7.1,21.1,9.6,6.7,31.0,1.1,0.5,9.1,39.9,273040,36.7,,29.3,19.8,33.5,14.2,66868
18143,3.7,11.2,91.4,89.6,2.0,1.3,3.3,24.7,9.2,3.5,29.1,2.5,1.7,15.7,27.5,24526,40.8,,44.4,18.3,12.7,16.6,56352
18145,2.6,6.6,94.7,89.1,2.3,2.6,5.6,23.9,6.2,5.4,27.5,0.5,1.1,4.5,36.0,45265,41.5,,39.4,19.3,21.9,13.0,72190
18147,2.4,4.5,93.3,84.1,2.1,3.0,4.7,26.0,7.4,2.7,18.7,0.3,0.4,13.2,25.1,19955,44.4,,36.4,20.9,22.0,7.5,74506
18149,4.3,8.6,90.0,84.5,1.9,2.1,7.8,29.8,20.3,6.6,17.0,1.0,0.0,12.7,24.2,23365,42.1,,44.6,22.4,12.5,13.4,63960
18151,2.0,5.5,94.7,87.3,4.4,0.8,5.7,21.0,26.7,5.4,20.5,1.2,0.4,12.3,33.2,34726,43.5,,36.5,20.3,25.6,9.3,74911
18153,3.0,8.0,91.1,83.1,2.4,1.4,6.8,25.2,10.9,4.9,23.6,0.5,1.6,3.8,35.8,20780,41.7,,41.8,18.0,14.6,13.9,56204
18155,9.0,10.7,86.1,81.3,2.4,3.2,13.0,32.9,13.0,6.5,21.5,2.6,1.0,11.2,24.4,9909,42.5,,48.6,16.8,8.9,12.6,65343
18157,3.1,4.6,97.2,91.3,2.0,1.4,5.3,17.9,6.0,9.7,46.6,1.1,0.7,12.2,47.1,189071,28.8,,27.7,16.0,40.5,19.2,60636
18159,2.7,6.5,96.0,89.5,1.4,1.4,8.4,28.1,8.5,2.4,18.6,1.1,0.7,4.9,22.0,15346,44.4,,36.5,20.8,23.5,11.2,76156
18161,2.5,9.7,96.2,89.5,2.7,0.5,6.8,26.6,9.7,4.4,20.2,1.5,0.0,8.3,34.5,6985,43.9,,36.9,20.9,18.4,8.5,76424
18163,2.5,6.0,94.7,90.5,2.6,2.8,6.9,19.7,8.3,8.0,35.0,1.1,0.3,8.6,39.3,180117,38.7,,31.7,20.7,27.8,14.3,61648
18165,1.3,5.6,95.3,87.1,2.5,1.1,4.3,27.3,10.1,5.1,24.8,2.2,1.2,16.9,31.5,15421,42.7,,44.6,16.7,17.6,15.3,60200
18167,2.3,7.1,93.6,86.2,3.3,2.3,7.9,19.9,9.6,7.9,38.3,1.3,1.4,11.4,45.1,106109,36.3,,33.4,21.2,26.3,19.2,52976
18169,2.4,6.0,95.3,89.1,2.1,2.3,4.8,21.5,10.1,4.5,19.5,0.9,0.2,10.2,29.3,30844,42.7,,42.3,17.4,23.1,11.1,66806
18171,1.0,6.2,95.6,90.2,2.8,0.9,3.9,25.6,9.4,2.1,17.6,0.7,0.1,8.0,30.6,8464,43.5,,43.2,18.1,17.5,11.0,82425
18173,1.2,3.7,96.4,91.8,2.0,1.0,3.5,23.3,6.4,3.0,17.6,0.9,0.4,5.9,33.8,65261,41.1,,28.6,19.5,35.2,7.0,89844
18175,3.9,8.3,90.3,84.8,1.9,2.4,7.8,31.5,8.1,4.3,17.9,1.7,0.3,5.4,38.2,28212,41.5,,42.3,20.5,14.5,14.4,64641
18177,4.4,7.8,92.4,88.1,3.2,2.4,10.8,21.8,12.2,8.9,30.8,0.7,0.4,8.0,43.3,66397,41.0,,35.8,22.2,20.5,17.9,55692
18179,2.4,4.7,93.2,85.2,1.7,1.7,6.9,24.2,4.4,4.1,24.4,1.5,0.1,7.2,27.8,28420,39.8,,43.5,17.6,19.9,7.2,71957
18181,3.5,5.8,93.3,88.5,2.1,1.2,7.2,23.4,20.9,3.2,19.0,1.2,0.2,10.7,30.5,24717,42.8,,41.8,20.3,19.2,10.2,67303
18183,2.3,4.7,94.7,89.5,2.2,1.1,6.0,22.6,6.7,3.9,18.2,1.1,0.5,8.1,32.8,34618,41.3,,36.7,20.7,23.6,9.9,78083
19001,1.2,3.9,91.5,84.3,2.6,2.6,5.3,20.4,9.3,4.4,26.1,0.4,0.2,3.3,29.9,7460,42.4,,41.6,19.8,19.9,9.5,68092
19003,1.1,5.0,90.8,84.8,2.4,2.4,3.3,19.1,18.5,5.5,22.9,0.3,0.5,13.7,25.5,3622,46.3,,32.9,19.0,27.0,9.1,71875
19005,2.7,4.7,91.1,86.0,1.6,2.5,7.0,22.2,23.3,3.7,20.4,1.4,0.2,6.5,29.7,14092,43.1,,40.8,17.0,22.2,10.1,70694
19007,5.8,4.4,91.1,83.9,2.2,1.6,9.0,20.6,17.6,6.9,31.2,2.1,1.0,6.8,39.7,12184,43.5,,36.5,20.3,20.5,17.5,54934
19009,3.1,4.6,91.3,83.7,0.8,1.5,3.7,19.0,7.0,7.6,23.8,0.5,0.0,2.2,48.7,5599,47.0,,36.1,21.9,20.8,11.8,58229
19011,1.3,3.4,93.1,88.5,1.3,1.4,3.0,24.9,8.2,3.3,15.0,0.3,0.3,7.9,27.3,25724,43.1,,34.3,19.3,25.6,7.4,86962
19013,3.2,3.8,95.2,89.4,3.0,1.7,5.1,15.9,7.5,6.3,33.8,1.4,0.8,7.9,41.0,131049,35.7,,30.4,20.2,30.3,14.9,66417
19015,1.0,3.9,96.0,89.1,1.0,1.2,3.3,22.5,9.2,5.5,20.0,0.9,0.0,9.5,28.1,26668,42.4,,31.5,20.1,28.5,6.2,83531
19017,1.0,2.8,95.2,92.6,2.2,0.9,2.2,20.1,8.2,2.6,20.3,0.4,0.1,8.0,25.1,25204,39.0,,29.4,17.4,36.2,7.3,86784
19019,2.2,3.7,91.9,87.1,1.9,2.3,6.7,23.5,7.7,6.6,17.9,1.3,0.2,5.9,30.9,20694,40.3,,35.8,20.8,22.4,8.6,78236
19021,11.4,7.2,96.4,92.1,3.8,2.3,6.2,14.0,9.0,1.7,26.8,2.0,1.9,4.1,25.8,20753,35.6,,32.7,15.2,22.2,7.8,71719
19023,2.0,4.1,91.5,86.5,2.0,1.9,3.2,24.7,10.8,3.6,15.9,1.4,0.0,5.5,32.4,14268,43.7,,37.4,20.2,21.4,9.2,73715
19025,2.0,5.0,93.1,87.2,1.4,3.5,4.4,22.3,16.8,3.4,19.5,1.3,0.0,9.3,25.8,9803,42.8,,34.8,22.0,21.8,9.3,64964
19027,1.6,3.2,93.3,87.3,1.2,1.2,2.8,15.7,7.9,4.9,22.9,0.5,0.3,10.6,25.4,20594,41.1,,38.4,18.9,24.0,7.9,72930
19029,1.1,4.3,92.0,83.9,0.9,1.8,4.1,15.1,8.6,5.7,28.4,0.7,0.4,9.6,39.3,13096,43.5,,38.7,23.3,22.1,14.3,63013
19031,1.2,3.0,93.0,88.6,1.5,1.8,4.2,26.7,8.2,2.6,18.5,0.2,0.2,5.9,43.9,18349,44.0,,38.7,19.4,23.7,7.3,80602
19033,1.4,3.9,94.7,89.2,1.7,2.0,4.5,15.6,14.3,5.0,29.6,0.8,0.1,6.1,28.5,42632,44.0,,35.0,20.8,24.0,10.6,68189
19035,2.4,4.4,90.2,87.1,1.6,3.8,4.8,16.7,9.2,5.7,24.5,0.2,0.0,8.7,39.6,11600,44.0,,37.3,19.5,23.4,12.1,71269
19037,2.2,4.1,92.9,86.9,1.1,1.3,7.8,19.4,9.8,3.0,19.1,2.1,0.2,13.0,16.7,11807,43.1,,42.7,17.2,21.2,8.8,75675
19039,2.5,8.3,92.4,86.8,2.7,1.8,4.9,24.3,10.0,12.5,27.7,1.9,0.5,15.1,29.3,9662,37.9,,44.0,15.1,16.0,9.7,71641
19041,2.1,4.5,95.8,89.5,2.3,3.4,5.5,17.8,10.7,5.5,26.7,0.6,0.4,7.2,29.2,16461,42.3,,29.3,20.2,27.5,11.4,65428
19043,3.3,4.2,89.5,84.4,1.6,1.4,8.4,23.1,14.6,6.9,22.0,0.5,0.5,9.7,36.3,17013,46.4,,44.1,21.9,14.5,10.9,67242
19045,1.3,5.3,91.9,87.2,2.1,2.4,5.1,21.7,9.6,7.2,25.5,0.5,0.0,9.4,38.2,46268,42.4,,35.7,22.1,22.4,13.2,66981
19047,7.6,8.8,94.3,87.1,2.5,2.4,8.8,17.2,7.8,3.4,24.0,1.0,0.2,5.1,28.5,16277,37.9,,36.4,21.0,17.7,14.8,67027
19049,1.9,2.7,97.8,92.4,1.7,1.3,3.9,21.2,5.2,2.9,31.0,1.5,0.3,7.6,29.1,107968,36.1,,17.4,17.5,51.5,6.3,102379
19051,14.6,4.5,79.5,73.2,1.7,2.6,25.1,25.8,11.4,15.6,16.7,4.7,1.0,7.0,18.1,9157,36.3,,33.4,17.6,17.1,7.2,77194
19053,4.7,5.6,91.5,83.8,1.2,2.4,7.6,22.5,16.5,7.5,30.3,0.3,1.2,5.6,24.8,7759,36.1,,39.0,18.4,23.5,14.6,59044
19055,2.6,3.7,90.2,85.9,1.4,2.5,3.3,20.3,9.8,8.5,20.4,0.6,0.5,9.9,36.8,17558,43.4,,40.8,15.6,22.6,7.8,74989
19057,1.2,5.0,94.2,87.3,1.9,1.8,3.9,18.0,8.6,7.3,25.4,0.7,0.5,8.0,43.4,38487,42.3,,35.0,21.1,23.8,12.8,62928
19059,0.7,2.4,96.2,90.8,1.9,3.3,2.6,16.7,37.7,4.4,22.5,0.3,0.2,5.0,34.5,17990,48.7,,28.7,23.8,31.2,7.6,75432
19061,1.8,4.3,94.8,90.0,2.4,1.6,3.5,16.7,5.3,6.1,26.7,0.8,0.7,5.2,40.6,99030,39.1,,32.1,17.7,33.4,9.7,77630
19063,3.4,6.5,95.9,86.9,1.1,2.5,5.8,20.9,10.1,6.1,20.6,0.2,0.5,2.2,36.1,9262,42.9,,36.1,18.9,17.1,9.9,63730
19065,2.9,4.0,90.7,85.3,1.9,2.8,5.6,22.5,10.5,5.7,23.5,0.6,0.0,8.0,36.1,19288,43.9,,41.8,18.4,20.7,12.0,60165
19067,2.5,2.5,89.4,83.4,2.0,1.3,3.6,18.9,11.0,6.7,23.4,0.9,0.0,9.6,34.3,15328,43.5,,41.8,20.0,18.3,11.6,68557
19069,5.2,4.3,89.1,84.1,2.3,1.1,10.0,20.5,9.9,4.1,27.6,1.3,0.0,8.5,24.5,9956,42.7,,34.5,21.6,19.4,13.6,59894
19071,2.1,4.8,92.6,87.5,0.5,3.8,3.5,22.3,9.7,2.4,21.7,0.9,0.2,7.4,17.2,6514,46.8,,36.0,22.5,20.8,7.7,71621
19073,1.4,5.0,94.1,89.8,1.4,2.4,4.1,23.0,9.2,3.2,23.6,0.3,0.3,9.7,22.7,8688,44.6,,31.1,23.7,21.2,9.8,63409
19075,0.6,2.5,93.2,88.7,1.3,1.9,3.8,23.5,6.9,3.2,15.5,0.3,0.2,3.2,24.2,12384,41.9,,33.3,19.6,27.8,6.5,87205
19077,0.8,3.3,94.7,89.3,2.0,1.6,3.1,27.1,20.8,4.0,16.0,1.1,1.1,9.1,34.0,10688,46.7,,33.9,23.2,25.0,9.9,77711
19079,1.4,4.3,90.1,84.7,3.2,1.6,5.7,21.4,8.6,4.7,26.6,0.7,0.7,8.5,23.1,14886,41.7,,30.4,23.8,22.8,7.4,72432
19081,2.1,6.5,92.0,88.4,1.2,1.4,5.8,19.1,8.7,5.1,17.5,0.9,0.1,4.8,34.8,10671,44.6,,33.2,21.0,20.5,12.2,70601
19083,1.8,5.2,89.6,85.4,2.7,3.0,5.0,21.6,12.1,5.3,26.4,1.1,0.1,7.6,33.9,16639,45.4,,33.2,21.6,21.9,9.7,65069
19085,2.0,4.2,95.2,86.0,1.5,1.5,4.7,26.2,9.1,4.1,22.9,1.2,0.4,6.6,25.0,14632,42.1,,36.9,24.8,22.0,7.1,79535
19087,2.5,5.8,94.1,87.9,0.9,2.9,4.7,19.6,9.5,4.8,25.9,0.2,0.2,6.1,32.8,20004,41.1,,35.6,20.9,23.0,12.0,67436
19089,4.4,3.1,88.8,85.7,1.2,2.3,10.2,23.2,12.7,4.9,22.6,0.9,0.2,1.1,26.3,9445,39.2,,41.2,18.5,19.5,8.9,67446
19091,3.1,3.7,94.2,87.0,3.2,2.5,5.8,19.7,8.3,4.8,22.8,2.0,0.7,5.8,28.6,9591,42.1,,33.3,20.8,19.4,12.9,71946
19093,1.0,4.5,92.6,86.4,1.6,1.8,5.9,16.1,9.5,4.6,27.1,0.0,0.7,8.4,16.3,6911,42.0,,39.3,19.5,21.6,11.3,63073
19095,1.5,3.0,94.4,88.5,1.3,1.2,3.2,22.2,6.2,3.5,23.4,0.8,0.7,3.5,23.4,16507,42.4,,35.7,22.2,24.8,8.9,71223
19097,2.4,3.5,90.1,86.0,3.2,1.7,5.7,24.8,11.2,5.2,19.3,0.7,0.8,4.8,39.8,19390,44.7,,41.9,20.7,19.5,9.7,74186
19099,1.7,4.3,94.1,90.4,3.5,2.7,4.5,23.3,7.6,4.4,27.7,1.1,0.3,13.1,33.8,37954,41.3,,41.5,19.5,20.0,8.3,71311
19101,2.0,2.9,96.3,88.4,4.7,3.0,6.7,15.9,9.8,7.5,32.3,1.4,1.3,4.9,45.8,15705,43.7,,22.5,16.9,43.2,15.2,61620
19103,1.8,1.9,97.0,89.2,2.6,2.1,4.7,19.4,7.1,7.1,40.6,1.1,0.8,10.0,46.3,156639,31.0,,15.6,16.4,55.2,17.1,74935
19105,1.2,3.7,91.4,87.1,2.1,1.9,3.5,24.7,7.8,3.0,19.4,1.0,0.3,6.5,28.9,20896,42.8,,39.2,20.5,22.0,12.0,73531
19107,1.2,4.4,91.8,83.8,2.7,3.3,4.0,26.5,12.5,4.3,18.7,2.0,0.2,10.3,27.5,9924,43.4,,44.7,20.0,17.0,12.1,62329
19109,1.3,3.6,92.5,87.6,1.2,1.6,3.8,16.3,9.2,6.1,21.4,0.5,0.0,3.8,27.2,14516,44.2,,32.9,24.2,22.8,8.2,67697
19111,2.7,4.8,92.9,86.6,2.6,2.6,5.4,20.4,9.3,5.0,23.7,0.3,0.2,18.4,30.9,32893,43.6,,35.3,21.2,21.7,13.1,62382
19113,1.3,3.5,96.3,91.6,2.3,1.8,4.1,19.3,7.3,4.9,26.5,0.7,0.4,9.6,35.2,230004,39.0,,26.4,20.9,34.7,9.4,77649
19115,4.9,9.4,92.6,87.8,1.9,1.9,4.8,27.3,10.6,5.5,19.7,1.2,0.8,9.1,21.7,10678,41.9,,37.0,20.1,16.8,9.8,77354
19117,4.0,4.3,88.2,80.4,3.1,1.3,8.0,22.8,9.0,7.7,21.2,1.1,1.6,3.4,15.5,8716,41.9,,44.6,20.9,15.8,14.9,61793
19119,2.2,2.5,94.4,90.2,1.6,2.6,4.0,18.9,8.0,3.6,19.1,0.9,0.0,6.5,22.3,12162,38.2,,40.1,18.5,20.4,5.3,76746
19121,1.6,1.8,94.6,89.7,2.4,0.9,4.9,28.7,5.7,6.6,19.9,0.8,0.1,5.0,31.3,16926,40.6,,32.0,25.2,27.1,7.0,90855
19123,2.6,3.9,94.5,89.7,2.3,3.0,4.7,18.0,10.1,4.0,32.0,1.0,0.1,7.0,25.8,22021,39.0,,36.4,19.3,24.1,12.6,70940
19125,1.6,3.5,94.7,88.4,1.4,1.5,2.5,21.0,7.4,3.4,22.3,1.3,0.3,7.0,31.2,33642,39.9,,33.7,18.5,32.1,8.2,78680
19127,7.7,5.4,93.3,87.6,2.9,2.0,5.8,19.9,8.5,5.5,25.0,2.8,0.9,6.0,26.3,40114,38.5,,33.4,19.7,22.6,11.2,73315
19129,1.1,2.3,95.6,88.7,1.2,0.2,2.7,25.6,12.1,4.8,16.5,0.1,0.0,8.6,26.7,14568,42.1,,27.6,24.3,31.0,8.2,90753
19131,3.2,3.7,92.7,89.9,0.8,2.1,7.4,18.5,7.1,3.0,20.0,1.1,0.1,4.6,31.1,10575,41.9,,31.8,21.1,24.9,9.5,71365
19133,2.6,4.8,90.2,84.9,1.0,1.0,3.9,22.6,11.3,4.2,24.3,1.1,0.0,6.3,33.7,8557,43.7,,38.5,22.1,19.6,10.6,68377
19135,2.6,2.0,95.9,86.2,1.9,0.6,3.6,29.4,15.5,5.6,18.7,1.8,0.0,14.0,40.3,7513,41.8,,41.2,17.9,21.4,9.2,70996
19137,2.7,5.6,90.9,85.9,1.5,3.5,3.7,22.3,8.4,4.0,30.9,1.2,0.2,6.6,46.7,10214,43.5,,37.4,20.0,20.4,15.3,63666
19139,3.3,7.0,94.5,90.4,2.1,2.4,4.3,19.0,6.0,3.8,26.1,1.0,0.7,7.2,38.1,42559,39.6,,34.9,20.2,23.1,13.7,69396
19141,2.6,6.9,94.1,90.1,0.7,1.7,3.0,19.0,11.5,4.7,23.9,1.3,0.0,5.3,26.7,14126,39.5,,33.8,18.8,22.0,13.3,68356
19143,5.7,7.0,92.0,85.5,2.2,2.4,8.0,18.2,8.2,1.4,22.1,0.9,0.0,2.8,50.5,6100,43.1,,37.8,20.2,16.7,16.0,69239
19145,2.1,4.5,90.8,86.8,2.7,3.3,4.8,17.8,10.7,7.5,29.5,0.7,0.1,13.3,27.3,15131,45.1,,41.1,20.8,19.2,13.8,57953
19147,2.7,3.9,95.5,89.8,1.5,2.5,4.8,17.2,16.6,3.4,22.9,1.1,0.0,10.1,32.3,8863,41.9,,30.9,27.6,19.0,11.6,72781
19149,2.3,2.9,94.4,89.8,1.5,1.2,5.3,19.2,5.3,3.8,26.4,0.8,0.1,10.0,20.6,25747,41.3,,37.3,20.3,21.7,6.9,83251
19151,1.4,8.0,92.9,85.9,3.3,4.7,7.6,20.7,17.8,4.6,22.7,0.8,0.2,15.9,25.0,7046,43.7,,33.9,24.1,18.7,10.3,61875
19153,3.9,3.6,96.9,91.9,3.1,2.0,5.3,20.0,6.0,5.8,32.6,1.8,0.6,10.7,35.5,503175,36.2,,23.7,18.5,40.3,10.3,83576
19155,2.8,6.5,93.4,86.2,2.4,2.1,5.0,19.8,6.1,6.3,30.1,1.1,0.6,11.2,33.6,93424,40.1,,34.7,21.1,23.6,12.1,73602
19157,1.6,3.5,95.3,86.6,2.3,2.4,3.9,18.6,13.0,7.2,28.8,0.5,0.1,9.4,30.6,18545,41.0,,40.9,16.9,27.3,10.7,67391
19159,1.5,4.5,92.3,86.6,2.0,2.8,6.6,22.9,29.1,6.0,21.5,0.5,0.2,6.3,35.1,4645,44.5,,34.9,22.4,24.6,8.8,73346
19161,2.4,4.9,90.1,84.6,3.0,1.5,4.8,21.7,15.9,5.3,22.0,1.6,1.2,4.5,27.9,9689,46.2,,32.4,22.0,22.3,9.2,73838
19163,2.2,3.7,94.9,90.5,2.4,2.6,5.2,20.3,6.9,6.7,30.0,0.8,0.4,8.8,38.5,174608,39.4,,25.7,20.2,36.6,11.5,78277
19165,1.7,2.9,91.3,88.3,2.0,1.9,2.3,18.5,10.3,3.2,22.2,0.1,0.0,11.7,39.4,11778,44.3,,35.9,21.6,24.1,7.6,72738
19167,5.5,3.6,95.2,92.4,1.1,0.4,5.8,13.5,4.5,2.9,23.9,0.9,1.0,5.2,24.8,36212,33.8,,27.9,17.2,30.6,6.7,86098
19169,0.6,2.0,97.7,80.4,3.2,1.5,4.2,17.8,7.1,5.8,44.5,0.5,0.2,8.5,40.1,100466,26.9,,16.0,16.2,54.8,18.2,69685
19171,3.0,5.5,94.9,87.5,2.4,1.0,6.2,22.7,11.5,2.5,24.0,2.4,0.7,2.7,33.4,16868,41.5,,39.4,19.0,20.5,14.8,70781
19173,2.7,4.7,91.7,84.5,1.9,1.6,3.5,20.9,13.9,4.3,22.1,0.5,0.5,1.7,29.7,5868,43.8,,40.3,23.1,16.0,11.0,67740
19175,2.8,5.7,91.8,84.9,2.3,3.9,8.3,15.8,11.6,5.9,27.9,0.9,0.2,5.7,29.1,11993,40.5,,34.6,24.0,23.3,12.4,57772
19177,11.8,2.5,83.6,72.8,2.4,1.4,17.4,22.5,17.0,10.2,18.4,1.2,0.0,9.8,37.0,7241,44.7,,36.8,20.1,18.8,15.1,61161
19179,6.1,5.3,92.6,86.3,2.6,3.9,7.3,20.0,11.0,6.6,31.6,1.8,0.6,6.8,40.8,35362,39.2,,38.3,18.6,19.6,15.8,64766
19181,0.9,2.3,96.6,91.8,2.3,2.0,2.0,24.1,5.7,3.3,17.7,1.1,0.2,10.7,31.1,54409,38.8,,27.9,22.3,33.3,5.1,94588
19183,2.9,3.6,92.9,88.7,1.5,2.2,7.6,23.5,7.1,4.8,26.0,1.2,0.3,10.8,21.3,22561,40.7,,33.9,21.3,26.2,8.2,75647
19185,5.9,3.2,87.3,79.4,1.8,2.7,12.8,25.4,15.0,6.7,19.1,0.9,0.6,9.0,23.6,6532,41.5,,40.0,20.1,17.2,10.1,61964
19187,1.3,5.6,93.8,87.3,3.0,2.4,6.3,20.2,10.0,6.7,29.7,0.8,0.2,9.2,31.0,36886,39.7,,32.5,23.7,22.0,12.9,68975
19189,1.3,4.0,94.3,88.6,1.9,1.6,5.6,14.7,8.6,5.8,29.4,0.2,0.0,5.8,30.3,10583,42.7,,29.8,22.1,26.1,11.2,67642
19191,1.6,2.2,92.6,88.0,1.5,2.4,2.7,18.1,9.9,4.5,25.8,1.1,0.2,6.9,29.6,19873,42.6,,31.4,17.5,31.2,8.4,79066
19193,6.1,6.3,94.0,87.3,2.8,2.9,7.3,18.1,6.2,6.1,31.8,1.9,0.8,6.1,36.4,106247,36.1,,32.5,19.4,24.3,14.0,73658
19195,2.2,4.2,88.9,85.0,2.4,0.7,7.0,21.4,8.5,4.6,16.8,1.4,0.0,6.8,14.6,7350,44.1,,34.5,22.2,19.1,8.2,78008
19197,3.9,4.4,90.9,85.8,1.1,2.2,5.8,20.2,14.7,4.4,23.0,0.6,0.0,12.0,29.1,12791,39.4,,32.5,23.1,24.9,16.8,67190
20001,2.0,3.8,93.4,84.4,5.0,2.7,9.5,18.4,17.5,7.7,24.6,0.6,0.8,12.0,25.0,12483,41.2,,34.3,25.4,22.4,9.9,60689
20003,8.2,3.8,86.6,75.8,2.5,0.5,9.4,28.0,10.5,7.2,21.1,0.5,0.1,9.1,41.8,7834,40.0,,42.2,21.3,14.0,11.0,70614
20005,1.9,3.6,93.4,87.6,2.9,1.8,8.8,21.2,15.9,7.7,28.1,1.3,0.2,14.6,30.0,16208,36.1,,41.9,23.1,21.8,13.0,61112
20007,0.8,3.4,95.4,85.4,0.9,0.7,7.2,15.1,26.3,3.3,19.0,1.6,0.0,32.2,9.5,4069,42.5,,31.6,23.8,27.3,11.8,61926
20009,3.0,6.5,92.8,87.3,2.4,1.3,11.2,15.2,16.2,4.5,34.8,0.8,0.2,9.7,28.1,25097,38.8,,28.1,28.0,21.7,15.4,58851
20011,3.2,6.0,94.3,87.6,3.3,0.9,8.3,19.6,13.6,4.2,26.0,1.5,0.8,7.5,28.9,14394,39.1,,31.9,24.8,23.9,13.6,59238
20013,2.0,3.7,89.9,87.0,3.3,1.4,10.2,17.4,15.3,4.7,23.7,0.8,0.3,11.0,23.1,9343,41.7,,38.9,25.0,19.6,13.8,62233
20015,1.6,4.0,95.9,90.3,2.1,2.5,6.0,23.8,7.8,4.0,22.4,1.2,0.1,10.6,30.8,68287,38.4,,28.2,22.7,32.4,8.5,81610
20017,1.1,6.7,92.1,84.7,0.5,2.8,7.3,20.6,17.4,4.9,26.7,0.0,0.8,9.4,11.2,2561,45.5,,29.0,23.6,30.2,8.4,56484
20019,3.9,6.0,90.0,82.1,2.0,2.1,11.4,22.2,31.3,4.0,18.0,2.0,0.0,2.6,27.5,3370,45.2,,40.6,20.0,18.6,14.9,56438
20021,3.4,7.2,94.0,87.0,2.0,2.7,11.4,20.0,13.6,4.9,24.5,2.5,0.2,12.1,35.5,19151,42.2,,34.9,26.6,19.4,14.1,57668
20023,3.1,7.7,93.7,82.7,1.5,1.8,12.6,13.1,16.8,2.9,22.1,1.7,0.4,5.4,23.2,2628,40.6,,27.2,28.2,22.0,17.0,55429
20025,2.7,5.5,94.9,89.2,1.7,1.3,6.8,18.2,24.2,2.9,26.4,0.0,1.1,9.2,20.8,1974,43.7,,26.6,22.6,31.1,9.9,63043
20027,2.5,4.1,91.8,89.6,0.6,1.2,5.7,24.0,10.7,6.8,22.0,3.0,0.0,12.5,36.2,8048,43.7,,30.8,25.9,25.5,13.4,66176
20029,1.7,3.1,94.4,83.6,1.6,0.6,7.9,16.5,14.5,6.5,26.0,0.7,0.3,8.1,30.8,8898,40.2,,30.5,28.3,20.8,10.0,58770
20031,3.6,4.1,94.4,87.3,3.8,2.4,11.0,21.8,11.3,5.2,24.1,0.8,1.1,12.5,27.0,8308,44.0,,34.6,27.8,19.7,10.7,70346
20033,1.2,2.8,93.6,88.8,1.1,1.6,7.5,13.4,18.9,3.4,26.6,0.8,0.0,7.4,34.0,1729,49.6,,32.0,35.2,20.1,9.2,54545
20035,2.8,6.6,92.9,84.3,2.2,3.1,8.1,21.1,14.6,7.0,31.9,1.4,0.2,10.5,40.4,34411,39.2,,31.3,22.6,24.5,14.3,57878
20037,3.3,4.4,95.4,88.5,2.6,1.6,13.0,17.8,12.6,7.5,39.2,0.9,3.4,10.5,40.2,39008,33.6,,27.0,24.0,32.2,20.6,52844
20039,1.3,4.7,93.8,88.6,2.5,1.1,5.2,17.9,18.8,3.8,22.3,0.5,0.1,3.7,17.4,2726,50.1,,27.7,29.0,27.0,12.7,53870
20041,2.1,4.2,95.8,89.4,1.7,1.8,8.9,22.1,8.8,4.7,21.4,0.3,0.3,7.8,37.6,18445,42.8,,31.7,26.2,23.7,8.1,68417
20043,2.6,4.8,92.9,87.2,1.0,1.2,6.4,21.6,19.2,2.7,18.9,1.4,0.6,3.0,25.8,7503,41.1,,34.7,26.3,21.7,9.6,74028
20045,1.4,3.0,97.4,92.0,2.9,1.3,8.2,20.8,6.1,7.5,49.9,1.1,0.9,9.7,41.8,120302,31.6,,18.6,18.5,53.2,14.7,69746
20047,6.8,6.1,91.9,83.3,3.9,0.9,10.5,19.7,25.0,6.1,20.8,0.2,0.0,10.1,32.3,2779,44.2,,32.2,23.2,20.5,18.9,52692
20049,2.1,7.2,88.9,86.0,1.1,0.5,7.4,33.7,33.0,7.2,21.2,0.2,0.1,12.4,32.1,2453,48.8,,34.4,28.4,21.5,10.4,64609
20051,1.8,3.3,95.9,92.9,2.3,1.1,7.3,12.9,7.8,3.8,36.8,2.4,0.0,11.9,42.8,28920,33.2,,26.9,20.9,38.9,18.3,63084
20053,1.9,3.9,95.3,88.1,1.3,1.6,3.7,19.2,21.6,3.0,19.8,0.5,0.8,8.4,41.7,6360,43.5,,34.3,28.4,22.7,10.4,65560
20055,17.2,11.0,97.0,91.6,2.8,1.6,12.7,14.7,7.8,5.5,35.1,3.9,3.5,9.3,23.5,38084,31.9,,23.6,18.7,19.0,11.1,73009
20057,15.6,7.9,94.8,87.0,3.6,1.8,15.9,12.7,7.4,4.2,37.5,4.3,1.9,5.5,22.5,34074,32.3,,29.1,17.7,20.7,14.0,70781
20059,1.6,5.7,94.2,85.7,2.0,2.9,7.9,23.4,8.0,3.1,27.8,1.0,0.5,9.5,32.4,26106,39.7,,36.3,23.2,24.6,8.7,77207
20061,3.0,4.0,97.6,94.1,3.6,2.2,7.7,17.5,11.2,6.2,56.5,1.0,0.7,9.1,31.7,35815,27.1,,24.5,30.7,26.2,18.0,59317
20063,1.1,4.3,93.9,82.4,1.8,0.0,5.8,16.5,12.2,1.5,20.6,0.0,0.0,2.2,34.6,2799,40.8,,36.0,21.8,24.2,5.1,66029
20065,1.9,3.3,95.4,86.7,3.1,3.6,5.0,12.3,15.8,3.4,21.2,0.3,0.0,3.9,46.9,2389,46.0,,32.4,24.1,26.9,14.8,50650
20067,17.7,4.4,98.6,90.8,0.4,1.4,16.2,32.3,18.9,5.1,23.3,9.2,0.0,8.2,17.7,7229,33.4,,31.1,15.5,25.1,9.3,66476
20069,17.0,4.2,97.4,88.2,1.8,1.9,11.5,18.0,9.3,2.3,22.9,1.8,0.0,8.0,17.6,5701,37.9,,22.9,21.5,25.9,8.5,79122
20071,7.9,3.5,95.2,94.6,0.1,0.0,10.3,15.4,17.9,4.4,25.0,0.0,0.0,0.0,8.5,1304,37.1,,25.1,19.9,29.8,7.1,80565
20073,3.5,3.5,89.8,82.1,2.0,2.3,9.0,24.1,27.3,5.6,19.5,0.9,0.0,2.5,38.7,5919,47.8,,34.3,29.4,21.6,13.9,60042
20075,11.1,9.0,96.2,87.8,2.0,0.0,25.4,15.2,25.3,1.7,22.9,6.9,0.0,4.2,26.4,2471,32.1,,30.5,23.6,20.5,7.0,70250
20077,3.7,5.5,92.5,82.8,1.1,1.9,8.5,16.3,27.0,4.6,24.9,0.6,1.5,11.9,28.2,5400,40.6,,38.5,23.4,22.8,17.3,53488
20079,3.4,4.0,96.5,86.5,3.1,1.3,8.7,20.7,6.5,4.5,30.2,2.8,0.0,8.8,28.9,33756,40.5,,27.1,23.0,30.1,8.2,74368
20081,16.6,8.1,97.4,84.4,2.2,0.0,17.4,18.1,9.2,3.4,23.7,0.7,0.0,4.8,12.5,3641,37.0,,28.7,17.0,19.9,11.2,66162
20083,0.6,3.8,89.0,82.5,0.4,0.7,4.5,15.1,15.3,3.6,20.9,0.0,0.0,22.1,26.0,1652,48.6,,30.7,22.1,30.2,6.3,59955
20085,3.2,3.1,93.6,86.4,1.1,1.8,7.2,28.1,11.1,6.1,22.9,0.9,1.2,6.3,36.4,13341,41.2,,37.2,24.9,22.6,6.1,75215
20087,1.9,3.7,94.4,89.2,1.6,1.0,5.4,30.1,7.8,4.2,14.3,1.0,0.2,16.8,23.3,18349,44.2,,35.9,25.4,24.6,5.6,81278
20089,0.9,5.1,88.5,81.9,0.8,1.4,6.3,16.5,25.2,1.8,25.9,0.0,0.0,0.7,28.1,2916,51.2,,36.6,27.0,18.2,10.6,52634
20091,1.6,1.8,97.9,95.9,2.3,0.9,4.9,20.6,3.9,3.5,31.5,0.9,0.5,9.2,32.9,620631,38.6,,14.0,17.9,57.6,5.4,109208
20093,10.0,8.1,95.7,93.1,1.4,0.1,11.5,21.5,9.6,2.0,28.3,5.5,0.1,10.2,20.6,3864,37.1,,30.2,20.3,19.4,4.5,89135
20095,1.6,6.9,92.8,82.8,1.4,2.2,7.2,22.7,14.1,4.8,33.7,2.7,1.6,0.5,33.2,7186,42.1,,29.1,26.8,25.3,10.3,59842
20097,3.3,7.9,92.8,83.5,1.4,2.4,8.4,13.1,17.2,2.7,27.0,3.2,1.3,15.5,24.2,2422,41.1,,27.0,22.8,28.3,5.9,75539
20099,3.9,6.3,90.3,82.7,1.8,1.9,9.5,16.7,15.1,5.3,26.0,0.8,1.5,9.2,29.4,19869,41.0,,31.7,24.2,20.2,16.0,56325
20101,4.4,0.9,92.9,84.1,0.3,0.0,10.9,12.8,19.2,1.6,11.1,0.4,0.0,0.0,19.6,1461,50.3,,24.0,32.7,24.4,7.0,54526
20103,1.9,4.3,96.1,92.3,2.3,1.3,6.1,23.9,5.3,4.8,30.7,0.7,0.9,9.2,32.3,83123,38.0,,28.4,21.5,36.1,8.8,89218
20105,0.9,2.4,93.6,83.6,1.5,2.9,5.8,19.0,23.4,2.9,19.6,0.3,0.0,2.9,31.9,2923,42.9,,24.9,30.8,25.9,11.3,57500
20107,1.3,4.5,93.2,83.7,2.5,2.7,9.8,34.7,16.7,5.0,18.9,2.0,0.8,9.7,20.2,9767,45.7,,36.9,25.8,22.7,8.4,59069
20109,3.1,3.3,97.1,93.1,1.3,0.5,9.3,18.2,9.3,4.7,35.1,0.4,0.1,16.9,24.8,2707,41.9,,30.4,24.1,25.7,15.0,75662
20111,6.0,4.6,94.2,89.2,1.4,1.6,11.5,14.8,10.3,5.7,42.1,1.8,1.1,6.3,35.0,32186,33.1,,33.7,21.4,26.3,14.6,59912
20113,3.6,3.8,95.7,89.3,1.2,1.9,6.2,14.8,7.7,2.9,24.5,0.7,0.6,4.7,36.1,30205,39.4,,23.8,23.2,34.3,9.5,78851
20115,3.3,4.7,91.8,85.4,2.1,1.7,6.8,22.0,16.6,3.5,18.7,1.3,0.5,6.0,30.5,11754,43.5,,27.0,23.5,30.4,9.2,64695
20117,3.3,4.0,90.1,84.5,1.3,1.0,5.1,16.4,12.1,4.5,20.0,3.0,0.7,19.1,30.5,9993,43.2,,39.0,22.8,19.1,11.3,68419
20119,5.0,6.3,96.6,88.5,0.9,3.1,10.5,17.2,20.9,4.6,26.0,0.9,0.0,7.4,23.6,3903,38.8,,26.4,23.1,26.5,11.0,71852
20121,2.7,3.1,94.3,87.4,2.4,1.7,7.1,30.0,3.7,2.2,21.8,1.4,0.2,11.3,33.6,34938,41.7,,31.0,22.6,31.0,7.9,89000
20123,2.4,3.5,92.8,84.9,0.1,0.7,7.0,13.6,14.0,7.5,31.0,0.0,0.0,6.5,23.9,5779,43.1,,25.2,30.4,26.2,12.2,64246
20125,2.5,6.6,93.0,87.1,2.5,2.2,10.8,18.9,17.1,6.8,27.1,1.3,0.7,8.3,39.8,30940,41.2,,32.1,23.2,22.6,15.9,55697
20127,2.4,3.4,94.1,85.1,1.6,0.5,6.9,22.4,14.9,5.9,19.9,0.0,1.1,6.0,19.3,5340,46.4,,35.6,20.1,29.9,12.1,58686
20129,7.1,11.4,88.8,85.0,0.9,0.0,10.6,16.8,25.8,2.6,14.6,0.6,0.0,2.8,34.9,2611,46.1,,36.9,19.0,17.1,14.8,66447
20131,2.6,3.2,93.1,87.8,1.0,2.0,5.1,14.8,10.7,4.3,22.0,0.4,0.0,11.2,24.9,10160,40.1,,35.0,19.6,29.9,9.3,77348
20133,2.1,5.2,92.3,85.6,2.0,2.3,10.4,16.2,10.5,4.6,22.8,0.8,2.3,4.9,44.2,15656,39.2,,27.9,26.5,23.3,13.1,56618
20135,2.6,5.0,91.5,89.0,0.5,0.2,8.0,15.6,19.4,2.2,18.4,0.3,1.2,2.8,16.7,2653,45.1,,34.4,22.0,25.0,11.2,68616
20137,1.2,3.7,96.1,93.1,0.8,1.0,10.0,11.0,18.4,2.5,23.8,0.1,0.0,3.2,34.9,5359,41.3,,36.0,22.1,22.5,7.2,54050
20139,2.0,4.2,91.8,84.9,1.2,1.5,8.1,28.5,12.3,3.0,17.6,1.2,0.6,7.6,34.2,15744,42.9,,39.1,22.5,21.6,9.7,74467
20141,2.7,3.4,86.3,84.3,1.0,2.8,5.3,13.8,22.3,2.3,22.8,0.4,0.5,6.8,11.9,3452,46.4,,30.8,21.8,23.8,8.4,63011
20143,1.2,3.9,94.6,88.2,1.8,0.6,6.6,23.8,10.6,3.3,22.8,0.0,0.7,7.5,36.9,5819,42.4,,31.6,24.1,27.7,10.4,74018
20145,2.4,10.5,91.8,89.8,0.7,3.2,10.7,19.7,21.8,7.1,33.8,0.0,0.4,4.3,36.6,6144,46.1,,28.2,29.0,18.0,11.5,63517
20147,1.9,4.1,92.5,87.5,1.9,0.7,7.2,19.4,18.5,4.5,22.0,2.2,0.0,14.5,28.4,4813,45.7,,33.7,24.6,22.5,15.4,62123
20149,0.6,3.0,96.1,92.5,1.4,1.5,4.7,23.2,8.2,1.7,17.8,2.9,0.5,7.5,29.0,26204,36.4,,26.2,19.7,38.2,6.7,92325
20151,4.7,4.8,91.5,84.0,2.1,3.6,9.9,12.2,20.5,5.5,26.8,0.4,0.3,9.2,38.1,9127,38.8,,29.0,26.2,25.8,12.3,66022
20153,2.0,2.8,95.7,86.2,0.9,1.3,6.5,13.7,14.6,2.1,29.3,0.8,0.3,10.6,9.1,2516,46.5,,23.9,33.7,20.0,6.8,67742
20155,2.6,7.0,94.8,84.0,2.4,1.3,9.3,17.5,9.5,4.8,30.8,1.5,0.6,7.4,36.2,61553,40.9,,31.2,26.7,20.4,12.5,60645
20157,1.6,4.6,85.4,77.5,1.1,0.6,5.6,17.0,25.0,5.5,21.8,0.2,0.1,0.0,33.2,4646,44.9,,29.1,28.3,21.5,10.6,56833
20159,3.1,6.0,93.9,89.8,2.8,0.7,7.9,20.9,15.3,3.8,22.6,0.4,0.0,6.4,17.6,9350,38.6,,28.6,25.4,25.9,7.7,63925
20161,1.2,1.8,97.6,91.9,2.3,1.2,7.0,16.3,9.9,4.0,53.9,1.5,0.6,9.3,41.5,71946,25.5,,17.1,21.2,48.9,19.9,61098
20163,1.5,4.3,89.1,83.4,1.2,0.8,6.4,14.1,18.9,6.4,25.7,1.4,0.0,11.2,14.7,4813,45.7,,34.1,23.0,23.2,5.5,62500
20165,3.2,6.8,94.7,90.3,2.3,2.5,7.2,22.4,17.4,3.6,22.4,0.1,0.1,1.9,45.9,2947,45.2,,29.4,29.7,21.2,11.1,59970
20167,2.6,3.2,94.6,90.8,1.3,0.9,6.9,13.2,15.6,2.9,24.9,0.6,0.1,5.2,23.6,6679,44.4,,33.4,26.7,19.7,14.7,62392
20169,2.5,4.1,95.1,90.0,3.2,3.0,11.2,15.8,6.8,7.0,32.9,0.7,0.1,3.7,37.5,53668,39.9,,30.2,23.8,29.1,11.9,65422
20171,6.7,3.6,99.0,89.2,1.8,4.4,6.5,10.4,1.9,3.2,32.8,1.3,1.9,4.3,16.1,5027,38.2,,21.4,35.8,28.7,6.5,68839
20173,4.3,6.2,96.5,91.9,3.2,2.6,10.8,19.3,9.2,5.7,36.9,1.5,0.9,9.5,34.7,528226,36.0,,25.8,22.9,32.1,13.9,69365
20175,15.3,12.8,93.6,86.9,3.4,1.7,12.5,14.7,12.7,9.6,38.2,1.5,0.9,7.8,25.6,21486,31.0,,29.8,19.0,11.4,12.2,63827
20177,2.4,4.3,94.4,89.4,2.5,2.1,8.6,17.9,6.9,7.4,33.2,1.0,0.9,7.7,36.4,178025,39.4,,29.8,22.9,32.2,12.7,67104
20179,1.0,3.1,95.4,91.3,0.5,0.4,7.6,15.7,14.5,2.1,23.2,0.3,0.0,13.6,12.1,2426,42.7,,33.3,24.1,24.3,8.9,73750
20181,6.0,3.5,92.3,90.8,0.4,0.1,10.9,15.4,16.6,3.4,34.5,0.0,0.0,10.0,40.9,5858,38.5,,28.8,23.7,24.1,10.2,61750
20183,0.9,3.4,91.2,85.5,0.4,2.1,6.6,14.3,22.0,3.9,15.2,0.4,0.1,26.4,30.2,3552,49.1,,34.7,22.2,25.6,7.3,59135
20185,2.1,4.9,88.5,86.6,1.6,0.1,6.9,21.9,24.6,2.0,17.7,0.3,0.2,29.8,13.2,3978,42.3,,29.8,23.9,27.1,10.5,64226
20187,13.0,7.7,98.6,90.4,1.1,0.0,25.8,12.8,16.8,6.8,23.5,0.0,0.0,0.0,11.7,2038,39.1,,34.4,7.8,24.2,1.5,71700
20189,6.1,18.8,96.5,89.0,1.9,2.4,14.2,16.1,16.6,3.6,25.5,1.1,0.0,10.8,18.7,5162,39.1,,31.0,16.7,20.3,14.2,64178
20191,1.4,3.9,93.1,84.9,3.5,2.0,8.7,24.3,13.9,6.2,24.9,1.5,0.4,11.3,29.9,22353,41.3,,34.2,24.5,25.9,10.6,63951
20193,0.5,4.2,93.4,88.3,0.4,1.0,10.4,11.7,12.2,3.8,24.8,0.0,0.4,17.2,42.0,7885,35.3,,19.7,23.3,34.6,6.5,71325
20195,1.0,2.7,95.8,91.7,0.7,1.8,4.3,16.6,20.0,2.6,17.8,0.0,0.0,2.7,33.3,2777,48.0,,28.0,21.0,30.1,5.5,81528
20197,0.9,3.9,90.4,87.2,2.7,1.1,12.6,28.3,14.4,2.6,18.9,1.4,1.2,8.4,25.5,7009,43.3,,37.3,21.1,25.0,8.5,76908
20199,2.2,4.7,93.7,90.8,0.8,0.0,4.4,16.0,16.5,1.5,25.2,0.8,0.0,0.0,13.3,1417,47.2,,29.9,24.4,24.5,12.3,63207
20201,2.1,2.9,88.7,80.6,0.7,0.8,5.4,20.3,12.6,2.4,21.5,1.8,0.4,8.0,17.8,5533,43.4,,33.9,21.6,25.8,9.3,65482
20203,6.2,10.5,98.9,89.9,0.5,2.8,7.5,11.0,10.4,4.4,22.0,4.0,0.0,17.8,28.8,2091,38.8,,26.4,27.7,20.1,16.5,79063
20205,4.7,5.0,93.1,83.6,1.8,5.2,7.2,20.3,21.7,5.6,22.3,0.7,0.8,11.6,33.7,8505,42.7,,36.9,23.3,19.9,15.5,60677
20207,1.8,7.6,89.7,85.0,0.9,2.7,7.6,20.5,32.0,5.7,15.4,0.0,0.8,9.8,33.3,3109,45.9,,36.2,22.2,23.1,12.4,50326
20209,9.1,8.8,94.2,88.8,3.8,1.7,17.0,22.3,10.5,6.9,38.0,3.9,1.0,9.4,38.0,167654,34.3,,31.7,20.6,21.2,15.8,63631
21001,7.9,7.8,90.3,85.1,3.7,2.8,7.5,23.8,17.5,6.1,22.8,1.6,0.4,17.1,30.8,19089,39.7,,36.1,18.1,21.8,18.4,53553
21003,5.4,7.3,90.0,82.9,4.1,1.0,7.6,27.3,13.4,5.6,25.5,1.7,0.1,13.6,28.5,21293,40.7,,41.0,17.3,18.4,13.5,61403
21005,3.8,5.7,94.5,88.7,1.3,1.8,4.5,30.4,6.5,3.8,22.4,1.5,0.1,6.9,38.9,24353,41.7,,32.7,22.6,26.2,11.5,74488
21007,1.9,4.2,95.0,87.6,0.9,1.3,4.8,26.5,13.3,4.2,24.0,2.4,0.3,10.4,24.4,7654,45.0,,40.3,22.6,18.4,15.0,66164
21009,5.6,7.5,92.2,87.0,2.3,1.4,8.5,23.4,11.2,8.9,34.8,2.2,0.6,8.4,37.6,44938,39.8,,41.5,19.0,18.3,19.4,50628
21011,9.2,8.3,88.5,84.1,1.4,2.7,10.8,30.0,14.6,9.1,25.3,1.9,0.8,4.7,26.7,12851,38.7,,45.0,18.5,12.3,25.3,56541
21013,8.4,11.7,89.3,79.3,4.3,4.7,5.3,22.7,14.5,10.6,41.2,0.7,0.4,12.0,42.9,23509,41.7,,37.8,18.0,15.8,28.8,31354
21015,2.1,4.4,96.3,93.8,2.1,1.9,5.1,25.0,4.2,3.5,23.7,2.1,0.2,9.8,30.4,139841,37.7,,28.0,20.1,35.7,6.3,99414
21017,4.9,7.2,93.3,85.4,2.5,1.7,3.5,25.4,11.4,5.0,36.3,2.5,0.3,3.9,32.9,20240,41.8,,34.8,19.5,26.3,14.2,61354
21019,2.2,7.9,93.2,87.1,3.4,2.6,4.4,22.1,11.2,8.4,29.8,1.0,0.1,9.6,38.2,47911,42.3,,33.5,22.7,20.0,16.9,61118
21021,2.4,6.0,95.0,86.7,3.2,1.1,6.3,21.3,7.4,5.8,32.0,0.6,0.0,7.6,41.1,30941,39.5,,37.8,19.4,26.2,15.6,61159
21023,2.5,8.4,95.0,89.8,2.8,3.0,4.7,34.5,12.8,2.9,21.5,1.3,0.1,4.2,36.8,8444,42.0,,41.2,18.4,17.8,19.5,66319
21025,6.6,13.1,84.9,81.2,4.0,3.2,3.2,28.2,16.9,15.2,23.4,2.7,0.1,16.5,33.4,13276,42.8,,42.1,15.2,15.3,33.1,34808
21027,4.3,9.8,89.1,83.9,2.4,1.3,7.0,32.7,25.3,4.2,18.6,0.7,0.4,5.4,37.3,20881,42.5,,43.0,20.7,14.2,21.4,55843
21029,2.6,7.2,94.8,92.1,2.7,1.6,2.8,28.7,5.5,4.0,15.1,1.4,0.6,8.4,36.7,84027,41.7,,39.2,20.8,19.5,9.7,80558
21031,9.4,9.5,85.6,79.0,2.3,1.4,11.8,27.2,16.3,8.2,26.3,2.5,0.7,16.0,21.1,12393,41.5,,47.3,14.4,9.9,20.5,56092
21033,1.8,7.0,93.8,87.0,2.5,0.3,8.2,24.4,17.1,5.7,29.8,2.3,0.0,17.2,24.0,12618,42.4,,44.7,21.3,17.1,15.1,59583
21035,2.6,6.3,93.9,82.2,2.6,1.6,7.5,17.3,15.8,5.0,36.1,0.8,0.3,7.3,33.8,38224,35.9,,33.0,19.7,31.2,17.2,52706
21037,2.2,3.9,95.9,92.2,2.6,1.6,4.9,23.5,6.7,5.7,28.9,1.0,0.4,11.3,37.9,93426,39.3,,27.5,18.1,39.7,11.1,77567
21039,2.2,6.0,92.7,87.8,2.1,0.4,6.1,26.1,19.2,2.8,19.6,2.8,1.1,24.2,15.0,4762,43.8,,42.0,22.2,14.9,15.1,62439
21041,6.6,9.8,91.6,83.9,3.4,1.1,10.7,23.3,11.0,7.4,34.3,0.9,1.1,9.9,23.7,10954,38.5,,37.3,24.8,11.4,23.1,56466
21043,6.5,9.3,88.4,81.3,2.6,2.1,7.1,30.4,12.4,8.3,20.0,1.0,0.0,6.5,42.1,26341,41.4,,39.3,19.3,15.9,19.2,51235
21045,13.8,7.6,86.8,81.4,4.4,1.6,13.0,29.2,12.6,9.6,20.3,3.2,0.6,4.6,52.5,15914,42.0,,42.9,14.8,12.9,21.7,45510
21047,5.2,7.1,91.7,82.9,3.1,2.5,10.2,20.1,12.4,7.8,50.0,2.2,0.6,8.6,37.0,72069,28.8,,33.7,24.1,19.6,17.1,55494
21049,4.0,6.9,94.5,90.9,2.6,1.1,4.3,24.2,8.3,7.8,29.3,0.5,0.1,14.6,36.7,37192,40.5,,37.5,20.4,22.9,14.6,64348
21051,14.3,11.9,86.2,83.9,4.0,3.0,5.2,29.1,15.9,13.2,23.6,0.8,0.2,12.9,52.3,19921,40.2,,36.8,15.1,15.5,32.4,40900
21053,9.7,12.2,85.1,81.9,2.9,1.5,7.4,20.4,20.5,3.3,28.9,1.3,0.2,10.0,35.3,9202,42.9,,34.2,14.4,18.0,17.5,44844
21055,7.7,8.0,85.1,78.6,1.7,1.6,10.4,24.7,18.5,6.0,21.8,0.4,1.7,9.5,10.7,8979,42.9,,41.6,18.3,15.3,17.7,46656
21057,7.9,9.5,87.6,81.1,1.9,4.2,12.5,19.2,22.7,9.4,24.5,1.9,0.1,6.6,30.1,5948,45.1,,37.4,17.7,19.1,24.8,40000
21059,2.8,5.3,93.8,89.8,2.8,1.8,5.5,19.3,6.3,6.9,31.9,2.5,0.6,9.9,31.9,103648,38.6,,34.2,20.3,26.2,14.7,68214
21061,6.8,9.1,90.4,87.0,3.8,0.4,7.5,32.9,20.9,4.7,19.9,1.6,0.0,4.4,23.2,12355,45.6,,44.7,20.3,10.7,15.3,54937
21063,9.2,12.0,95.4,88.4,2.3,1.2,8.0,41.0,20.1,9.3,18.3,1.9,0.4,9.3,35.2,7307,43.9,,48.9,15.4,8.7,25.1,45776
21065,10.3,11.1,87.4,80.7,3.3,2.7,6.3,35.3,13.0,6.9,29.6,1.3,1.7,8.6,35.2,14035,44.4,,43.2,15.0,12.2,20.7,46051
21067,3.3,4.6,96.8,92.5,3.3,1.7,7.2,20.9,6.2,7.2,46.2,1.3,0.6,9.7,40.0,323725,35.3,,18.5,17.9,48.3,14.9,69479
21069,8.6,6.6,86.9,80.5,4.0,2.4,6.6,33.1,13.7,9.2,25.2,1.5,0.8,5.4,48.0,15323,41.0,,40.2,14.6,18.9,21.2,49307
21071,6.2,12.3,89.2,84.7,3.3,2.5,5.2,27.1,16.0,10.5,27.8,1.1,0.4,7.8,35.7,35224,42.8,,37.8,19.3,15.3,28.0,41279
21073,3.2,4.0,95.1,86.4,3.7,1.4,5.4,20.0,6.0,6.0,35.5,1.5,0.5,7.5,36.1,51842,40.8,,29.8,22.9,31.9,13.6,65298
21075,6.7,7.4,87.7,86.8,1.5,2.4,5.5,20.9,19.3,17.0,38.2,4.0,2.0,7.5,46.8,6409,40.9,,43.8,19.8,16.1,22.6,38217
21077,3.8,11.6,94.4,87.4,2.8,1.1,8.4,29.5,14.4,5.3,24.9,4.6,1.4,6.5,30.8,8769,39.6,,42.8,18.8,15.0,13.8,63346
21079,4.9,9.1,91.9,87.0,2.8,1.0,7.6,33.1,8.0,4.7,20.1,1.5,0.6,3.2,45.5,17568,43.0,,38.6,20.7,18.7,15.9,63087
21081,3.2,7.1,95.9,88.9,3.1,1.8,6.1,26.9,10.0,4.8,24.9,1.9,0.2,10.7,24.5,25418,36.6,,45.9,20.7,15.3,11.7,69178
21083,4.2,6.5,91.9,82.4,1.9,2.4,7.6,20.7,13.9,5.6,23.9,2.2,0.0,5.8,40.6,36630,40.4,,40.7,19.2,18.4,19.9,50772
21085,5.8,8.8,87.1,82.9,3.6,2.1,8.0,27.9,24.2,5.6,25.4,1.4,1.2,4.4,29.4,26707,40.5,,43.3,17.2,16.1,20.1,50757
21087,7.6,5.0,88.0,84.3,3.9,3.1,7.4,27.2,16.4,3.5,22.4,1.2,1.1,7.5,29.9,11369,45.2,,44.0,19.0,17.4,20.4,46798
21089,4.0,6.5,90.6,84.6,3.4,2.1,5.5,24.1,9.4,4.6,19.7,1.0,0.4,6.6,37.0,35501,44.2,,36.5,21.0,18.8,15.4,60751
21091,3.9,8.0,90.2,83.6,2.5,2.3,4.1,25.0,7.4,4.4,22.8,1.0,1.5,3.2,32.9,9034,41.8,,39.6,19.4,17.3,16.2,65464
21093,2.5,5.1,94.6,90.1,3.9,1.2,5.8,22.4,7.2,6.6,37.4,1.4,0.4,8.4,28.3,111942,37.3,,31.2,25.8,24.8,13.1,67647
21095,7.8,10.5,88.6,84.2,4.0,4.1,4.9,23.8,17.7,8.1,28.4,0.5,1.4,7.3,41.1,25772,40.9,,36.8,21.0,13.0,27.4,41693
21097,2.7,6.6,90.9,81.6,1.9,1.4,3.2,28.2,10.9,9.5,28.6,2.8,0.0,5.9,36.1,19140,42.1,,44.9,16.1,22.5,17.1,66442
21099,7.4,11.4,89.1,83.7,2.0,2.4,11.7,28.7,17.4,8.7,27.6,2.0,0.8,13.8,21.7,19603,40.4,,44.5,17.2,12.2,19.3,52285
21101,3.4,6.9,95.3,90.7,1.4,0.9,4.7,22.8,8.1,7.0,35.1,0.8,0.2,8.2,35.5,44280,40.9,,37.0,21.9,20.1,14.6,58851
21103,3.7,9.5,88.5,83.7,2.8,0.7,6.0,30.5,8.3,5.9,23.7,1.7,0.6,9.1,48.6,15856,41.0,,45.1,18.7,15.5,16.4,63347
21105,7.9,6.4,94.5,89.8,1.7,2.4,8.6,21.2,19.7,5.8,29.2,1.6,0.0,8.4,15.6,4439,45.2,,44.5,18.5,15.1,20.5,60867
21107,4.4,7.3,96.0,89.8,3.3,2.2,4.9,21.3,12.4,7.1,29.3,1.3,2.0,11.4,37.5,45119,41.3,,38.5,21.9,16.9,20.0,56815
21109,12.1,12.7,86.7,83.1,1.8,1.1,5.3,37.7,14.7,9.0,22.6,1.8,0.3,6.2,38.4,13086,40.8,,42.7,17.0,8.8,19.5,40000
21111,2.9,5.9,94.9,90.9,3.4,2.1,5.7,22.2,7.8,8.7,37.9,1.2,0.8,8.7,38.5,783022,38.4,,25.7,20.3,37.0,14.3,69866
21113,3.8,5.8,95.4,91.2,1.9,1.7,6.9,23.8,6.1,4.0,33.3,1.9,0.3,7.3,33.4,54588,38.7,,30.0,17.8,33.5,11.3,74576
21115,5.7,11.6,92.1,89.1,2.0,1.8,6.4,23.5,14.6,5.2,31.7,2.0,1.1,5.1,37.4,22334,42.0,,38.6,20.0,16.8,22.8,44904
21117,2.5,4.6,95.8,92.0,3.0,1.6,4.7,22.3,8.0,6.8,29.3,1.5,0.6,8.2,35.7,171288,37.7,,27.8,19.0,37.4,11.8,80548
21119,12.5,14.5,88.7,84.1,3.9,1.7,2.4,27.1,17.4,8.9,27.3,4.7,0.7,8.3,41.1,13830,44.6,,27.4,17.6,19.5,23.3,41761
21121,11.4,11.7,89.4,85.3,3.4,2.3,8.6,24.4,15.5,12.4,34.7,2.4,0.0,4.4,42.1,29865,39.7,,41.2,17.4,13.6,36.9,32527
21123,7.0,6.5,90.5,85.7,0.8,1.5,4.2,28.2,8.8,3.3,20.6,1.1,0.0,9.7,37.8,15107,40.7,,39.5,22.0,15.5,17.9,67067
21125,5.5,10.0,93.8,90.7,1.9,2.2,7.8,22.6,10.5,5.5,28.4,1.6,1.0,8.2,32.7,62983,40.1,,40.0,18.9,17.5,20.5,57771
21127,7.5,10.8,90.0,83.7,3.6,2.1,5.1,30.1,16.6,5.6,22.2,1.3,0.8,11.9,33.6,16077,42.1,,41.8,19.0,14.6,21.8,46772
21129,12.0,13.0,85.2,75.5,2.0,1.1,5.7,43.4,19.6,13.1,22.3,1.2,0.7,18.7,45.8,7339,43.6,,43.7,15.8,9.2,27.4,37568
21131,6.0,14.0,83.7,81.9,1.6,1.9,2.3,36.8,14.1,7.8,14.5,2.2,0.4,20.7,34.6,10079,42.3,,38.2,25.3,11.5,30.3,35934
21133,6.9,10.7,87.8,86.6,2.7,1.5,3.4,28.3,20.2,6.5,25.9,0.2,1.5,14.6,33.5,20808,43.5,,36.2,21.6,12.5,24.4,41793
21135,10.5,9.1,90.4,84.8,2.9,1.5,5.6,38.6,17.3,3.8,20.8,2.2,0.3,9.7,17.8,12965,42.4,,44.2,12.7,15.3,22.0,46838
21137,6.1,11.1,90.0,85.0,3.5,1.6,7.8,31.1,11.3,5.3,23.6,2.3,0.6,9.0,32.9,24504,40.7,,43.1,17.4,15.9,16.3,52440
21139,2.5,6.2,88.6,83.3,2.3,1.2,4.5,29.2,22.3,3.2,18.8,0.7,0.0,5.5,43.9,8903,45.6,,46.1,18.6,14.7,19.3,58984
21141,4.9,8.4,90.5,86.8,3.2,0.8,8.2,28.1,11.8,6.2,25.7,1.4,0.1,7.3,30.3,27986,40.3,,40.5,21.6,16.1,16.8,60382
21143,4.0,7.2,92.0,89.6,1.2,1.3,6.1,28.3,29.5,6.7,19.6,0.8,0.0,6.1,30.1,8900,47.1,,42.0,17.5,16.5,9.5,65066
21145,1.6,5.3,95.2,89.1,1.9,1.6,5.9,17.6,14.5,6.2,31.1,1.6,0.5,7.1,36.4,67564,42.3,,30.5,21.8,29.0,15.2,64373
21147,9.2,13.4,84.2,80.1,1.5,1.8,8.1,32.3,15.3,10.8,25.8,0.5,0.1,1.3,45.2,16867,39.0,,41.3,18.5,8.5,38.9,33750
21149,3.5,4.8,93.7,85.3,3.1,1.0,3.9,31.4,12.7,4.5,17.2,0.9,0.8,7.6,32.4,9114,43.3,,42.8,18.5,16.8,9.5,65596
21151,3.6,5.2,95.0,88.9,3.2,1.6,5.6,25.2,8.4,4.9,38.0,0.7,0.6,10.7,33.9,95769,34.7,,29.0,18.9,34.4,15.1,63351
21153,14.0,13.6,87.6,84.2,3.3,2.2,3.1,30.8,13.8,8.4,24.6,2.1,0.7,5.9,51.0,11348,42.6,,38.1,15.4,12.8,38.2,33080
21155,5.1,7.7,89.7,86.3,2.4,2.4,3.1,22.4,8.9,6.0,22.3,0.6,0.0,3.6,36.7,19749,40.4,,43.4,16.2,15.1,17.0,59627
21157,3.2,5.4,95.3,85.5,2.5,1.2,8.1,23.7,20.3,4.9,18.4,0.7,0.1,12.1,39.3,31743,45.1,,35.4,25.5,21.2,12.3,65831
21159,8.7,16.4,88.3,83.6,1.8,4.6,1.6,32.3,20.7,8.7,15.1,0.0,1.1,2.2,67.6,11027,40.6,,36.6,21.0,10.2,33.2,37042
21161,5.9,7.8,90.8,85.0,2.7,3.9,4.4,26.8,12.9,9.6,33.9,0.6,0.9,3.4,38.1,16956,42.5,,35.7,18.4,20.0,18.8,52178
21163,2.5,6.5,96.8,91.5,3.0,1.4,5.1,33.0,10.1,4.3,25.9,0.6,0.2,7.4,31.4,30158,39.5,,39.7,22.5,20.0,12.2,74355
21165,7.1,12.4,86.3,81.2,3.5,3.4,6.3,29.8,26.4,7.3,24.5,2.3,0.4,9.2,38.8,6230,46.2,,40.3,14.9,14.9,26.9,45096
21167,2.9,5.0,92.2,86.8,2.6,0.9,5.0,27.2,12.3,4.8,24.1,0.9,0.2,11.7,25.2,23028,42.9,,34.4,22.1,24.9,10.7,64824
21169,6.4,7.0,91.2,83.3,2.6,2.4,6.4,25.9,13.4,7.8,22.3,2.1,0.2,7.0,36.8,10425,42.0,,45.5,16.2,13.0,27.5,51473
21171,6.9,7.6,88.7,83.9,2.4,3.0,6.0,28.4,12.0,5.0,29.1,2.4,0.0,3.0,37.1,11269,41.1,,46.0,17.8,16.0,22.1,51280
21173,5.8,7.8,95.1,89.4,2.3,1.6,7.2,25.7,10.0,5.1,31.7,0.7,0.1,4.6,23.6,28395,40.4,,37.7,20.1,20.9,15.4,56396
21175,8.7,10.4,90.2,85.4,1.3,1.0,8.0,27.3,14.1,5.6,21.1,2.3,0.6,10.0,24.2,14053,41.9,,37.9,17.7,18.7,17.1,47913
21177,4.8,10.9,92.4,84.2,2.9,2.1,4.8,27.0,10.6,5.2,21.2,0.6,0.0,7.5,32.2,30591,43.2,,40.2,20.7,14.7,18.4,51927
21179,2.5,5.2,94.5,90.6,2.1,1.8,5.1,26.6,5.8,2.3,21.7,1.4,0.1,6.8,44.0,47606,39.5,,37.9,17.3,23.8,10.8,69562
21181,5.3,7.0,91.2,81.6,3.4,2.3,3.5,35.6,16.7,11.4,25.5,3.4,0.3,5.9,35.6,7708,40.6,,45.4,20.6,9.8,17.6,59531
21183,7.0,8.9,91.7,85.1,2.8,2.5,5.3,28.1,11.1,5.1,22.8,1.7,0.2,8.1,24.0,23735,40.5,,37.7,21.9,13.9,12.5,57798
21185,1.5,4.0,98.1,95.4,2.2,1.8,3.2,26.2,3.4,1.4,12.9,0.6,0.2,11.1,32.2,69257,39.9,,20.0,19.6,46.4,4.3,122497
21187,4.6,8.8,89.3,80.4,4.1,1.2,6.4,41.9,21.1,3.6,12.0,0.7,0.4,8.5,33.1,11330,42.3,,44.7,13.7,18.3,18.3,61134
21189,20.7,8.8,74.8,73.3,4.9,1.1,4.8,31.5,23.6,16.3,29.9,1.0,0.1,0.0,44.3,3971,47.7,,42.9,17.7,7.1,36.1,22188
21191,4.8,10.6,89.5,81.1,2.7,1.1,6.5,36.4,13.6,5.7,25.3,2.3,0.3,5.1,32.4,14723,42.3,,41.8,16.5,15.4,15.9,64669
21193,8.2,11.4,94.5,88.7,2.7,1.2,2.4,24.8,16.7,7.2,29.6,1.6,0.3,18.9,40.9,27499,41.5,,36.8,19.7,14.8,26.8,42181
21195,7.2,10.3,88.0,83.2,2.3,1.5,4.1,25.3,16.4,9.0,24.7,0.6,1.6,7.3,40.2,56727,43.3,,37.6,18.9,17.8,24.4,44312
21197,7.3,10.7,87.5,79.7,2.9,1.8,5.7,26.6,15.2,8.9,31.8,1.0,0.1,12.2,51.5,13038,39.3,,44.7,16.9,13.8,22.5,40309
21199,6.0,7.7,90.5,85.1,2.6,2.2,6.1,23.3,17.4,5.1,27.5,1.2,0.3,10.2,39.9,65897,42.3,,37.5,21.0,18.1,19.7,51898
21201,5.2,13.3,89.1,78.3,1.8,2.3,4.0,29.4,19.2,1.5,20.5,4.6,0.0,0.0,13.6,2283,38.0,,40.9,14.6,13.8,21.1,51830
21203,7.7,9.0,92.4,80.0,2.2,2.9,6.8,26.4,11.6,9.3,25.7,1.5,0.4,4.6,39.7,16163,42.8,,45.6,18.6,13.7,25.6,48862
21205,6.0,6.7,94.8,93.4,2.3,2.7,6.1,24.7,9.7,8.4,38.5,1.1,1.8,10.5,36.0,24578,31.7,,31.8,21.5,25.9,24.2,54321
21207,6.9,11.3,90.0,82.2,3.5,1.1,7.6,19.8,25.6,6.5,29.2,1.4,0.5,10.7,33.0,18221,42.0,,37.1,18.1,15.4,23.1,44738
21209,2.1,3.7,96.7,92.0,2.9,1.4,4.9,22.2,4.6,3.7,28.3,0.8,0.2,10.2,31.2,59536,36.4,,29.1,20.5,34.7,10.6,85158
21211,4.0,6.2,95.2,91.6,2.6,1.2,5.5,27.2,5.4,4.2,26.1,1.3,1.6,6.6,32.7,49096,40.9,,30.5,17.1,32.8,9.7,82604
21213,2.1,6.9,94.3,88.7,2.2,1.7,8.3,21.0,7.0,3.3,33.3,2.5,0.2,8.8,35.7,19972,38.8,,41.3,19.0,18.8,15.5,59858
21215,2.1,4.9,97.3,92.3,3.2,2.5,3.9,32.7,5.2,3.0,12.1,1.6,0.0,13.6,31.4,20193,42.9,,36.0,22.5,23.6,9.8,102618
21217,3.6,8.1,93.5,88.3,3.1,2.0,3.9,22.7,8.5,5.8,31.2,0.5,0.2,2.8,42.5,26397,37.8,,36.7,22.0,23.0,17.5,60456
21219,10.2,7.4,87.3,77.7,1.8,2.1,20.4,27.8,12.1,10.1,24.0,1.6,2.4,5.1,33.7,12469,36.1,,39.6,19.4,16.5,20.9,61103
21221,5.3,6.2,90.5,78.1,2.1,2.3,12.0,24.3,20.8,6.5,23.1,2.9,1.0,11.8,34.9,14315,45.8,,33.0,23.9,21.7,20.6,59857
21223,2.9,9.5,91.6,85.1,3.6,1.3,5.2,27.2,12.8,3.0,20.3,2.5,0.6,3.4,25.1,8550,43.3,,40.9,17.3,17.1,13.3,66027
21225,3.3,5.4,94.9,89.4,1.4,0.7,5.8,22.1,11.1,5.6,29.8,0.3,0.0,7.2,26.4,13260,42.4,,43.4,20.9,13.1,18.4,60327
21227,6.0,5.5,96.1,91.4,2.9,2.0,7.9,20.3,7.1,7.1,44.4,3.0,1.3,7.5,40.4,140918,33.3,,27.4,20.0,32.3,17.0,65794
21229,5.1,6.1,89.9,82.5,2.0,2.3,11.0,22.4,7.5,5.3,22.4,0.6,2.4,14.4,37.8,12140,42.3,,42.1,17.2,19.6,12.7,61616
21231,10.2,8.8,88.7,85.7,2.8,2.6,5.2,24.8,20.3,6.8,30.9,1.0,0.3,2.5,37.1,19602,43.8,,42.0,16.9,13.9,24.8,45739
21233,5.8,8.0,92.9,84.3,2.2,2.4,4.8,28.7,14.0,4.3,26.2,1.1,0.3,4.0,15.7,12842,39.5,,44.6,18.4,12.8,13.5,59628
21235,6.6,9.1,92.8,83.3,2.8,2.8,6.2,24.5,13.4,8.4,33.2,0.8,2.5,10.0,36.2,36920,35.2,,40.3,17.6,20.9,26.3,44615
21237,13.8,16.2,91.8,89.1,4.8,5.9,2.9,32.1,12.4,10.3,26.4,1.6,4.3,4.2,54.8,6443,42.3,,33.7,19.1,8.7,37.7,30417
21239,3.7,5.3,96.6,92.5,1.6,2.3,5.6,24.0,7.5,4.7,28.3,1.6,0.2,9.0,39.6,27279,42.2,,25.4,16.3,40.7,10.5,83788
22001,8.4,9.9,90.5,81.9,4.3,1.2,6.4,29.4,12.0,10.5,33.0,1.6,0.9,8.3,46.2,56955,37.1,,45.3,15.0,13.9,25.0,45562
22003,4.9,14.4,94.8,81.0,4.6,1.2,7.2,26.2,18.1,7.9,26.0,3.7,0.0,8.6,49.1,22477,37.4,,41.2,20.0,11.9,23.1,46469
22005,3.5,7.2,96.5,91.9,3.0,2.0,6.2,30.2,8.2,4.7,19.0,1.2,0.4,14.2,36.5,130314,36.6,,31.1,20.9,29.1,10.3,91549
22007,8.3,11.9,90.8,83.9,2.6,2.5,8.6,29.2,12.3,9.0,15.2,3.2,0.2,0.7,53.3,20484,42.8,,43.3,16.0,13.8,15.3,51423
22009,9.0,14.3,87.6,78.3,3.4,1.1,7.3,36.3,21.4,9.8,29.9,1.3,0.4,10.3,45.5,38905,39.0,,37.0,21.1,11.5,27.8,39325
22011,3.9,8.4,96.1,89.1,3.7,1.5,8.5,33.2,14.8,5.0,15.2,1.6,0.8,12.0,33.1,36676,37.2,,42.2,19.4,17.1,14.3,65944
22013,2.2,10.8,86.6,65.7,2.9,2.0,8.6,29.6,19.3,9.8,29.8,1.3,0.7,15.3,38.7,12638,43.9,,47.7,18.3,13.2,29.2,35011
22015,2.4,6.7,94.9,85.8,3.4,1.6,9.5,22.7,10.4,7.3,34.9,1.7,0.5,11.2,40.3,129789,36.7,,28.0,24.8,28.4,15.9,69617
22017,3.4,8.7,92.5,85.6,4.9,2.0,7.4,20.4,15.0,9.9,39.8,1.9,0.5,6.9,48.0,230004,39.5,,31.5,23.1,26.0,22.4,50705
22019,3.4,6.8,93.6,86.3,3.3,1.7,7.6,21.1,18.4,7.2,27.2,1.5,0.5,8.4,43.9,207088,37.4,,34.3,21.0,24.9,17.4,67564
22021,5.7,13.2,87.8,79.4,5.0,0.2,6.0,29.1,20.4,8.3,31.1,5.2,0.3,10.6,57.7,9500,40.4,,45.5,19.3,11.2,29.8,47028
22023,2.7,5.1,87.5,82.8,1.2,4.8,2.4,26.0,41.7,2.7,4.6,8.9,0.0,0.0,22.2,5015,43.5,,36.4,22.7,16.8,7.4,75278
22025,8.7,13.5,89.3,76.7,4.0,0.0,6.8,27.4,28.4,10.2,22.0,0.3,0.5,7.1,59.2,8583,39.8,,40.8,16.3,16.0,24.3,50275
22027,4.6,17.4,84.9,50.2,1.8,3.6,3.7,30.6,24.3,14.2,31.2,1.3,0.8,10.0,64.9,13833,42.3,,46.8,17.6,10.7,32.0,32831
22029,3.8,13.0,90.7,81.4,5.4,0.8,9.8,21.1,25.0,10.4,25.8,2.4,0.7,6.1,50.9,18174,38.4,,40.0,17.5,17.2,31.8,39943
22031,3.8,10.3,90.9,79.5,3.1,2.3,5.2,28.1,17.3,8.9,22.8,1.2,0.7,10.9,43.5,27026,40.0,,39.0,22.7,16.0,21.5,48578
22033,3.5,5.7,95.0,91.1,4.8,1.5,8.2,23.6,14.2,8.1,40.7,1.6,0.8,8.8,48.0,452938,34.1,,25.6,20.5,38.5,19.6,63071
22035,4.5,23.0,90.7,70.8,5.5,2.3,4.0,14.3,23.8,9.2,41.6,0.0,0.0,3.0,66.3,7072,37.1,,34.8,19.7,12.2,35.2,33341
22037,3.8,11.5,90.4,83.6,2.6,0.1,4.8,34.9,22.2,5.5,14.4,0.4,0.1,7.3,37.5,19271,44.0,,40.7,16.9,19.3,16.2,73085
22039,10.5,12.7,90.4,78.7,5.1,1.1,8.5,34.6,13.8,11.6,33.8,3.0,0.7,11.5,41.8,32060,38.2,,39.8,17.0,13.7,24.3,41915
22041,7.7,11.6,88.8,76.0,4.1,3.2,7.7,27.4,15.7,8.0,26.8,1.4,0.2,8.8,36.6,19408,39.2,,40.1,18.5,17.5,24.1,47020
22043,4.9,12.0,90.4,79.1,1.7,0.5,7.1,29.3,18.3,6.9,20.6,1.5,0.6,15.2,28.1,22095,38.4,,39.0,21.5,15.4,17.0,64016
22045,5.1,11.9,93.6,86.2,4.1,1.4,6.6,25.3,14.4,12.0,32.7,2.4,1.0,7.6,42.5,68599,38.3,,42.6,17.8,14.8,22.8,56961
22047,8.2,9.1,91.1,85.9,3.1,2.1,8.1,25.7,16.6,6.4,24.9,2.0,0.3,4.9,41.1,29815,40.4,,39.5,14.6,18.6,19.9,54000
22049,5.2,9.9,86.9,73.9,3.4,4.1,7.7,23.9,22.9,10.1,30.0,1.4,0.4,11.7,37.0,14884,41.6,,44.2,17.5,14.7,22.3,44925
22051,6.3,7.4,94.2,88.0,3.9,2.0,11.4,24.3,9.0,7.4,37.4,1.7,0.9,8.8,45.6,430920,40.0,,27.3,21.4,30.5,16.6,65252
22053,5.0,10.4,89.3,81.1,2.6,1.8,5.8,34.1,15.2,5.5,22.9,0.6,0.8,10.2,35.8,31924,38.1,,45.7,17.3,15.4,14.6,57341
22055,2.9,6.9,94.2,91.3,3.3,0.9,8.7,22.9,10.1,6.6,34.5,1.8,0.6,6.4,45.3,247997,36.5,,28.7,19.2,35.3,17.1,67451
22057,6.8,9.7,91.4,86.7,2.4,1.4,5.7,27.1,8.9,6.9,20.1,1.4,0.5,5.1,50.6,96252,39.4,,38.2,16.7,21.1,17.0,63135
22059,6.5,10.6,94.3,89.5,2.7,3.1,3.6,32.6,18.6,6.7,19.4,2.0,0.8,13.8,18.0,14789,36.6,,44.3,17.2,13.1,16.0,68497
22061,2.0,7.8,93.2,77.9,1.9,1.1,5.4,19.2,11.2,9.5,46.2,0.8,0.5,6.2,60.5,48174,28.6,,30.1,19.5,36.2,31.2,39172
22063,3.9,7.6,96.7,92.4,2.6,1.4,8.6,33.8,10.6,3.8,19.3,2.6,0.4,6.5,41.8,148115,36.4,,37.6,22.3,20.5,12.9,80122
22065,6.3,15.5,92.1,77.8,2.4,1.3,8.8,17.2,30.3,14.0,46.9,2.3,3.1,10.8,44.9,9513,35.3,,35.6,25.2,14.1,34.5,35456
22067,6.6,9.8,87.9,76.7,4.9,4.3,5.6,26.5,17.9,11.6,31.4,2.3,1.2,7.8,50.9,24551,40.4,,37.9,22.4,13.8,29.3,39454
22069,3.2,9.2,87.7,81.9,3.0,3.5,6.7,22.5,22.6,9.3,39.1,2.2,1.1,5.7,50.8,36693,33.4,,36.0,19.3,25.8,25.4,46292
22071,4.0,6.4,93.8,86.5,4.5,2.0,8.1,22.6,20.3,17.4,48.8,0.9,0.6,8.8,51.0,371853,38.8,,21.0,20.6,42.4,22.6,56631
22073,3.5,8.2,92.8,83.4,3.9,4.6,7.4,22.1,13.6,8.6,39.0,1.2,0.5,8.3,50.1,158480,36.6,,30.7,23.1,28.6,23.2,54688
22075,6.6,5.8,94.7,88.5,2.5,1.8,6.5,25.8,15.6,1.9,24.2,2.0,2.4,6.8,47.5,22803,37.5,,34.9,24.3,21.5,12.9,86315
22077,6.6,9.6,89.1,84.4,3.9,0.2,7.1,26.3,24.9,7.7,20.0,1.1,0.1,15.3,52.3,20217,43.9,,37.5,18.1,18.4,16.5,65961
22079,4.2,7.9,93.1,87.1,3.0,1.2,8.1,22.2,16.4,9.4,35.2,1.6,0.6,8.9,45.3,127527,37.9,,37.8,19.9,23.1,19.9,54967
22081,3.1,14.4,89.1,72.9,1.8,1.4,8.1,28.8,14.2,8.0,22.7,3.5,0.0,19.1,35.9,7443,41.8,,47.5,16.1,14.0,25.8,49167
22083,6.9,12.6,89.9,77.6,4.6,3.6,6.8,25.2,17.1,8.7,33.2,1.6,1.2,7.7,41.4,19822,40.1,,35.9,20.9,17.6,24.0,53544
22085,4.4,9.9,89.6,78.1,3.1,2.0,7.2,33.1,35.9,10.2,19.7,1.4,0.5,13.8,36.7,21977,41.8,,46.4,19.1,13.6,23.7,50329
22087,6.3,11.4,90.9,88.5,4.5,3.0,7.8,30.9,11.1,8.2,29.9,3.1,0.9,9.7,50.5,44419,36.2,,30.0,24.8,17.6,23.0,58651
22089,4.0,6.8,96.1,93.8,4.3,0.5,7.0,26.0,10.1,2.5,17.9,1.0,0.8,10.7,54.9,51396,39.7,,30.3,22.3,26.9,11.7,80897
22091,4.2,13.4,79.1,69.2,9.1,0.4,6.7,38.1,22.0,10.4,21.0,1.9,0.2,13.3,24.1,10858,43.0,,47.6,16.9,11.4,32.4,41934
22093,2.6,9.6,90.7,87.9,2.3,3.9,4.7,28.3,13.1,5.6,15.6,0.9,0.0,10.4,54.1,19528,40.8,,37.1,18.2,19.5,11.1,65531
22095,3.5,11.0,94.7,91.3,6.5,1.8,6.7,30.3,15.0,5.2,22.5,0.6,1.2,5.6,48.8,40743,40.1,,38.2,19.3,18.2,14.4,66630
22097,6.5,12.1,89.6,74.3,3.3,1.2,7.2,29.8,13.6,9.9,29.9,3.0,1.3,9.5,41.2,81670,37.8,,39.8,18.4,14.9,26.8,44462
22099,6.2,10.6,88.2,83.2,2.3,0.9,6.1,27.2,17.8,9.4,22.3,2.5,0.7,4.0,40.7,51353,40.1,,43.6,16.1,16.8,15.3,55960
22101,6.2,13.5,89.9,87.4,2.9,0.8,8.5,23.2,18.0,11.3,31.4,2.7,0.9,9.1,41.5,47828,39.7,,47.9,13.6,13.6,20.8,52576
22103,2.8,5.2,96.7,94.1,3.0,1.1,6.8,31.5,7.8,4.3,21.1,1.0,0.6,9.6,42.8,272421,40.5,,23.8,23.0,37.7,11.4,81202
22105,6.0,10.3,93.6,89.2,3.5,0.6,7.3,29.6,13.3,6.1,29.7,1.7,0.4,7.5,49.3,136738,35.9,,35.3,19.6,20.8,19.2,56760
22107,4.7,14.7,83.0,70.0,4.1,1.6,5.6,32.5,43.5,9.5,25.8,0.3,0.2,7.8,52.5,3935,47.5,,40.2,22.8,14.6,34.4,36615
22109,6.4,9.5,94.9,87.3,2.8,1.8,7.8,24.0,11.1,6.9,24.7,2.1,0.8,5.1,34.1,106186,38.0,,41.4,18.0,18.7,16.0,64836
22111,3.2,9.3,87.8,64.1,2.5,3.3,9.9,29.8,18.4,7.3,22.2,1.9,0.4,5.2,45.7,20821,43.7,,45.9,20.3,14.8,29.4,42885
22113,5.2,10.6,93.4,88.9,2.9,0.9,7.5,30.0,16.6,9.8,26.6,2.8,0.3,12.7,42.4,57123,39.1,,42.5,15.7,17.6,20.2,55707
22115,3.7,7.4,94.7,88.0,2.6,0.8,6.8,22.9,17.4,6.2,44.0,1.2,0.4,11.0,31.2,47117,32.4,,39.6,21.9,19.8,19.0,57270
22117,4.9,10.8,86.3,74.2,4.9,1.7,6.2,32.6,17.4,11.5,30.7,1.7,1.4,11.0,51.1,45120,40.9,,45.5,20.1,12.8,24.3,45380
22119,4.7,9.3,91.0,66.1,2.5,3.0,5.2,27.3,22.0,10.3,33.2,1.3,0.3,9.2,57.1,35820,41.1,,44.3,20.8,13.3,23.1,41182
22121,2.9,7.1,94.6,89.3,4.5,2.0,4.7,25.0,9.0,5.4,23.2,2.2,0.3,3.1,36.1,27974,36.6,,34.6,20.4,23.3,12.9,87299
22123,8.9,9.4,90.5,71.5,3.0,6.4,5.9,24.3,18.3,5.9,23.9,1.8,0.0,8.6,27.9,9464,42.1,,41.6,20.3,15.2,16.2,49134
22125,4.5,12.3,93.4,89.0,1.8,0.3,5.5,35.3,22.0,5.1,24.3,0.4,0.0,6.2,62.1,15327,42.7,,39.0,15.7,21.6,11.8,77452
22127,6.1,11.2,88.2,77.0,2.4,1.9,6.5,30.0,24.7,8.6,28.8,0.6,0.0,2.8,36.7,13467,40.1,,44.2,18.8,14.4,24.3,48871
23001,2.7,4.1,94.8,89.8,2.8,5.7,5.9,24.4,7.0,9.4,32.1,1.5,0.8,10.0,41.4,113423,40.5,,37.4,20.3,23.4,14.4,67873
23003,3.7,5.2,91.0,84.3,2.9,3.7,8.0,18.3,22.2,8.6,25.5,0.9,1.0,11.3,35.4,67058,48.3,,38.1,19.0,23.4,14.4,56700
23005,1.1,2.1,96.3,92.7,2.1,2.1,4.7,23.2,13.8,6.9,30.2,0.8,0.3,10.4,39.5,308827,42.2,,19.9,15.4,53.0,7.3,95677
23007,1.4,4.5,93.2,85.1,2.6,3.5,7.9,26.8,40.3,9.2,23.7,1.3,0.2,12.9,31.5,30413,46.1,,35.2,19.0,32.0,12.2,58675
23009,1.2,3.2,93.9,91.2,2.7,2.3,9.6,25.4,37.3,6.2,21.5,0.8,0.8,11.6,39.3,56460,49.0,,28.0,18.0,40.1,9.9,72744
23011,1.8,3.4,95.0,91.1,2.4,2.5,5.8,25.4,14.5,7.5,26.3,1.0,0.3,10.3,38.5,126808,43.7,,33.3,18.9,31.9,11.6,69077
23013,0.9,4.3,94.8,90.3,2.2,3.4,5.5,19.6,24.8,5.4,21.3,0.7,0.2,13.7,36.3,41003,49.5,,29.4,17.7,39.7,8.2,74096
23015,1.3,3.7,94.9,89.1,1.6,2.3,6.6,23.3,30.6,4.5,17.5,0.4,0.2,8.6,27.3,36099,51.4,,28.9,16.9,40.2,7.9,76875
23017,1.8,5.6,92.3,87.5,2.4,4.7,8.6,28.9,34.5,6.9,19.4,0.6,0.9,13.8,40.4,59255,48.2,,41.0,16.6,24.0,13.8,60173
23019,1.5,3.7,94.7,88.8,2.2,2.9,6.3,22.7,13.8,8.1,29.5,0.9,0.9,10.1,40.3,154710,42.5,,32.7,19.9,30.1,14.1,66356
23021,3.6,5.0,94.1,88.3,1.9,3.0,10.1,25.2,42.9,4.9,21.2,1.1,1.3,5.7,32.3,17263,51.5,,37.2,21.8,21.6,15.5,61345
23023,1.8,2.5,96.7,93.9,2.9,1.8,5.3,25.8,14.5,5.1,22.2,0.4,0.2,15.2,32.8,37285,47.3,,26.1,16.2,44.2,10.0,87806
23025,2.0,4.7,93.0,86.3,1.9,3.3,7.5,28.0,23.0,5.8,22.6,0.6,0.4,8.9,34.8,50959,47.0,,41.5,19.1,21.1,14.2,58179
23027,1.8,4.6,93.9,89.5,2.2,3.5,9.2,26.6,21.5,5.8,18.1,0.5,0.7,8.6,33.5,40192,47.4,,31.5,18.2,34.4,12.0,72782
23029,2.8,6.2,91.6,84.3,3.3,3.1,9.1,21.6,34.7,6.1,20.3,1.0,0.8,13.8,38.4,31331,48.6,,34.9,20.6,24.7,17.1,56024
23031,1.5,3.1,96.4,92.7,2.2,2.1,4.8,27.7,20.6,4.7,22.7,0.5,0.6,9.8,34.5,216731,45.3,,28.5,18.7,36.2,7.7,88333
24001,1.9,7.6,91.4,84.9,2.5,3.6,3.8,22.7,16.3,9.1,29.3,0.8,0.2,8.9,34.6,67452,41.2,,40.5,19.2,21.1,16.9,59603
24003,2.5,3.9,97.7,95.5,2.5,1.7,4.7,28.9,4.9,4.1,24.9,1.4,0.5,8.5,38.7,598166,39.0,,21.8,19.2,45.8,5.6,124911
24005,3.4,4.9,95.9,91.4,3.2,2.6,5.4,28.0,5.1,7.8,33.6,1.3,0.8,9.3,44.8,850796,39.7,,23.7,18.3,42.3,9.8,91768
24009,1.2,3.9,95.9,93.6,1.8,1.2,3.0,39.3,7.3,3.0,12.8,1.0,0.0,5.4,42.4,94313,40.8,,27.4,22.1,37.0,3.9,133922
24011,5.6,10.6,92.7,88.3,3.6,4.1,7.3,33.4,7.7,5.5,28.1,1.1,0.5,18.5,37.3,33669,39.9,,40.4,20.5,16.2,12.2,68457
24013,1.4,3.3,95.7,92.5,2.3,1.2,2.9,34.4,3.7,3.3,15.7,0.7,0.1,8.2,40.9,175321,41.3,,27.4,19.2,40.7,5.2,118211
24015,2.5,5.7,95.5,91.3,3.4,3.7,3.6,28.5,8.5,4.9,24.7,1.6,0.6,9.9,39.7,104960,40.6,,35.3,20.1,28.0,10.8,92007
24017,2.2,3.3,96.6,93.4,3.3,2.5,4.6,41.4,4.6,3.9,17.9,1.6,0.6,5.8,40.6,170527,38.9,,29.1,23.3,33.5,6.9,122816
24019,4.8,8.9,92.8,85.8,3.4,4.5,5.5,26.9,17.6,11.6,34.4,0.7,0.2,6.5,49.5,32754,43.5,,39.5,20.0,19.4,17.1,61839
24021,3.0,3.6,96.8,93.2,2.3,1.9,4.7,33.1,3.9,4.4,23.0,0.9,0.4,8.8,39.7,287048,39.0,,22.4,17.0,45.8,6.0,122002
24023,3.5,6.3,89.9,83.0,2.5,2.2,6.2,23.7,32.5,7.9,20.3,1.0,0.0,7.8,27.2,28615,48.3,,39.2,15.6,25.9,11.2,67688
24025,1.3,3.6,97.2,92.6,2.6,2.5,3.6,32.1,3.5,4.4,20.3,0.7,0.3,9.7,39.2,263757,40.5,,25.9,19.7,40.3,7.1,112265
24027,3.0,2.1,98.9,96.6,2.4,1.5,4.2,28.5,3.4,3.6,28.5,1.2,0.6,9.0,38.7,336328,39.8,,12.4,12.2,64.5,5.2,149763
24029,1.8,5.3,94.5,85.0,1.8,2.2,6.1,25.4,18.0,5.7,27.5,0.5,0.3,13.9,45.8,19346,48.6,,30.9,15.6,39.6,9.7,80147
24031,5.0,3.6,98.2,95.7,3.4,2.1,7.0,31.9,4.3,8.5,34.7,2.2,1.1,9.7,41.9,1065949,40.2,,13.6,11.8,60.6,7.5,132450
24033,7.9,5.5,97.5,93.8,4.4,2.4,11.4,35.2,4.9,9.2,37.7,3.2,1.8,9.2,43.7,959754,38.5,,25.1,18.5,36.7,10.8,101798
24035,2.0,4.5,97.3,90.0,2.6,2.4,5.7,33.2,9.7,3.2,17.1,0.7,0.1,8.4,46.0,51825,44.7,,27.8,20.3,38.0,6.4,112826
24037,2.6,4.7,95.6,93.1,2.3,3.7,3.9,29.9,8.5,3.2,26.8,1.0,0.4,7.9,37.8,115126,37.2,,27.1,20.5,36.5,8.0,119446
24039,3.1,10.2,90.5,83.4,3.4,3.6,3.6,24.5,23.6,7.6,26.9,0.4,0.6,8.3,40.2,24822,38.1,,41.8,18.5,19.4,16.4,64943
24041,3.1,4.9,94.3,90.1,2.4,2.2,3.9,24.7,16.7,7.3,24.9,1.0,1.0,8.2,43.4,37917,51.2,,22.8,20.1,42.0,9.3,84811
24043,3.3,8.0,93.9,88.5,2.5,3.2,6.3,28.8,6.7,7.7,33.2,1.1,0.9,8.8,38.1,155709,40.7,,35.8,20.3,24.1,12.4,77747
24045,2.6,6.6,95.8,89.7,3.9,2.2,6.7,23.0,8.3,5.7,37.7,1.5,1.0,10.8,39.2,104914,36.2,,33.4,19.1,29.5,13.9,76210
24047,1.6,4.4,95.3,91.2,3.9,3.2,5.0,23.3,57.6,5.9,22.0,1.1,1.1,9.8,45.5,53700,50.7,,28.9,21.5,35.3,9.9,81745
24510,4.0,8.3,93.8,85.4,4.1,5.2,5.9,29.1,13.3,26.7,52.5,1.2,0.6,9.1,44.6,573243,36.2,,27.7,18.4,36.1,19.7,62177
25001,1.6,2.1,96.5,94.3,2.9,2.8,2.7,24.8,36.4,5.4,18.9,0.9,0.3,11.0,48.8,231668,55.4,,20.9,17.9,48.2,7.7,95241
25003,1.6,4.3,94.3,90.3,3.2,3.4,1.7,21.2,17.7,9.6,30.1,0.7,0.2,10.4,43.6,129430,47.3,,28.8,17.5,40.0,11.4,76013
25005,6.7,6.6,94.1,90.2,3.6,4.2,3.3,28.5,4.6,9.5,37.7,1.5,0.7,9.9,42.3,582270,40.9,,30.5,16.1,30.8,11.3,85625
25007,2.2,2.5,97.8,95.0,4.4,1.4,2.1,16.4,57.4,3.2,17.9,0.3,0.6,12.8,34.1,20933,50.7,,19.7,15.4,51.9,4.4,125786
25009,5.2,4.7,95.2,92.4,3.4,4.5,2.8,28.5,5.0,9.3,36.5,1.8,1.1,10.5,46.4,813054,41.2,,24.1,14.8,43.0,9.4,101883
25011,1.5,4.0,94.5,91.3,3.4,2.9,2.1,23.8,8.6,7.9,29.9,1.4,0.2,8.9,48.5,70944,47.2,,26.9,16.8,40.6,12.1,74907
25013,5.4,7.4,92.1,89.0,3.6,5.1,3.0,22.7,6.6,12.0,37.8,1.1,0.7,9.7,44.3,462815,40.0,,30.3,17.6,29.3,16.3,71306
25015,2.0,2.6,96.4,92.9,3.1,3.9,1.7,23.2,7.0,7.4,32.2,0.6,0.5,12.1,44.5,162028,37.4,,20.5,14.8,51.6,11.3,87001
25017,3.5,3.2,97.0,94.7,3.0,2.9,2.4,29.9,4.5,10.3,38.7,1.5,0.8,9.5,37.6,1638365,38.9,,17.2,10.9,59.5,7.7,130847
25019,5.2,1.6,98.7,95.3,3.1,3.3,7.8,16.0,58.3,3.5,28.2,6.6,0.6,13.3,41.3,14483,42.4,,17.1,15.2,56.3,3.2,139688
25021,3.0,2.5,96.8,94.8,3.4,2.5,1.9,32.5,4.0,9.2,31.3,1.3,0.7,10.4,41.1,730082,40.9,,16.9,12.0,58.8,6.7,130739
25023,3.2,3.7,95.9,92.9,3.4,3.3,2.5,32.5,6.9,6.0,22.4,1.3,0.7,9.4,45.4,535075,43.0,,26.3,16.1,41.8,7.1,114201
25025,7.6,4.9,95.4,91.6,4.4,4.2,3.1,30.9,8.4,31.6,63.5,2.2,1.9,9.9,42.1,785121,33.9,,20.2,11.6,50.6,16.2,95631
25027,3.7,5.1,95.7,92.9,3.5,3.5,2.5,29.2,5.5,8.3,34.2,1.4,0.6,10.1,40.5,867788,40.2,,26.3,16.6,39.7,10.3,95939
26001,1.4,5.7,91.8,83.4,1.9,2.2,3.9,27.9,48.6,3.5,10.4,0.5,0.3,18.1,33.9,10397,60.0,,36.8,23.1,21.4,12.3,54993
26003,1.5,4.6,92.0,85.4,2.8,3.6,4.3,22.9,43.2,5.6,13.7,1.1,0.3,19.3,16.4,8762,49.1,,41.2,21.5,21.0,10.4,61286
26005,2.4,5.2,96.0,91.6,1.8,2.6,4.8,24.2,13.5,2.5,12.6,2.0,0.3,9.2,36.6,121456,41.0,,35.6,20.9,27.1,8.4,83283
26007,2.0,5.5,91.2,85.1,3.3,2.8,5.2,17.5,17.1,8.0,20.0,1.6,0.0,15.9,35.3,28880,47.8,,34.7,25.0,18.3,18.0,53950
26009,1.5,3.8,95.4,88.8,2.1,3.2,5.8,25.2,37.4,3.5,13.6,1.2,1.0,7.7,24.4,24127,51.8,,30.4,20.1,34.3,9.9,72054
26011,3.1,8.7,91.0,87.0,3.1,2.6,6.0,26.6,31.4,6.6,13.8,1.1,0.1,5.9,35.6,15077,50.2,,35.0,25.7,16.0,11.7,58811
26013,1.5,6.7,89.3,83.9,2.2,3.6,3.8,18.4,32.0,6.8,21.5,0.6,0.4,9.7,22.0,8191,46.0,,37.1,29.0,14.8,15.2,55327
26015,2.3,4.3,93.5,86.8,2.5,1.9,5.2,27.7,11.9,3.4,12.7,1.0,0.6,11.2,33.8,63409,42.3,,35.1,23.9,24.9,8.4,77500
26017,2.0,6.1,93.7,88.2,2.6,3.2,4.4,23.1,7.3,6.6,23.0,0.6,0.3,8.1,34.8,103008,43.9,,33.1,24.6,22.1,13.2,61763
26019,1.6,4.3,95.7,93.0,1.7,2.4,5.6,24.6,37.5,2.5,12.2,0.7,0.9,12.9,38.1,18310,50.8,,26.3,21.4,36.9,9.7,74834
26021,2.4,5.3,93.9,89.3,3.7,3.1,6.4,21.2,17.2,8.0,27.2,0.9,0.5,8.6,41.3,153288,42.7,,28.6,22.0,30.9,15.1,65425
26023,5.6,5.8,91.1,84.7,3.3,2.2,9.8,22.7,19.4,6.7,22.3,1.6,0.9,6.1,37.1,45300,40.6,,38.4,23.2,17.3,16.4,63724
26025,2.3,6.3,93.6,89.6,3.8,2.0,5.8,20.5,10.5,7.0,27.3,1.1,0.3,11.7,36.9,133778,40.2,,35.4,23.2,22.9,13.9,63177
26027,2.7,7.2,92.6,88.6,3.0,3.1,6.9,24.4,17.4,5.1,18.4,1.4,0.3,14.5,31.9,51520,45.5,,34.1,23.2,21.8,11.9,70443
26029,1.4,3.5,94.5,90.1,1.9,2.6,6.2,19.9,30.5,5.4,16.5,0.9,0.4,14.3,35.1,26108,50.4,,27.3,21.8,35.2,8.7,76531
26031,2.1,6.8,92.4,87.0,3.1,2.6,5.9,24.8,37.3,4.8,14.4,0.8,0.1,4.9,36.3,25865,52.2,,34.5,21.3,24.4,12.4,62875
26033,2.0,5.4,92.5,87.8,2.7,2.9,5.7,17.4,30.8,6.9,25.0,1.5,0.8,11.1,36.2,36295,41.6,,35.4,25.3,23.3,14.0,62217
26035,4.6,6.8,89.7,82.3,4.4,3.5,10.2,29.9,43.1,7.8,13.1,1.7,0.8,12.3,37.1,31218,49.0,,42.2,23.0,12.9,21.6,49384
26037,1.8,2.9,96.2,90.3,2.4,2.3,2.9,23.9,5.0,2.8,17.8,0.6,0.4,7.2,36.3,79626,41.8,,24.8,23.1,35.4,9.7,88210
26039,1.6,7.1,95.2,89.9,4.0,4.1,5.1,25.7,39.7,8.3,20.4,0.8,0.2,8.9,36.4,13369,51.6,,33.1,25.8,20.3,14.7,60392
26041,1.1,6.0,92.0,87.1,2.2,2.1,4.8,18.2,19.5,7.2,18.0,1.0,0.4,4.9,35.9,36813,48.0,,34.2,22.8,20.6,12.7,57809
26043,0.5,3.0,92.5,87.6,2.1,2.3,3.7,17.0,14.7,7.3,17.6,0.5,0.1,10.6,38.3,25954,46.9,,35.1,24.3,25.3,10.5,65156
26045,1.5,4.3,95.7,91.2,2.9,2.9,4.4,22.7,4.9,5.3,25.8,0.9,0.4,6.3,34.7,109130,41.4,,27.1,25.7,30.8,8.3,79597
26047,0.9,2.8,95.8,91.1,1.9,1.8,6.4,19.9,30.9,5.0,23.0,0.6,0.2,9.1,35.1,34125,47.0,,23.5,21.2,41.6,8.5,78112
26049,1.8,6.6,94.8,89.6,4.7,3.0,4.8,26.9,9.0,7.4,29.3,1.1,0.2,8.3,44.3,403305,40.6,,32.0,25.2,23.3,16.4,62281
26051,4.4,6.5,90.9,86.0,3.2,5.0,8.1,29.8,33.8,7.8,13.9,1.8,0.7,9.3,36.4,25693,50.7,,37.7,24.6,16.9,14.9,55349
26053,1.2,2.8,91.0,85.9,3.5,2.8,5.1,19.1,32.8,7.6,19.0,0.8,0.2,7.5,33.3,14319,51.2,,32.2,25.5,22.8,14.4,52732
26055,1.4,2.9,96.6,91.9,2.4,2.6,4.3,20.6,14.3,4.9,22.8,1.2,0.2,12.1,38.2,96166,43.5,,21.6,22.1,40.6,9.6,81647
26057,2.2,6.1,93.4,85.9,2.2,2.8,4.2,23.9,8.1,5.2,21.1,1.3,0.3,16.1,30.8,41385,39.6,,40.2,24.0,18.7,14.0,63556
26059,2.8,6.1,91.2,85.9,2.5,2.3,6.4,24.0,17.0,5.5,18.0,2.1,0.8,9.1,31.7,45654,43.1,,40.3,20.7,21.2,14.4,64242
26061,1.7,3.9,93.0,88.7,3.3,2.4,5.1,15.6,24.2,6.5,28.2,1.4,0.7,9.9,46.7,37693,32.2,,28.1,21.0,37.2,16.5,58899
26063,1.9,5.6,91.1,83.4,2.3,1.8,4.8,20.9,30.5,6.3,18.2,0.6,0.1,9.9,31.7,31113,49.5,,41.2,21.4,18.5,12.6,58870
26065,2.0,4.3,95.8,90.3,4.0,3.7,4.9,20.5,7.2,8.9,40.5,0.8,0.7,8.3,44.8,283913,33.3,,21.5,21.6,41.2,16.7,65526
26067,2.4,6.7,93.7,87.6,2.3,2.5,5.2,27.1,6.1,6.2,22.7,1.1,0.1,14.0,35.1,66574,39.1,,37.9,24.8,18.5,10.6,75611
26069,1.8,7.9,91.0,84.9,3.1,2.9,4.6,21.0,41.6,7.2,17.9,0.5,0.3,8.1,32.5,25347,53.5,,36.3,24.8,19.3,17.7,50066
26071,1.5,3.7,89.2,83.1,2.6,2.7,5.0,20.0,39.4,6.6,15.5,2.0,0.1,17.4,30.9,11667,53.1,,40.5,20.3,22.5,17.0,55940
26073,3.0,5.1,95.3,81.7,4.0,3.7,7.8,19.6,13.1,7.2,38.2,1.2,0.4,9.2,42.7,64565,30.1,,29.3,21.5,31.3,21.9,55237
26075,1.5,6.1,95.0,91.5,3.1,2.9,4.9,22.5,9.7,6.7,25.0,1.1,0.2,6.8,38.5,160060,41.5,,34.7,23.7,23.4,11.6,66073
26077,1.3,4.0,95.9,90.6,3.6,1.9,4.7,20.7,6.8,7.3,35.5,0.8,0.3,7.8,44.3,262375,35.0,,22.3,21.5,41.3,12.7,72532
26079,2.6,6.9,94.4,87.4,2.1,2.6,6.1,29.7,33.4,5.0,11.8,2.3,0.5,5.0,31.5,18239,44.4,,38.8,24.0,19.0,12.2,68578
26081,3.4,4.3,95.8,92.2,2.9,2.8,4.8,21.0,4.6,6.2,29.7,1.5,0.5,9.1,39.9,663150,35.9,,23.4,19.0,40.8,10.1,82631
26083,1.4,2.5,93.6,86.1,1.0,1.0,8.7,21.6,50.8,2.4,9.3,0.3,0.4,0.0,35.3,2133,57.1,,24.0,20.6,41.2,15.2,52583
26085,3.8,10.6,92.4,81.2,3.3,7.2,7.3,34.0,61.4,6.9,18.0,1.1,0.4,13.8,45.4,12563,50.5,,43.0,22.8,12.7,20.5,50805
26087,1.8,5.9,94.5,88.2,3.0,2.4,4.8,34.5,6.2,4.5,14.0,1.3,0.1,9.8,41.6,88837,44.7,,36.6,24.1,20.4,9.7,77306
26089,0.6,2.3,97.2,93.1,1.7,1.6,3.2,23.6,38.8,2.8,8.4,1.0,0.2,0.0,39.5,22734,55.9,,17.8,19.2,51.8,6.5,99422
26091,2.3,6.3,94.9,89.5,2.7,2.6,5.0,27.6,11.2,5.4,20.4,1.2,0.4,9.5,37.2,98415,42.4,,35.5,22.8,22.7,10.7,70518
26093,0.9,2.7,96.9,93.3,2.2,1.5,2.7,30.6,4.9,3.2,13.1,0.5,0.2,10.6,38.4,195833,43.9,,24.2,22.1,40.2,5.1,103039
26095,2.2,5.2,93.2,85.9,4.1,3.1,5.2,18.2,39.6,5.6,17.4,0.8,0.2,12.0,45.3,6271,44.6,,43.0,19.7,17.3,16.7,54893
26097,2.8,5.1,92.7,84.4,4.1,2.1,10.3,24.0,50.9,10.1,22.1,0.4,0.7,5.7,31.2,10957,53.0,,36.7,22.8,25.0,16.1,63909
26099,3.6,5.6,95.7,93.2,3.6,3.1,4.9,26.3,3.9,6.2,25.0,1.3,0.6,10.4,40.5,879853,41.3,,28.8,23.3,27.7,10.4,77837
26101,2.5,5.3,91.4,86.1,3.2,4.1,4.8,21.7,32.8,4.8,14.2,1.1,0.3,5.4,45.8,25350,50.3,,33.3,24.1,24.9,12.7,63516
26103,0.9,3.4,94.6,84.8,2.7,3.0,3.4,18.0,15.9,5.9,30.4,0.5,0.2,10.9,42.7,67112,39.3,,25.7,22.1,36.8,14.0,65429
26105,1.7,4.2,94.5,86.5,2.5,3.0,5.2,19.5,27.3,6.5,21.7,1.0,0.2,11.2,37.3,29207,47.3,,32.0,23.0,26.6,14.1,64748
26107,3.4,5.2,93.5,82.0,2.2,3.4,7.8,23.7,21.0,7.1,23.1,1.1,0.9,10.4,41.7,41242,40.0,,36.9,22.2,22.5,19.9,60951
26109,2.4,4.8,89.0,85.0,2.3,2.1,4.1,22.8,21.9,6.9,19.3,0.3,0.2,11.8,34.5,23247,49.6,,37.9,21.8,18.5,12.2,56435
26111,0.9,3.5,94.3,89.5,2.6,3.0,4.2,23.7,5.8,5.4,21.9,1.4,0.1,6.6,44.3,83757,41.8,,27.1,20.9,36.6,10.7,77705
26113,2.2,6.7,91.7,86.5,3.9,2.3,8.4,24.5,31.9,4.7,15.1,1.5,0.8,10.2,39.6,15207,43.3,,38.6,23.2,18.8,11.3,66194
26115,1.9,6.2,94.9,89.2,3.0,2.2,3.4,26.2,5.4,4.7,18.3,1.0,0.3,9.4,41.2,155505,42.8,,33.2,23.7,23.3,10.5,77335
26117,4.1,7.5,91.5,83.9,2.8,2.8,8.9,30.7,12.9,5.7,16.9,1.3,0.8,8.9,35.3,67816,40.4,,38.8,23.5,16.0,12.6,67344
26119,1.6,7.6,92.0,82.9,2.2,5.6,6.1,26.3,44.9,6.6,12.1,1.4,0.0,2.4,50.7,9516,56.9,,39.3,26.0,15.6,18.2,49756
26121,2.0,5.9,93.9,88.8,3.8,4.0,4.5,21.6,10.0,7.4,21.9,1.1,0.4,7.4,45.1,175961,40.0,,34.5,24.3,21.3,14.1,65024
26123,2.9,7.7,92.8,83.8,2.4,3.5,6.2,30.6,21.2,4.7,13.5,1.9,0.4,10.9,33.8,50792,42.7,,39.6,22.2,18.1,12.8,63304
26125,1.9,3.1,96.9,94.2,3.2,2.2,3.8,25.8,5.5,5.3,27.3,0.8,0.4,8.1,36.6,1279825,41.3,,17.7,18.2,51.0,7.7,97760
26127,3.8,5.9,92.2,83.1,3.6,2.4,7.5,23.7,33.7,4.3,15.5,3.5,0.6,7.5,29.7,26915,44.2,,36.2,22.4,21.5,13.6,62417
26129,2.2,7.2,93.3,86.4,3.0,3.2,6.0,26.9,38.9,5.7,16.3,1.4,0.6,5.9,46.3,20885,51.2,,38.3,23.3,17.2,16.7,54666
26131,0.7,4.8,90.5,86.1,2.3,1.4,5.5,25.0,39.9,4.7,12.9,0.8,0.1,15.3,23.7,5850,59.8,,37.9,24.8,18.4,12.5,54398
26133,3.6,6.3,91.8,82.0,3.4,2.7,9.3,25.8,26.0,7.0,16.3,1.6,0.4,7.2,35.4,23227,43.9,,39.6,24.1,16.6,15.8,58267
26135,5.3,8.8,89.0,81.4,3.6,2.8,13.0,29.1,50.9,9.5,12.8,1.2,0.2,11.8,28.0,8425,52.5,,36.0,26.5,15.6,17.2,49515
26137,1.4,4.2,96.7,91.3,2.5,2.1,5.7,20.2,24.5,4.1,22.8,1.5,0.4,13.5,39.8,25584,44.4,,33.5,23.0,26.3,8.0,68183
26139,2.2,3.4,97.1,93.0,2.4,2.4,3.3,20.1,5.3,3.7,20.7,1.3,0.3,9.7,39.8,301203,36.5,,25.6,19.8,38.9,8.3,90502
26141,2.7,4.9,92.0,85.1,3.0,2.2,5.2,26.7,32.1,6.3,11.3,1.1,0.3,11.7,42.7,13209,56.1,,35.5,23.1,21.4,14.0,59321
26143,1.8,6.4,92.8,87.8,2.0,4.0,4.9,24.3,50.1,6.8,14.6,0.9,0.9,6.1,42.3,23737,57.7,,33.8,25.9,20.2,15.5,55246
26145,2.1,6.3,94.4,89.0,3.7,3.7,4.5,22.4,9.6,7.0,25.9,0.8,0.4,9.4,45.6,188665,41.2,,32.1,23.8,24.4,18.2,60622
26147,1.9,6.0,94.9,90.9,3.5,2.5,4.9,28.5,6.8,5.9,19.2,0.8,0.3,10.5,44.7,160221,44.5,,33.0,26.0,20.3,11.3,71270
26149,6.0,7.3,92.0,88.8,3.6,2.4,10.1,21.0,13.5,7.9,23.9,0.9,0.3,9.3,29.5,60969,39.9,,37.2,22.3,16.9,11.4,66425
26151,3.4,6.0,92.1,85.4,3.3,2.4,7.8,28.6,19.5,5.9,17.4,1.2,0.6,9.8,35.1,40462,45.5,,41.0,21.9,16.5,15.3,58863
26153,1.7,6.8,93.2,85.8,3.1,3.7,5.1,18.2,34.7,5.3,13.4,0.2,0.3,16.2,33.2,8128,52.6,,35.7,24.4,21.1,14.1,56782
26155,1.6,5.6,94.4,88.5,2.4,2.7,4.0,27.8,7.3,5.6,19.9,0.8,0.3,7.8,38.8,67991,43.2,,33.9,26.7,20.0,12.0,67404
26157,1.6,5.8,92.0,85.1,3.3,3.5,4.6,29.6,10.5,6.2,13.6,1.2,0.3,8.5,35.7,52980,44.8,,45.3,20.3,16.3,12.8,63811
26159,4.3,6.2,93.9,89.4,2.4,3.8,7.0,24.5,18.1,5.7,19.4,1.6,0.4,9.3,38.9,75795,41.2,,33.3,23.8,23.0,14.3,68114
26161,1.5,2.5,97.8,94.1,2.9,2.5,3.3,23.5,5.8,8.2,38.4,1.1,0.3,8.2,47.9,369822,35.0,,14.4,16.2,58.7,14.2,89180
26163,3.9,8.1,94.6,89.7,5.1,3.8,5.6,24.7,12.5,11.6,35.2,1.7,0.6,9.1,45.3,1772259,37.9,,29.1,22.7,27.6,20.8,60539
26165,2.4,7.6,94.0,87.5,2.9,4.2,6.7,23.6,17.4,6.0,19.1,2.2,0.7,12.2,40.1,34077,42.2,,36.0,21.5,21.3,13.9,61085
27001,1.4,4.0,92.6,85.3,2.8,3.3,5.2,27.7,49.3,5.0,14.7,1.1,0.5,8.7,38.6,16056,56.9,,37.3,24.2,20.3,13.1,60833
27003,2.1,3.5,97.0,94.2,3.0,3.5,4.6,25.6,3.1,4.6,19.8,2.2,0.6,9.9,41.2,370349,38.8,,27.5,21.9,32.2,7.0,101869
27005,2.0,4.8,94.4,88.8,2.6,4.2,5.8,21.7,28.0,5.8,22.8,1.7,1.0,11.3,35.0,35343,43.5,,28.1,22.8,28.0,12.9,71388
27007,2.1,5.6,94.7,91.8,2.9,3.9,7.8,21.0,16.4,5.9,29.9,1.6,0.6,10.3,33.5,46512,35.3,,26.6,21.2,31.8,16.1,68975
27009,1.9,5.5,95.3,91.1,2.8,3.0,3.4,23.2,5.0,6.1,33.3,2.8,0.3,5.7,34.2,41593,36.2,,29.1,22.4,26.2,9.9,74410
27011,2.6,3.5,93.4,90.2,1.0,2.2,3.5,18.4,28.8,4.4,20.3,0.4,0.0,2.5,38.8,5127,47.0,,35.5,16.6,25.7,12.9,70400
27013,2.4,2.9,96.6,88.9,3.4,3.3,4.3,16.8,7.6,6.6,38.6,1.4,1.1,6.4,41.8,69871,31.6,,24.5,21.8,34.2,15.7,74477
27015,2.8,4.4,91.8,86.8,1.9,2.3,4.6,14.6,6.8,4.9,21.1,1.0,0.2,15.4,32.5,25800,42.0,,34.5,21.2,24.5,8.5,69378
27017,2.6,3.9,94.6,88.0,2.8,2.6,4.5,21.5,11.4,5.7,20.0,0.9,0.3,12.4,34.2,36518,41.4,,30.3,22.1,26.5,11.9,80573
27019,1.4,1.6,97.8,94.7,2.2,2.3,2.1,25.6,2.6,3.8,18.5,0.6,0.5,11.5,31.5,110041,39.0,,18.1,17.1,50.4,4.4,125946
27021,1.1,4.6,94.5,89.3,3.6,3.5,6.9,25.2,47.4,4.2,13.8,1.3,1.0,8.4,30.2,30992,49.9,,31.8,24.0,26.0,12.8,68874
27023,3.9,4.4,93.5,87.7,2.7,1.8,7.3,16.8,9.5,6.9,27.7,1.2,0.2,4.6,38.6,12377,41.7,,34.8,20.3,19.3,14.5,71458
27025,0.7,3.3,95.3,92.9,2.7,2.3,4.3,31.0,7.1,3.9,14.1,0.6,0.5,9.8,42.7,57991,40.8,,32.7,23.2,24.4,6.0,99400
27027,1.6,3.1,95.6,89.8,2.9,5.4,4.0,19.7,4.1,9.1,34.1,1.0,0.6,8.5,44.1,66059,33.7,,22.5,21.0,39.3,13.3,81172
27029,3.3,8.3,88.8,84.8,4.4,3.8,12.4,25.9,25.3,9.2,19.9,3.5,1.1,10.5,26.8,8616,41.6,,37.1,20.7,19.8,12.6,64475
27031,1.2,2.2,98.2,92.7,1.4,1.0,5.2,16.6,55.4,2.5,22.3,0.6,0.8,16.2,24.8,5635,53.0,,21.5,16.6,46.6,10.2,72638
27033,1.6,4.0,92.7,85.3,1.8,3.5,5.9,15.3,10.4,5.9,25.6,1.6,0.7,8.9,21.0,11458,40.3,,36.2,22.5,24.1,15.0,72941
27035,1.1,4.3,96.3,89.9,3.2,3.9,5.2,23.1,31.1,4.9,23.0,0.5,0.5,10.7,33.8,67686,45.7,,28.2,23.0,29.3,9.9,72589
27037,2.0,2.9,97.3,94.4,2.5,2.7,4.2,23.6,2.5,4.9,25.1,1.4,0.8,10.0,39.8,445771,38.6,,19.1,19.3,45.0,5.8,106318
27039,1.7,2.9,94.8,90.7,2.3,1.1,5.5,25.9,4.7,3.8,13.4,1.2,0.1,7.3,34.3,21045,38.7,,28.5,21.6,30.2,7.0,95739
27041,1.2,2.8,95.0,88.8,1.8,2.9,4.0,20.5,21.6,5.0,23.5,0.6,0.3,11.5,31.5,39575,44.5,,29.1,19.2,29.7,9.0,79043
27043,2.1,5.8,92.4,84.8,2.1,2.7,5.8,20.2,11.9,4.9,20.8,1.3,0.1,18.6,23.9,13914,44.3,,32.1,23.9,21.8,10.4,66815
27045,2.7,3.9,90.6,87.0,1.8,1.8,7.2,25.7,10.0,5.8,17.4,1.2,0.6,7.1,33.1,21414,42.3,,31.1,21.0,24.1,8.4,77512
27047,3.6,5.0,92.0,86.3,2.8,3.4,6.6,19.7,9.0,5.8,20.5,1.4,0.4,6.3,38.6,30623,44.3,,33.1,24.3,18.2,10.6,71023
27049,2.0,4.7,94.1,91.3,2.3,3.8,5.9,23.8,6.8,6.8,21.2,1.0,0.1,10.6,39.2,47943,42.5,,34.0,19.1,27.9,9.3,84171
27051,0.9,4.2,93.9,88.7,1.7,6.4,5.1,23.2,20.6,4.6,20.8,1.3,0.3,6.5,37.1,6127,43.2,,30.6,22.4,21.0,11.6,73917
27053,3.2,2.7,96.9,92.8,3.2,3.9,4.5,21.9,5.6,9.3,37.3,1.6,1.1,9.3,38.2,1269496,37.6,,15.0,16.4,54.1,10.0,97653
27055,0.7,3.9,93.1,87.6,1.0,1.4,3.2,23.8,7.3,3.2,16.6,0.5,0.2,12.2,36.5,18653,45.1,,31.0,16.4,30.1,6.6,79825
27057,1.6,4.2,93.8,88.7,2.5,3.7,5.5,24.0,39.3,4.5,16.9,1.0,0.7,4.1,43.0,21831,48.6,,27.4,22.0,30.7,10.8,71995
27059,1.5,5.3,95.5,90.7,2.8,2.5,4.5,30.7,5.6,3.9,16.3,0.9,0.3,8.3,41.5,42596,40.2,,34.7,24.2,20.7,7.5,87440
27061,1.1,3.7,94.1,88.5,3.3,4.1,4.8,24.1,27.8,4.7,17.0,1.2,0.6,12.5,45.6,45275,46.9,,30.1,24.7,25.9,12.2,68603
27063,1.1,4.0,92.8,89.1,1.6,2.0,3.0,18.4,10.6,3.9,19.9,1.1,0.3,7.0,31.2,9933,44.5,,31.8,22.7,26.1,8.6,75743
27065,2.5,6.7,90.6,84.8,2.8,2.7,4.6,34.3,16.3,3.4,15.5,1.3,0.4,6.3,35.0,16390,44.7,,37.3,26.1,15.7,10.0,71460
27067,5.0,3.7,95.5,88.5,2.4,3.7,6.4,17.5,13.4,5.5,27.5,0.9,0.9,10.7,30.8,44079,40.0,,26.7,21.5,27.9,9.1,76592
27069,1.9,2.2,92.3,89.1,3.1,1.1,2.5,19.1,20.4,3.3,17.1,1.8,0.2,2.6,23.8,4084,47.8,,30.3,21.1,29.1,9.1,76100
27071,1.0,4.3,93.1,89.3,2.7,3.8,5.7,16.3,20.9,8.9,19.6,0.3,0.0,9.9,21.8,11833,51.6,,31.8,26.4,22.0,10.9,66940
27073,1.4,3.4,90.4,85.4,1.2,2.3,3.8,16.9,15.7,3.4,17.5,0.1,0.9,9.4,33.5,6682,47.4,,33.4,21.9,23.3,8.1,74432
27075,1.3,4.0,91.5,87.6,1.4,1.8,4.9,24.8,33.7,3.5,16.5,0.4,0.5,9.6,35.4,10879,49.4,,30.3,22.3,26.8,8.6,75541
27077,0.7,2.5,91.1,90.8,1.0,0.9,3.5,16.2,48.0,2.4,18.2,2.0,0.0,29.7,22.6,3821,50.7,,30.5,26.8,25.4,6.4,77546
27079,1.6,3.8,95.6,89.2,2.9,2.9,4.3,24.6,10.8,3.5,19.0,0.6,0.4,15.0,29.9,29113,41.8,,31.3,22.1,26.3,6.4,94968
27081,2.8,3.0,93.0,88.3,1.6,3.1,5.5,22.0,19.7,3.3,18.6,0.3,0.0,4.4,38.9,5603,45.6,,33.0,21.5,25.7,11.9,69694
27083,4.1,3.5,95.0,91.2,2.2,4.5,6.1,14.6,10.3,8.3,27.5,1.0,0.6,8.0,34.5,25503,37.4,,26.7,21.8,31.1,12.2,75303
27085,1.7,4.6,93.3,88.5,2.2,2.4,5.0,23.0,4.7,3.4,22.6,1.0,0.2,9.2,30.5,36798,41.6,,35.1,22.4,20.2,8.7,80084
27087,3.3,8.6,90.9,85.5,5.7,8.4,11.9,20.4,26.0,9.0,26.7,3.6,1.1,6.4,28.3,5358,35.4,,34.0,23.5,16.2,18.3,59441
27089,2.2,4.8,92.3,87.4,2.2,1.9,4.6,23.1,14.0,4.6,17.0,0.7,0.3,21.8,20.9,8909,43.2,,37.3,21.8,18.7,8.3,72543
27091,1.2,3.7,93.1,86.3,2.6,4.2,4.1,16.9,9.1,9.9,31.1,0.4,0.1,12.5,38.3,19780,43.9,,33.9,22.7,23.8,13.1,59507
27093,1.3,4.9,92.9,88.1,2.1,2.1,6.6,25.2,12.9,4.2,20.7,1.0,0.3,7.4,38.5,23468,42.2,,34.7,22.1,19.9,9.1,75446
27095,1.8,6.6,93.4,87.4,2.6,3.5,4.9,32.0,18.3,5.5,22.1,1.3,0.5,8.1,34.0,27125,41.2,,37.1,23.2,18.2,10.4,72729
27097,2.4,4.8,91.4,86.9,2.5,2.9,3.9,28.6,13.4,4.8,19.4,0.9,0.2,8.2,28.4,34249,42.5,,37.3,21.6,18.9,11.0,69446
27099,6.7,4.7,94.5,87.9,2.5,3.8,7.1,20.7,7.6,5.2,22.4,2.8,0.3,6.4,37.4,40343,39.2,,32.2,19.3,23.9,10.4,73074
27101,3.6,4.4,93.2,85.1,1.7,1.7,5.0,21.0,18.0,4.5,17.8,1.0,0.0,8.3,30.6,8097,46.5,,33.7,21.3,23.5,9.3,74033
27103,2.2,3.2,93.1,88.6,1.5,3.0,3.4,16.4,4.4,4.1,27.8,2.2,0.1,9.2,31.1,34411,38.3,,25.5,18.4,36.1,8.0,79756
27105,13.2,7.3,93.4,88.0,2.0,1.9,12.5,19.6,8.6,5.5,25.8,3.3,0.7,7.7,34.3,22041,35.7,,29.7,21.0,17.9,14.0,66101
27107,1.8,4.6,92.7,88.3,3.3,2.8,6.5,23.2,16.2,5.1,20.6,0.6,1.2,5.8,30.9,6367,43.8,,31.2,22.2,22.8,10.1,72260
27109,2.6,2.3,96.5,92.2,2.5,2.9,3.6,18.7,5.9,6.9,29.4,1.2,0.9,11.6,36.5,164498,37.8,,19.0,15.4,49.4,7.5,95406
27111,2.2,3.3,93.4,87.7,2.9,3.1,5.6,20.7,31.4,5.6,20.5,1.2,0.5,8.6,33.9,60475,46.2,,27.9,22.0,28.3,8.7,72255
27113,1.6,3.6,94.2,88.2,2.0,2.1,4.8,12.4,8.7,5.7,27.8,1.1,0.5,9.4,26.1,13791,39.6,,31.0,21.9,21.0,10.5,77325
27115,2.0,6.4,92.2,86.2,3.2,3.2,5.0,32.1,28.7,6.3,18.4,1.7,0.7,9.7,37.1,29640,45.9,,38.3,23.4,17.4,11.1,71146
27117,2.2,5.7,94.5,87.9,2.1,4.9,5.3,16.5,8.2,6.0,19.2,1.3,0.1,16.0,31.7,9284,40.4,,34.7,22.5,21.8,10.5,69628
27119,2.0,4.3,94.1,90.4,2.4,4.8,5.8,18.6,15.9,7.4,28.7,1.2,0.8,7.8,47.4,30705,39.8,,28.4,23.5,28.0,11.9,73107
27121,2.0,2.3,93.6,88.3,0.8,3.2,3.0,22.7,22.8,6.0,16.5,0.6,0.3,16.3,50.1,11418,45.3,,29.9,21.5,23.9,9.4,76220
27123,4.8,3.6,96.3,92.4,3.3,4.7,5.5,21.4,5.4,10.2,39.4,2.5,1.5,10.7,40.3,542945,36.1,,19.9,17.8,45.6,12.3,81568
27125,1.8,3.0,91.1,83.3,0.7,1.4,2.3,24.8,11.0,3.4,16.6,1.4,0.8,4.7,21.6,3915,43.0,,35.5,22.3,18.6,7.2,77188
27127,2.0,4.5,93.4,87.0,1.6,2.3,5.9,17.6,11.5,6.0,21.6,0.7,0.3,4.3,43.2,15350,40.5,,36.5,23.6,22.2,13.3,67866
27129,3.2,5.2,91.4,85.8,1.6,2.1,4.7,20.9,12.4,5.7,19.8,0.5,0.2,7.9,38.5,14558,42.3,,33.6,23.9,18.1,11.0,70625
27131,3.2,4.1,95.3,91.8,2.9,2.1,5.5,21.8,7.1,5.6,23.7,2.1,0.5,7.5,37.2,67917,37.1,,32.8,18.7,30.2,10.2,83181
27133,2.2,4.4,96.0,90.1,1.8,2.3,4.7,19.6,5.2,5.8,23.4,1.6,0.2,8.6,34.8,9621,41.2,,34.6,19.5,26.3,10.6,71295
27135,1.5,4.8,94.0,89.9,2.5,3.5,4.1,17.1,12.8,6.1,20.8,1.8,0.7,2.8,31.0,15302,41.9,,35.4,23.0,21.4,12.2,74474
27137,1.4,3.5,94.1,88.6,2.8,3.5,4.1,19.9,16.4,8.0,28.8,0.7,0.4,11.1,41.6,200123,41.2,,25.2,23.0,33.6,13.2,70069
27139,2.5,2.9,97.5,95.0,2.6,1.7,3.7,24.8,3.0,3.1,16.2,1.4,0.3,13.7,38.2,154557,37.8,,19.6,17.8,44.1,4.6,119314
27141,2.0,3.6,96.3,93.3,2.2,2.2,3.9,30.7,4.2,4.2,16.8,1.3,0.3,9.6,36.6,100560,37.0,,27.4,22.4,29.7,5.1,105466
27143,2.2,3.8,93.6,88.2,2.5,3.1,4.3,27.1,9.1,4.1,19.2,1.1,0.8,11.7,30.0,15005,42.4,,34.8,26.3,19.4,9.0,77634
27145,3.8,3.6,95.3,90.6,2.9,3.2,4.9,21.7,7.8,6.0,32.1,1.6,1.6,6.6,43.3,160865,35.1,,27.5,22.2,28.8,12.9,77066
27147,2.4,4.0,93.3,87.7,2.2,2.3,3.5,19.1,5.4,6.2,20.6,2.1,0.3,12.9,48.0,37439,40.5,,30.6,22.9,28.0,8.3,84196
27149,5.3,2.2,97.0,90.9,1.3,4.1,5.7,14.3,7.0,5.0,36.6,0.7,1.2,9.2,35.6,9739,33.9,,25.3,23.3,31.2,11.1,75733
27151,1.6,4.6,91.5,84.3,2.6,2.2,8.1,19.4,12.4,7.1,27.6,1.5,0.2,8.8,47.2,9748,41.8,,33.1,22.7,24.2,12.0,60412
27153,5.1,5.1,90.5,82.5,2.5,4.2,9.5,25.7,21.5,6.5,17.0,1.8,1.0,14.8,29.4,25575,42.8,,41.3,19.8,16.1,11.5,67662
27155,3.1,2.6,87.4,83.5,2.7,8.6,1.9,17.1,30.9,5.8,18.2,0.0,0.0,23.2,42.3,3243,46.1,,36.4,21.1,16.6,11.3,62989
27157,2.4,2.5,92.4,85.9,1.4,2.3,3.8,24.2,11.0,5.2,16.7,1.5,0.8,9.7,28.6,21565,45.2,,32.9,21.6,26.5,7.1,82007
27159,2.7,4.7,92.6,84.8,3.4,7.7,5.5,21.3,13.4,7.6,26.4,1.7,1.1,10.4,26.2,14256,40.0,,35.2,21.5,19.8,12.5,61467
27161,2.0,4.5,93.0,88.0,1.6,1.9,3.6,22.2,5.6,4.9,19.3,0.8,0.3,3.8,34.6,18885,40.6,,34.5,23.2,21.0,7.5,76261
27163,1.5,2.4,97.6,94.9,2.3,1.8,3.5,24.0,3.4,3.8,18.7,1.0,0.5,10.2,41.0,276238,39.8,,18.6,17.4,49.1,5.1,115345
27165,7.5,6.3,91.1,83.5,3.3,2.2,10.7,23.2,13.4,7.9,22.2,1.8,0.4,13.9,21.8,11205,40.8,,31.1,26.5,17.2,13.2,71699
27167,1.5,5.0,90.6,84.7,3.0,6.0,4.0,21.8,11.0,6.7,20.3,0.8,0.5,6.4,35.3,6371,42.2,,31.0,23.7,23.0,14.1,71410
27169,2.1,3.8,95.5,91.0,1.6,1.7,5.2,17.6,7.3,5.3,30.5,0.9,0.7,8.0,42.9,49779,36.4,,26.4,19.9,32.7,14.8,70744
27171,1.4,4.1,96.4,93.2,2.0,2.5,4.4,29.4,5.9,3.0,15.9,1.3,0.2,8.4,32.8,148269,37.6,,26.5,20.3,34.4,5.2,107209
27173,1.6,5.6,92.2,85.6,2.3,2.4,3.9,21.1,9.3,4.6,16.0,1.6,0.4,7.8,22.0,9451,42.1,,32.5,23.3,19.7,8.6,74000
28001,5.0,9.6,88.2,85.4,3.0,3.1,11.3,21.3,23.2,6.4,31.9,2.2,0.7,12.4,35.5,28803,42.0,,35.1,21.5,20.6,27.0,43644
28003,6.0,9.0,87.1,78.8,2.6,2.2,10.9,22.3,11.2,9.5,32.2,1.1,0.8,6.8,35.3,34289,40.0,,36.2,20.8,18.6,15.8,51260
28005,2.7,10.5,87.0,69.5,2.4,1.1,11.4,34.8,20.4,5.8,17.6,1.0,0.3,15.7,38.7,12565,49.2,,40.6,22.5,11.2,27.6,37222
28007,4.2,7.6,89.6,80.8,3.2,1.9,8.5,34.2,20.6,8.1,24.7,1.2,0.6,11.2,45.1,17526,39.4,,36.8,17.9,19.8,18.0,51639
28009,9.0,9.4,86.4,69.5,1.7,1.3,9.1,34.1,24.9,6.8,14.0,1.1,0.0,12.7,30.3,7589,44.5,,36.2,23.6,12.8,21.5,46016
28011,5.4,9.7,91.3,77.9,3.5,1.8,11.2,20.1,12.9,10.1,37.4,3.3,0.2,12.6,45.8,29534,37.5,,25.0,20.3,28.0,32.6,39585
28013,7.6,14.4,88.0,78.4,2.5,3.6,12.0,29.9,16.9,6.8,28.0,2.0,0.4,17.0,31.8,12922,42.0,,33.9,19.6,12.1,20.4,43125
28015,2.7,13.9,87.7,78.9,0.8,1.5,9.6,29.0,14.2,4.5,16.3,2.1,0.4,6.2,16.8,9686,48.6,,30.0,20.1,21.2,17.9,59327
28017,6.8,12.7,87.2,79.2,2.5,1.7,11.0,21.7,15.0,8.9,29.7,1.3,0.4,7.5,32.8,16915,38.4,,35.8,21.7,12.0,23.5,43586
28019,4.7,8.5,88.2,81.5,5.1,2.0,10.6,27.8,20.8,5.4,20.6,1.6,0.0,8.1,28.0,8118,43.2,,36.8,16.8,20.1,18.4,50919
28021,3.6,15.6,84.9,74.1,2.7,1.5,15.1,29.0,24.0,12.0,23.5,0.9,0.0,15.3,42.4,8582,35.1,,30.0,23.3,18.1,30.7,31897
28023,3.4,7.8,92.4,82.2,3.6,2.8,13.3,34.0,22.2,5.9,17.7,0.5,0.3,0.2,46.3,15314,42.4,,31.8,25.3,17.5,17.4,46108
28025,5.6,11.6,90.5,84.8,4.0,0.7,9.1,21.8,13.8,6.8,28.7,0.7,0.1,11.3,41.4,18383,39.8,,33.9,18.8,17.3,20.9,43125
28027,7.5,9.7,87.1,79.0,5.4,0.7,12.0,20.1,17.5,14.9,47.9,2.0,0.9,11.4,41.7,20540,35.9,,27.0,22.9,19.5,35.5,37461
28029,4.5,8.5,89.9,79.5,2.9,2.0,12.9,28.5,19.4,8.1,25.6,2.1,0.3,3.7,43.5,27855,39.6,,32.3,20.7,19.7,23.0,49089
28031,4.4,12.6,89.7,71.1,1.8,1.8,9.6,23.8,12.8,8.8,22.5,1.5,0.1,3.3,30.7,18148,37.3,,32.5,21.2,17.4,19.8,45051
28033,2.7,5.6,96.9,92.1,2.2,2.3,8.3,26.2,5.9,3.8,22.1,1.4,0.5,10.4,41.5,191301,37.3,,29.5,22.5,29.0,9.7,85297
28035,2.4,5.9,94.7,86.4,4.2,2.5,11.1,21.2,10.7,7.1,42.8,2.2,0.4,9.3,42.3,78272,32.0,,27.3,22.9,30.6,21.0,53640
28037,6.0,6.3,91.7,86.1,1.9,0.2,9.1,33.4,29.0,3.1,18.3,0.2,0.1,3.3,30.9,7622,42.1,,32.6,20.8,19.0,25.4,52939
28039,3.3,9.3,94.4,84.9,3.8,2.2,12.5,34.4,10.3,5.9,17.9,3.1,0.2,4.3,24.4,25170,36.3,,38.6,19.8,17.5,18.3,59758
28041,4.4,11.1,92.7,73.5,4.2,3.5,15.5,43.4,20.8,6.7,17.8,1.6,0.9,21.6,44.2,13615,40.5,,44.1,21.7,10.5,18.3,54276
28043,4.6,8.4,93.3,83.4,2.8,2.9,10.6,19.7,19.0,7.9,33.4,1.3,1.3,14.3,36.9,21217,39.2,,33.1,21.3,21.8,24.6,48804
28045,3.8,7.7,94.6,86.6,2.9,2.6,9.3,32.5,14.7,3.5,20.8,1.2,0.3,7.1,43.1,46167,46.6,,28.9,22.6,26.8,13.8,67708
28047,3.6,7.0,95.6,89.2,4.1,2.9,13.1,24.3,12.2,6.5,37.8,1.4,0.4,8.2,42.1,210891,38.5,,28.3,21.5,27.5,17.1,59479
28049,3.8,7.4,93.0,89.3,4.5,2.3,12.9,22.3,15.8,8.1,41.7,1.8,0.5,8.4,49.6,218533,36.9,,24.1,23.2,31.2,22.7,49402
28051,4.4,11.7,87.4,68.2,4.3,7.4,10.9,36.0,18.9,15.9,39.0,1.7,0.5,8.6,46.5,16191,36.3,,39.3,24.1,13.9,36.4,32538
28053,6.1,12.5,88.5,65.3,6.3,5.4,10.3,22.4,17.4,13.0,38.3,0.6,1.7,10.3,33.7,7395,39.6,,29.2,19.7,19.6,27.0,33731
28055,9.7,18.5,84.6,55.4,1.1,0.0,12.4,28.5,16.9,14.0,34.0,0.0,0.0,0.0,20.5,928,49.8,,35.9,15.8,8.6,16.2,31429
28057,4.5,9.0,91.0,84.8,3.0,0.6,9.0,26.0,8.7,4.2,21.0,1.0,0.2,6.9,29.4,24036,38.6,,36.1,21.7,16.0,15.5,55546
28059,4.5,6.5,96.4,89.7,4.0,2.0,11.5,25.2,9.3,4.8,27.3,2.5,0.5,9.4,41.2,145249,40.1,,26.5,22.8,26.7,13.8,66201
28061,2.8,6.5,86.0,64.5,3.3,3.0,8.5,33.7,18.3,10.1,17.9,2.0,0.3,5.4,33.5,16059,41.9,,49.3,20.3,12.2,19.4,48660
28063,4.4,13.8,92.3,89.9,0.8,1.8,10.7,29.0,26.4,4.1,17.1,3.6,0.5,3.5,44.5,7068,43.1,,40.6,19.8,13.4,32.5,38305
28065,5.6,8.0,86.2,79.2,5.1,2.6,11.1,34.6,21.9,6.1,15.5,1.5,1.5,18.7,55.7,11117,46.0,,42.5,18.4,12.7,28.7,38548
28067,5.5,7.2,92.7,77.2,2.2,1.8,11.9,24.2,13.4,4.4,24.9,1.0,0.5,12.1,38.1,66472,37.9,,30.7,24.6,20.7,18.7,52216
28069,4.7,10.9,85.4,75.9,5.7,0.1,15.4,31.2,18.4,3.4,21.0,3.6,2.1,2.4,30.8,8729,40.6,,33.9,19.3,18.6,24.8,46431
28071,2.4,5.1,96.3,91.7,1.2,0.8,9.3,22.7,33.7,6.7,36.2,1.0,1.0,9.4,45.0,58327,30.7,,20.0,17.0,46.5,18.5,67185
28073,2.7,5.3,95.9,88.6,3.1,1.5,11.1,26.0,8.3,4.4,30.5,1.4,0.7,9.8,35.6,65713,37.7,,26.0,21.7,34.5,14.7,70909
28075,3.9,9.5,92.7,85.0,3.2,2.0,9.6,24.0,14.4,9.5,34.9,1.1,0.6,7.1,45.8,71504,39.7,,29.0,21.2,23.6,26.3,50817
28077,6.3,10.0,89.0,75.6,4.4,1.6,12.4,34.2,23.8,4.6,16.5,2.2,0.2,8.8,50.6,11786,41.0,,42.7,17.4,13.2,23.7,43531
28079,6.2,12.2,88.1,74.8,3.2,2.0,15.5,34.3,18.3,8.7,23.3,2.1,0.9,6.9,29.9,21319,40.3,,36.7,18.8,15.7,20.5,50728
28081,4.1,8.3,92.7,85.4,3.1,1.5,10.9,20.8,13.4,6.0,29.2,1.2,1.3,9.7,44.7,83034,37.5,,28.4,20.5,28.6,14.6,67863
28083,5.6,12.6,85.2,69.3,6.3,2.8,13.0,20.4,19.1,14.7,47.6,1.1,0.2,10.3,38.8,27141,34.7,,27.3,23.6,21.2,31.5,35277
28085,2.9,9.8,90.3,86.1,1.7,1.0,12.4,28.7,17.6,5.9,25.1,2.5,1.7,5.8,39.9,34877,41.5,,34.4,20.7,19.3,21.2,51119
28087,3.3,7.3,91.9,87.2,3.5,1.4,10.5,21.2,15.3,6.1,38.7,0.8,0.3,8.7,39.9,57838,37.6,,32.2,21.0,28.1,17.3,53812
28089,2.6,5.1,96.7,92.7,2.4,0.5,8.3,24.1,7.4,5.3,28.7,1.1,0.7,15.2,38.5,111647,39.1,,17.2,17.8,49.6,11.2,83441
28091,5.0,11.7,93.5,83.5,4.0,0.8,13.5,34.3,18.3,5.5,22.8,1.0,0.7,16.2,24.2,24193,40.8,,35.6,20.4,13.7,19.7,45110
28093,6.4,12.2,89.0,80.0,2.4,2.3,11.8,29.2,15.0,5.0,20.9,3.7,0.4,11.0,49.6,33979,41.9,,36.5,21.6,14.6,23.0,53458
28095,6.1,9.5,90.0,86.4,3.5,3.3,9.8,25.5,17.5,5.2,23.7,0.8,0.7,7.6,43.1,33747,41.7,,40.1,18.4,16.4,18.0,51866
28097,5.1,11.1,86.4,74.2,2.4,2.2,10.2,25.6,24.1,8.8,24.2,0.9,0.0,3.2,53.2,9602,42.2,,33.5,21.6,19.4,25.2,41748
28099,4.5,10.7,91.8,81.1,4.3,2.1,11.9,25.8,15.1,6.2,21.9,4.1,1.0,4.6,41.3,28932,37.4,,33.3,21.6,17.7,23.1,57013
28101,4.6,9.6,90.9,76.3,2.4,1.2,12.2,27.9,15.8,5.0,20.9,2.0,2.1,0.3,31.3,21093,38.6,,34.1,19.4,19.3,24.7,50540
28103,7.4,16.0,84.2,69.8,4.1,4.3,15.8,26.5,16.5,9.7,27.0,0.0,0.1,6.2,57.2,10025,40.1,,39.5,16.6,10.6,26.3,33833
28105,3.5,5.3,94.7,84.5,3.3,1.9,7.0,20.7,14.7,5.4,52.0,1.1,0.0,3.6,56.3,51771,25.5,,22.4,12.8,47.0,25.5,46695
28107,4.9,12.6,85.2,78.4,3.4,3.1,12.7,29.2,16.3,6.4,28.9,1.9,0.4,14.5,37.2,32808,39.4,,35.0,19.5,17.7,23.3,45945
28109,5.0,6.6,92.6,85.1,3.4,2.0,12.9,35.4,14.0,3.8,19.6,1.2,1.2,6.3,41.5,57458,41.6,,35.3,24.3,17.0,16.5,58135
28111,2.7,6.4,87.9,76.2,0.9,0.3,15.8,29.1,15.5,3.8,18.5,1.0,0.4,9.3,49.6,11449,43.4,,45.4,23.3,12.9,18.4,49634
28113,3.6,12.3,91.7,78.8,3.0,3.4,12.9,27.2,21.8,5.8,33.2,2.4,0.4,9.8,37.4,39602,37.9,,35.3,20.4,15.3,27.1,43814
28115,7.5,14.0,89.5,77.5,1.8,1.4,12.2,26.2,16.9,2.2,30.2,1.5,0.8,17.7,32.9,31550,35.9,,28.6,20.3,18.5,16.7,51484
28117,3.9,12.1,91.7,80.3,1.9,2.4,7.8,24.5,13.2,5.4,22.5,0.4,1.4,5.6,24.7,25184,38.1,,30.3,20.1,19.7,16.8,49724
28119,5.8,13.1,88.0,66.5,6.6,0.8,12.5,32.9,12.7,10.9,35.3,2.0,0.1,3.0,39.7,5774,41.2,,33.1,17.8,17.1,29.6,32412
28121,3.4,6.4,96.8,92.1,2.8,1.8,8.2,26.6,6.6,3.2,23.2,0.8,0.5,9.7,40.4,158854,39.6,,22.2,22.5,33.5,9.8,79357
28123,8.7,12.4,91.3,77.9,3.0,1.3,13.1,25.3,15.6,6.4,28.7,2.6,0.5,6.4,33.0,27718,35.9,,32.6,25.0,13.5,22.2,48786
28125,6.4,13.5,89.6,48.6,5.0,3.7,16.9,18.9,13.8,8.0,33.5,0.1,1.5,7.5,33.4,3872,38.4,,44.3,13.1,16.1,30.9,40000
28127,6.6,10.0,91.2,82.3,2.3,1.5,10.1,31.9,18.4,4.0,18.6,0.9,1.0,8.2,35.6,25691,40.6,,35.1,20.6,16.7,20.0,56381
28129,5.2,9.7,91.4,64.2,2.2,0.2,11.4,30.7,16.7,4.8,12.6,1.4,1.1,3.9,44.2,14132,43.5,,39.8,19.8,15.6,17.0,60916
28131,3.7,9.1,94.8,80.9,4.7,1.6,12.9,31.8,12.6,6.1,19.3,4.5,0.8,14.1,34.8,18894,39.5,,33.9,23.3,17.2,16.9,61413
28133,7.9,16.6,91.5,74.5,5.7,3.4,11.4,20.2,14.7,8.9,45.1,1.2,0.0,14.5,44.9,24333,37.1,,29.2,19.1,16.0,28.9,39956
28135,6.8,12.1,88.8,68.8,5.1,1.6,14.9,28.8,21.8,10.2,35.5,1.0,0.0,2.5,40.6,11764,39.7,,35.1,20.8,11.7,24.6,37466
28137,5.6,9.9,92.7,84.6,2.7,1.6,11.1,33.8,5.8,3.0,24.0,2.8,0.7,5.0,49.7,28321,38.5,,31.3,18.7,23.6,16.9,69704
28139,6.6,12.4,91.5,82.5,3.3,0.2,11.9,25.2,19.5,2.2,25.2,1.3,1.1,9.6,26.1,21523,40.0,,29.0,23.2,17.9,18.9,52542
28141,6.8,8.4,91.9,79.3,1.7,0.8,9.6,23.5,16.5,4.8,20.5,0.8,0.2,7.2,40.8,18660,43.4,,35.5,20.2,17.8,18.0,53040
28143,4.4,14.3,88.3,78.7,8.1,3.5,13.1,29.4,21.0,10.7,60.5,2.8,4.0,5.6,52.3,9475,36.3,,35.0,22.2,13.7,31.1,39364
28145,7.9,12.2,92.7,83.8,2.5,1.6,11.1,23.0,19.6,5.4,25.3,1.1,1.3,8.9,34.4,28122,38.3,,31.0,18.2,19.1,15.1,55505
28147,4.6,14.9,89.0,81.6,3.3,2.6,7.7,36.5,23.5,5.0,19.7,1.6,0.7,4.5,36.4,13839,41.4,,36.3,19.3,12.9,18.8,48905
28149,3.3,8.4,94.0,84.2,2.8,1.3,9.4,21.4,22.2,6.0,30.1,1.7,0.8,4.6,40.8,43020,40.8,,27.7,21.0,28.8,19.5,59401
28151,6.9,11.3,86.4,50.2,3.3,2.8,11.6,19.6,18.0,11.9,39.8,1.3,0.4,12.6,44.5,42765,38.0,,32.1,18.4,22.4,26.4,42165
28153,6.6,8.0,89.8,82.9,3.8,4.0,15.2,32.2,16.0,6.0,14.7,0.7,0.0,13.8,59.2,19718,39.4,,38.8,20.0,16.0,22.8,37619
28155,4.5,9.4,91.4,85.9,3.8,2.0,10.8,28.7,20.4,5.4,23.9,2.3,0.0,18.6,29.0,9972,39.7,,36.9,14.9,20.9,16.4,58789
28157,2.8,11.1,81.3,76.0,5.2,1.4,15.9,38.3,30.9,7.7,21.6,0.2,0.8,5.7,52.7,8162,40.9,,44.7,20.8,8.8,27.4,35311
28159,3.3,11.6,86.8,75.4,3.4,1.4,10.5,25.0,13.2,7.9,27.0,2.2,0.4,10.7,39.4,17536,42.8,,36.2,20.3,19.7,26.9,53031
28161,5.8,10.8,89.0,81.0,3.1,1.7,11.5,30.5,23.2,5.8,30.7,1.0,0.6,10.6,32.7,12419,42.6,,38.9,20.2,15.6,21.5,49151
28163,7.3,16.2,86.6,73.1,4.1,4.1,11.4,25.8,16.4,18.2,44.7,3.3,1.1,9.9,45.6,24835,38.6,,34.4,21.0,15.3,30.8,39295
29001,3.0,3.6,92.6,80.8,2.2,2.0,10.3,15.3,19.9,7.3,39.0,1.3,0.6,7.9,32.5,25301,30.2,,34.7,17.1,35.5,22.0,61536
29003,1.0,3.6,95.6,85.6,2.3,2.0,5.7,21.5,7.5,2.2,23.3,0.4,0.1,16.6,22.1,18065,42.5,,39.2,20.4,28.8,6.2,75625
29005,2.6,5.9,94.7,87.5,1.4,2.6,11.2,20.3,16.1,3.1,23.2,1.9,0.0,6.9,20.1,5187,46.7,,42.2,20.6,22.2,11.6,58750
29007,5.1,6.8,91.7,85.6,2.3,2.6,13.7,21.7,12.7,7.4,28.2,1.5,0.8,8.9,39.0,24548,40.2,,39.9,21.6,16.8,17.8,59448
29009,4.6,9.3,92.1,84.5,2.6,1.6,12.1,23.7,21.8,4.4,22.7,1.7,1.9,7.3,35.7,35033,43.4,,43.0,19.9,14.6,15.2,58346
29011,4.3,8.2,91.0,82.7,1.8,1.3,9.3,23.9,15.7,8.8,31.9,0.2,0.5,7.6,39.9,11690,41.1,,42.6,16.5,17.4,20.2,51635
29013,2.6,7.2,92.4,85.0,3.5,1.9,11.3,32.8,14.4,7.5,25.1,1.8,0.2,10.4,41.0,16186,41.4,,47.6,19.8,14.8,15.9,60733
29015,3.2,8.0,90.4,83.3,1.6,1.4,9.2,31.5,36.9,4.2,16.2,0.9,0.7,6.6,43.3,20151,54.5,,41.0,23.8,15.0,19.9,52567
29017,1.4,7.8,90.0,81.3,2.1,2.4,7.3,35.5,21.9,3.6,17.7,0.9,0.1,3.0,41.7,10559,44.5,,51.1,17.5,13.9,13.6,63814
29019,1.9,2.8,97.8,91.3,2.5,1.0,5.9,18.7,6.3,5.9,42.3,1.0,0.6,7.6,41.4,188043,32.7,,20.1,16.5,51.5,16.6,72758
29021,2.9,6.7,94.1,86.0,2.5,4.5,11.2,17.8,13.1,8.5,33.7,1.7,0.4,10.2,40.2,83568,38.9,,38.2,22.0,23.9,16.0,62158
29023,3.8,11.3,89.7,84.4,2.6,1.9,13.0,21.0,14.0,8.3,35.4,1.7,0.7,8.5,41.8,42020,39.5,,39.3,20.5,15.8,20.5,49089
29025,2.8,5.3,90.0,81.3,1.7,3.3,9.6,32.4,11.8,5.0,21.8,0.5,0.5,6.5,14.3,8927,43.2,,40.3,22.3,19.9,10.3,64806
29027,2.0,6.8,94.3,90.2,3.0,2.7,8.4,24.0,11.6,5.7,24.5,0.8,0.3,6.4,30.9,44741,39.4,,35.8,21.6,24.6,11.6,74176
29029,1.5,5.4,94.6,86.6,2.2,2.2,10.4,22.1,55.3,2.8,17.5,0.9,0.4,8.4,31.5,43667,53.2,,34.9,23.8,26.2,12.6,66387
29031,1.8,5.5,94.3,89.5,1.5,1.2,7.4,19.5,10.1,5.9,33.2,0.7,0.5,8.7,36.8,82735,37.1,,32.4,20.6,33.1,13.9,68464
29033,2.0,7.9,91.2,77.4,2.5,1.7,8.1,25.0,19.6,3.4,28.1,0.0,0.3,12.6,22.7,8411,43.6,,45.4,19.3,19.3,13.7,62154
29035,2.8,16.6,90.9,83.1,2.2,0.5,14.6,24.8,23.8,13.2,39.3,0.1,0.0,16.6,33.4,5297,38.9,,44.5,15.2,10.1,20.8,50000
29037,1.8,4.0,95.9,92.5,2.8,1.3,7.7,28.0,5.7,3.9,24.4,1.4,0.1,12.9,33.2,110773,40.4,,30.6,25.2,29.6,6.2,87535
29039,4.5,6.3,90.3,82.4,1.3,2.9,14.8,25.1,16.9,6.6,25.9,2.2,0.6,11.4,34.8,14615,43.0,,42.1,19.8,19.0,17.0,48181
29041,2.3,5.4,93.7,86.0,2.1,1.0,4.8,22.7,29.2,4.4,16.5,0.9,0.3,11.4,24.1,7390,44.7,,42.7,18.9,22.6,8.8,71520
29043,1.3,4.8,97.0,91.6,2.2,1.2,7.6,25.5,4.1,3.0,24.1,1.8,0.7,7.3,33.3,92915,39.2,,26.7,24.8,32.7,8.2,83437
29045,0.8,7.9,85.2,75.4,2.7,0.5,10.9,25.3,25.1,4.9,21.7,2.0,0.0,2.6,33.9,6675,43.5,,48.7,20.2,14.9,11.2,51781
29047,1.9,3.8,96.1,91.2,2.6,1.7,7.6,22.8,5.2,4.7,30.5,1.0,0.5,8.8,36.4,258122,37.9,,26.8,22.2,36.5,8.5,88468
29049,1.8,5.7,92.9,86.0,1.8,2.5,8.8,28.6,8.2,4.4,24.3,1.6,1.2,7.7,26.5,21414,42.0,,38.7,23.5,22.1,12.3,70627
29051,1.6,4.1,96.1,89.5,1.8,1.0,5.8,17.9,7.3,5.5,32.1,0.8,0.3,6.8,27.8,77032,39.9,,29.2,18.0,38.9,9.0,74876
29053,3.6,6.0,92.4,87.5,2.5,2.8,8.7,27.0,14.4,4.6,24.3,0.5,0.4,4.7,32.2,16824,40.5,,38.9,17.4,24.0,11.7,70625
29055,4.1,10.0,93.5,81.5,2.6,1.9,12.9,29.1,16.1,4.7,30.8,1.3,1.0,8.7,30.0,22797,43.0,,41.2,20.3,14.1,14.1,57629
29057,2.1,7.1,89.8,82.3,1.8,1.4,10.2,27.1,19.0,6.3,23.0,0.3,0.7,7.9,23.5,7641,47.0,,42.4,24.2,15.1,12.6,53750
29059,3.8,6.9,91.5,81.9,1.9,2.9,15.9,33.3,11.1,4.1,24.1,1.2,0.6,3.6,31.5,17551,41.7,,46.0,20.8,16.4,20.5,53464
29061,8.4,7.3,86.1,77.6,0.8,2.1,17.1,34.9,26.7,9.4,20.9,3.3,1.9,4.6,25.7,8477,40.3,,38.2,18.5,18.4,11.4,63984
29063,3.0,7.6,90.1,82.7,1.1,2.3,6.7,31.1,12.6,4.1,28.9,0.2,0.0,8.9,18.0,10876,42.2,,41.5,24.1,16.4,8.7,69826
29065,5.7,10.7,87.8,76.8,2.4,1.7,15.6,21.0,17.6,6.1,24.1,1.6,1.4,18.2,22.8,14539,43.5,,39.0,21.3,16.5,12.2,56312
29067,4.2,9.2,91.3,81.4,3.0,3.5,11.4,27.2,13.7,4.7,19.4,2.0,1.0,11.2,29.6,11965,45.5,,35.9,26.9,14.9,17.5,45985
29069,6.4,12.5,91.1,88.5,2.5,1.8,15.1,23.1,16.3,8.5,37.7,1.2,1.7,6.5,32.9,27493,39.7,,40.8,17.0,13.2,22.0,47849
29071,2.7,6.6,94.7,90.0,2.7,1.5,6.9,28.3,7.1,3.8,23.5,0.8,0.5,8.5,31.6,105950,41.8,,33.1,23.1,23.7,8.2,73165
29073,2.9,6.1,92.9,85.2,2.0,1.3,5.8,27.2,20.0,5.7,19.1,2.3,0.7,8.4,33.2,14746,46.8,,40.0,22.7,18.1,12.6,64232
29075,5.2,5.2,91.8,84.8,1.3,4.2,13.9,22.4,17.0,5.4,25.6,1.4,0.7,8.3,23.6,6245,40.2,,46.2,15.2,21.6,17.9,55848
29077,1.6,4.4,96.1,86.7,2.2,1.6,10.4,19.6,5.8,6.4,42.5,1.1,0.4,10.0,36.2,303375,36.4,,27.8,24.1,33.6,13.6,61479
29079,6.0,7.4,85.6,77.6,1.7,3.1,16.2,17.8,19.2,11.3,30.3,1.7,0.2,3.6,31.8,9787,40.6,,39.8,19.5,16.7,17.6,51975
29081,3.3,6.2,88.9,83.4,1.4,3.8,13.6,22.9,20.3,6.5,28.6,0.6,0.9,6.7,39.9,8190,41.8,,46.1,19.4,15.7,19.6,54367
29083,2.4,7.5,92.7,84.7,2.4,1.9,9.5,21.8,14.0,4.9,25.0,2.2,0.3,15.5,37.7,22328,43.7,,43.8,20.9,16.3,14.3,57926
29085,3.5,9.3,85.8,71.7,5.7,3.1,13.2,30.7,34.3,5.4,17.6,1.6,0.1,8.6,50.2,8585,55.2,,45.1,21.0,12.8,19.8,39390
29087,2.2,4.9,88.9,81.9,1.1,3.2,9.7,23.5,27.5,3.2,22.8,1.1,0.6,6.0,13.4,4240,47.4,,43.4,23.1,19.6,10.2,61187
29089,3.0,6.2,93.3,85.6,2.1,1.8,8.1,26.5,18.0,3.8,21.3,1.1,0.2,11.0,30.6,10147,39.0,,35.4,19.8,28.2,12.0,65938
29091,3.5,9.5,92.5,85.6,2.8,2.6,11.7,23.1,12.0,6.1,29.7,1.4,0.4,10.1,34.8,40383,40.3,,39.4,21.2,17.8,20.3,50993
29093,6.7,7.7,88.1,82.4,1.5,2.1,10.8,26.9,17.5,6.8,24.9,1.0,0.0,8.9,37.3,9446,44.8,,36.8,21.7,19.0,19.3,48850
29095,3.0,5.3,95.7,91.0,3.1,2.8,10.7,23.4,8.8,8.1,40.9,1.4,0.7,9.5,41.1,719976,37.0,,27.9,22.1,34.0,14.1,68577
29097,3.5,7.4,95.1,88.9,2.3,1.7,12.0,19.6,9.2,7.0,37.2,1.7,0.5,9.7,39.8,124357,36.8,,34.6,22.2,25.3,17.0,60694
29099,2.1,5.9,95.7,91.7,2.1,1.3,6.6,30.6,6.0,3.7,17.8,0.9,0.2,9.7,29.7,229458,40.3,,31.6,22.5,24.7,9.0,82851
29101,2.4,4.4,96.7,90.5,2.8,1.0,8.5,23.7,7.2,4.7,36.5,1.3,0.3,9.6,31.2,54732,31.5,,32.2,20.1,29.1,11.8,67272
29103,11.7,7.2,79.9,70.5,0.6,1.1,25.5,19.4,33.5,1.7,14.9,1.5,0.9,1.3,19.6,3756,40.1,,38.7,16.3,15.8,11.9,57788
29105,4.6,10.1,92.1,77.2,3.2,2.1,10.9,21.4,9.1,6.7,31.8,1.0,1.0,7.6,32.0,36390,39.2,,42.3,19.1,16.3,18.2,53282
29107,2.8,5.6,94.2,87.0,1.9,0.7,8.2,24.9,11.6,3.3,24.3,0.7,0.0,8.4,31.9,33115,40.9,,35.4,22.0,26.2,9.3,80612
29109,4.7,8.0,93.0,85.1,2.6,2.8,14.0,25.0,10.4,6.3,26.1,2.1,1.1,14.1,29.8,38593,38.8,,38.3,24.2,16.9,14.5,61215
29111,2.2,9.4,89.6,74.4,3.0,0.8,10.7,23.8,26.3,4.1,23.7,1.1,0.3,7.4,25.1,9924,37.6,,45.9,19.6,16.8,12.7,59934
29113,2.4,6.6,95.4,92.4,2.4,0.7,8.3,31.8,4.1,4.5,21.0,1.2,0.6,6.9,30.4,63057,37.5,,39.5,23.5,18.4,10.2,89278
29115,3.1,5.5,90.4,78.4,1.9,0.7,9.3,20.2,19.8,7.0,21.5,1.2,0.2,7.6,27.1,11852,42.1,,48.2,16.7,19.2,13.7,61635
29117,4.5,8.6,88.5,76.7,1.5,1.4,11.4,20.3,12.4,5.9,27.7,0.4,0.2,8.8,23.9,14364,39.8,,42.8,18.5,17.5,11.9,63627
29119,8.1,8.9,90.0,78.9,3.8,1.1,18.4,27.1,12.9,5.8,32.7,3.6,3.4,7.5,28.2,23701,38.2,,44.5,19.7,12.3,16.8,52375
29121,2.6,5.3,88.1,80.6,1.2,1.8,11.5,22.1,18.2,5.8,23.2,0.8,1.2,16.9,27.5,15163,43.5,,44.3,19.0,19.4,9.5,62357
29123,2.8,9.3,90.5,84.0,2.7,3.7,10.6,23.9,20.2,8.2,26.3,0.8,0.3,15.1,25.9,12729,41.1,,44.3,20.7,16.3,13.2,54434
29125,5.2,6.9,88.9,78.2,2.6,4.6,5.5,34.6,19.5,4.8,21.7,1.2,0.0,13.8,17.4,8450,44.9,,46.0,16.9,16.3,13.5,59455
29127,2.5,7.0,94.2,88.2,2.2,2.0,7.9,17.6,12.3,7.7,30.7,1.0,0.6,7.3,34.0,28457,39.6,,40.6,18.2,24.6,14.2,62903
29129,3.7,5.5,88.9,81.0,2.0,0.5,9.2,22.6,31.5,5.6,19.0,1.2,0.0,14.6,14.6,3482,42.4,,42.8,20.4,18.1,13.5,62679
29131,2.6,9.1,92.9,83.6,3.1,2.3,10.7,27.2,21.4,5.5,26.1,0.5,0.8,8.3,21.5,25269,41.3,,39.8,21.0,19.2,14.4,56736
29133,4.8,11.6,90.5,91.5,1.3,2.6,10.9,21.0,15.0,14.4,37.1,1.4,0.3,7.0,39.0,11902,41.1,,48.9,13.8,14.7,19.0,48160
29135,8.4,7.3,89.4,81.3,1.4,1.4,18.6,26.5,7.2,6.6,20.8,2.1,1.3,3.5,29.9,15262,38.4,,44.6,18.0,15.8,10.3,65715
29137,3.1,4.9,90.5,84.5,0.9,1.9,10.6,25.8,22.4,7.0,25.7,0.7,1.3,9.5,21.5,8734,45.7,,49.7,16.6,18.9,14.2,54516
29139,2.9,8.3,90.8,85.0,1.7,2.3,9.9,28.7,20.4,3.5,26.6,2.4,0.1,5.2,27.7,11426,43.6,,45.5,16.4,17.7,13.9,65500
29141,10.6,8.6,86.1,79.6,1.4,2.2,24.0,28.1,42.7,10.4,20.3,2.0,1.5,5.0,37.9,21717,45.4,,36.0,20.3,16.6,18.3,53412
29143,3.5,9.6,93.2,89.2,1.8,2.7,11.4,21.3,15.0,7.2,35.8,1.2,0.1,9.3,33.4,15731,41.3,,47.5,14.3,14.5,17.7,51881
29145,3.9,6.5,94.9,88.0,3.6,1.8,12.7,22.3,11.0,3.9,23.4,2.2,0.6,8.6,28.9,60118,40.2,,32.7,22.9,23.5,13.5,66301
29147,1.5,3.3,93.2,85.7,1.4,2.6,7.5,15.8,11.3,6.6,37.7,0.2,0.7,8.2,37.0,20774,33.7,,39.2,20.7,27.9,17.1,59315
29149,4.8,9.9,90.7,77.3,2.6,2.5,16.3,23.0,21.8,5.7,25.1,1.8,0.7,24.9,34.5,8673,44.5,,48.1,18.1,12.6,23.6,43069
29151,4.1,4.7,92.8,84.0,1.1,1.4,4.1,26.4,18.7,5.6,20.6,1.7,0.4,5.4,32.8,13402,41.1,,38.8,15.8,24.7,8.6,76681
29153,6.0,9.0,89.8,78.7,2.2,1.5,13.2,29.6,26.3,6.6,17.9,0.1,1.8,7.4,33.2,8873,51.4,,39.6,22.9,15.3,21.5,44163
29155,5.1,10.1,88.3,84.8,5.2,1.7,12.6,20.6,15.6,10.5,44.4,1.5,0.7,7.7,48.8,14958,38.1,,49.2,17.4,12.6,29.6,40089
29157,5.6,7.9,89.3,84.8,3.0,1.4,5.7,21.3,12.0,5.2,23.5,1.0,0.4,10.2,45.4,18976,42.2,,40.7,16.2,20.9,13.9,62981
29159,5.0,7.4,93.8,88.9,2.4,1.9,12.6,18.7,9.0,7.3,30.9,1.6,0.6,10.1,32.8,43397,38.2,,36.0,21.8,18.4,15.6,60430
29161,2.8,7.1,94.9,89.3,2.1,1.9,9.1,19.1,14.6,6.1,38.3,0.9,0.3,14.5,35.8,45194,35.8,,31.8,19.8,32.4,16.8,58396
29163,2.3,10.3,89.8,85.7,2.0,0.8,9.0,22.7,15.7,7.4,26.7,1.1,0.5,7.2,28.2,17711,39.6,,51.9,13.6,16.6,16.0,54989
29165,1.1,2.2,97.6,93.2,1.9,1.3,6.1,24.3,5.8,4.0,32.6,1.0,0.8,8.1,33.4,110371,39.1,,20.9,21.3,46.5,7.0,96227
29167,4.3,7.6,93.3,82.4,2.3,2.1,14.1,28.1,10.6,4.3,28.4,1.6,0.9,14.1,32.0,32444,38.1,,35.0,22.7,22.5,16.3,59647
29169,2.2,3.9,93.9,84.4,2.2,2.9,8.4,19.5,13.3,3.2,38.8,1.3,0.2,7.4,26.9,53894,27.8,,30.8,23.7,25.8,12.7,64466
29171,2.7,2.1,85.4,75.9,2.3,1.6,9.6,19.4,36.8,5.8,17.0,3.3,0.0,0.0,48.3,4642,45.9,,38.7,24.7,22.6,15.5,63510
29173,2.7,5.4,92.1,87.9,2.7,1.4,5.5,22.2,21.5,3.3,14.5,0.7,0.2,6.2,21.4,10428,45.9,,47.8,19.6,17.0,11.4,65388
29175,2.9,7.3,93.1,84.2,2.5,1.8,9.7,21.8,14.9,6.4,28.6,0.8,0.2,8.4,37.3,24365,40.0,,42.6,17.4,18.4,13.9,53033
29177,2.7,7.6,93.5,84.0,2.1,1.6,9.1,34.3,8.2,4.9,22.7,1.0,0.6,10.2,31.8,23145,41.9,,42.1,23.1,16.2,12.6,74573
29179,5.2,13.5,87.0,79.7,5.6,1.5,12.2,27.4,32.5,7.4,20.2,1.8,0.0,8.6,15.6,6010,46.1,,41.7,15.6,15.0,17.3,45028
29181,5.7,11.8,86.3,83.2,1.9,0.8,15.6,34.8,22.6,7.4,20.9,1.8,0.1,19.1,44.4,10708,40.7,,39.2,21.7,12.6,24.8,42037
29183,1.4,2.9,97.4,95.1,2.0,1.3,4.2,24.5,3.5,3.8,19.5,0.7,0.3,7.9,34.5,414535,39.8,,22.8,21.1,42.7,5.2,104692
29185,4.0,10.1,90.6,82.4,1.8,0.8,10.6,28.4,23.0,5.6,24.0,4.2,0.6,12.7,31.0,9587,46.1,,42.4,20.5,14.7,14.7,53043
29186,2.1,4.1,93.1,84.9,2.5,0.7,4.6,31.9,14.3,4.3,17.0,0.7,0.0,5.3,21.6,18571,43.3,,42.7,22.7,16.8,8.2,66339
29187,3.1,9.9,93.9,85.9,2.4,2.4,10.3,25.9,14.3,6.6,31.8,1.5,0.5,7.2,33.0,66999,39.5,,36.9,23.3,17.2,15.9,57477
29189,1.8,3.7,96.3,93.4,2.8,1.5,5.7,23.1,7.2,6.6,30.8,1.0,0.4,8.9,39.5,995569,40.3,,20.7,18.6,47.4,9.8,82936
29195,7.0,6.7,94.1,85.6,1.9,3.3,8.1,17.5,17.9,6.3,30.2,0.8,0.0,15.2,34.3,23231,35.3,,37.2,19.6,22.7,16.4,57931
29197,3.5,3.5,85.8,69.1,2.0,1.1,15.5,28.5,31.2,5.9,20.1,2.7,0.2,3.5,16.1,4038,39.2,,53.4,17.0,11.8,8.6,61205
29199,17.8,8.1,89.0,81.9,0.1,1.2,39.0,19.1,29.6,3.5,17.6,1.0,0.0,6.4,23.5,4686,36.5,,31.6,22.2,15.2,7.3,68913
29201,4.1,8.2,93.7,88.9,1.8,2.0,10.7,18.6,9.1,4.8,28.9,2.4,0.1,11.7,32.1,37933,39.7,,40.8,18.5,22.1,12.8,62782
29203,4.2,12.3,88.9,82.5,0.6,0.7,8.8,29.0,18.1,5.2,20.1,5.7,0.1,9.3,19.1,7177,44.9,,45.4,17.2,12.8,18.0,55222
29205,2.5,7.1,93.1,84.2,1.0,0.3,10.6,21.1,18.9,4.8,22.5,0.3,0.2,12.2,17.2,5986,42.7,,44.6,19.6,18.5,15.9,51594
29207,5.2,11.1,91.0,86.9,2.1,1.1,11.2,23.1,13.5,3.6,28.2,0.9,0.1,9.4,21.0,28470,42.0,,42.2,17.3,16.7,15.1,57957
29209,2.1,6.0,94.7,88.6,3.5,1.9,9.4,27.1,33.9,3.9,16.7,1.5,1.2,9.8,33.8,32048,54.6,,34.5,23.4,24.8,13.9,63520
29211,4.6,7.2,90.6,79.0,1.4,1.7,8.7,19.6,32.2,6.3,24.9,1.0,0.9,7.2,22.0,5857,44.1,,48.0,16.5,15.5,13.7,56964
29213,2.7,6.0,95.7,89.1,2.3,2.2,14.6,23.3,24.5,4.4,33.0,2.4,1.0,8.0,36.9,56529,42.6,,33.5,23.8,25.0,15.6,56497
29215,3.9,9.7,89.4,79.8,2.4,2.5,13.3,25.4,13.7,8.2,22.8,2.5,0.4,8.1,35.1,25161,42.9,,41.8,21.3,16.5,19.8,50036
29217,3.8,7.3,90.6,84.3,2.4,1.6,14.4,19.4,13.1,11.4,28.7,1.6,0.6,6.5,28.0,19687,41.9,,40.9,19.9,16.6,18.8,52230
29219,3.4,6.1,95.1,91.8,2.3,1.1,7.4,31.6,14.3,3.1,19.8,1.4,0.8,9.9,31.2,37177,40.8,,38.1,22.6,20.2,8.0,81209
29221,4.5,10.0,90.0,82.6,1.9,3.3,10.4,38.4,16.9,10.0,21.6,2.0,0.5,20.8,34.1,23470,40.7,,43.7,18.5,11.7,17.4,56043
29223,5.8,12.5,88.8,82.0,3.4,1.6,13.5,29.0,24.4,5.5,24.9,3.0,1.3,8.4,40.3,10862,48.6,,41.5,20.1,12.7,25.7,47226
29225,5.5,6.3,89.6,82.1,2.3,1.7,15.5,27.3,9.9,6.9,22.6,2.5,0.7,7.4,25.7,40500,37.0,,40.4,19.4,18.3,15.2,71155
29227,1.9,3.0,90.9,84.9,0.9,4.5,7.9,25.7,24.1,7.0,17.9,1.4,0.0,2.1,15.6,1934,48.5,,47.4,18.1,21.1,20.6,47847
29229,7.6,8.2,91.8,79.7,1.9,2.4,13.5,29.5,14.1,7.0,22.9,2.5,0.4,15.7,27.9,18965,41.1,,39.4,19.9,15.9,18.7,47909
29510,3.0,6.2,92.3,86.8,3.3,2.4,9.3,22.1,16.8,18.5,54.7,1.2,0.8,7.6,38.1,288512,36.8,,24.1,19.0,41.1,20.6,56160
30001,1.6,5.7,95.8,90.4,0.7,4.0,4.3,19.3,15.7,0.8,34.2,1.9,1.4,9.8,29.7,9713,43.2,,24.8,21.2,37.7,11.4,61268
30003,2.6,7.7,89.0,82.7,7.6,5.6,21.7,19.6,15.5,6.9,33.3,7.9,4.1,7.8,13.8,12891,31.9,,33.5,25.6,17.8,22.1,58750
30005,3.6,5.7,88.2,83.7,8.5,6.1,18.3,15.4,19.2,7.6,34.3,4.0,1.0,7.2,21.4,6949,35.6,,27.5,25.6,23.9,18.3,64813
30007,3.6,4.8,88.1,85.5,2.2,1.2,7.5,29.3,11.2,2.6,12.2,2.1,0.4,3.4,54.9,7668,45.9,,26.7,24.8,27.3,12.7,70374
30009,1.0,2.4,95.5,86.4,2.7,2.9,8.2,29.6,27.7,3.4,22.0,1.3,0.5,7.3,25.4,11116,50.4,,30.3,22.0,34.6,7.8,80261
30011,1.3,5.0,93.0,87.5,1.6,0.0,7.5,19.5,27.6,6.2,37.8,0.2,0.0,34.9,14.5,1308,56.9,,31.6,31.9,20.7,15.4,54167
30013,1.8,3.7,93.9,89.2,1.9,2.2,7.0,16.5,9.8,6.0,31.5,0.9,0.3,12.0,32.3,84606,38.6,,32.3,22.6,28.4,13.1,67690
30015,1.8,4.7,90.5,77.4,1.6,4.4,5.7,18.5,25.2,5.1,31.8,0.5,0.3,11.8,21.0,5906,43.0,,37.6,22.8,23.0,11.2,58218
30017,1.2,3.1,94.6,88.4,2.3,2.0,7.7,13.0,12.9,5.1,30.1,2.7,0.3,4.1,35.4,11961,42.7,,31.8,24.0,27.0,11.3,70605
30019,0.4,4.9,87.1,85.1,0.3,0.3,2.0,13.8,35.1,2.6,16.9,0.0,0.0,0.0,25.3,1494,53.4,,30.7,21.0,24.2,12.9,55625
30021,2.4,4.5,94.6,88.0,1.7,1.8,6.6,19.1,17.5,4.1,28.1,0.0,0.4,11.3,24.3,8827,43.0,,25.2,28.1,21.8,8.7,71334
30023,1.6,6.0,89.6,81.6,1.9,3.0,5.6,18.6,19.3,7.1,27.0,0.4,0.1,12.4,21.9,9597,49.9,,35.7,26.4,24.1,16.3,57527
30025,0.1,0.3,97.0,88.5,0.0,0.4,3.1,21.0,20.6,4.9,30.6,1.9,0.0,0.0,8.6,2760,37.5,,35.9,28.8,16.2,11.4,76250
30027,1.5,3.3,91.3,85.6,2.7,3.8,16.2,18.3,11.8,9.4,36.6,1.2,0.5,9.7,29.9,11687,44.4,,36.2,25.3,24.0,15.1,63706
30029,0.9,3.6,94.9,91.2,1.8,1.8,10.0,19.6,14.4,4.2,27.6,1.7,0.9,14.1,36.5,110695,42.2,,27.2,21.3,37.2,9.3,73925
30031,1.0,1.8,98.0,93.3,1.6,1.9,6.9,18.3,11.0,2.4,38.9,1.1,0.8,9.0,38.8,124074,34.2,,17.2,19.3,54.3,9.5,93528
30033,0.4,3.4,92.4,89.8,0.0,2.1,9.8,23.0,40.8,1.6,27.8,0.7,0.7,18.5,20.4,1094,43.3,,35.0,26.7,21.0,13.4,69583
30035,5.1,9.9,90.7,84.0,5.6,6.3,23.6,14.7,19.8,6.0,36.3,5.2,2.8,3.0,37.6,13637,33.4,,28.6,26.0,16.5,31.1,46875
30037,8.6,4.9,85.1,78.2,0.8,2.1,22.9,31.0,22.0,6.1,18.9,0.5,0.0,0.0,15.8,899,50.9,,31.5,27.7,20.9,17.0,58333
30039,0.9,5.5,91.9,86.9,2.0,0.3,8.5,27.6,41.8,3.5,22.1,1.2,0.3,4.4,42.2,3462,53.0,,29.9,19.7,34.2,10.2,59265
30041,1.9,7.2,90.5,82.7,2.6,5.6,8.3,13.1,14.2,8.6,33.9,0.8,0.7,6.6,32.5,16155,34.5,,35.2,22.9,24.4,20.7,52798
30043,2.9,3.2,96.8,91.4,2.5,3.2,5.8,24.4,7.6,3.0,15.8,1.4,0.1,13.0,17.0,12774,47.1,,29.2,20.1,32.2,5.7,95490
30045,3.0,3.9,93.5,91.5,0.1,1.4,6.8,21.4,27.2,2.4,27.3,0.0,0.0,2.0,14.6,2071,46.2,,26.0,22.1,31.0,13.3,59000
30047,2.1,5.0,91.4,84.8,3.2,2.7,14.5,22.9,23.6,4.8,25.0,1.7,1.1,6.8,34.4,32561,44.3,,25.2,24.2,31.5,17.2,63360
30049,0.9,4.2,95.0,90.3,2.0,1.5,5.7,18.3,8.4,5.3,29.9,0.9,0.5,8.9,31.6,73464,41.8,,22.8,19.0,43.0,8.1,78237
30051,9.2,7.0,87.4,74.6,0.3,0.8,3.4,16.5,13.5,10.2,36.6,2.3,0.3,3.8,40.7,1952,39.8,,25.1,22.6,27.8,25.8,57857
30053,2.6,6.9,92.1,86.6,2.2,3.3,14.9,18.5,17.5,6.4,22.4,1.3,0.9,8.7,36.9,21175,52.8,,38.2,24.3,18.9,15.4,47143
30055,0.2,2.1,88.8,82.1,1.3,1.5,5.3,19.9,26.2,0.4,10.2,0.4,0.4,0.0,39.0,1670,53.2,,32.3,30.3,23.3,5.0,69375
30057,2.3,3.9,93.7,89.4,1.7,0.7,7.1,25.8,41.5,1.6,19.0,0.8,0.5,15.1,25.7,9223,52.2,,25.4,27.0,32.6,6.2,75250
30059,4.8,3.4,89.1,84.0,0.2,0.3,3.6,25.4,36.1,0.5,24.6,0.0,0.1,0.0,9.5,2007,58.3,,29.7,27.2,30.0,12.4,71932
30061,1.7,5.5,94.3,83.0,1.7,1.0,9.1,27.6,16.4,2.7,18.9,1.2,1.0,11.5,36.0,4959,50.0,,33.7,23.9,26.1,13.5,63450
30063,1.0,2.4,96.4,93.0,2.6,2.6,6.1,18.1,7.5,5.2,41.2,0.7,0.7,8.6,39.5,120672,37.1,,19.5,21.4,47.4,10.1,75598
30065,1.8,8.9,88.5,83.4,5.1,2.9,10.1,25.3,19.3,5.9,14.9,2.0,1.0,20.5,41.0,5152,51.3,,32.0,26.6,22.4,17.0,58920
30067,1.2,2.3,95.6,90.2,1.6,1.3,8.1,25.3,13.2,3.4,30.6,1.6,0.3,12.7,38.3,17710,46.0,,26.9,21.1,39.8,12.3,70047
30069,0.0,1.1,86.0,84.2,0.0,0.5,6.7,16.2,28.9,0.0,27.1,0.0,0.0,0.0,0.0,447,51.6,,42.0,22.7,30.8,8.1,60208
30071,1.3,3.7,94.5,91.0,1.0,1.4,7.6,15.6,21.0,0.6,26.5,0.2,0.0,7.7,31.3,4221,45.6,,30.7,29.9,25.4,10.5,53417
30073,7.1,5.7,88.8,81.8,3.4,3.2,8.2,19.2,17.6,7.0,32.3,1.9,0.5,6.0,30.0,6035,42.0,,31.7,22.7,20.1,21.9,52338
30075,2.5,6.9,94.9,84.0,0.4,0.0,7.6,19.4,27.2,3.2,21.2,2.5,2.7,0.0,9.0,1815,47.3,,35.2,22.8,26.1,8.1,67045
30077,1.8,4.6,88.4,83.8,1.0,0.7,6.4,18.1,19.1,2.4,27.5,0.2,1.7,9.1,7.9,7053,45.8,,46.1,20.7,19.3,5.6,66923
30079,1.7,1.8,84.4,78.2,0.5,3.3,4.7,17.0,20.7,9.5,16.1,1.7,0.0,0.0,36.6,1250,57.8,,35.0,26.6,26.9,20.6,51250
30081,1.3,5.3,94.0,87.1,1.8,2.2,10.5,24.4,11.9,4.1,20.6,0.8,0.3,10.5,32.0,46727,48.7,,30.6,23.6,28.7,8.8,71283
30083,1.4,3.5,92.2,85.8,2.2,2.0,4.7,22.7,21.2,5.1,32.9,1.3,0.2,8.2,20.1,11235,38.4,,41.5,22.9,22.0,6.6,73084
30085,2.4,6.1,78.8,74.1,6.3,7.6,25.2,19.0,24.0,10.4,33.4,3.1,1.0,2.0,30.3,10526,30.9,,31.9,25.8,21.2,30.4,57063
30087,3.6,5.7,87.5,77.4,6.2,5.7,16.2,15.5,18.8,7.9,36.4,1.6,1.6,7.4,30.6,8165,38.0,,36.1,22.6,20.9,24.5,49914
30089,3.5,4.8,92.9,87.8,2.5,2.2,13.7,22.0,19.9,4.5,18.7,2.1,0.9,5.1,51.1,13285,54.6,,35.0,25.4,21.5,15.4,57476
30091,1.6,7.8,94.8,89.0,1.3,2.0,7.3,13.2,27.7,5.2,28.2,0.9,0.5,6.5,44.9,3669,43.1,,30.8,21.2,26.2,10.4,70147
30093,2.2,3.8,93.2,86.5,2.5,4.1,6.0,16.9,11.9,6.5,29.2,0.7,0.3,3.4,43.1,35785,40.5,,32.4,24.4,28.0,14.8,61754
30095,2.0,2.4,92.9,86.8,1.9,1.1,5.2,30.5,18.2,3.2,17.1,1.3,0.8,1.9,26.7,9182,46.7,,32.8,21.2,32.3,8.3,84732
30097,0.3,2.6,92.4,91.6,1.1,2.4,10.2,24.5,18.3,2.5,20.3,1.9,0.5,23.0,18.6,3720,47.0,,31.2,30.9,24.4,7.9,77000
30099,5.1,3.4,90.8,85.0,0.6,0.8,5.4,21.8,16.2,6.2,24.5,2.1,0.2,13.3,28.5,6353,42.3,,30.8,26.2,26.8,13.4,70430
30101,4.7,9.0,95.5,88.1,2.8,2.6,8.3,15.5,20.2,7.3,36.9,0.0,0.9,8.9,32.4,5061,37.7,,34.6,23.5,22.5,12.6,57731
30103,1.0,4.0,95.0,80.0,0.7,0.0,4.1,16.9,21.7,7.5,31.7,1.7,0.0,22.0,20.0,732,52.0,,29.7,20.4,37.5,12.3,67917
30105,1.3,4.0,93.7,84.9,1.9,1.5,6.4,15.4,30.6,5.8,21.5,0.5,0.3,9.9,33.1,7519,44.3,,29.1,31.0,25.7,10.1,71695
30107,2.4,4.0,89.8,81.9,0.4,1.4,17.9,18.5,23.9,2.3,24.5,1.8,0.3,8.5,20.5,2056,46.2,,38.4,24.4,23.2,23.0,49489
30109,0.3,3.8,93.1,83.3,1.1,1.1,6.5,20.9,22.5,3.0,27.5,4.6,0.0,0.0,11.7,1193,41.0,,37.0,23.1,22.5,15.8,67462
30111,1.4,3.1,95.9,91.4,2.2,2.5,7.7,18.6,5.8,4.3,30.4,0.8,0.5,8.9,37.9,168957,39.0,,29.2,22.8,34.1,9.2,76570
31001,3.2,4.3,95.3,89.8,1.6,1.5,5.8,15.2,6.2,4.6,30.3,0.9,0.7,11.0,40.9,31052,38.7,,23.8,24.9,29.6,12.7,68365
31003,2.6,3.9,91.1,83.3,1.1,0.9,7.2,17.8,16.3,4.1,21.0,1.4,0.6,6.3,22.7,6305,42.4,,33.3,20.3,20.5,9.2,66105
31005,0.0,1.2,89.2,87.0,0.3,1.6,6.8,20.0,20.3,4.3,19.5,1.1,0.0,6.3,31.3,484,46.0,,19.8,27.6,36.6,7.2,76250
31007,6.0,4.3,88.5,83.9,2.5,0.0,9.7,26.0,20.4,1.0,32.1,4.6,0.0,11.1,27.8,742,51.5,,19.3,27.7,33.3,7.7,78839
31009,0.9,2.4,85.8,76.1,0.9,0.0,5.0,22.3,34.6,2.5,26.4,0.0,1.0,0.0,22.7,422,57.5,,38.1,22.0,25.0,9.0,69583
31011,1.9,4.1,92.9,83.9,0.8,1.4,3.4,17.8,14.2,2.8,18.1,0.3,0.6,14.5,20.6,5356,42.6,,35.8,23.6,19.7,9.6,74947
31013,1.6,3.9,93.0,88.3,1.0,1.2,6.8,11.3,13.6,6.4,23.2,1.5,0.2,5.2,40.6,10714,41.5,,31.7,31.8,18.6,10.8,68892
31015,0.7,2.9,91.5,90.6,1.3,1.5,7.3,17.2,38.2,0.8,14.4,1.1,0.0,8.5,22.0,1688,52.2,,42.0,19.0,22.3,9.7,67045
31017,2.3,5.4,93.3,85.5,1.1,2.4,7.5,11.9,23.0,4.7,25.8,0.0,0.0,3.4,54.2,2869,45.7,,30.2,28.0,24.0,13.4,54676
31019,2.0,4.2,96.0,91.1,1.8,1.6,7.0,16.0,6.1,4.5,33.6,0.9,0.5,7.3,33.5,50579,35.1,,24.6,24.6,34.4,9.9,75911
31021,2.2,5.7,92.5,86.2,0.7,1.2,7.5,24.6,12.1,5.8,25.0,0.6,0.1,8.7,30.0,6740,44.3,,33.9,20.4,24.9,13.2,63685
31023,4.3,4.3,89.0,86.2,0.8,0.9,5.1,24.2,12.8,4.0,20.1,0.8,0.0,1.5,31.0,8424,42.8,,34.3,18.9,24.0,9.7,79268
31025,1.0,3.0,95.8,91.6,1.2,1.2,6.0,28.3,8.8,3.4,14.6,1.1,0.4,9.1,31.6,27161,41.5,,28.9,22.1,32.2,5.2,91836
31027,1.2,2.4,90.4,82.1,1.2,1.0,6.0,18.8,11.7,1.7,20.4,0.9,0.2,10.1,21.0,8315,41.9,,36.7,20.4,24.0,7.1,73578
31029,6.6,4.2,91.3,87.3,1.2,0.5,11.2,14.9,21.1,1.8,20.9,0.1,0.0,3.5,28.3,3671,45.0,,26.8,24.8,24.1,7.5,68173
31031,2.1,1.7,93.9,85.5,0.3,0.8,9.4,15.2,25.8,7.5,38.6,1.0,0.3,10.7,23.2,5498,41.4,,32.6,26.4,25.3,8.3,66270
31033,2.4,5.4,94.6,91.9,2.2,3.0,6.8,16.3,8.7,4.3,33.3,0.5,0.0,10.9,31.8,9533,42.5,,32.1,25.0,23.2,14.3,60348
31035,1.5,5.0,92.5,87.9,1.3,0.8,6.6,22.1,11.6,4.7,18.1,0.6,0.7,16.5,19.4,6095,39.1,,34.0,22.2,22.3,6.9,78986
31037,15.0,5.6,93.6,89.0,0.9,0.2,12.2,17.4,7.3,0.4,23.7,4.3,0.7,7.1,8.4,10641,35.5,,31.7,19.6,14.8,6.9,82530
31039,4.5,3.9,91.0,82.0,1.5,1.1,8.3,18.2,8.3,3.5,31.1,0.3,0.2,4.2,22.1,8975,40.9,,35.6,18.1,24.9,6.7,71104
31041,1.5,3.5,90.7,82.0,1.7,1.5,7.1,17.4,15.6,4.2,31.1,0.9,0.6,6.6,25.9,10518,42.1,,31.6,22.8,24.3,7.1,67906
31043,14.1,7.1,96.0,85.8,3.4,1.1,8.1,13.9,4.5,4.5,36.1,6.8,2.8,6.0,37.9,21354,32.5,,34.6,20.7,14.6,11.5,70329
31045,1.3,2.8,91.4,84.6,1.0,2.2,9.6,15.6,14.5,4.0,38.2,0.1,0.1,8.2,43.3,8140,35.8,,22.9,25.6,36.2,13.1,56280
31047,16.0,6.1,93.5,83.7,1.0,0.6,9.9,17.5,8.2,5.2,33.6,2.7,2.8,8.9,23.1,24202,35.6,,32.1,19.3,17.6,10.8,69880
31049,4.2,4.7,90.8,86.5,0.8,0.6,9.1,28.2,17.4,3.3,18.4,0.5,0.0,15.7,10.1,1847,50.8,,26.4,24.2,25.2,9.4,70096
31051,9.1,5.0,92.1,86.2,1.6,2.0,9.2,24.1,13.0,1.6,23.5,2.6,0.4,10.8,22.0,5545,43.3,,30.4,19.2,23.4,7.3,72454
31053,6.0,5.6,95.9,89.8,2.3,3.1,6.5,18.8,9.3,3.9,33.1,1.1,0.0,5.4,28.4,37351,39.3,,34.6,21.3,22.0,11.0,74329
31055,4.6,4.0,96.1,92.2,2.7,2.1,8.3,20.0,5.2,6.8,38.5,1.7,0.9,9.7,39.9,590736,35.6,,20.4,20.9,42.1,11.8,80391
31057,1.3,5.6,90.0,87.0,0.2,0.0,5.5,13.9,21.7,4.6,26.4,0.3,0.0,10.3,24.0,1736,46.4,,24.7,34.0,20.2,14.0,58922
31059,2.0,2.2,90.6,84.0,0.3,3.1,4.1,21.6,13.5,2.8,19.6,0.0,0.3,3.8,19.5,5541,46.1,,33.7,24.2,22.9,8.8,76295
31061,1.6,4.8,91.2,82.2,1.6,1.6,4.4,19.2,15.5,2.1,16.8,0.2,0.2,2.6,28.6,2846,49.0,,32.2,25.8,21.3,12.3,60195
31063,3.2,3.1,94.3,76.8,1.6,3.1,6.4,21.2,20.4,2.0,26.0,1.8,2.2,12.7,32.8,2569,43.7,,27.3,25.4,25.7,11.4,70132
31065,3.8,6.4,90.1,76.8,0.6,1.0,5.7,16.4,20.1,4.2,23.7,0.8,0.4,5.7,34.8,4568,47.3,,31.9,21.5,24.9,13.0,61048
31067,2.2,4.3,91.1,87.3,1.0,2.2,5.1,21.2,10.3,8.3,26.5,1.1,0.2,5.4,31.6,21629,42.6,,35.5,20.3,23.1,12.6,67247
31069,2.2,3.3,92.9,88.8,2.9,3.3,8.9,13.3,26.9,2.1,21.3,0.3,0.5,29.7,26.6,1761,49.9,,29.9,29.8,21.1,16.5,41882
31071,0.5,3.8,94.6,87.9,1.8,1.6,3.6,14.8,29.2,6.1,24.0,0.0,0.0,12.9,18.1,1718,47.7,,27.3,30.7,29.7,8.8,62804
31073,0.0,2.1,96.1,83.1,1.5,1.1,9.4,22.1,31.0,1.0,19.0,3.0,0.0,0.0,19.6,2040,48.4,,29.5,25.0,27.4,10.3,77500
31075,0.9,6.8,91.2,78.5,0.2,0.0,10.5,26.9,30.2,3.9,29.2,2.1,0.7,13.9,19.4,626,40.4,,28.4,25.9,28.6,12.2,70147
31077,3.4,3.4,93.7,85.4,2.1,1.6,4.9,18.3,21.2,2.2,18.3,0.8,0.9,11.5,18.7,2202,44.1,,35.3,21.2,21.3,13.1,63929
31079,8.9,5.9,93.8,89.9,2.7,2.8,12.9,17.5,3.8,6.6,38.0,2.3,1.2,13.7,33.1,62536,36.1,,32.1,21.7,21.5,14.1,69251
31081,1.1,1.7,95.8,93.7,1.5,0.6,6.1,20.7,12.2,1.4,17.0,1.0,0.0,11.1,23.5,9464,42.0,,30.8,23.6,31.3,5.2,83994
31083,2.4,3.7,95.3,85.1,0.8,1.3,8.5,19.1,36.5,1.1,14.2,4.1,0.0,4.0,19.8,2847,47.3,,27.3,23.2,29.2,6.7,70625
31085,0.8,4.2,88.6,81.7,0.0,2.4,5.6,28.7,22.6,3.2,32.1,2.7,0.0,1.2,1.2,843,47.3,,32.7,22.4,19.8,12.7,69250
31087,1.8,5.2,88.2,79.6,0.9,1.4,5.6,21.9,28.8,4.0,21.3,1.0,0.1,0.6,35.7,2569,45.5,,29.6,29.8,20.9,12.8,51567
31089,1.6,4.0,92.1,84.7,0.6,2.3,6.6,16.4,17.3,3.8,27.7,0.5,0.5,6.8,21.7,10102,41.6,,32.9,18.5,29.1,11.7,68513
31091,0.2,4.4,88.1,76.8,2.5,0.0,9.5,14.4,23.6,6.1,44.6,0.0,0.0,4.5,0.0,647,43.6,,41.1,23.4,24.6,6.2,49464
31093,1.9,2.3,90.4,85.3,2.4,0.6,6.8,26.7,13.5,3.0,21.8,1.6,0.0,3.4,26.4,6534,42.2,,33.8,24.5,26.0,4.8,76767
31095,2.1,4.2,89.7,80.2,0.7,1.9,8.4,16.5,14.8,7.6,25.1,0.2,0.0,8.2,31.0,7161,44.4,,41.7,17.8,20.2,10.1,59044
31097,4.2,8.9,90.5,86.7,1.7,3.4,5.0,26.0,18.6,7.4,32.8,0.2,0.1,7.4,28.7,5261,41.1,,40.3,18.5,17.7,9.7,57632
31099,3.6,2.5,93.7,90.0,1.2,0.4,6.1,21.3,5.8,0.9,22.5,1.2,0.0,4.5,21.4,6713,40.2,,24.0,21.6,34.5,7.2,78631
31101,5.2,4.7,92.2,89.1,1.2,0.2,6.6,14.9,25.5,5.6,28.9,0.9,0.5,12.1,26.4,8219,48.4,,28.9,25.6,22.7,10.4,60645
31103,2.5,1.1,90.4,84.8,0.6,0.0,9.9,18.7,38.2,1.3,19.2,3.0,0.0,0.0,28.0,822,48.5,,37.4,24.2,20.6,7.2,64000
31105,3.3,8.3,92.5,85.0,0.4,4.3,14.4,14.6,16.4,3.8,24.8,0.3,0.0,10.3,39.2,3248,49.8,,35.5,23.9,15.0,12.2,56712
31107,2.8,4.7,88.5,83.1,2.2,2.2,7.0,19.5,24.3,4.6,21.6,1.3,0.7,11.2,25.9,8363,44.3,,35.4,21.0,19.0,13.7,64636
31109,2.8,3.6,97.1,92.8,2.2,2.4,5.9,19.0,4.4,6.2,41.1,1.6,0.6,8.8,38.1,326696,34.3,,20.4,19.9,41.9,11.9,74793
31111,2.1,3.7,95.2,89.5,2.3,3.0,6.6,15.4,10.4,4.1,34.4,0.6,0.4,11.2,32.9,33802,42.4,,30.7,26.8,22.7,12.4,65148
31113,1.1,1.1,95.0,86.6,0.2,0.0,7.1,20.1,9.4,0.0,21.1,2.0,0.0,2.1,40.4,773,45.5,,27.5,28.4,24.1,5.6,74271
31115,0.2,0.7,96.3,90.6,0.0,1.2,9.5,23.0,43.9,1.6,26.6,1.6,0.0,16.3,8.2,578,43.9,,34.9,20.0,27.2,6.9,71667
31117,0.3,4.6,95.3,92.5,0.0,0.5,3.4,18.1,20.9,7.1,34.9,1.4,0.0,0.0,0.0,475,45.8,,21.1,16.2,25.7,12.2,58684
31119,5.0,3.9,93.1,84.4,2.0,1.1,7.5,14.3,6.8,6.9,34.6,1.3,0.5,8.4,29.2,35532,37.4,,29.9,20.7,23.7,13.1,63128
31121,3.9,4.7,93.3,88.5,0.2,1.2,5.3,21.4,10.9,1.9,17.8,1.3,0.2,11.7,24.5,7724,43.2,,35.0,25.7,18.3,7.9,68354
31123,3.7,5.4,89.2,80.9,2.3,1.3,8.4,21.6,15.5,4.6,22.7,1.1,0.6,2.3,44.1,4534,41.5,,34.8,23.8,19.4,13.9,58500
31125,2.1,5.3,92.5,85.7,2.4,0.5,6.6,22.5,16.4,2.2,27.1,0.5,0.2,18.7,19.3,3324,43.1,,33.7,25.9,20.1,16.6,65179
31127,1.6,7.3,93.3,87.4,3.9,1.1,10.2,20.6,14.1,4.8,34.1,0.5,0.1,9.5,28.3,7046,39.3,,30.6,21.9,29.4,13.3,60924
31129,3.0,4.6,91.8,84.6,0.4,1.9,9.3,20.3,13.6,2.9,16.5,1.1,0.0,5.4,18.3,4087,50.6,,32.9,21.1,23.1,5.7,73976
31131,3.1,3.6,96.0,93.4,1.8,0.8,3.9,21.9,8.8,3.0,17.7,2.5,0.2,5.3,20.0,16241,41.7,,34.8,18.5,27.2,9.1,82188
31133,7.6,6.8,80.6,79.9,1.2,2.1,13.0,22.4,22.6,5.8,19.8,2.8,0.5,7.4,18.5,2530,44.9,,38.0,17.8,21.2,13.5,62188
31135,4.3,2.9,96.2,90.4,1.0,0.5,5.6,14.2,12.3,2.6,21.3,1.8,0.0,2.3,29.0,2821,41.2,,25.2,28.3,25.8,7.2,72778
31137,1.9,5.1,95.4,87.2,0.8,1.1,6.2,14.7,6.1,6.2,31.7,2.0,0.1,11.8,30.8,9009,41.4,,27.9,23.7,29.9,12.2,68919
31139,1.9,3.5,93.1,86.6,1.4,1.9,4.5,19.9,9.4,3.2,21.9,0.7,0.1,24.3,17.8,7325,39.6,,29.1,20.9,23.7,7.6,72357
31141,4.8,4.8,93.8,88.7,1.4,2.1,7.3,16.1,4.7,5.1,28.4,1.5,0.4,7.4,32.9,34716,37.7,,32.1,21.9,23.0,9.8,71552
31143,1.0,5.0,91.5,84.7,0.9,1.8,5.5,20.8,16.5,2.1,21.1,1.2,0.0,8.7,19.4,5225,43.4,,34.9,23.9,20.0,7.9,69768
31145,2.8,4.0,92.4,83.8,0.9,1.9,8.9,11.3,12.5,9.3,27.0,0.0,0.4,11.8,40.3,10557,41.6,,30.8,27.0,24.8,14.0,63697
31147,1.7,4.9,88.8,83.8,2.3,1.5,6.2,19.8,12.7,8.0,22.7,1.0,0.0,17.4,15.6,7751,47.3,,38.1,19.0,23.8,10.5,60108
31149,2.3,5.9,96.2,79.0,0.7,1.3,4.9,11.7,25.8,5.8,30.7,0.0,0.0,0.0,25.0,1319,49.4,,32.1,22.6,27.1,10.8,58125
31151,11.8,5.9,92.8,84.6,2.0,1.1,9.7,21.5,11.3,3.2,24.1,1.1,1.7,18.0,15.7,14650,37.3,,31.0,17.4,21.8,8.9,79910
31153,1.7,2.7,97.8,95.4,1.8,2.0,4.7,21.2,3.5,3.0,29.6,1.0,0.4,8.3,35.7,197389,35.7,,20.0,22.3,42.6,5.6,103321
31155,1.0,2.0,95.5,92.4,1.7,2.0,4.2,26.0,13.4,4.4,17.9,0.4,0.1,4.2,36.0,23048,40.3,,27.7,21.6,32.6,6.3,94066
31157,3.5,5.7,92.1,85.7,1.7,1.9,10.2,15.6,8.5,7.0,30.7,1.7,0.3,9.3,39.6,35843,40.3,,27.5,26.1,27.0,12.9,63614
31159,1.3,4.0,94.4,88.6,1.4,1.9,6.1,22.1,5.8,4.3,28.0,1.3,0.4,7.7,29.7,17641,38.0,,27.0,19.3,33.2,7.4,82444
31161,2.1,7.5,88.9,84.0,1.2,1.9,10.9,18.7,22.0,3.7,25.9,1.0,0.7,8.5,24.7,5014,46.1,,30.2,23.5,24.2,11.3,60121
31163,2.2,5.8,85.5,79.7,1.9,3.1,4.1,21.8,26.2,6.9,24.6,0.0,0.6,2.4,34.0,2967,46.9,,35.4,24.3,20.5,8.6,63578
31165,1.4,4.2,91.8,77.1,1.0,2.0,8.5,19.7,28.7,5.9,40.4,0.0,0.4,11.9,19.0,1171,43.7,,26.0,36.5,22.4,14.9,53929
31167,2.0,4.0,91.5,82.2,0.5,0.5,6.1,22.3,6.8,1.6,21.7,0.6,0.5,0.0,35.8,5796,40.5,,32.2,18.4,24.1,9.4,80687
31169,1.1,4.0,93.3,87.1,1.3,2.2,5.2,16.4,16.4,3.4,22.5,1.3,0.0,6.3,23.0,4901,46.0,,33.4,20.9,23.8,9.0,66213
31171,3.5,4.6,96.1,88.5,1.4,2.6,5.0,18.5,14.8,4.6,31.9,0.0,0.0,0.0,5.1,564,53.3,,28.9,13.7,28.7,8.9,65000
31173,1.8,4.3,94.3,87.2,6.5,3.8,9.4,21.3,13.1,5.4,39.0,5.8,3.5,2.9,22.9,6627,29.2,,34.4,22.8,22.2,13.9,69177
31175,0.8,4.1,92.4,83.2,0.2,3.1,5.6,18.0,14.8,3.5,26.2,0.0,0.3,1.4,17.1,4066,46.1,,32.0,24.1,25.3,9.3,61852
31177,1.5,2.6,95.7,92.0,1.2,1.7,4.2,22.7,3.2,3.0,16.8,0.2,0.0,15.7,35.4,21106,42.9,,23.8,24.1,36.8,6.4,94396
31179,2.5,2.2,95.0,90.0,2.9,2.6,5.8,13.4,6.0,5.5,38.7,1.7,0.0,8.5,39.8,9844,30.0,,33.7,18.5,30.4,13.2,66215
31181,1.8,3.1,94.2,92.1,0.4,2.7,5.8,22.9,15.4,3.3,19.4,0.6,0.8,4.0,18.5,3360,44.5,,36.2,23.2,21.2,9.6,64347
31183,0.8,2.5,84.1,76.6,1.6,5.0,9.0,18.4,38.9,3.6,22.3,0.8,1.9,0.0,7.5,847,54.3,,35.5,21.6,30.3,5.2,70250
31185,2.4,4.4,93.6,90.3,1.0,2.1,5.4,13.0,10.3,6.4,24.5,0.8,0.8,5.5,28.8,14286,38.6,,28.8,23.9,25.7,9.2,77757
32001,1.6,6.5,94.9,89.7,2.9,3.2,8.0,24.1,13.6,3.9,30.1,2.3,0.7,14.7,28.2,25805,40.4,,34.7,25.2,17.7,8.1,79163
32003,5.8,7.3,97.0,92.5,4.8,3.7,12.2,25.1,9.1,7.6,42.2,3.1,1.6,9.3,48.4,2329548,38.5,,27.7,22.9,27.8,13.0,76472
32005,2.1,3.6,96.4,94.0,1.5,1.4,6.0,26.2,14.1,3.3,21.2,1.3,0.6,8.8,46.4,49623,55.0,,23.9,27.7,31.6,9.0,90754
32007,5.9,6.9,94.7,89.3,3.0,2.4,9.0,29.4,11.5,5.6,28.6,2.8,1.0,7.0,30.4,54047,35.7,,34.6,24.7,17.8,9.8,86487
32009,2.6,14.2,98.2,95.8,0.2,1.6,4.7,13.9,27.1,22.9,39.2,0.0,0.0,0.0,75.5,1028,55.0,,34.3,23.8,21.1,12.4,41715
32011,2.4,3.4,97.6,90.2,0.0,6.3,12.0,18.4,36.3,10.6,17.0,6.3,1.3,0.0,52.7,1585,50.7,,29.8,42.6,17.1,24.9,70473
32013,5.8,5.5,93.9,89.2,3.6,0.9,8.7,28.4,11.0,3.2,26.0,2.6,1.4,10.6,25.8,17289,37.7,,39.9,20.4,19.3,10.6,81073
32015,2.7,9.3,96.1,95.2,5.8,0.0,4.8,24.2,22.3,2.8,22.6,7.2,0.9,2.6,38.7,5770,37.6,,31.4,22.6,19.3,10.7,89014
32017,1.0,4.9,99.7,85.8,0.9,0.0,5.5,15.0,30.5,1.9,25.0,2.9,0.0,25.2,33.7,4405,45.4,,44.8,21.8,20.4,5.0,72307
32019,3.9,8.2,96.6,93.5,3.7,3.8,9.6,29.4,6.6,2.3,23.3,1.8,0.6,8.8,36.0,61680,43.2,,32.7,27.0,17.0,11.7,80812
32021,1.0,6.3,92.2,85.7,5.0,3.4,11.4,15.9,19.8,5.1,27.5,2.2,0.0,0.9,17.9,4542,44.3,,43.7,28.1,13.2,18.5,54855
32023,4.4,8.4,93.8,84.0,3.4,3.3,8.8,29.0,12.3,5.6,22.2,1.3,1.1,6.8,44.4,54344,52.5,,35.5,29.4,13.3,14.1,60714
32027,3.3,9.6,92.1,90.0,1.6,1.3,10.4,26.1,24.4,3.4,27.0,2.9,0.0,0.0,17.8,6487,42.4,,46.0,27.5,6.1,11.8,66902
32029,0.5,8.9,99.6,94.1,3.3,2.1,4.4,38.7,7.2,1.6,3.9,0.0,0.0,0.0,50.8,4140,52.8,,16.7,33.2,31.2,7.1,93409
32031,5.1,6.0,96.8,91.1,3.4,2.5,9.9,22.5,8.6,6.4,40.1,2.4,2.0,9.9,41.9,497200,39.0,,23.5,22.8,34.2,10.7,88096
32033,2.1,11.7,95.2,90.1,2.0,4.0,4.7,17.6,19.3,1.9,24.6,1.3,0.4,0.0,22.7,8735,43.1,,39.1,22.9,12.4,8.2,72865
32510,3.4,7.4,95.6,91.5,3.2,2.1,11.2,20.5,5.8,6.8,37.7,1.9,1.4,12.0,37.7,58384,42.4,,27.7,26.9,23.7,10.3,72355
33001,1.1,5.1,95.5,91.9,1.9,3.1,5.9,25.0,32.5,4.0,19.9,0.9,0.5,8.3,41.5,64659,48.4,,28.6,19.5,33.6,8.5,92783
33003,1.4,3.0,97.0,91.5,3.0,3.7,6.8,26.6,46.0,3.1,16.6,0.6,1.4,9.3,32.6,51804,54.6,,26.4,19.7,38.6,7.6,86463
33005,1.3,4.3,95.4,91.8,2.1,2.6,6.2,23.7,14.7,4.7,27.3,0.7,0.4,10.7,38.0,77297,43.6,,31.0,18.1,35.5,8.7,83329
33007,2.5,7.1,92.1,86.4,2.3,5.5,7.7,23.1,32.2,9.0,25.8,0.3,0.4,8.6,35.7,31271,50.3,,39.5,18.5,20.1,13.2,57677
33009,1.2,4.0,95.2,90.3,1.9,2.7,5.4,22.2,28.5,6.3,28.7,0.5,0.4,8.0,36.9,92120,44.1,,25.6,15.2,46.7,10.4,88261
33011,2.4,4.2,96.4,93.4,2.2,2.1,5.5,27.3,5.1,5.2,32.6,1.1,0.4,10.5,37.7,426378,41.0,,25.7,16.8,41.5,6.7,103545
33013,1.6,3.9,96.1,92.8,2.0,3.0,5.1,26.6,8.4,4.2,26.5,1.2,0.7,8.3,36.6,155967,42.9,,28.0,17.0,38.9,7.6,97004
33015,1.3,2.6,97.3,95.0,2.4,1.6,4.1,28.9,7.4,3.1,21.6,0.6,0.3,10.6,39.7,319082,45.0,,24.1,16.9,45.7,4.8,118331
33017,1.5,3.7,96.6,93.5,2.4,2.4,5.2,26.0,8.0,4.9,32.9,1.2,0.4,9.0,41.3,132575,38.2,,26.1,17.9,39.3,8.7,88570
33019,2.9,5.0,93.0,87.1,1.8,4.1,6.0,26.1,24.3,5.3,24.6,1.3,0.5,10.5,43.3,43715,47.0,,36.4,15.9,30.3,10.1,80858
34001,4.7,6.0,95.4,91.2,5.5,2.7,7.0,25.2,17.1,11.0,31.3,2.0,0.9,9.8,47.1,276270,42.3,,32.2,17.5,31.8,13.2,78050
34003,4.1,3.0,97.0,94.8,3.9,2.1,6.1,31.2,3.9,7.5,34.7,2.2,1.4,8.3,42.5,962316,42.0,,20.0,13.0,53.1,6.8,124884
34005,2.2,3.5,96.4,94.8,3.4,1.6,3.9,29.1,4.9,4.3,23.9,1.0,0.5,10.5,42.0,467805,41.7,,25.9,17.7,42.5,6.6,108111
34007,4.5,5.6,95.4,92.2,4.6,3.0,6.4,27.4,5.3,10.6,35.3,1.9,0.9,10.5,44.0,527257,38.8,,29.0,17.1,36.3,12.4,88755
34009,2.0,3.3,96.7,93.1,3.0,1.7,5.0,22.0,54.9,5.7,19.7,1.4,0.4,8.6,46.4,94941,51.8,,31.0,17.3,39.0,8.7,91128
34011,9.0,9.4,93.6,89.5,3.9,3.4,10.5,25.5,6.1,10.1,33.5,2.5,1.3,10.5,45.6,153305,37.7,,38.1,16.3,18.9,15.6,67436
34013,7.1,6.2,95.4,90.4,5.8,3.5,11.9,33.6,5.1,21.0,55.1,2.7,3.4,9.0,46.1,863002,37.7,,27.1,14.6,39.1,14.6,80789
34015,2.2,3.8,96.6,93.0,3.5,2.1,4.0,28.2,4.6,5.2,19.9,1.1,0.4,11.1,43.9,306954,40.1,,30.3,17.3,36.8,7.7,105115
34017,7.1,4.9,95.6,91.5,4.2,3.0,11.3,35.4,6.6,33.4,69.3,4.7,3.2,8.9,37.5,718323,35.8,,22.0,12.3,48.9,14.9,91795
34019,1.6,2.1,97.3,94.6,3.0,1.4,2.8,33.0,2.4,3.3,14.9,0.5,0.4,5.6,41.7,130160,46.1,,18.9,13.6,57.4,4.0,141715
34021,5.3,5.3,95.6,91.4,4.1,2.6,7.9,27.1,4.6,11.2,37.8,2.6,1.1,8.7,41.3,385864,39.5,,24.0,14.0,45.4,10.3,100645
34023,5.5,5.3,96.5,94.3,4.5,2.1,7.2,31.2,3.2,8.0,36.4,3.7,1.8,9.3,38.8,871290,39.5,,22.8,14.1,45.6,8.6,111549
34025,2.5,3.3,96.4,93.7,3.6,1.7,5.3,32.1,6.9,6.4,24.4,1.2,0.7,8.3,44.4,645353,43.2,,21.0,14.7,51.3,6.5,124845
34027,2.5,2.6,97.1,95.2,3.6,1.7,4.7,29.8,3.1,5.1,25.7,1.0,0.7,6.8,38.4,514528,42.6,,18.6,12.4,57.8,4.9,137326
34029,2.6,3.9,93.4,88.7,3.2,1.5,4.1,30.0,17.7,6.0,19.3,1.8,0.5,8.1,50.3,654362,41.2,,32.7,18.7,34.4,10.5,89863
34031,8.6,6.5,95.1,92.5,5.3,3.2,12.0,26.5,3.7,13.9,46.9,5.1,2.6,8.6,48.4,521012,38.1,,32.6,15.5,30.9,13.0,87522
34033,3.2,6.3,94.7,89.9,4.5,3.1,4.7,26.5,10.4,9.6,29.0,0.4,0.7,10.0,44.9,65275,41.9,,38.5,17.8,25.0,12.7,79960
34035,3.1,2.9,97.7,95.8,3.3,1.8,5.4,31.4,2.1,4.0,25.7,2.0,0.9,8.5,40.5,349846,41.8,,17.6,12.7,57.8,5.4,140374
34037,1.4,3.1,97.0,94.5,3.5,1.7,3.8,36.3,8.1,3.3,16.3,0.7,0.6,8.9,46.0,145807,43.8,,28.2,18.8,40.3,5.5,116186
34039,7.7,6.0,95.8,93.3,4.5,2.9,13.0,30.2,4.3,10.2,42.6,3.7,2.1,8.6,42.8,579290,39.1,,26.1,15.4,38.9,9.2,103202
34041,1.9,4.1,96.0,92.5,3.4,2.9,4.8,34.0,3.0,5.6,24.9,0.8,0.4,7.3,40.3,110849,44.0,,30.7,17.5,36.5,8.3,100869
35001,4.0,5.4,95.8,90.0,3.3,4.0,8.8,22.9,5.7,6.4,35.5,1.6,1.1,8.5,43.5,673930,39.5,,22.2,20.9,38.2,15.2,69473
35003,1.6,0.4,86.9,71.6,1.3,3.1,6.3,25.3,47.5,5.9,6.2,0.6,0.0,0.0,49.2,3743,63.8,,29.9,30.7,31.2,24.8,49864
35005,8.4,10.7,90.7,83.0,2.8,6.2,10.8,19.3,11.7,5.5,28.7,1.8,0.7,8.0,39.8,64217,37.2,,29.4,24.4,17.9,24.3,52938
35006,3.5,11.7,90.6,78.1,4.6,4.8,11.9,24.0,24.3,9.1,23.9,3.4,0.9,19.2,35.4,26845,40.0,,33.8,26.3,17.0,28.4,50759
35007,2.7,7.0,90.1,81.3,1.8,2.9,10.1,19.9,44.1,6.6,28.2,0.1,0.4,12.4,34.1,12322,49.1,,32.8,22.0,25.4,18.2,53554
35009,8.4,8.5,93.7,89.2,4.4,4.7,10.1,16.5,13.2,6.1,37.3,2.7,0.8,6.8,41.3,47638,31.9,,27.1,22.9,23.3,20.5,57309
35011,7.1,3.0,82.4,79.5,5.3,0.1,12.6,11.4,34.9,5.6,28.5,0.0,0.0,12.3,87.7,1576,35.3,,25.1,46.0,9.3,15.5,
35013,8.7,7.8,95.1,90.6,3.9,4.1,11.3,22.8,8.2,6.1,34.5,3.0,1.2,7.7,46.7,224266,34.3,,24.0,18.8,31.7,21.3,56848
35015,6.6,10.0,92.5,87.1,3.4,2.7,9.8,21.4,12.0,4.7,26.7,2.2,0.9,7.5,28.9,61105,36.2,,27.5,26.4,19.3,13.8,78426
35017,3.2,6.1,93.6,86.8,3.8,2.5,5.2,17.9,23.4,3.2,24.2,0.4,0.7,5.3,39.7,27775,49.5,,26.7,23.7,30.7,19.5,44958
35019,10.1,7.7,86.5,81.8,1.4,10.9,5.1,19.7,26.6,4.8,25.4,2.8,0.9,10.4,28.9,4381,37.8,,41.1,18.3,16.4,25.5,42750
35021,1.6,6.4,85.7,71.7,7.7,1.0,1.2,20.6,42.3,7.7,23.1,0.7,0.0,12.5,12.5,741,42.5,,39.4,13.3,33.3,19.4,48553
35023,4.6,8.4,91.6,78.4,1.9,5.6,13.3,22.2,33.8,9.9,19.2,1.4,0.3,7.7,49.6,4041,42.6,,39.2,19.4,18.3,23.1,48882
35025,13.6,11.7,93.8,86.3,4.2,3.4,14.9,24.4,13.1,4.3,28.8,3.7,1.5,7.8,40.6,73733,32.5,,32.3,19.3,15.5,18.7,68015
35027,2.1,3.3,96.0,84.7,2.6,4.0,9.6,20.0,44.0,3.9,23.2,0.2,0.3,6.4,45.4,20224,52.4,,24.8,25.6,32.2,19.3,53303
35028,0.5,1.2,98.1,93.4,0.4,1.1,2.5,14.7,5.3,2.2,25.2,0.6,0.2,10.7,18.2,19435,39.3,,9.2,13.8,69.7,3.5,147139
35029,14.1,10.6,87.8,79.4,2.4,4.2,9.3,19.1,20.6,5.2,29.1,1.4,1.3,14.4,35.6,25611,36.3,,34.5,21.3,14.6,28.6,36419
35031,6.7,11.4,82.0,64.8,4.4,1.9,16.8,27.0,15.6,10.7,30.2,7.4,3.7,8.2,35.4,70431,34.6,,35.8,25.1,13.3,33.2,47668
35033,1.7,4.6,84.6,63.3,1.7,4.1,2.0,30.7,32.7,2.5,13.3,0.0,0.0,9.2,8.8,4149,55.1,,30.6,22.3,34.3,21.4,53663
35035,4.6,7.6,95.3,90.0,4.1,3.8,10.1,22.1,25.0,5.0,33.0,2.8,1.3,9.3,37.5,68816,36.4,,28.5,26.2,22.7,19.3,55876
35037,1.7,6.2,92.4,76.4,4.1,5.0,5.0,11.4,20.7,11.7,28.4,0.2,0.0,16.5,39.5,8564,48.9,,39.4,26.8,19.6,27.1,41946
35039,4.1,8.2,82.0,75.3,2.6,2.0,8.7,30.1,21.2,3.8,20.0,2.0,1.1,4.6,29.7,40070,42.0,,34.5,25.8,19.0,18.2,57155
35041,5.7,7.9,90.5,87.6,3.3,2.8,11.3,15.7,13.2,7.4,39.3,1.8,1.3,11.1,34.7,18928,32.3,,27.8,29.2,21.2,21.8,52685
35043,2.3,4.7,95.1,90.1,3.0,2.9,6.5,30.3,6.6,3.2,16.5,2.0,0.8,9.7,40.3,153604,41.3,,24.8,23.6,33.8,10.0,86636
35045,4.0,9.1,91.8,72.4,3.9,2.6,12.9,24.2,13.5,6.7,28.8,3.6,2.1,7.2,35.2,120942,38.3,,30.0,26.9,18.3,23.1,55872
35047,5.0,8.5,88.2,78.6,2.4,3.6,7.1,22.7,19.7,8.7,26.9,2.2,0.7,7.7,48.6,26850,47.2,,26.3,24.5,26.5,24.4,49431
35049,4.0,4.2,94.6,90.1,3.0,2.1,8.9,23.8,10.2,4.2,28.5,1.6,0.7,7.6,43.4,156105,48.7,,19.6,19.1,46.1,12.0,79071
35051,3.8,7.1,89.4,83.5,1.6,3.4,4.1,14.8,33.7,7.3,28.2,0.6,0.8,10.4,40.6,11500,57.6,,30.7,28.9,17.0,21.4,41600
35053,6.2,8.5,75.6,63.0,0.5,2.2,9.4,16.2,31.5,6.7,24.9,4.1,2.2,16.8,45.9,16200,40.3,,38.5,20.2,19.0,33.2,36570
35055,2.3,5.5,93.5,86.3,4.2,2.9,7.7,25.5,26.8,3.0,22.4,0.9,0.5,7.4,49.1,34543,52.6,,24.8,20.2,38.5,15.5,58950
35057,4.4,8.7,92.8,82.6,4.8,7.5,7.8,37.3,17.0,4.3,18.3,2.0,0.8,3.4,30.7,15490,43.3,,34.0,28.4,16.6,18.3,57842
35059,2.9,8.2,84.4,84.1,2.7,1.6,10.4,16.7,31.6,4.7,27.6,4.3,1.0,18.5,16.8,4013,42.6,,41.4,23.0,18.4,16.6,46694
35061,6.1,7.9,94.2,83.8,3.6,3.7,8.3,30.2,10.3,3.0,16.8,2.7,0.5,13.1,43.1,78458,39.4,,31.9,23.0,20.9,18.1,58933
36001,2.8,3.5,95.3,90.5,3.2,2.8,3.2,21.4,8.8,12.6,43.4,1.0,0.7,9.6,37.2,317018,38.4,,21.3,14.7,46.4,13.0,85333
36003,3.4,5.0,92.1,86.7,3.8,3.2,5.2,22.8,24.8,7.7,20.7,1.0,0.6,7.1,38.9,47159,38.7,,35.2,16.8,24.9,16.2,62869
36005,12.8,11.8,93.4,86.8,6.6,10.0,7.1,43.3,4.5,61.1,79.9,6.7,5.3,8.9,51.2,1404779,36.0,,28.3,16.8,22.4,27.8,48676
36007,2.6,5.9,93.3,89.8,4.0,3.1,3.4,19.6,12.0,13.5,35.5,1.2,0.6,7.3,43.2,197378,39.2,,29.4,17.9,31.0,18.5,62616
36009,4.3,6.3,89.4,83.9,2.7,3.4,6.1,22.6,21.0,10.7,24.8,1.3,0.5,10.4,35.2,76145,42.8,,40.8,15.6,21.1,19.1,59540
36011,3.2,7.4,93.8,89.1,2.2,3.1,4.5,22.8,14.4,9.1,28.6,0.4,0.9,10.4,39.6,75102,43.8,,31.5,17.3,24.6,13.5,67904
36013,4.1,6.3,92.5,88.5,3.3,3.6,5.3,19.6,19.7,11.1,31.1,1.0,0.3,10.1,39.4,125544,42.9,,32.9,16.9,25.1,17.4,58351
36015,2.4,6.9,93.8,88.0,3.5,4.4,4.1,20.2,10.2,9.8,31.6,0.4,0.2,7.1,44.5,82147,42.0,,34.1,16.5,27.2,16.3,63716
36017,3.0,7.2,92.7,88.8,3.7,3.1,3.4,22.8,19.1,7.8,24.6,1.3,0.7,9.7,32.5,46321,45.0,,41.2,16.1,19.6,11.8,62948
36019,3.4,8.5,93.8,88.0,2.3,3.4,3.1,20.4,10.9,10.4,30.6,0.8,0.8,8.0,37.9,78493,41.9,,31.6,16.8,27.6,13.7,71224
36021,3.3,4.8,93.8,89.7,3.1,2.9,3.4,25.7,20.3,6.1,23.7,1.0,0.4,8.5,48.9,61100,49.8,,27.2,12.6,39.4,12.1,81528
36023,2.8,5.3,94.5,88.3,2.9,3.2,4.5,22.3,8.8,11.7,33.7,0.8,0.1,8.4,42.0,46246,37.0,,31.7,18.4,29.1,12.8,70418
36025,2.6,6.4,91.2,87.8,3.5,2.7,5.0,25.7,36.1,8.6,22.7,1.0,0.5,6.9,37.7,44487,48.8,,36.7,15.5,27.6,14.4,63337
36027,2.8,5.3,96.3,93.5,3.3,2.6,3.9,31.2,5.6,7.2,30.8,0.9,0.7,8.7,43.7,298220,42.5,,24.9,16.0,41.6,8.4,99478
36029,3.0,4.5,94.1,90.2,3.0,3.2,2.9,21.3,7.2,11.5,34.2,0.7,0.5,9.0,41.3,950622,40.4,,25.1,17.4,38.0,13.9,72839
36031,2.1,5.8,94.4,91.9,2.2,1.9,5.0,22.7,35.9,7.4,22.7,0.6,0.5,5.4,41.6,36973,49.9,,32.6,15.7,32.8,11.2,71661
36033,4.3,8.9,90.6,86.4,2.1,5.8,5.7,20.7,23.5,10.6,27.5,0.8,0.5,8.6,28.9,46696,42.0,,33.4,16.4,23.8,18.2,65151
36035,3.1,7.3,92.2,89.1,2.1,2.6,3.8,25.4,18.9,10.2,28.6,0.8,0.2,10.5,31.0,52487,44.1,,36.4,16.9,20.9,13.1,66533
36037,2.5,4.5,93.5,90.0,2.9,3.8,3.7,23.5,5.0,8.8,26.2,1.4,0.2,9.6,35.3,57787,42.4,,36.5,17.1,23.8,10.6,73314
36039,3.1,7.9,92.5,85.8,2.2,3.3,3.7,28.9,35.8,7.3,22.8,1.3,0.5,7.8,35.0,47409,47.4,,31.4,16.4,29.9,9.9,77945
36041,4.0,6.0,94.3,90.2,2.2,2.4,3.5,22.6,69.4,3.5,17.6,0.6,0.2,9.3,46.0,5089,58.1,,29.5,14.6,33.2,10.6,68835
36043,2.9,5.6,92.3,88.3,2.5,2.5,4.9,25.7,20.7,9.6,23.4,0.6,0.6,8.9,32.5,59757,44.8,,33.9,18.5,22.7,13.4,68515
36045,2.9,5.1,94.4,90.8,3.2,3.8,5.5,19.5,23.0,9.7,45.3,1.4,0.5,9.4,38.4,115040,33.7,,31.8,20.8,26.5,13.7,66301
36047,8.2,7.4,93.5,89.5,5.1,5.9,5.8,41.7,8.3,56.4,70.5,6.1,4.9,8.5,42.3,2631580,36.5,,23.5,12.4,42.1,19.1,80263
36049,2.4,5.3,91.7,86.5,3.0,4.3,5.7,24.2,29.0,5.4,19.8,1.6,0.8,11.1,31.2,26607,41.9,,45.0,15.4,18.6,12.3,68182
36051,2.7,4.7,92.9,88.4,2.9,2.2,3.9,25.1,10.4,5.8,23.7,0.4,0.2,9.8,46.6,61498,41.5,,31.7,16.5,30.6,11.1,74001
36053,2.3,5.0,93.1,89.3,2.4,3.6,3.8,23.6,14.6,6.0,21.7,0.4,0.3,8.8,37.2,67328,42.4,,32.8,16.0,29.6,10.0,75499
36055,3.1,4.8,94.9,90.4,3.1,3.6,3.1,19.9,6.2,10.8,36.3,0.8,0.6,8.9,42.4,753753,39.6,,23.2,15.6,41.5,13.6,76382
36057,4.4,7.1,90.1,84.6,2.9,2.8,7.2,24.0,14.7,11.4,29.6,0.7,0.7,6.2,38.7,49528,40.3,,35.1,16.3,22.9,14.6,64943
36059,4.3,3.5,96.5,94.8,3.1,2.1,3.8,36.0,4.4,6.8,18.1,2.3,1.1,9.5,45.5,1389591,42.0,,20.7,13.7,49.7,5.4,146202
36061,5.7,4.8,95.7,92.4,5.0,4.6,4.2,31.2,15.7,78.0,74.9,2.5,2.6,9.2,38.8,1629477,38.9,,12.0,9.7,64.2,16.5,103931
36063,2.3,5.6,93.4,89.8,3.6,3.4,2.9,22.5,8.5,9.9,28.8,0.9,0.3,9.2,39.5,210721,43.3,,32.5,17.6,28.0,13.5,69633
36065,4.7,6.3,93.1,88.8,2.7,3.7,3.3,20.6,9.7,12.0,32.3,1.8,0.4,8.8,37.3,229124,40.7,,30.1,17.9,27.8,15.5,70154
36067,2.9,5.3,95.2,91.6,3.2,3.3,3.3,20.2,6.7,12.0,34.1,1.1,0.5,9.0,41.4,471129,39.6,,23.7,16.4,39.2,13.8,76945
36069,2.6,3.9,95.6,91.3,2.3,2.6,3.3,22.3,9.5,6.1,26.3,0.9,0.5,11.4,35.0,112625,44.2,,25.0,16.4,38.0,9.0,82324
36071,3.8,6.4,92.0,89.3,3.4,1.9,4.7,34.1,7.4,9.4,32.2,2.9,0.8,9.2,48.0,406616,37.0,,27.9,19.0,32.5,12.6,97178
36073,4.3,9.7,91.1,87.2,2.9,4.6,6.4,26.1,11.5,7.9,22.8,0.4,0.2,5.4,33.5,39608,43.5,,39.9,17.7,17.9,12.7,65969
36075,2.6,7.5,94.5,90.5,4.2,3.9,4.2,25.1,13.9,8.4,26.6,1.1,0.6,8.6,42.2,117953,40.9,,37.4,18.0,21.6,16.3,69183
36077,2.4,4.7,93.2,87.2,3.5,2.6,5.2,22.9,22.8,7.3,26.1,0.6,0.6,10.1,33.9,60108,39.9,,31.2,16.1,34.4,12.5,68885
36079,3.6,3.2,96.6,94.8,2.8,1.7,3.6,39.3,7.6,4.6,16.2,1.6,0.5,6.7,55.6,98107,44.0,,24.3,15.1,45.5,7.1,126257
36081,10.4,7.0,95.9,92.3,4.6,5.0,8.2,42.9,7.6,37.4,55.1,5.8,4.2,9.2,43.7,2323052,40.7,,25.1,13.8,36.1,12.9,86136
36083,2.9,4.5,95.7,91.6,3.4,2.1,3.4,24.0,10.5,9.8,35.2,1.1,0.5,8.7,38.8,160332,40.1,,24.5,16.8,37.6,11.8,87915
36085,5.7,5.9,95.4,91.1,3.3,4.6,4.1,43.1,7.5,15.9,32.3,3.6,1.8,9.2,47.6,494956,40.6,,29.7,15.6,35.7,11.5,98333
36087,6.3,6.5,91.7,87.8,3.5,2.9,4.1,29.7,4.7,9.8,32.1,5.5,1.4,10.0,52.6,341883,34.8,,20.9,15.9,42.7,16.2,109959
36089,4.1,6.0,91.3,86.8,2.8,3.6,6.0,21.0,19.8,10.1,28.1,1.4,0.7,9.9,40.7,107226,39.3,,33.6,17.1,25.3,16.9,62850
36091,2.2,3.3,96.0,92.8,2.1,1.9,2.6,25.5,9.1,4.7,27.7,0.8,0.4,7.8,33.2,238284,43.6,,23.3,14.7,45.4,7.1,100787
36093,3.0,5.3,95.1,89.6,3.6,3.6,3.1,22.8,6.1,12.4,36.0,1.4,0.4,9.5,44.4,160369,39.6,,25.1,17.4,36.1,13.3,79623
36095,2.4,5.8,93.2,87.8,2.8,3.1,4.6,30.6,22.3,6.6,23.6,0.8,0.8,8.7,38.5,30049,45.8,,34.0,16.9,26.2,11.7,70133
36097,3.0,6.6,92.9,88.6,3.7,2.7,3.9,24.1,24.6,6.8,20.8,1.6,0.4,13.7,36.3,17562,47.6,,33.4,16.3,26.4,14.8,67663
36099,5.5,9.8,91.5,86.4,2.5,4.6,9.0,21.3,16.0,8.8,29.0,0.8,0.2,7.1,37.4,32920,43.0,,30.4,16.4,25.2,13.5,68089
36101,3.0,5.3,92.8,86.9,3.5,2.8,4.8,22.2,17.7,10.1,26.7,1.1,0.5,10.4,33.6,92588,43.0,,35.0,16.0,26.3,13.8,65887
36103,5.4,4.2,96.5,93.2,3.1,2.5,4.7,31.1,11.7,5.1,17.8,1.9,0.9,9.8,49.0,1530146,41.7,,24.8,15.9,40.2,6.4,130686
36105,4.7,7.4,93.4,89.4,3.4,2.2,5.5,28.0,37.1,8.6,32.6,3.6,1.1,8.9,39.3,79721,41.7,,29.8,18.1,30.1,15.9,72382
36107,2.6,6.0,92.9,90.3,3.2,4.0,2.8,23.0,7.9,7.2,20.9,0.7,0.1,8.9,42.3,47864,44.8,,36.2,14.9,25.3,13.4,72739
36109,2.0,2.5,96.6,90.6,3.2,3.0,4.4,20.1,9.5,14.1,45.9,0.4,0.9,9.6,49.0,104537,32.3,,16.6,12.6,58.8,16.4,74024
36111,2.4,5.5,94.5,92.4,3.1,2.3,6.9,27.5,14.1,7.3,30.1,0.9,0.7,7.6,49.6,182601,44.1,,27.5,17.2,38.2,14.6,86271
36113,2.0,4.8,93.3,90.7,2.6,2.3,3.7,21.5,25.3,7.8,27.9,0.4,0.5,11.2,36.9,65517,46.8,,27.3,17.0,36.4,10.5,78442
36115,2.6,7.3,92.9,86.2,2.9,1.8,4.9,26.9,16.2,8.2,23.4,0.8,0.3,10.6,40.2,60522,45.4,,38.0,17.9,22.4,10.7,73495
36117,4.0,5.1,93.1,89.6,2.0,2.8,6.8,23.8,9.8,7.2,20.1,1.0,0.7,7.4,37.1,90929,43.6,,31.4,20.7,25.6,11.4,74506
36119,5.5,5.2,96.3,93.7,3.9,2.8,5.1,34.6,5.4,14.3,38.2,2.7,2.3,9.7,44.5,999677,41.8,,17.8,12.3,53.1,9.0,118976
36121,3.4,9.5,92.2,84.8,2.0,2.5,3.6,25.2,9.9,7.3,24.1,0.5,0.4,7.2,34.2,39753,43.3,,38.7,16.6,18.2,11.1,69110
36123,10.2,5.0,83.6,79.1,1.7,2.6,19.7,22.3,28.2,14.0,22.8,1.4,0.2,13.5,21.8,24526,42.5,,35.0,13.7,25.5,12.7,69701
37001,4.1,7.0,94.4,90.2,3.2,3.5,10.2,25.9,9.1,4.7,35.0,1.5,0.5,8.9,37.8,176893,38.9,,27.9,20.8,28.7,13.4,65651
37003,4.1,10.1,90.1,85.1,2.8,2.3,8.1,25.6,12.9,3.1,19.3,1.0,0.9,8.2,31.3,36412,43.8,,38.4,20.6,16.7,12.6,65354
37005,3.6,13.2,90.6,80.5,1.8,2.5,13.8,26.5,33.7,6.0,25.6,1.7,0.6,10.6,29.5,11174,52.6,,29.0,22.2,23.6,16.0,47172
37007,4.8,12.1,90.6,85.4,2.8,2.7,13.3,29.4,14.1,9.4,31.5,0.4,0.4,4.3,35.3,22289,41.9,,45.9,17.7,9.9,21.7,47302
37009,4.4,6.8,90.4,85.2,2.5,1.0,9.8,25.3,29.1,4.4,20.6,0.4,0.1,7.6,33.8,26950,49.8,,30.0,21.3,25.9,13.5,56866
37011,5.3,6.9,92.1,85.2,2.3,2.1,12.5,23.7,52.2,5.1,17.0,1.3,0.7,8.3,32.3,17680,47.1,,30.3,22.7,25.0,10.2,61428
37013,3.8,6.9,89.9,87.5,2.2,1.2,9.0,24.8,21.0,6.2,30.5,0.8,0.4,9.8,41.2,44499,47.7,,31.9,24.9,21.2,17.8,58357
37015,4.0,14.1,86.4,71.6,2.3,1.8,9.9,24.7,20.5,8.7,27.3,2.2,0.0,7.2,37.9,17170,46.6,,35.0,19.0,19.0,16.1,48750
37017,3.5,7.9,91.4,85.1,2.7,1.7,10.2,28.3,22.6,7.8,30.8,0.7,0.9,7.1,44.2,29566,44.7,,34.3,22.3,19.5,22.0,42422
37019,2.2,4.3,96.6,93.3,2.3,1.5,7.5,25.7,30.2,2.4,15.4,1.4,0.3,5.5,46.3,152568,56.4,,25.8,21.2,34.7,9.2,77024
37021,2.5,4.9,93.4,90.3,2.5,1.6,10.9,21.1,24.3,4.7,33.8,0.9,1.1,12.1,41.8,274360,42.6,,22.4,16.1,45.9,11.8,74436
37023,5.5,8.5,91.0,84.7,2.5,2.0,11.0,23.4,10.0,4.8,25.5,2.0,0.4,6.8,30.1,87795,44.9,,32.3,20.6,21.0,15.6,58592
37025,3.3,4.7,96.4,93.0,3.2,2.1,7.9,27.3,10.1,4.0,28.8,1.9,1.3,9.2,40.8,236133,37.7,,24.9,19.7,37.9,9.3,89005
37027,4.9,10.2,89.0,86.4,2.9,1.8,10.5,25.9,12.0,4.7,26.5,1.6,0.2,8.7,31.1,80536,45.4,,34.1,21.3,18.8,13.4,56425
37029,2.9,4.0,94.9,93.1,3.6,1.0,4.5,28.2,6.7,1.4,17.9,1.4,0.0,0.0,27.5,10927,40.8,,30.7,21.4,28.6,6.1,91078
37031,1.4,4.8,97.3,93.4,2.2,1.9,8.1,23.2,38.7,3.7,25.3,0.5,0.3,5.5,51.5,69148,50.5,,22.9,24.6,34.5,10.1,72322
37033,4.5,11.2,90.1,83.3,2.6,3.3,9.8,30.6,16.1,6.0,24.8,0.7,0.1,8.7,33.0,22404,46.7,,33.2,20.7,17.9,18.6,59755
37035,4.1,7.7,94.4,88.5,2.2,2.5,10.6,23.4,9.4,5.2,27.8,1.7,0.6,12.3,28.7,163573,42.1,,28.7,21.1,26.1,12.7,67864
37037,3.9,5.2,95.8,89.1,1.7,1.2,9.4,28.4,8.1,2.6,19.4,1.6,0.4,8.8,39.2,80151,47.6,,17.4,15.3,48.9,11.0,94317
37039,2.5,5.3,93.8,83.6,2.0,1.5,12.5,25.2,28.1,5.8,16.3,0.8,0.5,15.8,27.6,29562,53.5,,33.5,22.7,24.2,12.4,53628
37041,3.3,6.6,94.0,88.9,2.3,2.4,8.2,27.8,14.7,9.8,29.5,0.0,0.0,13.0,41.5,13836,48.6,,36.7,18.0,25.0,19.1,53864
37043,3.0,4.5,88.6,83.3,1.2,3.0,15.9,23.2,32.2,6.4,18.8,0.9,0.0,8.2,32.3,11610,55.0,,23.9,22.7,31.8,12.9,56971
37045,3.5,8.1,91.3,85.0,3.0,1.9,9.3,25.3,12.3,5.0,29.1,1.5,0.5,8.6,40.9,100991,41.3,,33.2,20.0,22.0,16.6,58534
37047,3.9,9.3,90.8,83.1,2.2,1.3,12.7,29.3,14.9,5.5,28.9,1.6,0.6,10.2,39.6,50140,42.6,,37.6,22.5,14.6,18.2,49442
37049,2.5,5.2,93.3,85.6,2.2,4.1,7.8,21.7,11.7,6.3,31.6,1.0,0.4,9.2,37.1,102612,38.8,,27.1,26.0,27.5,13.7,65873
37051,2.3,4.8,95.0,91.1,4.0,2.5,9.5,21.6,9.8,6.8,45.0,1.5,1.0,9.0,42.9,338545,32.0,,26.7,26.3,27.8,16.7,61291
37053,2.0,4.9,97.1,91.4,1.9,1.2,8.8,35.5,30.6,2.1,12.7,1.0,0.0,15.6,32.5,30601,41.6,,31.2,22.4,30.9,7.5,93511
37055,1.5,3.8,97.9,91.7,3.8,1.0,8.6,22.4,52.3,2.7,21.6,3.1,0.1,8.2,39.8,37875,49.0,,21.3,22.0,43.2,6.6,88994
37057,4.1,7.4,94.4,88.4,2.4,1.8,9.4,24.3,8.6,3.9,25.6,1.1,0.6,7.9,34.2,172954,42.2,,32.1,23.5,21.7,12.8,64172
37059,2.7,5.9,94.5,91.7,2.8,1.3,8.8,27.3,10.6,6.1,17.8,0.4,0.5,4.7,40.6,44122,45.0,,30.5,23.4,27.3,9.4,75057
37061,9.0,8.6,90.0,82.8,3.1,2.0,15.0,29.3,12.9,5.8,29.7,2.7,0.8,7.3,34.5,49335,40.7,,30.6,23.3,17.6,20.5,55148
37063,4.5,4.0,97.3,93.5,2.6,1.9,10.8,22.6,7.3,6.7,44.5,1.8,0.8,10.4,38.0,332353,36.1,,15.7,13.7,55.2,11.5,82316
37065,5.1,9.9,88.0,80.0,5.1,1.6,11.0,22.5,15.6,10.0,39.2,3.1,0.8,7.2,41.2,48736,41.7,,39.2,19.7,17.5,21.7,51265
37067,4.0,5.6,95.6,90.2,3.1,2.0,9.8,22.7,8.9,6.2,36.4,1.4,0.8,9.6,39.5,389977,38.4,,23.6,19.3,38.5,14.5,67165
37069,5.0,6.5,93.1,89.0,2.8,2.4,9.2,33.3,10.2,3.8,21.4,2.2,0.3,8.1,46.5,74386,41.0,,29.1,22.0,27.0,11.1,74240
37071,3.8,7.9,94.2,89.0,3.0,1.8,10.7,27.0,8.0,5.1,33.2,1.8,0.7,9.8,40.8,234881,39.1,,29.2,20.9,26.5,13.5,67478
37073,2.8,7.1,92.9,76.8,3.2,1.4,6.2,41.7,13.2,2.3,19.1,1.0,0.0,0.9,24.8,10376,47.6,,42.0,27.3,10.9,9.4,66333
37075,5.0,9.2,88.2,83.4,3.6,2.5,12.5,24.8,32.7,10.6,19.3,1.1,0.5,19.5,29.0,8072,45.6,,40.9,20.4,17.6,6.7,49684
37077,5.3,6.4,94.6,88.1,2.5,3.2,9.3,30.8,9.3,3.6,22.9,1.0,0.2,9.3,34.9,60877,42.4,,30.9,21.9,25.2,15.2,71111
37079,8.6,12.4,92.1,82.3,2.9,1.0,16.6,25.9,12.9,5.8,33.5,2.7,0.7,6.6,34.9,20486,39.9,,34.2,22.2,12.2,21.0,53244
37081,3.7,5.5,95.4,91.2,2.9,1.8,8.4,22.0,7.7,6.7,40.1,1.8,0.8,9.7,42.3,547940,37.5,,22.4,20.5,39.0,14.6,68642
37083,5.5,12.2,86.2,75.4,4.8,1.1,9.1,25.6,18.0,9.1,37.1,1.3,0.5,7.1,42.3,47675,43.6,,37.0,20.4,16.1,22.8,45590
37085,4.3,7.1,94.4,85.2,2.6,1.7,9.7,32.8,9.2,3.9,29.0,1.8,0.5,8.8,36.3,139150,35.6,,28.0,22.8,24.5,13.7,71287
37087,3.1,5.7,92.9,84.4,1.7,1.7,11.4,23.8,23.7,4.0,25.1,0.5,0.3,8.8,42.8,62662,47.8,,26.9,21.9,29.5,13.1,61912
37089,4.1,4.3,95.7,90.0,2.0,2.3,12.4,22.5,12.0,3.5,25.0,1.1,0.3,9.6,38.1,118484,47.5,,25.2,19.6,36.5,11.6,68187
37091,4.3,11.6,89.1,82.8,3.0,2.4,8.6,26.5,15.6,7.9,32.6,0.9,0.2,7.2,56.1,19908,42.6,,33.5,22.4,16.6,22.9,45537
37093,4.2,7.1,93.2,90.0,3.5,2.0,10.3,28.8,7.9,4.8,27.0,2.3,0.8,7.7,42.5,53835,33.9,,28.1,22.9,23.5,17.1,64912
37095,5.4,6.1,82.2,72.0,1.1,0.3,15.6,30.5,34.3,11.1,28.1,1.1,0.0,14.7,47.8,4592,47.1,,38.4,23.2,14.7,22.2,53713
37097,3.3,5.2,96.1,93.6,2.7,1.7,9.0,25.1,9.3,3.7,28.1,1.8,0.3,8.4,35.2,196544,40.8,,27.1,19.9,34.1,10.0,81419
37099,3.7,5.7,93.9,78.9,2.7,2.5,15.8,20.2,33.7,3.1,39.2,1.8,0.8,8.7,33.5,43771,38.1,,29.7,19.3,31.1,18.0,55815
37101,4.3,5.2,95.8,89.4,2.5,1.5,10.4,32.2,6.2,3.7,23.9,2.2,0.6,11.1,37.1,234263,38.1,,27.5,21.3,28.9,10.6,83384
37103,3.7,7.2,89.3,79.7,2.4,6.2,9.2,28.1,12.2,6.6,20.6,2.2,0.3,14.3,26.0,9302,47.2,,34.4,25.7,19.8,18.4,59641
37105,6.4,8.6,95.7,78.1,2.3,2.1,12.2,25.8,7.4,3.9,32.7,1.7,1.0,8.0,35.8,65816,39.5,,28.1,23.1,21.3,16.5,65387
37107,5.8,11.3,91.0,81.3,5.1,3.2,10.1,24.3,13.1,9.1,40.8,2.9,1.0,7.3,39.1,54919,41.9,,32.9,20.9,16.3,22.0,45143
37109,4.1,6.3,94.2,91.1,2.0,1.4,8.7,29.3,6.8,3.3,21.1,1.8,1.0,3.3,38.4,92716,44.4,,27.9,20.9,28.3,11.2,80016
37111,4.3,10.4,89.7,83.6,2.2,1.5,11.5,24.7,13.6,6.2,24.4,1.7,0.8,6.9,32.8,44817,44.3,,35.5,18.9,18.1,14.8,57168
37113,4.1,6.1,90.5,83.3,1.5,2.0,13.7,22.6,32.4,6.1,22.4,1.0,0.5,4.1,34.0,37941,49.7,,29.5,20.7,27.9,11.6,59061
37115,3.3,6.2,87.4,83.3,1.7,1.5,8.4,32.7,26.5,4.5,22.5,0.3,1.1,6.7,34.2,21867,44.5,,31.1,18.9,32.2,12.1,58531
37117,3.7,12.0,91.2,83.5,3.5,1.7,7.1,26.2,14.1,8.6,33.2,1.6,0.0,5.2,36.4,21644,46.8,,33.3,23.7,16.7,20.4,48578
37119,4.9,4.4,97.3,94.1,3.1,1.3,11.5,25.1,7.3,5.8,44.9,1.7,0.8,9.3,40.1,1154681,35.5,,16.5,17.0,49.2,10.4,87005
37121,2.8,6.5,89.6,82.4,3.6,1.8,9.3,24.4,24.3,8.1,23.7,0.7,0.0,8.9,31.9,14992,48.0,,29.2,23.7,24.2,12.9,57602
37123,4.9,11.6,92.9,82.7,1.5,1.1,12.5,27.1,29.0,4.8,25.0,1.1,0.4,3.1,34.6,26007,44.0,,31.9,20.3,19.2,15.4,57766
37125,2.3,4.0,95.9,90.9,2.6,1.2,7.6,26.6,12.5,4.2,23.6,0.9,0.7,10.7,38.1,104876,43.0,,20.5,20.1,41.0,10.1,86080
37127,3.6,9.3,92.9,84.7,2.9,1.3,11.4,23.7,11.4,6.9,36.4,1.0,1.5,10.1,30.5,96216,41.5,,33.3,19.8,22.1,11.8,62426
37129,2.6,3.4,97.0,93.3,2.9,1.5,9.6,20.6,12.7,5.6,38.6,1.0,0.3,8.2,46.7,235229,39.9,,18.2,19.6,45.4,12.3,75166
37131,5.0,9.9,86.5,74.3,4.2,1.3,8.6,29.9,26.2,7.0,25.4,1.6,0.2,11.6,39.1,16931,52.0,,33.6,21.3,17.9,21.1,50086
37133,2.2,4.6,97.2,92.8,2.5,2.5,9.5,22.4,13.8,4.3,36.3,1.7,0.6,10.4,40.4,207906,27.7,,29.3,25.9,26.0,11.6,68148
37135,3.4,3.2,97.4,94.0,2.2,1.6,6.5,23.6,8.8,4.9,36.2,1.8,0.4,9.6,48.5,149678,36.1,,12.6,11.9,61.8,12.5,90089
37137,3.3,6.6,90.7,87.4,2.2,1.3,8.4,26.5,25.5,3.5,17.1,0.1,0.1,7.0,40.9,12390,54.1,,31.8,23.1,25.4,15.2,59717
37139,3.1,7.6,94.7,91.7,3.4,2.1,11.0,28.0,10.9,5.7,32.5,0.7,0.4,5.1,45.0,40834,39.6,,26.8,23.1,27.6,11.0,66589
37141,3.0,6.1,94.5,88.6,2.9,1.3,8.8,30.1,20.6,3.2,17.3,1.8,0.3,8.6,41.6,65550,41.6,,28.2,20.4,30.6,9.7,80396
37143,3.8,8.0,90.8,85.1,1.8,2.5,9.7,32.0,19.4,5.8,23.5,1.7,0.4,10.2,35.5,13244,50.7,,31.6,25.0,21.7,9.8,67917
37145,3.8,7.4,93.5,88.6,3.4,1.7,9.4,30.9,13.6,4.9,22.7,1.0,0.2,6.1,54.3,39542,44.2,,34.7,23.0,19.3,17.5,63300
37147,3.7,5.5,94.4,88.5,4.9,1.3,10.0,22.1,9.8,9.0,48.6,1.0,0.4,8.3,42.3,177193,33.0,,24.8,19.6,33.8,19.8,58188
37149,1.4,5.2,94.3,84.8,2.7,2.6,9.9,28.4,18.7,4.0,23.1,2.0,0.6,9.4,42.7,19891,54.9,,27.5,20.2,36.2,14.0,67758
37151,6.1,9.5,92.9,87.1,2.1,2.5,11.1,25.3,8.2,3.7,27.5,2.2,0.7,8.7,35.1,146348,41.4,,34.9,20.4,17.9,14.5,61022
37153,4.5,11.9,92.2,87.4,5.6,1.5,11.6,24.1,14.4,10.7,34.1,0.8,1.7,9.9,41.4,42344,40.5,,31.8,24.3,16.0,25.2,44883
37155,6.6,13.4,90.7,77.6,3.0,1.4,14.2,25.3,12.2,7.9,34.2,2.0,1.6,9.0,39.2,116902,36.4,,35.6,19.5,14.7,27.2,41978
37157,4.1,10.4,90.7,85.0,3.3,3.0,9.1,27.0,9.7,6.7,27.9,0.4,1.3,11.8,39.1,92131,44.7,,33.5,24.0,17.0,16.3,57053
37159,4.1,7.0,94.3,90.2,3.2,1.2,9.3,26.2,9.4,6.5,27.7,2.5,0.4,8.9,37.8,149875,40.4,,32.5,22.1,23.3,16.0,65725
37161,4.1,8.6,89.9,82.9,3.5,2.3,12.0,26.1,18.7,5.1,26.1,1.6,0.8,8.6,38.2,64930,45.3,,30.9,22.6,21.5,16.8,51410
37163,6.4,9.5,89.1,84.7,2.9,1.7,15.6,26.5,16.4,4.8,26.2,3.1,1.3,6.2,40.6,59470,39.7,,34.6,20.7,16.2,21.8,52432
37165,3.7,13.1,92.6,87.3,5.8,1.9,9.9,25.1,12.9,10.8,38.2,1.4,4.5,9.0,42.9,33590,38.7,,36.1,20.3,16.6,25.8,45730
37167,3.5,7.9,93.4,88.4,2.4,1.6,9.0,28.1,11.8,5.5,25.5,1.4,0.5,9.6,39.3,64651,40.5,,32.1,22.8,19.9,15.2,60704
37169,2.9,5.7,92.1,86.7,1.7,3.3,7.6,31.6,9.1,4.5,20.8,2.2,0.3,6.0,40.1,45139,47.7,,39.3,21.9,18.2,11.2,62969
37171,6.3,9.9,91.6,86.0,2.5,3.2,10.8,24.3,11.5,4.8,26.6,1.5,0.5,8.8,34.5,71425,43.8,,28.8,22.6,20.4,16.8,55656
37173,5.1,8.2,89.2,77.3,4.3,3.3,23.8,20.5,30.3,6.6,27.3,1.6,2.6,6.5,31.7,14013,42.6,,34.7,21.4,21.4,19.1,52349
37175,1.5,4.6,93.5,86.9,1.4,2.0,11.3,21.9,24.3,4.6,25.3,1.2,1.3,6.6,41.2,33691,51.6,,24.1,19.8,40.0,13.2,66184
37177,3.8,12.7,82.4,80.9,1.2,2.7,13.9,34.2,30.6,10.7,22.2,1.2,0.0,8.5,43.7,3423,47.8,,40.8,24.0,13.0,18.7,41685
37179,4.0,5.1,96.9,94.1,2.8,1.4,7.7,29.8,5.2,2.4,18.4,2.0,0.6,7.3,35.9,250958,39.2,,22.5,18.6,40.5,7.7,102900
37181,6.1,8.8,90.4,85.3,4.8,3.0,13.2,25.9,17.1,8.0,39.9,2.5,0.7,10.4,46.5,42322,39.9,,37.1,21.7,17.2,19.8,50465
37183,2.8,3.1,98.1,95.3,2.8,1.2,7.5,25.1,7.2,4.4,35.9,1.3,0.7,10.1,38.1,1178653,37.3,,14.3,14.7,57.2,8.1,105768
37185,5.7,10.0,88.7,82.5,3.6,1.3,10.8,29.5,30.5,7.6,30.6,1.0,0.1,10.8,42.6,18795,49.6,,36.1,19.8,18.9,21.1,50638
37187,5.5,8.4,83.0,78.2,5.8,3.1,9.2,32.4,21.5,14.1,32.0,2.5,0.6,16.2,33.3,10812,48.8,,35.4,24.5,14.8,24.1,41813
37189,2.6,4.7,95.2,90.7,4.6,1.8,9.3,21.2,36.4,4.4,37.9,1.0,0.4,7.2,58.7,55123,31.4,,20.8,16.6,48.1,25.5,51693
37191,5.8,7.8,93.5,90.0,3.0,2.0,12.1,22.9,11.2,6.8,38.5,2.3,0.8,10.1,37.2,118652,37.3,,29.7,22.6,21.7,17.3,59733
37193,5.7,12.7,90.8,88.1,2.8,1.3,10.5,25.9,14.9,5.8,26.5,1.7,0.3,8.2,34.8,65935,45.7,,32.0,20.5,16.9,16.7,51721
37195,6.2,8.4,88.1,85.7,3.2,2.7,12.2,22.5,10.8,7.0,40.0,1.5,1.0,6.3,40.4,79290,40.6,,33.7,18.8,21.7,19.8,56423
37197,4.8,8.6,92.5,87.9,3.1,2.2,12.0,29.6,13.0,5.2,23.1,1.7,0.5,20.3,30.1,37574,44.3,,34.8,22.8,17.5,14.0,62932
37199,4.3,5.1,88.2,81.4,4.0,2.1,7.2,27.1,28.5,4.6,20.6,1.3,0.6,4.8,42.7,18797,49.2,,34.7,19.4,25.1,15.2,58709
38001,3.4,4.6,86.9,84.7,1.3,2.8,5.3,15.2,22.3,9.4,28.2,1.4,0.0,10.6,20.0,2145,46.1,,34.9,22.7,24.4,14.8,62500
38003,1.8,3.7,93.1,83.0,2.3,1.9,4.5,19.5,13.9,6.4,29.2,0.7,0.0,4.0,31.3,10773,43.5,,29.3,21.3,30.7,12.1,68038
38005,2.9,9.4,87.5,80.9,1.8,3.6,10.4,16.1,20.1,8.8,26.9,5.0,1.7,11.9,27.0,5808,32.6,,30.4,19.4,21.9,25.6,64033
38007,3.3,1.5,87.0,80.8,1.4,0.0,6.0,24.4,25.5,2.0,22.1,0.0,0.0,0.0,11.1,1024,41.8,,33.3,12.1,32.6,10.8,86806
38009,1.2,4.7,94.6,91.6,0.9,2.9,8.4,21.7,32.4,1.7,20.8,1.0,1.2,3.1,18.1,6378,44.2,,29.4,21.3,30.4,7.6,85000
38011,3.0,5.7,91.4,89.0,2.0,2.3,7.2,17.7,21.0,3.3,16.7,0.4,0.2,0.0,18.6,2906,42.8,,31.9,16.1,27.0,13.4,72109
38013,2.2,4.2,97.0,93.0,2.3,1.5,4.4,24.3,33.6,4.8,24.9,1.2,0.0,1.0,22.3,2156,39.7,,29.7,29.1,22.8,5.9,91591
38015,2.0,3.0,94.7,89.0,1.5,2.3,4.5,17.5,5.7,6.1,28.8,1.3,0.6,7.5,31.5,100600,38.5,,22.2,18.7,39.1,7.9,86851
38017,1.6,2.5,96.6,89.6,2.2,1.2,5.5,17.1,5.7,6.8,48.0,1.3,0.8,8.2,31.9,193400,32.8,,17.9,21.4,42.6,11.0,75555
38019,1.6,6.0,93.8,88.0,0.6,3.9,4.3,18.8,26.0,3.8,18.7,0.0,0.0,10.3,43.8,3633,48.3,,23.4,29.6,22.1,8.5,69531
38021,3.1,5.7,95.3,87.0,2.7,3.2,7.7,15.8,18.0,1.3,20.3,1.6,0.2,8.1,32.2,4935,39.5,,25.3,20.9,28.9,11.8,68654
38023,3.0,5.4,94.2,92.0,1.4,0.2,10.0,21.6,28.1,3.6,22.7,0.1,1.7,0.0,17.2,2167,49.7,,20.7,27.5,26.7,9.3,91852
38025,1.3,4.9,94.4,89.5,2.2,1.1,14.8,27.6,24.8,2.0,25.7,3.1,0.7,1.8,9.7,4040,40.4,,30.9,22.3,25.2,7.4,97689
38027,2.4,3.9,90.4,88.1,1.6,3.0,4.9,21.8,13.6,3.8,28.0,0.3,0.0,0.0,15.1,2307,47.5,,26.3,17.9,30.5,14.2,50850
38029,6.4,4.7,87.0,80.4,1.3,2.6,6.3,19.3,25.5,6.0,20.2,0.7,0.0,22.0,35.2,3254,51.7,,29.8,25.2,22.2,9.1,66538
38031,2.2,4.5,91.9,92.6,0.7,1.8,4.9,12.9,13.7,8.0,20.3,1.2,0.0,0.0,51.5,3358,43.4,,25.6,22.7,28.5,8.8,87831
38033,1.4,2.1,95.0,89.8,2.1,3.6,2.2,20.6,22.5,3.7,20.5,0.3,0.1,23.0,9.0,1653,47.2,,30.9,25.0,22.6,19.8,68021
38035,1.6,2.5,95.5,88.0,1.6,1.2,4.5,15.8,7.7,7.1,48.2,0.9,1.0,7.9,36.6,72923,30.9,,21.6,23.0,38.0,13.2,68075
38037,5.0,6.0,85.6,80.5,2.1,2.5,4.3,20.5,35.2,4.4,16.6,0.4,1.5,12.4,49.6,2269,48.9,,31.3,23.4,20.7,16.6,57875
38039,3.0,4.0,93.6,85.5,0.9,1.2,5.2,16.3,27.1,5.9,23.4,0.0,0.0,8.2,28.3,2245,51.5,,27.3,26.7,26.0,11.7,61711
38041,2.4,4.2,92.2,85.8,3.2,1.2,5.0,16.1,21.7,3.8,23.2,0.4,0.3,5.2,30.5,2432,42.9,,34.4,25.8,22.0,11.0,73026
38043,2.3,6.7,86.2,74.6,0.8,7.4,2.3,19.8,29.5,1.1,23.9,0.0,0.0,2.5,33.3,2377,48.1,,29.0,18.8,26.2,10.2,65610
38045,5.1,3.0,93.9,89.9,1.6,1.4,5.0,18.8,15.5,3.2,16.4,0.5,0.0,2.3,24.0,4118,46.5,,30.7,22.7,25.3,8.7,80664
38047,5.2,3.5,89.2,82.5,1.0,1.5,2.9,14.9,27.4,3.1,17.0,0.3,1.8,18.3,31.7,1819,50.3,,27.9,18.4,25.8,12.4,62750
38049,3.9,4.9,90.0,82.3,2.6,3.0,8.3,29.7,20.8,3.2,18.6,0.5,0.0,6.6,18.4,5207,43.4,,34.8,21.7,20.3,9.7,80733
38051,6.9,3.2,88.6,82.2,1.8,0.8,4.9,11.3,28.7,5.6,20.8,0.4,0.0,5.5,21.4,2497,53.0,,35.4,15.5,20.9,12.2,64419
38053,5.2,5.6,95.7,89.1,0.9,1.2,10.9,22.9,22.6,5.0,46.6,4.0,2.1,5.2,17.1,14321,31.5,,28.1,25.1,19.1,12.0,93404
38055,2.0,4.1,94.7,84.7,0.8,3.1,4.4,24.4,24.6,3.3,15.8,1.2,0.5,12.8,14.0,9823,47.7,,29.9,21.3,26.1,8.9,83583
38057,3.9,4.7,93.3,89.6,1.4,1.7,7.6,18.6,23.0,2.5,18.9,0.7,0.5,4.4,51.0,8337,42.9,,26.2,23.1,23.3,9.7,80946
38059,2.4,2.8,95.7,91.4,1.1,1.3,5.6,19.8,9.8,2.5,25.8,0.6,0.3,7.6,36.3,33777,37.6,,29.5,24.3,28.8,8.0,79382
38061,4.0,7.4,94.7,88.5,0.7,1.0,15.9,19.1,23.5,4.3,38.5,3.1,2.5,5.4,20.9,9507,35.4,,30.5,20.6,22.7,14.5,80717
38063,1.4,5.5,94.4,83.5,0.7,2.3,4.0,19.6,25.0,3.1,24.9,0.7,0.1,2.4,18.0,3016,50.1,,24.8,22.0,29.4,7.2,67193
38065,3.2,2.2,95.2,89.7,0.6,1.0,4.7,25.9,18.8,2.3,4.8,2.1,1.1,0.0,0.0,1839,46.1,,30.6,25.8,23.0,5.2,77240
38067,3.8,4.0,93.0,89.5,2.0,2.8,7.0,17.0,15.1,3.2,25.4,0.9,0.0,1.6,27.0,6727,45.5,,31.8,21.2,24.6,9.2,68393
38069,2.5,5.0,92.9,89.1,0.7,2.6,7.8,11.3,9.2,2.4,18.4,0.6,0.1,0.0,39.2,3928,45.1,,31.8,20.8,28.2,10.8,59365
38071,2.8,4.4,90.0,82.2,0.8,5.7,8.3,13.9,7.9,10.7,45.5,0.0,1.6,12.9,33.4,11556,40.3,,29.1,23.8,25.7,15.2,61006
38073,4.1,3.6,90.5,86.2,1.8,2.8,2.8,19.4,8.2,4.0,25.3,0.3,0.0,4.6,34.3,5643,43.1,,30.2,22.9,22.9,10.4,75736
38075,5.1,3.2,97.5,93.7,0.6,1.5,5.4,29.5,27.6,2.7,21.3,1.3,0.0,11.9,32.7,2304,43.8,,33.6,26.5,19.7,9.1,74301
38077,1.4,4.1,94.6,91.4,1.1,2.0,6.7,21.1,9.0,6.3,31.9,0.9,0.2,7.1,25.1,16584,38.0,,25.7,22.8,24.9,9.7,75432
38079,3.1,12.4,90.9,89.8,2.1,6.3,22.1,16.8,17.9,10.8,37.2,7.1,1.0,2.8,28.0,11924,32.5,,26.0,24.1,18.0,24.3,59517
38081,2.3,4.5,95.5,88.2,0.5,2.1,5.2,16.2,12.3,3.0,27.5,0.6,0.1,1.2,17.7,3804,44.9,,35.3,23.1,18.2,6.9,77946
38083,2.7,7.1,91.3,87.1,0.6,1.2,6.3,21.8,19.5,3.0,16.0,0.0,0.3,12.3,13.7,1303,51.5,,35.3,24.5,18.9,10.1,62639
38085,2.1,10.0,86.8,80.6,9.0,9.1,21.1,17.8,13.1,12.7,53.4,7.6,2.8,4.1,26.7,3740,28.2,,31.2,23.2,16.3,43.3,42083
38087,1.0,6.0,90.9,78.1,1.7,0.5,4.4,21.0,18.0,0.8,19.3,0.0,0.0,25.0,17.9,766,54.1,,31.6,16.6,29.3,5.0,71250
38089,3.2,4.3,93.5,89.0,2.1,1.2,6.5,17.5,12.7,7.9,33.2,2.2,0.9,5.1,35.1,33302,34.8,,30.9,21.9,30.0,12.1,84449
38091,1.3,3.3,82.0,77.7,1.9,0.4,6.4,18.2,28.0,0.7,22.2,0.7,3.7,7.4,18.5,1804,46.9,,32.0,23.3,28.9,12.9,77500
38093,3.3,3.6,93.7,87.2,2.4,4.0,5.5,14.1,9.4,6.6,36.9,0.1,0.0,13.3,39.9,21549,41.1,,36.2,19.5,25.9,12.6,61856
38095,5.2,3.8,91.4,86.5,0.4,0.7,4.6,16.5,21.2,2.6,21.2,0.0,0.0,6.9,23.1,2079,48.9,,25.3,26.7,23.5,8.5,67350
38097,1.7,3.8,93.2,84.2,1.5,1.5,4.5,19.9,9.0,4.6,25.7,1.1,0.1,5.5,29.5,7970,40.4,,26.4,20.7,30.9,9.1,87004
38099,4.7,6.5,92.1,85.5,1.3,2.5,8.0,18.0,15.1,3.2,24.0,1.5,0.0,2.1,33.0,10396,43.2,,34.8,21.0,19.2,11.2,71944
38101,2.5,2.8,96.1,90.6,2.2,2.0,6.4,19.3,12.1,4.8,39.2,2.5,0.6,7.1,31.3,68973,33.6,,28.5,25.7,29.6,8.6,78238
38103,3.6,4.0,93.2,82.3,1.2,1.8,3.7,14.6,19.1,4.8,22.9,1.2,0.0,19.5,28.7,3890,46.3,,39.1,19.9,21.7,9.1,66114
38105,1.6,5.3,97.2,92.3,3.2,3.5,11.5,18.7,25.6,6.6,47.0,3.7,2.0,10.0,19.0,39555,31.8,,34.9,18.4,24.4,8.6,85595
39001,3.6,10.5,90.3,84.5,3.3,3.0,8.2,36.4,18.2,7.4,28.3,1.6,0.3,10.8,46.9,27540,42.1,,45.0,14.9,14.9,20.2,50264
39003,1.7,5.7,93.3,88.8,3.5,2.4,5.9,18.7,7.8,7.5,32.3,1.0,0.5,6.1,34.9,101348,39.7,,40.5,20.8,20.1,13.3,64038
39005,3.1,5.5,92.4,88.0,2.2,1.9,7.1,23.9,8.2,6.5,22.1,1.4,0.3,5.8,36.7,52256,41.2,,43.0,17.1,22.6,13.3,69860
39007,4.6,7.8,92.3,88.1,3.8,2.4,10.3,27.0,15.6,7.8,24.3,1.6,0.4,11.2,36.7,97167,43.0,,41.7,20.1,16.1,17.6,57728
39009,1.8,6.4,93.2,86.9,3.7,3.0,5.7,24.1,13.1,6.8,39.6,1.2,0.4,11.3,46.4,61737,33.2,,29.2,18.3,34.9,21.5,56001
39011,1.3,3.8,93.5,87.8,1.8,2.1,3.5,18.8,5.6,4.0,21.9,0.4,1.1,5.7,26.6,46125,41.0,,41.3,19.3,21.6,7.1,78660
39013,1.6,6.3,87.7,86.0,2.9,2.3,5.5,25.1,13.7,7.1,26.4,0.4,0.1,8.3,38.5,65473,44.1,,45.0,16.8,18.9,15.8,57017
39015,3.4,9.3,90.9,84.3,2.8,2.3,6.4,33.9,12.4,5.9,22.8,0.8,0.4,11.5,37.2,43845,42.5,,45.0,16.8,15.7,19.6,71270
39017,3.2,5.5,95.5,92.2,3.2,2.3,6.2,24.3,5.5,4.7,30.1,1.2,0.5,7.9,40.3,392876,37.2,,31.1,18.7,32.8,11.8,81590
39019,4.2,5.1,90.0,78.7,3.1,2.4,10.1,31.5,16.3,6.8,21.3,1.7,0.1,16.4,20.7,26659,45.6,,49.0,15.9,16.1,12.9,64835
39021,1.6,7.2,93.7,88.8,3.0,1.9,5.1,27.1,7.7,5.6,23.2,0.9,0.2,9.4,28.2,38804,41.7,,43.1,20.1,19.0,8.0,75556
39023,2.3,8.7,94.4,90.4,3.9,3.7,6.6,23.1,8.4,7.2,30.6,0.9,0.5,9.1,34.5,135158,41.2,,35.6,22.7,20.2,15.2,63132
39025,2.2,5.7,95.7,92.6,2.7,2.2,5.8,28.1,4.0,4.6,26.4,1.1,0.6,7.6,32.5,211181,40.8,,32.2,18.9,31.6,9.1,85510
39027,1.7,6.0,94.1,87.2,2.8,1.6,6.0,24.6,7.1,4.8,28.2,0.8,0.1,5.5,33.8,42012,40.8,,41.6,20.1,19.3,12.9,70407
39029,2.2,8.0,92.0,86.7,2.6,2.3,7.1,24.6,10.1,7.6,27.3,1.2,0.2,6.3,39.5,100704,44.6,,44.1,17.4,17.1,15.2,58180
39031,8.6,7.9,87.9,82.8,3.1,2.6,12.1,24.8,9.3,11.8,27.1,0.8,0.6,7.6,40.1,36744,41.3,,40.6,16.7,16.7,18.5,55577
39033,2.2,6.4,94.4,89.7,2.9,2.4,6.1,23.9,8.8,5.3,26.9,0.6,0.6,12.9,32.7,41711,43.4,,44.2,18.6,17.2,11.8,58044
39035,2.5,6.0,94.0,89.5,4.2,2.8,5.7,23.3,9.9,12.2,40.6,0.8,0.3,9.5,38.8,1245873,40.4,,27.3,19.6,36.5,16.1,64468
39037,2.4,6.8,90.7,86.8,1.7,2.2,7.2,23.0,6.0,5.2,27.6,0.9,0.3,8.9,32.0,51594,41.8,,45.8,20.0,16.5,11.0,64486
39039,2.2,5.1,93.9,88.0,3.3,1.7,8.4,19.8,7.5,5.0,20.7,0.8,0.9,4.7,26.0,38343,41.1,,41.8,20.0,19.0,10.5,73064
39041,1.1,1.9,97.9,96.0,2.1,1.1,4.7,25.4,4.6,3.2,21.5,0.9,0.2,9.1,33.0,226834,40.1,,16.4,14.7,59.4,4.7,133540
39043,1.6,5.3,93.9,88.3,3.3,2.8,5.2,21.5,15.7,6.9,28.1,0.4,0.3,6.3,36.3,74581,45.3,,33.8,21.1,29.0,13.0,71993
39045,1.7,4.4,96.3,92.5,2.4,2.0,5.9,28.0,5.7,4.1,25.1,0.8,0.4,10.3,37.8,163453,39.5,,32.1,21.2,32.3,8.0,90966
39047,3.2,10.0,91.6,85.1,2.2,1.6,9.0,27.0,9.0,4.8,35.3,1.8,0.3,7.5,28.4,28876,39.9,,46.5,17.3,14.4,15.5,63275
39049,3.5,5.3,97.1,94.1,3.2,1.7,8.8,21.5,7.1,7.4,47.2,1.8,0.7,8.7,37.6,1333048,34.8,,23.9,18.1,42.1,14.7,75176
39051,1.6,3.9,93.6,89.8,2.5,2.3,5.1,24.1,4.2,2.8,19.8,0.8,0.3,4.3,26.5,42240,41.5,,41.7,21.5,20.2,9.4,72864
39053,4.0,8.9,87.5,78.9,1.9,2.3,8.7,25.4,13.7,8.2,25.3,2.4,0.3,4.5,36.1,29068,41.4,,40.7,15.7,20.5,16.4,56830
39055,5.8,2.5,92.2,88.9,1.9,1.8,8.1,27.0,5.1,8.1,12.8,1.7,0.2,6.9,35.9,95481,45.0,,26.4,17.3,40.9,5.6,107860
39057,1.7,4.1,96.4,92.8,2.6,1.8,4.9,22.0,5.8,4.4,32.0,0.6,0.4,9.4,31.4,169688,38.7,,23.0,19.4,41.7,9.8,87309
39059,4.9,8.3,90.4,86.4,3.0,2.3,11.9,22.9,14.3,8.8,27.9,1.2,0.7,7.6,39.0,38223,42.9,,41.9,19.4,15.6,15.3,58478
39061,2.2,5.1,95.1,91.3,3.3,2.4,5.8,22.8,7.0,10.3,40.7,1.2,0.7,8.4,40.3,830774,36.9,,24.8,17.6,41.8,15.0,72470
39063,1.0,3.2,96.5,91.2,2.0,1.2,5.7,18.0,6.8,5.1,29.2,0.8,0.1,5.9,30.8,74866,39.5,,36.0,19.2,30.3,9.9,73141
39065,2.7,4.6,93.1,85.7,2.8,2.4,11.1,23.6,9.2,6.6,25.3,0.9,1.0,7.6,27.0,30475,35.2,,46.6,17.2,19.5,17.3,62484
39067,3.4,7.1,87.2,83.1,2.3,1.0,12.2,29.4,19.4,6.1,23.7,1.9,0.0,7.4,30.5,14306,45.5,,51.2,15.3,11.5,13.1,54414
39069,2.3,4.6,93.5,87.7,2.5,1.5,5.1,23.7,5.3,3.7,17.5,0.6,0.2,3.1,28.2,27567,41.6,,41.3,19.5,19.5,8.7,80099
39071,3.4,9.0,90.8,83.4,1.9,2.9,7.6,29.1,11.0,6.8,25.7,2.0,0.3,7.2,32.5,43517,41.0,,40.1,18.8,16.3,14.1,65785
39073,2.9,7.6,91.8,85.8,3.1,2.5,7.4,30.3,11.1,5.7,21.2,0.4,1.1,17.0,35.4,27799,43.4,,43.6,20.0,13.5,16.0,62960
39075,34.8,6.4,70.9,63.5,1.4,1.5,41.5,20.9,8.0,30.9,21.0,2.8,0.8,2.6,32.8,44418,32.7,,33.3,9.7,11.1,9.3,76140
39077,3.3,5.8,91.8,88.4,2.8,2.5,6.5,22.4,8.2,4.3,26.0,0.9,0.5,7.7,34.9,58319,40.1,,44.6,19.7,16.7,13.2,67878
39079,3.8,9.7,90.4,84.3,2.1,3.6,7.9,29.4,11.1,7.6,26.1,3.7,0.0,3.0,43.3,32650,40.0,,45.7,14.6,15.9,18.5,57106
39081,2.3,5.5,89.3,86.6,2.8,2.5,5.2,23.8,12.5,8.5,29.5,0.5,0.4,6.6,37.4,64518,44.3,,40.7,17.0,20.3,16.5,59055
39083,4.3,4.6,93.1,89.3,1.5,1.7,11.3,25.7,9.9,6.3,24.5,1.3,0.3,9.9,35.7,63142,39.4,,37.9,18.5,24.7,11.6,73878
39085,1.7,3.8,95.5,92.8,2.6,2.0,4.5,23.1,4.9,5.1,24.2,0.6,0.4,6.9,38.4,232216,44.1,,31.9,21.1,31.6,8.3,80925
39087,2.8,7.1,90.4,84.7,1.4,3.1,5.5,23.2,14.6,6.8,27.7,1.4,0.2,7.4,36.6,56819,41.9,,43.1,18.9,18.5,17.7,58325
39089,1.8,4.7,95.2,92.4,2.0,2.1,5.3,26.6,6.4,5.2,26.3,1.6,0.4,6.9,34.5,181837,40.3,,34.6,20.5,29.3,10.2,84426
39091,1.8,5.8,94.4,89.0,2.5,2.7,6.0,21.8,18.0,6.1,22.4,1.1,0.3,6.9,28.9,46089,41.9,,44.1,18.9,18.7,11.1,71551
39093,2.1,6.0,94.8,88.9,2.6,2.8,5.3,25.4,6.6,5.7,26.0,1.0,0.2,8.6,38.7,317129,42.1,,30.8,22.1,28.5,12.1,73347
39095,2.3,6.1,94.4,89.4,4.0,3.2,4.9,20.5,8.8,8.6,38.0,1.0,0.5,8.0,37.0,428018,38.5,,29.9,21.9,29.4,17.7,62224
39097,2.3,8.1,94.9,90.7,2.1,2.2,7.7,24.9,5.0,3.3,22.5,0.6,0.1,12.9,29.4,44423,41.5,,37.2,20.4,24.2,8.5,87045
39099,2.3,5.9,92.0,87.3,3.7,3.0,4.9,22.5,9.2,8.4,29.7,0.4,0.4,7.4,42.7,226491,43.2,,35.7,20.2,27.0,18.9,56942
39101,2.8,7.9,93.2,86.8,3.4,2.9,5.4,24.5,9.8,6.9,32.5,0.6,0.2,8.3,39.5,65020,40.1,,42.2,22.3,14.7,16.6,59371
39103,1.6,4.1,96.2,92.9,1.9,1.5,4.0,26.5,4.1,4.0,19.7,0.4,0.3,10.7,33.9,183660,43.3,,28.9,19.9,36.2,6.3,94968
39105,3.9,9.8,87.3,78.2,2.6,2.9,6.6,31.4,14.7,6.4,24.6,1.1,0.1,5.9,41.9,21896,44.1,,46.0,15.7,12.2,21.8,46873
39107,1.0,3.9,93.9,91.5,1.1,0.8,3.6,18.5,9.4,4.0,20.4,1.2,0.5,11.5,25.0,42484,39.4,,43.1,17.5,21.9,7.3,76782
39109,1.4,5.8,95.1,92.3,2.0,2.7,4.7,22.0,4.9,5.7,26.6,0.8,0.1,8.6,34.4,110296,41.3,,36.8,18.6,26.8,9.4,76817
39111,3.4,5.6,87.6,80.4,2.9,2.4,7.7,33.3,20.8,9.4,20.1,1.0,0.7,6.9,36.1,13227,46.3,,49.2,15.4,12.1,15.2,60134
39113,2.3,5.1,94.6,90.6,3.6,2.2,6.5,21.9,8.5,8.5,37.5,1.2,0.3,8.6,38.2,536096,38.8,,27.8,23.3,31.3,15.0,66139
39115,2.1,10.0,87.8,81.7,1.8,4.1,6.4,37.5,22.0,6.7,21.1,0.9,1.0,9.2,39.1,13651,44.6,,44.0,19.2,14.4,12.9,59351
39117,4.3,5.6,92.9,88.3,1.8,2.9,10.3,32.8,8.4,5.3,18.8,2.2,0.3,12.6,29.0,35404,43.2,,44.1,17.5,19.4,12.8,75283
39119,2.6,6.8,93.0,89.3,2.5,2.7,6.6,25.4,10.4,7.7,31.8,1.2,0.5,6.5,39.4,86411,40.3,,41.8,18.3,20.6,15.1,60780
39121,4.0,11.7,81.5,78.2,0.5,2.2,7.7,23.0,20.3,7.7,16.5,1.2,0.0,12.0,11.0,14282,53.4,,47.9,12.7,15.7,10.6,56098
39123,1.1,4.5,94.5,87.8,1.8,1.5,3.9,24.8,36.0,3.5,16.4,0.2,0.4,10.4,33.4,39994,50.6,,33.9,19.8,29.5,8.4,76101
39125,2.2,7.3,92.1,82.2,2.3,1.7,5.2,24.0,10.8,3.2,19.9,1.4,0.7,8.6,31.1,18791,41.0,,43.5,19.8,16.9,8.9,67731
39127,2.0,9.6,92.3,86.5,2.1,3.5,8.1,33.2,10.6,7.2,23.6,0.7,0.6,7.5,36.3,35535,41.3,,46.3,16.1,16.2,14.7,67460
39129,1.9,8.2,94.6,89.8,2.1,2.3,5.8,27.9,4.7,6.7,26.0,1.3,0.6,7.0,35.9,60131,39.6,,40.7,19.3,21.7,11.5,74040
39131,3.2,9.9,93.0,82.3,2.7,3.3,4.8,29.7,10.3,5.4,31.5,2.1,0.1,8.4,39.7,27044,41.7,,48.5,12.7,16.3,21.3,52736
39133,1.9,5.2,95.7,89.8,3.4,2.0,5.0,24.8,8.5,6.6,29.9,0.6,0.3,8.1,46.7,161956,39.6,,34.6,17.8,32.5,11.7,75766
39135,1.8,5.7,93.6,88.0,1.9,2.7,5.4,26.4,7.8,4.0,20.3,1.2,0.1,6.9,30.5,40765,43.3,,46.3,19.4,18.5,12.6,69223
39137,1.9,2.8,93.0,88.0,1.2,1.0,3.1,22.3,5.3,2.1,12.9,1.0,0.4,9.4,24.2,34314,40.6,,38.2,16.6,26.4,5.5,84928
39139,2.9,7.1,92.9,87.9,3.0,2.9,8.1,21.8,8.3,7.2,32.1,0.9,0.3,10.1,32.2,125099,40.9,,42.9,20.2,17.9,13.8,59509
39141,2.7,8.2,93.3,88.0,2.0,2.2,6.8,26.4,7.1,6.3,30.4,1.0,0.3,10.0,37.7,76492,41.1,,44.1,20.3,17.4,15.7,61303
39143,1.7,4.7,93.4,86.9,2.5,2.1,6.3,20.7,6.8,3.5,26.6,1.1,0.0,7.7,35.0,58778,42.5,,44.1,20.5,18.4,15.0,62295
39145,3.7,7.5,90.7,86.3,2.9,3.3,5.7,27.9,12.7,7.9,31.6,1.3,0.5,10.7,45.4,72627,41.1,,43.6,19.2,18.2,21.8,50609
39147,1.5,5.2,93.0,88.1,2.2,3.1,5.3,20.7,7.1,6.1,26.6,1.0,0.8,7.8,33.7,54770,40.2,,43.0,18.4,20.6,11.9,66025
39149,1.4,7.1,96.2,92.5,2.7,2.5,4.2,19.0,6.2,4.1,26.3,1.5,0.5,8.1,28.0,47929,40.3,,41.8,16.5,21.4,11.6,73978
39151,1.8,5.0,94.1,87.4,2.4,3.3,5.5,21.7,7.1,6.7,30.8,0.6,0.3,7.4,34.9,373713,41.8,,36.7,21.3,25.9,12.5,67934
39153,2.4,4.8,95.4,91.6,3.3,4.4,5.6,23.2,6.7,7.9,32.5,0.6,0.4,9.3,39.0,537864,41.4,,28.8,19.9,35.8,12.8,71622
39155,3.4,6.2,90.5,85.2,2.6,2.6,7.0,23.4,8.4,8.2,28.7,0.8,0.2,8.0,39.1,200929,43.7,,42.2,18.5,20.9,16.6,56435
39157,5.0,6.1,90.4,85.3,2.7,2.1,8.5,23.2,5.9,7.4,31.1,1.3,0.2,9.3,35.7,92385,41.1,,44.4,16.3,19.8,13.4,65044
39159,0.9,3.3,97.6,95.2,1.8,1.2,3.8,26.0,3.7,2.4,20.8,0.6,0.2,7.9,26.7,67324,38.5,,29.6,18.9,39.2,5.0,112322
39161,1.8,4.1,93.4,88.6,2.2,0.7,4.0,19.7,8.1,3.6,17.9,0.3,0.5,5.5,31.5,28826,41.6,,43.8,19.9,17.1,9.0,67917
39163,3.8,13.4,83.7,80.1,2.9,4.8,7.6,35.8,10.2,5.4,24.5,1.8,0.4,5.6,33.7,12630,44.0,,46.3,13.0,13.4,17.3,55336
39165,1.7,3.3,97.5,94.9,2.0,1.4,3.9,25.3,4.2,3.1,20.6,0.9,0.4,8.9,32.4,250008,40.1,,24.4,16.6,45.6,6.0,110132
39167,1.4,4.8,92.9,87.5,2.8,1.7,6.2,23.5,11.3,5.5,24.6,0.7,0.4,8.3,41.4,58978,44.0,,38.7,20.4,21.9,13.7,63603
39169,8.2,5.1,89.5,85.3,2.0,1.7,13.9,20.6,5.5,10.0,23.4,1.5,0.3,8.8,25.2,116588,38.9,,38.2,15.9,25.1,9.4,73574
39171,1.7,6.5,91.5,85.5,2.5,2.1,4.8,19.8,6.6,5.5,23.7,0.5,0.1,10.8,32.8,36719,41.6,,45.7,22.1,13.7,12.7,61048
39173,1.4,3.5,96.8,92.8,2.9,1.7,4.2,20.5,5.9,5.1,35.6,0.8,0.4,8.1,35.6,132064,36.2,,28.3,20.2,36.5,12.2,74216
39175,1.2,4.0,93.3,87.7,1.2,3.8,3.5,20.7,9.0,4.5,25.9,0.4,0.2,11.5,20.3,21598,41.7,,47.7,17.5,19.6,8.8,69768
40001,5.3,10.5,85.7,71.1,3.8,4.9,18.5,25.7,12.5,9.0,31.5,2.5,0.7,6.1,33.0,19575,37.9,,44.9,22.1,12.3,21.5,48041
40003,4.1,10.1,94.6,87.6,1.9,3.2,10.5,22.1,21.4,1.8,22.5,0.5,1.4,5.1,29.3,5696,44.6,,36.8,23.6,20.1,16.5,64615
40005,3.2,11.8,88.6,79.5,2.2,2.3,19.2,27.5,17.1,7.5,25.6,3.2,1.0,10.2,27.0,14379,40.6,,42.1,19.3,16.9,17.3,54785
40007,7.7,6.9,95.8,90.4,1.5,0.5,11.6,17.7,32.3,1.3,19.1,0.0,1.0,15.8,19.8,5028,40.8,,32.9,19.3,22.0,13.3,64276
40009,5.1,12.2,93.6,88.8,3.9,2.2,10.9,16.2,19.2,5.2,32.2,3.4,1.0,11.4,37.2,22148,37.1,,43.4,17.9,12.9,21.7,53328
40011,4.7,9.4,91.2,85.4,4.5,3.1,11.6,19.0,26.2,3.3,26.6,1.3,0.7,6.0,37.1,8570,41.2,,38.8,22.7,18.1,17.4,61642
40013,3.5,8.3,92.2,83.3,2.7,1.9,18.7,20.4,11.5,5.6,36.2,2.8,0.7,10.4,34.4,48253,37.0,,33.7,22.2,26.5,16.6,57225
40015,4.0,8.5,92.0,83.9,3.1,2.8,16.8,23.8,21.6,6.9,27.3,2.6,0.4,7.0,30.1,26447,37.8,,45.3,21.0,15.8,18.3,55353
40017,2.8,4.5,97.3,93.6,3.0,2.7,9.3,25.2,6.0,3.3,25.2,1.5,1.1,7.7,38.0,168985,36.3,,27.1,23.9,31.9,8.0,87751
40019,3.4,8.6,95.3,83.4,2.3,2.7,14.3,20.8,11.9,4.8,33.2,1.5,0.8,5.7,39.2,48555,38.3,,36.9,23.6,19.9,16.2,60723
40021,3.3,7.5,92.4,82.8,2.9,3.1,18.2,23.8,16.4,6.9,34.3,2.2,1.4,8.5,33.9,47942,37.3,,32.2,22.2,29.2,18.2,53218
40023,3.5,9.1,89.9,77.0,2.5,4.1,17.7,23.4,16.8,8.0,34.2,1.3,1.1,11.6,33.7,14297,42.1,,42.8,21.2,15.2,23.2,44081
40025,6.4,6.9,93.1,79.9,0.2,0.6,19.8,8.0,48.2,3.7,21.6,0.0,0.0,0.0,47.8,2218,46.6,,35.9,15.8,33.4,7.4,62188
40027,2.4,5.3,97.0,93.3,3.1,2.4,9.7,23.7,6.1,4.3,36.1,2.1,0.6,8.9,39.3,300047,35.4,,24.7,22.6,36.2,12.9,77068
40029,3.4,10.9,88.5,83.5,3.9,4.2,22.4,20.2,20.7,6.5,30.6,3.3,0.4,7.0,33.2,5320,39.3,,40.2,19.8,18.3,20.8,50423
40031,3.0,6.0,95.8,90.1,3.6,2.8,11.5,18.3,14.7,8.2,44.4,1.6,0.5,9.2,34.0,121825,34.1,,33.3,25.3,24.3,18.1,60761
40033,3.6,8.1,92.6,85.0,1.9,2.6,8.7,27.4,24.4,6.2,19.7,0.7,0.3,17.7,19.1,5485,41.9,,32.9,25.6,23.1,20.5,58425
40035,3.6,11.1,91.6,73.3,2.6,1.6,14.9,23.6,18.7,5.5,26.3,1.5,1.1,8.5,29.0,14302,40.6,,39.1,22.1,15.3,19.0,51922
40037,2.3,6.7,94.6,88.0,1.8,2.0,11.1,25.4,10.7,4.9,25.6,2.4,1.0,7.5,33.4,72830,40.4,,40.6,22.6,18.7,14.5,62338
40039,4.6,6.6,96.0,90.7,2.9,2.6,11.3,19.0,14.9,4.8,39.8,1.8,0.5,10.6,39.0,28259,32.8,,30.1,20.8,31.7,16.4,59738
40041,3.4,8.1,92.8,85.9,2.6,2.7,13.7,28.6,29.7,4.0,22.9,2.3,1.5,6.9,37.7,41279,46.9,,39.3,22.1,19.9,19.0,56676
40043,1.9,6.2,92.4,85.7,2.0,0.3,12.6,19.6,25.3,2.5,23.6,2.0,0.7,17.9,18.7,4360,38.5,,43.2,20.9,22.4,14.1,62569
40045,5.0,4.0,95.1,87.3,2.9,2.0,11.1,21.9,30.5,3.9,17.9,2.3,0.7,3.2,25.9,3683,43.5,,40.0,24.8,21.4,13.0,61016
40047,3.8,8.1,94.7,87.0,3.0,2.7,12.4,17.6,14.1,4.9,34.0,2.3,0.9,8.5,33.7,62146,36.0,,37.2,19.9,23.3,12.5,66182
40049,4.4,8.6,93.8,86.9,1.9,1.8,16.1,24.3,16.3,4.9,32.3,2.0,0.7,6.0,30.3,25860,38.6,,42.3,21.8,18.3,17.0,58556
40051,2.8,6.3,93.0,86.9,3.3,2.3,11.8,26.3,12.1,4.4,25.0,3.1,0.8,5.4,29.8,56606,40.0,,38.7,21.5,22.8,12.2,75419
40053,3.5,5.1,92.5,76.9,2.4,2.0,9.9,27.2,25.5,3.9,23.7,1.3,0.9,0.0,24.6,4131,43.2,,36.8,19.8,23.1,17.5,60758
40055,2.9,17.0,91.3,82.3,3.2,1.8,7.4,15.1,25.4,5.1,22.0,1.8,0.2,3.0,45.2,5489,42.0,,36.0,20.6,14.0,16.9,59406
40057,10.0,9.8,86.6,85.2,3.8,2.3,18.7,18.2,28.8,9.8,30.3,1.6,0.0,2.0,32.7,2406,40.3,,41.3,18.2,13.4,22.7,43333
40059,7.8,3.8,96.5,85.3,1.6,0.9,14.1,19.4,22.2,1.4,16.4,2.6,2.8,0.6,5.0,3203,40.9,,24.9,26.1,29.3,13.1,64053
40061,5.0,10.0,88.7,82.5,3.6,2.6,16.1,25.7,19.6,5.5,21.7,2.1,0.7,12.7,30.1,11683,40.8,,40.8,19.2,15.5,20.8,49806
40063,4.1,11.3,87.8,81.0,2.2,1.0,14.4,25.3,30.2,3.2,25.9,1.2,0.8,6.6,32.2,13389,38.8,,40.1,22.3,16.0,20.2,51581
40065,5.9,7.5,94.5,89.5,3.3,3.3,13.0,13.1,19.0,6.4,40.8,1.3,0.4,12.6,23.9,24678,35.1,,26.6,22.7,24.8,16.2,62799
40067,5.2,9.9,92.9,74.3,2.8,3.6,14.0,27.1,20.9,9.1,29.1,2.5,0.6,5.8,30.0,5380,41.8,,41.8,22.9,16.0,23.1,48668
40069,3.5,8.7,89.5,79.7,2.2,3.9,14.7,24.7,17.4,5.7,27.8,3.1,0.6,12.1,27.7,10278,39.3,,36.5,21.6,20.5,22.9,52688
40071,2.1,7.4,93.6,84.4,3.4,3.0,11.3,18.9,19.8,6.0,30.8,1.8,0.4,6.8,32.7,43625,38.5,,35.0,23.8,19.2,16.0,58423
40073,5.6,5.2,95.2,91.3,1.4,1.8,11.4,21.8,12.0,4.1,25.5,1.8,0.6,5.2,30.1,15430,38.2,,37.2,21.2,24.3,12.8,71975
40075,3.8,6.6,91.9,86.6,2.8,2.6,8.9,23.2,26.3,4.8,30.3,1.7,0.0,7.1,50.5,8383,42.4,,35.6,27.5,16.7,22.9,44962
40077,2.8,12.4,92.4,79.7,2.6,4.4,15.5,23.8,17.1,3.7,27.6,1.4,0.7,9.7,41.5,9518,41.9,,38.3,20.4,10.6,20.7,41405
40079,4.7,9.8,91.8,81.4,2.7,3.2,17.4,24.2,15.3,6.3,27.2,2.1,0.5,10.3,35.0,49053,38.7,,40.8,18.6,15.4,19.4,51565
40081,2.7,8.3,93.6,82.1,2.2,2.0,12.0,29.7,9.8,3.4,19.7,1.0,0.6,14.3,29.5,34219,41.5,,39.2,24.9,16.1,17.3,62216
40083,2.5,6.0,96.6,91.2,2.1,2.4,11.5,29.0,8.4,3.4,14.8,1.9,0.6,11.9,41.3,51938,40.6,,31.4,21.5,31.4,11.6,83899
40085,4.8,8.7,94.1,84.1,3.1,1.9,13.2,23.4,17.6,3.2,27.0,3.4,1.3,8.0,21.9,10261,39.1,,37.2,25.3,16.6,15.0,66580
40087,2.6,7.9,96.0,92.2,3.0,2.0,9.5,27.9,6.9,1.6,20.7,1.8,0.3,11.0,39.3,45273,38.6,,32.0,22.2,28.7,8.5,84552
40089,5.0,8.9,88.5,81.5,2.6,3.2,15.0,24.0,20.5,7.2,26.9,2.3,1.1,9.7,31.5,30863,37.7,,41.1,21.0,16.3,21.2,51929
40091,4.3,8.3,91.4,78.2,2.2,2.0,18.4,26.7,34.6,5.0,23.4,1.0,0.8,11.5,36.9,19400,47.1,,41.5,22.7,15.9,21.1,46281
40093,4.3,5.5,95.9,90.3,1.6,4.6,8.2,25.4,14.4,2.8,17.5,1.6,0.8,8.3,33.9,7628,42.0,,41.5,20.0,20.1,11.0,71266
40095,5.1,8.5,93.1,83.8,2.5,3.0,18.1,25.2,32.3,3.1,22.4,2.4,0.5,5.0,32.9,15792,41.6,,36.2,23.3,18.2,16.1,57245
40097,3.0,7.5,92.8,88.2,3.6,2.3,14.9,25.1,16.7,4.5,25.6,2.4,1.1,7.8,32.9,39604,40.4,,39.5,22.8,18.0,16.2,60305
40099,4.4,8.8,92.0,78.0,1.4,1.9,12.5,21.4,24.4,4.1,27.9,1.9,1.0,5.8,30.7,13753,41.6,,40.6,21.2,19.6,12.7,66322
40101,3.7,8.6,92.6,79.4,3.0,5.2,13.9,22.1,12.3,7.5,33.5,1.8,1.7,10.2,38.5,66444,37.9,,35.8,22.8,18.8,19.1,53619
40103,3.1,7.1,91.6,82.5,1.5,1.0,5.8,19.2,18.3,2.3,22.3,0.9,1.5,15.9,31.2,10897,42.2,,33.7,26.6,18.2,12.9,66365
40105,1.9,6.3,91.5,73.3,2.4,2.2,15.2,28.1,15.5,4.0,26.5,3.2,1.7,4.6,35.1,9435,41.3,,42.7,21.8,16.8,17.2,54333
40107,4.6,10.0,91.6,81.7,1.6,2.7,13.6,25.5,16.4,8.4,31.2,2.5,1.3,6.3,28.6,11278,40.5,,40.2,22.9,14.3,25.8,48363
40109,5.0,6.5,95.9,91.7,3.1,3.2,13.7,21.9,9.0,6.7,41.8,2.1,0.7,8.7,40.6,806199,35.2,,23.9,21.3,35.9,16.0,66679
40111,3.2,8.1,91.6,83.7,3.8,3.0,13.0,24.7,14.9,6.6,29.9,3.1,1.0,7.3,39.0,36899,39.5,,34.3,23.7,17.7,18.0,54029
40113,2.2,7.7,94.4,88.9,2.9,2.9,10.5,24.6,12.6,5.7,21.7,2.3,0.4,7.9,37.6,45997,43.5,,35.2,21.5,22.7,13.1,62847
40115,3.9,8.4,91.8,82.6,1.6,2.7,15.9,20.6,13.0,6.1,32.5,2.5,0.9,10.7,35.7,30341,37.2,,35.7,26.6,15.0,20.9,49947
40117,3.3,9.4,94.4,81.8,2.4,2.5,12.3,28.0,16.6,3.9,20.5,1.7,0.5,10.8,34.5,15795,41.6,,40.4,22.2,16.9,18.2,58738
40119,2.6,3.9,96.3,87.2,3.4,2.3,11.0,18.4,12.0,5.9,49.0,1.6,1.3,8.2,48.8,82972,27.7,,27.3,19.2,39.7,22.6,49809
40121,3.6,8.7,93.3,87.5,3.0,2.5,14.8,21.3,19.8,7.1,28.6,1.2,0.6,10.8,38.9,43561,40.6,,35.8,22.4,20.2,17.7,55310
40123,2.5,6.9,94.9,87.3,2.2,8.0,16.3,17.7,13.7,6.4,34.0,1.5,0.4,8.4,29.2,38235,37.7,,32.8,19.9,30.3,12.6,63017
40125,2.5,8.9,93.9,87.4,2.9,4.0,12.2,24.2,11.2,4.3,29.6,2.4,0.5,8.4,33.0,73463,37.9,,35.0,25.0,20.4,15.9,61398
40127,3.1,9.1,89.0,73.3,2.2,2.7,18.5,25.7,22.4,6.7,25.1,1.8,0.4,13.5,31.5,10790,43.8,,41.9,21.7,15.6,20.7,47940
40129,1.5,4.2,93.9,89.2,1.9,1.3,10.5,25.8,23.3,1.7,16.9,0.6,0.4,5.1,37.7,3359,42.0,,36.4,25.4,24.9,14.7,66094
40131,2.4,4.9,96.6,90.6,3.0,1.8,11.0,25.7,6.9,2.8,22.2,2.2,0.7,9.7,32.2,98610,39.1,,33.1,22.7,26.7,8.9,80067
40133,3.7,9.8,89.5,80.7,3.2,2.6,17.1,24.0,19.0,7.0,29.0,2.6,0.9,7.5,38.9,23494,39.2,,37.2,23.8,15.9,21.7,48062
40135,4.4,10.7,91.8,82.5,2.5,2.5,15.1,25.0,15.9,5.2,29.2,3.3,0.6,7.6,36.3,39860,40.6,,38.7,20.8,15.2,20.2,51093
40137,3.0,7.2,93.9,86.4,2.8,2.2,12.6,23.7,13.6,5.7,25.6,1.4,0.7,5.5,40.8,43551,41.0,,41.6,22.3,20.6,18.0,61620
40139,15.7,8.2,91.3,87.4,2.2,5.1,11.9,16.9,19.3,5.1,33.6,3.5,1.7,6.7,35.0,20774,33.0,,32.0,17.7,22.1,15.7,60069
40141,8.4,9.4,87.5,74.9,3.1,3.1,10.4,23.7,28.8,9.6,27.2,1.9,0.0,3.4,46.8,6910,40.8,,40.9,18.4,16.8,21.0,48939
40143,4.5,5.6,96.0,91.4,3.5,2.6,13.3,20.3,8.5,6.3,40.3,2.3,1.0,9.2,36.7,680794,36.0,,24.9,21.8,34.4,14.7,69009
40145,2.7,5.1,96.6,92.7,2.7,2.0,11.3,26.2,8.2,2.7,18.7,2.1,0.5,8.7,33.4,86609,38.9,,30.8,23.4,27.7,9.2,81207
40147,1.7,5.7,93.4,86.9,2.5,6.2,11.1,20.7,11.7,5.3,28.1,1.4,0.3,11.6,39.4,53326,39.2,,34.8,20.2,30.1,16.1,60162
40149,2.7,9.1,92.3,84.1,3.4,2.6,11.4,22.4,19.6,3.0,24.0,1.2,0.2,10.0,25.4,10815,40.6,,41.0,20.7,20.3,14.1,63501
40151,3.4,7.0,93.2,84.0,2.8,1.4,7.6,14.7,19.4,7.9,34.7,0.1,0.7,5.9,51.6,8596,34.3,,28.8,23.0,32.5,19.9,53275
40153,2.4,9.3,93.8,89.6,3.9,1.6,12.5,21.3,15.6,4.0,26.8,0.6,0.0,7.6,26.9,20158,37.8,,39.2,24.3,20.7,14.0,61417
41001,3.1,4.7,93.1,87.8,2.7,3.4,4.2,15.1,15.7,5.3,28.5,0.7,0.7,4.5,37.7,16840,47.0,,27.5,25.2,26.1,14.9,60936
41003,1.6,3.0,97.5,92.9,4.3,3.4,4.8,19.6,5.9,7.4,43.1,0.9,0.7,7.5,55.1,96303,34.5,,13.9,18.9,54.2,18.2,77702
41005,1.8,3.4,97.2,94.0,2.8,3.2,4.3,26.5,6.0,4.8,29.3,1.5,0.7,8.7,44.6,423975,42.3,,21.3,23.5,40.5,7.7,103517
41007,1.4,5.4,96.4,92.7,2.6,4.9,7.1,21.6,23.1,7.7,36.8,0.8,1.3,10.2,40.5,41363,46.0,,25.5,26.8,28.7,12.3,71822
41009,2.3,8.0,96.1,93.3,2.4,4.5,5.4,31.7,5.6,4.4,23.9,1.6,0.7,8.7,45.0,53493,43.3,,33.8,27.1,19.8,8.9,87458
41011,1.8,6.5,94.5,90.8,3.1,4.4,6.9,18.3,9.9,7.0,28.8,1.5,0.4,10.4,41.5,64827,48.6,,30.0,28.0,22.6,16.1,62143
41013,2.9,7.7,96.3,89.4,3.4,4.2,5.7,26.7,8.6,4.9,25.9,3.3,1.2,15.8,40.8,26277,47.2,,32.1,25.9,21.3,11.3,81965
41015,1.5,7.2,94.1,89.6,2.6,2.0,4.9,18.5,15.6,4.1,25.8,1.9,0.8,13.0,35.2,23381,57.7,,30.2,29.5,22.1,15.2,62244
41017,1.5,3.1,97.8,92.7,2.8,2.6,6.2,19.6,14.5,4.0,30.0,2.6,0.6,9.6,40.5,206334,42.9,,19.8,21.4,45.0,8.8,92758
41019,3.1,5.7,93.0,88.8,2.7,4.6,5.2,20.6,6.0,5.2,27.3,1.4,0.7,9.8,41.4,112072,46.5,,31.6,29.0,19.3,16.3,61310
41021,1.2,10.1,93.5,87.7,1.4,2.4,5.6,19.0,23.1,5.1,25.9,0.0,0.0,8.7,29.0,1971,50.1,,30.6,29.8,21.0,15.3,66917
41023,1.7,6.6,91.8,81.6,2.6,2.7,7.5,20.1,17.2,2.4,23.3,1.6,0.8,5.2,32.8,7209,50.4,,31.4,33.9,17.7,12.8,59450
41025,3.7,5.7,90.1,83.0,2.0,3.8,6.2,14.0,16.2,7.8,32.6,4.2,0.4,9.9,30.5,7499,45.9,,35.2,25.8,18.3,13.7,55208
41027,10.0,3.5,98.1,95.0,2.6,2.3,9.5,18.3,13.1,5.8,30.6,2.3,0.7,11.2,38.1,23905,40.7,,17.6,20.5,41.0,8.0,88947
41029,2.5,5.5,96.3,91.1,3.1,3.8,5.7,19.1,6.1,5.8,34.1,1.8,1.1,10.5,45.5,222645,42.8,,25.6,25.7,31.7,12.4,73999
41031,4.6,6.4,97.3,89.9,4.4,5.8,7.3,25.3,16.9,4.5,28.0,2.8,1.5,6.5,37.3,25203,41.5,,32.7,25.8,21.2,13.4,76260
41033,2.2,7.4,95.1,91.3,3.2,4.2,6.6,21.5,7.1,4.8,28.3,2.0,1.2,10.4,45.5,88179,47.3,,31.0,29.3,19.7,15.6,60098
41035,3.3,7.3,95.0,86.1,3.6,3.8,6.8,17.9,12.6,6.6,30.6,1.9,0.8,7.1,47.8,70247,41.3,,33.0,24.4,22.7,18.3,58830
41037,5.1,4.0,87.8,74.2,2.0,5.9,4.9,13.8,17.8,5.1,32.7,2.0,0.3,3.6,47.1,8267,45.7,,36.8,24.3,21.1,14.9,62787
41039,2.1,4.6,97.2,92.1,3.9,4.4,5.6,20.2,5.5,7.7,40.3,1.7,0.9,8.5,46.4,384207,40.3,,22.9,26.2,34.0,15.3,71544
41041,2.3,5.5,95.6,91.0,3.9,2.7,7.9,22.1,29.2,4.5,28.5,1.9,0.7,9.9,41.0,50964,52.7,,23.8,30.2,28.6,15.9,63165
41043,2.2,5.6,96.3,91.0,3.6,3.7,6.3,25.7,4.9,4.2,33.1,2.6,1.0,8.5,44.8,130706,40.1,,29.6,29.6,21.6,13.0,76329
41045,7.7,8.6,91.7,87.6,2.6,3.6,9.0,19.0,12.2,6.7,36.8,6.9,2.2,6.2,32.2,31954,36.1,,32.6,24.9,15.2,17.6,54519
41047,6.9,7.0,96.1,91.6,3.3,4.3,8.6,24.1,4.1,6.2,37.7,3.6,1.6,9.3,44.2,349244,37.5,,25.6,25.0,26.0,13.0,77351
41049,12.4,11.4,93.6,89.1,1.4,3.0,9.6,23.4,11.9,3.5,28.4,5.9,1.8,5.1,29.5,12300,36.3,,30.3,26.7,10.1,13.2,75448
41051,3.5,4.0,97.2,93.6,4.0,5.3,5.6,24.4,5.8,12.6,46.6,1.7,1.6,9.3,43.7,801477,38.7,,16.6,19.7,48.9,12.6,88766
41053,2.9,5.4,96.1,91.3,3.4,4.5,4.9,25.3,5.4,4.8,35.3,2.1,1.2,12.1,39.7,89662,37.8,,23.8,26.6,31.2,12.7,85118
41055,3.0,5.8,96.6,83.7,0.5,4.9,2.6,22.6,17.0,6.2,34.1,0.2,0.6,1.3,37.0,1938,44.7,,33.5,30.8,16.0,22.0,60161
41057,2.7,6.6,95.1,90.9,2.2,1.7,4.8,19.4,37.9,4.3,25.7,1.5,1.0,14.6,28.2,27496,49.0,,27.7,27.5,26.2,12.7,69105
41059,7.6,8.2,93.5,87.1,3.0,3.2,6.7,19.1,10.8,5.2,32.1,2.9,0.9,12.2,31.7,79940,36.9,,32.5,24.0,18.3,11.8,67728
41061,2.1,4.3,93.5,83.7,3.4,3.7,6.9,16.3,7.9,7.3,34.5,2.3,1.0,9.2,32.4,26144,40.0,,32.5,25.7,26.1,16.1,65661
41063,1.0,5.1,95.6,84.2,2.1,2.2,6.3,15.4,22.1,3.7,27.5,2.5,0.1,11.9,32.7,7553,49.7,,24.7,24.8,38.2,7.8,67112
41065,6.4,7.4,95.2,89.4,4.6,5.3,8.5,18.9,13.4,6.0,32.5,2.1,1.1,3.8,42.5,26552,41.0,,26.4,25.6,22.4,11.6,64175
41067,3.6,3.6,98.0,95.4,3.1,3.5,5.2,24.0,3.2,5.6,39.2,2.3,1.2,10.2,39.1,603947,38.1,,16.6,20.0,47.5,8.1,107772
41069,3.1,6.0,92.7,81.5,1.2,0.3,3.2,24.0,22.6,3.4,28.2,0.0,0.6,0.0,49.1,1485,59.3,,28.2,27.4,18.8,10.8,55284
41071,4.2,6.2,96.5,92.6,2.8,3.6,5.9,26.2,4.7,5.5,30.6,2.2,1.0,9.6,46.3,108734,39.7,,27.1,24.9,29.6,10.3,90063
42001,3.0,5.6,94.3,90.0,2.1,2.2,6.0,28.2,6.5,4.5,21.1,0.7,0.3,11.5,32.5,106115,43.7,,39.9,16.6,25.8,8.2,84092
42003,1.5,2.9,94.0,90.8,3.3,3.2,3.8,25.2,10.1,11.9,34.8,0.6,0.4,8.8,37.4,1238177,40.6,,25.2,14.8,45.8,11.5,78548
42005,1.9,5.1,90.9,86.8,2.5,4.4,4.0,28.6,12.7,7.8,21.2,0.6,0.3,11.5,31.8,64622,47.2,,47.8,14.6,19.0,11.8,65008
42007,1.4,3.2,93.0,89.0,3.3,3.0,3.9,25.5,8.9,7.5,25.0,0.5,0.4,9.3,33.0,166324,44.7,,36.7,17.5,28.7,9.9,71089
42009,3.2,6.3,87.2,83.1,2.2,2.6,7.8,26.5,16.2,5.7,22.5,0.8,0.3,10.2,39.8,47513,47.5,,48.0,15.8,16.1,11.6,59992
42011,4.6,7.0,93.3,89.6,3.5,3.3,7.3,25.4,4.9,8.7,28.7,1.1,0.7,9.3,42.7,433015,39.9,,36.6,14.8,27.7,12.2,79777
42013,1.9,4.2,89.5,86.2,2.6,3.6,5.8,20.5,9.6,8.6,27.6,0.6,0.2,10.2,36.2,121277,43.1,,45.3,14.7,24.4,12.0,62382
42015,2.8,6.5,91.9,85.4,3.5,2.9,6.7,24.1,16.5,6.9,27.8,0.7,0.3,8.0,30.8,59858,43.6,,46.6,14.5,20.6,12.6,63675
42017,1.9,3.1,97.0,94.8,2.9,2.1,3.9,29.0,3.1,4.9,22.2,1.1,0.5,8.6,39.3,647461,44.2,,27.3,14.8,44.8,6.1,114764
42019,1.1,3.2,94.2,90.6,2.7,2.1,3.4,27.4,7.5,5.5,23.1,0.4,0.2,9.4,32.6,197254,43.4,,31.6,14.4,39.4,8.1,89843
42021,2.1,4.8,89.8,84.9,2.5,4.3,3.3,23.4,13.2,10.4,23.6,0.6,0.2,7.7,34.9,131538,45.6,,43.4,15.3,23.9,14.2,58418
42023,1.4,6.0,90.8,84.1,4.1,6.7,2.1,18.7,43.5,10.2,27.6,0.9,0.0,6.2,34.9,4427,53.0,,49.9,18.3,12.6,13.5,50573
42025,2.8,6.7,91.4,88.7,4.5,2.8,5.8,32.5,20.8,6.4,23.6,1.1,0.4,6.8,36.7,65382,46.3,,43.4,16.9,19.2,12.3,67554
42027,2.0,3.4,93.5,85.5,2.4,1.7,5.2,20.2,11.2,11.1,38.2,0.8,1.5,8.0,49.1,158576,34.2,,28.8,11.7,46.2,16.3,74291
42029,2.5,2.6,97.0,94.7,2.5,2.3,4.4,26.9,3.6,4.3,24.9,0.9,0.5,8.8,38.9,547840,40.8,,19.3,12.4,57.1,6.0,127208
42031,3.3,5.4,90.6,85.3,3.0,3.9,6.1,24.6,20.2,6.5,27.5,0.6,0.2,5.8,38.7,37179,41.7,,45.2,13.1,23.6,13.1,62649
42033,3.1,6.2,89.7,83.9,3.3,4.4,5.9,25.3,14.9,7.4,21.5,0.4,0.3,8.9,32.8,78635,45.4,,45.8,13.5,20.2,14.6,62152
42035,3.1,6.6,90.2,84.9,3.3,3.1,10.5,23.6,17.2,9.0,27.7,1.1,0.3,9.0,34.4,37798,39.8,,46.1,13.5,21.5,14.8,60816
42037,2.0,5.4,92.9,87.8,3.5,2.6,4.0,21.7,11.6,7.3,30.5,0.4,0.1,10.0,32.0,65362,41.0,,44.0,14.2,26.6,13.7,64644
42039,3.7,5.6,89.4,85.0,2.7,3.3,9.0,23.3,19.7,10.5,25.3,0.8,0.5,9.4,36.0,82716,44.0,,46.5,14.9,21.1,14.3,60476
42041,2.1,4.2,94.9,92.2,2.3,2.2,5.4,21.8,4.4,5.0,28.7,0.8,0.4,8.0,33.7,268323,40.2,,30.6,14.5,40.0,7.5,87494
42043,3.6,5.3,94.0,90.3,2.9,4.0,6.4,21.5,5.1,9.4,36.9,1.2,0.5,7.6,37.8,289593,39.4,,31.5,16.1,34.4,12.9,76242
42045,2.4,3.7,96.4,93.3,4.5,3.4,4.6,28.1,5.6,9.6,30.4,0.9,0.5,8.9,45.9,579222,39.1,,27.3,16.6,41.9,10.2,89546
42047,1.7,4.0,90.8,87.7,3.4,2.6,2.3,18.3,21.1,6.3,20.5,0.1,0.4,5.6,38.0,30506,48.4,,47.9,13.5,20.6,8.7,66380
42049,2.2,4.8,93.9,89.0,3.2,4.3,4.2,19.6,7.9,9.9,31.9,0.8,0.4,7.6,41.5,269052,40.2,,37.3,15.7,30.3,15.0,63354
42051,2.6,7.2,89.4,83.9,3.4,4.6,4.6,26.0,11.2,9.0,27.6,0.7,0.2,8.3,35.2,125997,45.4,,47.1,14.2,19.1,16.8,58236
42053,5.0,9.8,89.2,74.8,0.7,1.8,6.4,23.0,72.3,6.7,21.7,0.3,0.0,9.7,19.3,6715,48.7,,50.7,17.5,12.3,11.9,52191
42055,2.6,6.1,93.2,89.1,2.5,2.5,8.9,24.3,5.4,4.6,26.5,1.1,0.4,11.5,29.2,157379,42.1,,42.4,15.7,24.7,8.5,77003
42057,3.5,7.2,88.3,85.1,1.7,3.5,5.1,31.5,11.4,5.3,22.4,0.7,0.8,8.8,27.8,14531,46.1,,47.6,13.7,17.7,11.2,65836
42059,2.7,7.4,91.7,86.2,2.9,3.3,4.5,29.2,11.6,4.7,22.9,0.7,0.9,8.2,30.8,34835,43.3,,43.9,15.5,21.7,13.5,68041
42061,2.7,5.8,89.4,85.9,2.4,3.5,4.7,31.2,22.1,7.1,20.8,1.0,0.4,7.7,31.6,43653,44.0,,50.0,12.7,19.2,10.6,65557
42063,2.3,5.1,90.3,80.7,3.8,3.4,7.2,24.9,13.7,7.5,27.9,0.9,0.5,7.4,41.8,83042,40.0,,40.5,14.9,27.0,14.0,60208
42065,3.1,4.8,88.9,81.9,2.4,4.0,8.5,23.5,16.9,8.3,25.1,1.1,0.6,7.7,36.3,43864,44.0,,50.1,13.3,18.4,14.1,58686
42067,4.5,11.7,87.6,83.9,1.3,1.9,13.8,31.0,14.1,6.9,26.2,1.6,2.4,5.7,20.1,23379,43.3,,50.0,10.5,15.0,9.7,66318
42069,2.8,5.5,93.2,87.5,2.9,3.5,4.9,21.1,11.9,9.4,34.6,1.1,0.3,8.5,39.8,216146,41.9,,34.4,16.5,30.6,14.4,66223
42071,6.0,6.5,92.3,88.1,2.2,3.0,11.2,23.8,3.0,8.6,30.2,1.7,0.6,8.6,37.8,557931,39.4,,33.7,13.4,32.4,8.2,86959
42073,2.2,5.3,91.7,86.7,3.3,3.9,5.1,23.4,8.8,8.0,24.2,0.4,0.3,13.3,37.6,85024,44.9,,42.4,16.9,23.4,11.9,61931
42075,3.7,7.7,92.5,87.7,2.7,4.0,9.0,22.1,5.4,6.5,28.7,1.0,0.7,10.6,36.3,144186,41.1,,41.5,14.8,24.3,10.1,78425
42077,4.0,5.6,94.7,90.0,3.8,4.1,6.4,24.9,4.5,8.3,34.4,1.4,0.6,10.0,44.9,378792,39.6,,31.7,15.4,34.2,11.6,80079
42079,3.6,6.2,92.0,87.8,3.5,3.8,6.6,23.5,10.7,9.5,32.2,1.1,0.5,8.1,38.3,327675,42.0,,36.8,17.3,25.3,15.3,63691
42081,2.0,6.5,92.2,87.9,3.1,3.6,5.2,21.1,11.1,9.7,30.9,0.6,0.3,9.9,37.3,113489,41.4,,38.7,16.2,24.8,12.8,63917
42083,2.4,5.3,92.6,87.9,2.7,4.1,4.7,20.4,15.9,8.7,22.0,0.5,0.1,10.4,31.1,39904,44.0,,46.1,14.7,20.8,13.7,62905
42085,2.8,5.5,90.5,85.7,2.9,3.4,6.4,21.7,8.7,9.6,27.6,0.8,0.3,8.5,37.2,109257,45.1,,40.3,16.4,25.6,13.2,59976
42087,5.2,10.2,86.0,82.9,1.6,3.3,12.8,25.0,13.8,10.1,28.9,2.0,1.0,8.9,29.8,46041,43.4,,46.9,13.8,14.9,16.2,63953
42089,2.7,6.9,95.9,92.8,4.2,3.3,6.3,38.1,23.1,5.5,19.8,1.5,0.2,8.8,48.2,167515,44.1,,36.1,18.6,27.4,10.7,83565
42091,1.8,3.0,96.7,94.3,3.0,2.1,3.9,27.8,4.2,5.7,28.6,1.0,0.7,8.7,40.3,867573,41.2,,21.9,13.1,53.0,6.5,113915
42093,2.0,4.4,92.4,89.0,1.7,1.2,3.7,19.4,3.5,8.1,31.5,0.7,0.5,8.5,29.7,18103,42.9,,34.4,12.4,38.7,8.8,76976
42095,2.4,4.7,94.6,90.8,2.9,2.9,4.4,27.0,5.3,6.5,28.9,0.7,0.6,9.3,40.7,318580,42.0,,32.0,16.1,34.7,8.8,89184
42097,2.4,7.3,90.0,85.1,2.1,3.3,5.1,25.2,12.7,9.2,24.5,0.5,0.4,9.3,33.3,90560,44.5,,47.0,15.0,19.4,12.6,60583
42099,3.7,6.8,90.7,87.3,1.9,2.1,10.3,32.0,8.7,5.7,18.2,0.8,0.5,5.8,37.0,46239,43.8,,45.0,14.2,20.2,8.0,79444
42101,5.0,7.3,94.3,89.1,5.2,5.6,7.1,31.7,9.2,27.9,48.2,1.8,1.2,8.2,44.1,1579706,35.3,,29.7,16.1,35.4,21.4,61953
42103,1.8,5.0,95.9,91.8,4.2,3.2,5.8,42.3,39.6,5.3,13.0,1.2,0.3,5.7,44.7,60621,49.4,,34.5,18.1,29.7,9.8,81323
42105,2.8,5.5,91.2,85.8,2.1,3.5,6.6,24.0,43.6,6.1,20.3,1.8,1.1,12.6,28.4,16188,48.4,,47.4,16.2,18.2,13.0,59020
42107,2.5,7.2,91.6,86.7,3.2,5.0,6.9,27.3,13.8,8.0,23.9,0.9,0.4,8.3,33.9,143558,43.7,,44.8,14.5,19.9,12.8,68313
42109,7.1,9.0,87.6,83.0,1.5,1.3,12.2,22.9,9.1,6.8,24.4,1.1,0.5,9.0,33.0,39668,40.6,,43.7,10.8,20.6,9.4,66876
42111,3.3,5.8,87.9,82.0,2.7,2.7,6.6,24.9,22.5,6.3,19.6,0.4,0.3,8.9,30.6,72799,46.9,,49.5,13.6,17.9,11.0,61446
42113,1.1,6.3,92.8,81.9,2.9,1.2,4.1,31.4,54.3,5.1,15.1,1.1,0.7,10.0,24.8,5888,55.9,,47.6,12.5,21.5,11.6,69764
42115,2.1,6.9,92.0,88.4,3.2,2.3,6.2,26.9,27.3,5.2,21.5,0.9,0.2,8.2,36.2,38219,48.6,,45.6,16.1,19.5,11.4,68487
42117,1.7,6.1,92.1,87.3,2.6,2.1,6.0,24.4,22.6,5.5,22.6,1.4,0.2,11.0,35.2,40945,45.1,,43.2,15.8,22.3,11.7,64899
42119,4.9,9.0,88.6,80.3,1.1,3.2,10.4,17.9,10.2,9.7,27.7,1.0,0.5,8.6,39.0,42456,41.0,,41.2,10.4,26.5,9.0,76404
42121,2.4,6.2,91.6,88.3,3.1,3.5,4.4,23.1,18.5,7.6,24.7,0.7,0.5,11.5,36.4,49801,47.6,,45.6,16.3,19.1,13.2,61522
42123,2.6,4.2,92.0,85.2,2.4,3.6,4.1,20.7,25.5,6.2,20.5,0.4,0.2,7.7,25.3,37920,47.1,,46.5,15.6,19.9,10.8,60480
42125,1.6,3.8,93.6,89.9,2.9,2.8,3.9,26.8,9.6,7.3,23.9,0.6,0.6,8.5,31.8,210042,44.2,,35.7,14.8,32.9,9.6,78958
42127,1.9,5.9,92.3,86.7,3.1,2.2,6.8,28.9,35.1,6.9,19.5,1.6,0.3,5.4,46.6,51262,49.2,,42.3,17.2,23.4,12.1,62381
42129,1.1,3.3,92.3,88.5,2.9,2.8,3.0,26.7,8.2,6.2,21.6,0.3,0.1,7.0,32.7,352500,47.2,,34.5,15.9,32.8,10.3,74109
42131,1.5,5.8,92.2,87.0,2.9,3.3,3.9,25.6,15.4,5.2,22.1,0.7,0.2,5.0,31.9,25967,45.1,,44.8,16.4,22.1,11.5,72460
42133,2.4,5.7,93.9,90.3,2.9,3.1,4.8,26.3,4.4,5.9,23.7,0.9,0.4,9.7,38.3,462924,41.1,,38.4,16.5,27.6,8.4,84829
44001,2.4,4.0,94.8,92.6,1.9,3.3,2.3,26.4,7.0,5.8,28.2,0.5,0.1,9.9,35.9,50490,44.2,,19.8,13.8,53.0,6.5,114490
44003,2.6,4.3,95.3,92.7,3.1,2.4,3.2,25.1,4.8,6.0,26.9,1.0,0.2,9.9,39.6,171456,43.8,,28.5,19.8,34.7,7.5,94345
44005,1.7,2.7,96.9,94.1,3.5,1.7,3.9,22.8,15.6,7.3,32.1,0.5,0.8,10.3,39.4,84657,46.9,,19.4,15.9,54.1,8.5,103514
44007,6.7,6.8,94.0,90.5,4.3,5.3,5.4,25.9,6.7,11.5,43.1,1.9,1.1,10.3,37.0,664854,38.0,,29.0,17.6,32.3,13.4,78787
44009,1.0,3.3,95.9,94.4,2.7,2.0,2.0,26.0,20.8,4.4,22.5,0.6,0.2,9.3,42.0,130344,45.5,,19.5,15.7,52.4,8.2,106638
45001,3.2,9.5,90.6,82.2,2.0,0.7,10.1,24.7,17.3,6.6,21.9,2.1,0.4,11.4,30.5,24420,44.0,,38.4,16.0,20.4,15.7,52935
45003,3.0,6.5,94.7,91.0,3.5,1.4,8.8,25.0,12.6,5.9,23.5,1.3,0.6,6.2,38.6,174160,42.0,,29.9,19.8,31.9,14.3,70609
45005,3.6,16.9,78.2,73.6,3.7,1.3,12.1,35.7,20.0,18.0,38.3,1.0,0.0,9.8,35.3,7661,44.7,,39.8,18.5,14.3,28.2,32328
45007,3.3,8.6,94.4,88.6,3.1,1.4,10.2,26.5,9.1,5.7,25.2,1.3,0.6,8.8,38.8,210478,40.6,,30.1,20.3,26.5,14.6,66651
45009,6.6,15.6,89.5,79.2,8.0,4.0,12.4,28.0,29.4,12.9,29.6,1.0,0.6,18.9,37.5,13042,42.3,,33.0,15.8,17.9,24.3,44370
45011,6.1,10.0,85.2,75.2,4.0,2.4,12.2,27.2,18.2,10.6,29.1,2.6,0.8,13.2,33.9,20521,40.4,,39.7,18.2,13.9,25.0,46626
45013,2.0,3.4,97.2,94.0,1.3,1.2,8.5,23.6,20.2,4.3,24.1,1.6,0.6,7.8,45.0,195289,48.1,,21.0,19.6,46.0,9.6,86573
45015,2.7,6.1,96.0,89.8,2.0,1.3,9.2,29.7,6.8,4.0,25.5,1.1,0.7,8.6,42.7,246802,36.9,,27.7,21.8,31.0,9.9,84358
45017,4.1,8.9,89.2,81.0,3.2,2.2,8.1,26.4,12.6,5.5,15.0,1.6,0.2,2.7,38.8,14182,47.0,,30.7,18.8,24.5,12.9,58682
45019,2.3,4.2,96.3,88.9,2.2,1.1,8.3,25.1,14.7,5.9,36.1,1.2,0.5,8.6,44.8,420264,39.2,,18.0,17.3,50.3,11.3,88494
45021,4.0,10.7,90.9,80.7,3.5,0.9,10.5,25.1,12.3,5.4,26.2,1.9,1.0,8.9,36.8,56647,40.4,,37.9,19.3,18.4,18.4,50288
45023,3.1,11.6,91.1,83.0,3.2,2.4,11.7,31.6,11.1,6.3,21.6,1.9,0.1,6.2,39.1,32182,42.4,,41.0,22.2,14.0,18.7,52458
45025,5.5,11.9,89.7,82.8,4.3,1.5,11.6,24.5,15.9,9.0,27.2,2.3,0.7,7.0,45.0,43784,42.0,,39.7,19.1,13.6,20.3,49235
45027,3.7,12.0,89.0,85.9,3.3,0.7,9.0,31.0,23.2,10.1,27.1,2.0,0.2,12.5,41.5,30986,45.9,,36.0,22.4,18.2,15.4,52401
45029,3.1,12.1,89.7,84.8,5.5,1.9,15.0,34.9,18.3,10.4,26.7,3.1,1.4,10.5,44.5,38783,42.0,,37.4,20.3,17.4,19.6,51114
45031,3.5,9.5,91.0,78.2,3.7,2.4,9.0,22.5,14.1,10.4,29.1,0.9,0.4,7.3,49.1,62558,41.3,,36.2,20.0,19.9,21.1,48581
45033,4.6,14.6,83.8,70.4,5.1,1.2,12.5,26.2,16.1,9.8,35.3,3.5,1.0,9.0,37.0,27862,38.2,,41.1,18.9,13.8,27.7,46605
45035,2.7,5.2,96.3,91.6,3.1,0.9,10.2,31.3,6.9,3.5,24.5,1.8,0.9,10.4,46.0,167201,38.0,,27.1,24.2,29.8,11.4,78198
45037,4.7,11.6,92.3,80.3,2.5,0.8,9.0,25.6,15.2,7.8,19.9,2.2,0.4,12.1,38.6,27476,41.6,,32.8,17.3,23.3,17.8,73029
45039,3.0,11.9,91.3,81.8,3.0,3.4,7.0,30.0,18.8,5.9,25.4,1.9,1.6,17.2,44.5,20550,47.4,,40.9,19.0,15.2,15.6,47885
45041,3.1,8.9,92.2,83.3,3.3,1.8,9.3,22.0,14.9,7.6,35.5,1.4,1.1,5.8,45.1,137117,39.4,,32.5,19.3,24.4,18.7,58305
45043,2.4,5.3,94.9,87.3,2.2,1.4,9.8,29.1,27.0,5.2,16.0,1.6,0.8,17.7,40.9,64811,52.2,,26.7,22.4,32.8,15.0,68713
45045,3.2,5.8,95.9,92.1,2.8,1.2,10.0,23.4,7.4,4.7,31.1,1.5,0.7,10.9,40.0,548166,38.4,,22.8,17.9,41.3,10.8,76932
45047,3.8,7.6,91.6,84.9,3.0,1.5,7.4,20.3,12.0,7.4,33.0,1.4,0.2,9.8,40.2,69489,40.1,,33.4,17.5,24.7,15.1,52830
45049,4.3,11.2,90.7,82.6,5.1,1.2,10.1,33.8,16.4,11.0,26.6,1.3,2.0,11.6,44.5,18254,40.9,,46.6,18.7,12.1,20.7,44711
45051,2.7,5.3,96.1,92.5,2.6,1.2,11.7,23.1,27.0,4.8,22.7,1.1,0.3,8.3,43.7,383016,48.7,,31.1,22.8,27.1,13.2,66880
45053,3.6,5.3,92.8,86.4,2.3,1.4,14.5,28.9,11.1,4.4,22.8,2.3,0.4,8.8,39.0,32166,45.3,,32.6,23.7,26.0,17.8,65613
45055,3.4,7.5,95.7,90.1,2.8,1.9,8.6,30.0,10.7,4.1,18.0,0.5,0.4,9.2,45.5,68314,40.4,,33.6,22.4,24.0,13.2,68231
45057,3.4,6.6,93.4,89.4,2.5,0.8,7.9,28.8,8.5,3.4,16.7,1.5,0.6,12.2,44.9,104475,42.5,,27.9,18.2,33.6,11.4,78869
45059,5.8,10.3,91.1,86.1,2.6,1.9,12.4,25.2,15.8,5.7,28.5,1.8,0.9,5.7,40.9,68666,40.9,,37.9,17.8,17.6,18.1,57623
45061,5.5,14.0,86.7,84.7,3.1,2.0,10.3,28.9,16.5,10.4,29.5,4.3,0.1,11.2,41.4,16166,42.4,,41.4,20.1,11.6,25.0,44760
45063,2.6,5.4,95.7,92.3,2.9,1.1,8.7,26.0,8.2,4.5,22.6,1.6,0.3,10.3,37.9,304887,39.8,,26.8,20.8,34.1,11.1,77408
45065,4.1,10.1,87.7,82.6,1.5,0.3,3.5,33.8,26.0,4.1,12.1,0.3,0.1,12.1,42.1,9760,59.5,,33.9,16.8,24.0,17.6,55798
45067,3.3,10.4,86.5,69.4,3.5,1.4,13.7,28.3,16.0,8.3,37.4,1.4,1.9,12.7,36.5,28664,42.6,,49.1,15.0,14.5,30.0,36301
45069,5.1,15.8,84.3,70.9,4.5,2.2,12.6,26.9,18.9,15.5,37.0,2.1,0.6,7.1,44.6,25975,41.7,,47.8,14.8,9.0,28.5,34301
45071,6.2,7.0,90.8,84.6,2.5,1.8,8.8,27.2,17.4,6.7,26.9,1.9,0.3,6.4,37.9,38435,41.9,,32.6,18.5,23.1,17.4,61780
45073,3.8,8.8,92.7,84.6,3.1,1.3,10.9,23.9,18.0,5.2,23.8,1.0,0.5,9.3,38.9,80469,47.3,,29.6,17.8,28.7,17.6,62388
45075,4.3,11.5,88.0,79.9,4.4,3.0,9.7,30.7,20.3,9.0,33.0,1.5,0.6,7.3,47.1,83253,40.7,,34.4,17.1,19.4,22.4,45675
45077,3.4,8.8,93.6,87.3,2.1,1.2,8.6,26.4,10.7,6.4,29.1,1.2,0.5,6.6,49.3,134629,36.2,,29.9,17.6,28.5,17.2,61064
45079,2.3,5.5,96.7,90.4,4.0,1.3,8.7,23.1,10.5,7.2,39.7,0.9,0.6,9.2,49.4,422117,34.4,,21.6,21.0,40.7,17.2,63784
45081,6.8,9.1,89.3,77.5,1.8,1.9,17.9,28.5,19.6,4.4,21.3,4.3,1.2,8.5,38.7,19131,42.6,,36.6,16.6,20.4,18.7,51009
45083,4.2,7.4,94.3,88.7,2.7,1.6,10.7,25.2,8.7,4.5,27.0,1.7,0.8,9.7,40.0,347852,37.8,,32.6,20.3,25.1,14.5,66234
45085,3.0,7.4,91.8,87.4,3.7,2.0,10.5,23.0,13.7,8.4,31.9,1.4,0.2,13.3,38.6,104725,38.0,,32.5,21.9,23.5,16.6,56693
45087,5.7,12.3,88.5,82.3,4.2,1.4,10.5,27.4,14.2,10.2,28.7,1.3,0.4,8.7,43.8,26885,44.5,,37.9,20.0,15.0,22.6,41621
45089,4.1,10.2,84.7,76.6,2.0,1.3,10.9,31.3,17.5,12.8,23.6,1.0,1.5,10.6,44.0,30282,43.2,,43.0,16.2,17.4,23.3,46213
45091,2.3,5.0,96.6,93.1,2.8,1.2,7.6,27.2,5.7,3.7,25.5,1.0,0.7,10.3,40.3,293673,39.7,,23.0,19.8,39.3,8.4,89095
46003,4.0,4.0,91.4,83.6,0.8,1.1,5.2,21.0,15.6,2.6,27.3,1.0,0.0,9.0,24.9,2642,41.7,,35.2,19.6,21.4,10.6,72885
46005,9.5,3.0,94.0,88.9,1.3,1.3,7.4,13.4,11.1,8.5,27.1,3.7,2.1,6.6,33.6,19309,37.6,,32.0,15.0,27.2,13.6,67681
46007,4.6,9.1,81.1,65.2,5.0,7.5,27.7,12.0,20.1,1.5,38.8,5.2,3.4,0.4,28.4,3345,27.4,,30.0,27.0,18.3,29.9,53750
46009,2.9,6.4,91.4,85.2,1.1,0.5,5.2,19.3,14.9,4.2,19.5,1.0,0.1,18.2,19.8,7044,42.1,,34.9,22.7,19.6,10.6,64435
46011,1.4,1.5,96.8,91.2,2.6,0.7,5.1,14.3,9.1,5.2,42.8,0.8,0.3,7.3,30.9,35353,28.0,,24.4,19.1,42.5,13.2,70064
46013,2.6,3.7,92.1,87.5,2.2,1.3,5.7,13.9,10.0,6.8,32.4,1.0,0.5,10.7,35.1,37877,37.8,,29.5,18.5,33.8,11.7,70898
46015,5.6,3.6,90.4,80.9,0.9,3.0,6.8,15.5,17.4,5.7,23.6,1.3,0.6,5.9,31.5,5283,41.5,,33.5,16.4,28.7,10.7,73720
46017,0.8,11.1,81.9,68.7,5.9,4.3,43.0,13.4,12.1,13.0,47.4,10.4,2.2,12.8,28.5,1808,22.8,,49.9,17.2,9.9,33.9,47045
46019,4.1,6.5,92.3,89.8,1.2,2.2,11.5,24.5,10.0,5.6,23.9,1.2,1.2,11.9,33.7,10676,40.2,,38.8,19.4,19.9,8.6,75652
46021,2.9,4.9,86.2,82.6,2.0,3.1,4.8,15.5,18.0,2.9,23.7,0.5,0.0,9.5,33.3,1593,50.9,,29.7,16.5,36.0,7.7,68929
46023,3.6,5.4,89.3,82.7,3.6,2.8,17.1,14.1,17.3,5.2,27.7,3.9,0.7,10.2,22.9,9281,36.0,,34.5,16.1,25.7,24.0,64038
46025,6.8,2.6,90.7,85.8,2.3,0.9,7.0,20.8,17.0,5.3,22.5,1.5,0.4,5.6,20.3,3917,40.3,,39.4,21.4,19.7,10.9,70726
46027,2.5,5.2,95.9,90.6,4.7,3.5,9.1,19.5,11.4,5.7,49.2,1.9,1.5,9.0,40.2,15219,24.9,,27.2,11.7,45.4,19.7,56850
46029,1.3,4.8,92.6,87.6,1.3,1.8,6.3,14.1,7.4,5.3,30.2,1.3,0.6,7.8,28.4,28767,40.4,,37.5,19.3,21.4,8.8,72727
46031,2.6,11.3,79.4,85.1,13.3,19.0,16.9,21.0,17.0,11.6,40.9,6.6,4.9,3.3,24.8,3806,29.9,,37.7,16.5,19.0,44.2,46406
46033,1.9,3.4,93.6,87.8,1.2,0.9,10.8,29.5,15.9,0.7,14.4,2.9,0.5,5.7,14.8,8892,57.6,,27.1,25.2,31.6,9.0,84112
46035,3.2,5.3,93.3,86.2,0.6,1.6,8.0,14.1,7.1,6.2,38.5,0.4,0.8,7.3,31.4,19952,39.6,,34.3,20.8,22.6,11.2,66208
46037,2.4,4.2,87.3,83.8,1.2,0.5,8.5,22.3,31.1,6.0,25.4,0.5,0.0,7.2,22.6,5437,44.8,,35.1,20.3,22.0,14.8,66033
46039,4.0,2.7,90.3,85.2,1.3,1.4,6.9,25.4,18.6,2.3,17.2,1.9,1.0,4.0,19.5,4328,41.8,,39.6,16.3,25.1,8.8,83112
46041,1.8,11.5,83.6,84.7,8.6,13.6,21.2,18.5,12.4,11.6,38.8,6.4,2.2,4.9,26.3,5205,27.7,,39.5,19.2,18.8,33.0,54104
46043,4.2,5.2,88.5,86.5,0.3,1.6,16.0,19.6,14.9,2.0,23.3,3.3,1.2,2.6,30.4,2828,42.0,,31.5,21.1,24.9,11.0,86442
46045,4.7,3.2,95.7,93.3,0.7,1.2,4.4,20.0,14.1,1.2,18.9,0.0,0.5,3.2,26.8,4048,44.0,,30.4,19.4,28.2,9.9,81630
46047,1.5,7.4,90.7,85.7,1.3,1.4,13.2,19.4,11.3,6.6,27.6,0.3,0.0,0.5,40.5,7258,55.3,,27.8,22.1,29.4,16.6,67917
46049,2.5,6.2,85.4,80.7,3.2,0.9,6.3,16.9,20.6,10.9,20.4,0.3,2.1,4.8,26.2,2126,42.9,,29.2,21.5,22.6,28.3,57750
46051,3.2,5.2,89.4,84.1,1.9,2.1,7.8,13.7,12.4,3.6,24.4,0.2,0.3,6.5,22.2,7563,44.5,,38.1,16.1,25.3,11.6,75028
46053,3.6,3.9,89.7,82.3,1.5,1.1,8.3,15.9,26.5,2.9,23.3,1.2,0.1,7.6,22.1,4016,44.7,,39.9,18.5,22.2,9.5,62917
46055,1.3,2.3,92.7,78.6,0.0,1.3,6.7,19.0,23.2,4.1,20.8,1.0,0.0,21.3,1.9,1722,47.9,,41.6,20.7,21.5,7.7,65625
46057,6.3,1.9,96.8,90.2,0.4,0.9,7.7,22.2,23.3,1.3,18.0,2.1,0.4,1.1,19.5,6373,31.8,,35.6,17.6,24.5,6.9,87101
46059,3.1,1.7,94.5,85.9,0.5,3.6,5.0,13.2,18.3,7.3,34.5,0.0,0.1,7.0,14.8,3140,42.5,,29.1,21.2,28.4,5.2,74635
46061,3.8,3.0,96.5,92.8,1.3,0.4,9.8,21.7,12.3,1.5,10.6,0.2,0.4,4.0,7.1,3472,38.3,,32.2,19.5,22.5,7.0,81071
46063,3.6,2.7,93.4,93.6,0.7,1.6,2.8,18.7,27.6,1.6,23.5,2.0,0.0,0.0,5.1,1148,46.3,,30.5,24.0,30.4,6.3,80441
46065,1.2,2.1,96.8,93.1,0.6,1.8,6.7,14.6,9.3,7.8,28.0,1.0,0.2,9.1,26.6,17664,39.5,,26.6,19.5,39.0,9.2,81395
46067,3.4,3.3,89.6,86.7,1.1,1.3,5.1,17.2,10.1,5.4,22.7,0.4,0.1,10.5,18.2,7404,42.1,,27.4,22.8,28.8,12.2,73977
46069,3.0,6.9,93.6,89.7,2.4,3.0,6.1,15.3,18.5,2.0,16.5,0.0,0.4,27.9,0.0,1191,53.7,,34.7,18.7,20.3,5.7,73472
46071,2.3,6.8,83.4,62.7,3.1,3.3,27.4,11.4,23.6,12.8,32.7,9.0,0.7,4.2,38.8,2802,34.3,,48.1,16.3,12.4,42.4,35417
46073,2.8,3.6,91.1,86.0,1.2,1.5,3.4,15.8,18.5,5.4,15.9,5.2,0.3,5.9,9.9,1772,46.9,,47.5,14.1,21.3,8.3,73750
46075,0.6,6.2,91.8,89.2,1.4,1.2,8.7,15.3,28.6,4.4,23.7,1.5,2.3,0.0,3.8,1004,33.9,,33.9,17.6,27.4,18.3,65119
46077,3.7,3.7,94.5,89.8,0.6,1.4,5.3,20.8,20.7,4.1,17.9,1.8,0.8,11.7,36.2,5244,42.1,,38.8,15.4,23.1,10.6,74000
46079,2.0,4.5,93.4,86.6,1.9,1.9,4.0,14.9,18.6,3.5,26.2,0.4,0.0,10.1,37.4,10972,43.8,,24.4,19.5,34.6,8.4,76808
46081,1.6,3.0,92.3,89.6,1.1,1.8,8.9,19.1,18.8,4.8,34.9,0.9,0.4,4.7,29.2,27233,44.8,,28.3,23.1,32.9,11.6,73384
46083,1.3,2.2,97.3,95.7,1.3,1.6,4.1,19.3,2.9,2.1,28.8,1.3,0.2,11.9,25.1,70638,35.9,,22.8,16.7,44.4,5.6,99166
46085,2.5,8.1,89.1,82.4,2.3,8.2,21.3,15.8,23.5,5.7,30.1,3.7,1.6,3.0,21.4,3724,36.1,,41.0,13.4,24.5,23.7,67143
46087,2.4,3.1,93.3,89.5,1.3,2.0,7.8,25.2,10.2,2.1,20.5,1.4,0.7,5.3,30.6,5751,39.5,,31.2,18.3,29.9,6.8,83852
46089,13.6,3.0,88.0,80.0,0.6,3.0,1.9,18.4,24.1,1.5,18.7,0.0,0.0,6.3,17.9,2145,50.0,,32.7,11.0,26.5,12.9,66906
46091,5.2,2.4,95.0,89.5,0.2,1.9,3.9,16.0,32.2,2.3,19.7,0.1,0.0,15.9,9.0,4344,42.5,,34.8,16.7,25.4,6.1,78156
46093,2.0,3.1,94.8,93.4,2.0,1.4,9.4,19.8,7.0,3.8,27.1,1.2,0.0,16.1,22.1,30546,37.3,,28.4,27.2,27.8,7.1,74790
46095,3.2,13.3,80.3,74.4,7.3,12.0,25.0,16.7,17.7,5.9,39.6,6.4,5.0,12.5,13.7,1943,37.5,,38.1,17.1,19.1,41.7,54076
46097,2.0,3.3,94.5,82.9,0.2,2.7,5.9,25.2,21.0,3.5,15.2,1.3,0.0,1.0,19.2,2300,48.4,,43.6,21.6,16.7,11.2,76140
46099,2.9,4.4,96.7,92.6,1.8,1.8,8.2,17.8,5.1,5.6,36.9,1.5,0.7,8.5,32.7,203289,36.0,,25.2,20.0,35.2,8.8,76880
46101,2.3,2.5,95.4,88.3,1.8,2.1,11.0,19.9,7.2,2.9,26.5,3.6,0.9,5.3,36.4,6397,40.8,,27.9,22.2,30.4,11.6,78427
46102,6.0,19.7,83.8,70.2,5.4,14.2,44.6,13.5,15.8,22.5,48.5,23.0,5.6,4.3,21.4,13491,28.2,,35.1,21.7,11.8,57.6,41417
46103,2.1,3.3,95.2,90.6,2.0,1.7,10.2,19.4,10.3,5.6,30.7,0.9,0.5,14.8,33.9,113512,40.1,,27.0,21.3,34.6,11.2,74517
46105,1.9,3.3,93.6,88.9,3.2,2.8,10.7,14.7,24.9,4.5,21.6,0.1,1.3,4.6,26.2,3001,44.0,,35.3,21.1,24.9,13.7,66908
46107,1.0,2.8,95.1,88.0,1.6,1.8,4.3,14.2,32.0,2.6,18.5,0.6,0.4,2.8,40.3,2388,49.9,,39.4,16.9,27.2,6.2,72045
46109,2.6,5.9,87.9,83.3,3.6,2.3,18.2,16.2,25.2,4.6,28.8,4.1,0.7,9.0,20.8,10221,38.5,,36.6,20.6,18.6,15.7,65130
46111,2.8,8.3,88.8,80.5,0.4,0.6,5.3,21.2,19.0,7.0,21.4,0.4,0.3,11.5,34.6,2384,40.1,,37.4,17.1,21.3,8.5,78750
46115,3.2,3.1,93.2,88.3,0.8,0.8,9.4,17.1,17.4,3.3,27.3,0.2,0.0,2.0,23.3,6219,45.5,,33.6,21.9,28.2,10.1,70139
46117,0.8,4.7,99.1,90.9,0.3,0.6,3.4,18.0,16.3,2.6,16.9,1.9,0.0,3.6,42.8,3015,44.5,,36.8,14.5,28.2,5.1,87712
46119,0.0,3.9,93.6,79.6,0.0,2.8,6.6,19.3,31.8,2.4,27.2,0.0,0.0,6.6,26.4,1526,46.9,,38.2,18.0,24.1,6.3,72578
46121,4.6,11.9,82.2,75.2,9.3,15.8,22.8,16.7,11.6,12.8,53.7,8.4,9.6,4.9,23.3,9244,25.5,,27.0,30.9,16.6,48.4,42075
46123,2.0,9.9,90.0,85.2,1.1,3.7,14.1,13.8,18.2,7.1,31.6,0.0,0.6,6.0,51.3,5611,45.0,,37.1,25.1,17.7,18.4,58987
46125,2.5,4.4,92.6,88.2,1.5,1.3,7.0,25.3,8.8,3.9,21.0,0.5,0.1,3.4,28.1,8882,41.2,,31.3,20.4,27.3,9.3,75771
46127,1.8,2.6,95.0,89.5,2.0,0.9,5.1,17.7,3.7,3.7,26.9,0.4,0.5,13.3,25.3,17081,41.5,,26.2,19.8,37.0,6.2,89636
46129,3.0,5.4,95.0,90.1,2.1,0.3,10.6,16.7,17.6,2.6,23.8,2.8,0.1,15.2,25.7,5271,41.7,,29.6,17.1,29.6,14.9,65026
46135,1.7,4.6,93.9,86.1,0.9,2.7,5.6,15.3,8.7,5.2,27.3,1.3,0.8,6.8,27.1,23414,42.5,,32.6,18.2,31.4,11.9,72821
46137,1.6,8.5,85.6,83.0,14.9,19.5,26.0,21.7,16.9,12.2,42.9,4.9,1.9,6.0,40.2,2377,36.7,,40.3,21.1,15.2,33.5,53958
47001,3.3,5.3,94.7,90.2,2.2,3.0,8.5,24.5,8.7,5.6,28.3,1.1,0.1,9.2,35.4,79153,41.5,,32.6,21.4,27.5,13.4,66183
47003,5.5,9.2,92.3,87.2,2.7,2.6,14.6,28.4,4.8,3.0,28.1,2.5,0.5,8.6,38.6,52237,37.6,,40.4,21.6,17.2,12.6,67225
47005,5.9,5.6,92.8,79.5,2.7,2.2,10.1,26.5,16.9,5.4,24.9,1.1,0.9,9.2,29.9,16006,47.8,,48.9,19.6,12.8,17.8,51746
47007,6.6,13.0,87.6,84.8,0.9,2.5,17.3,35.1,17.8,5.1,17.5,4.0,0.7,4.4,33.6,15032,45.5,,47.0,15.8,12.4,20.7,54720
47009,3.1,5.7,95.6,90.4,2.1,1.3,9.4,25.3,10.2,2.7,23.0,1.6,0.4,8.4,31.7,139333,43.7,,34.4,18.9,28.6,8.4,77365
47011,3.9,7.4,94.5,90.2,4.1,1.6,10.1,23.3,7.3,5.3,32.7,1.9,0.7,9.2,36.2,111065,39.5,,30.6,23.3,24.4,12.7,66552
47013,5.5,11.0,89.7,77.9,2.6,7.6,8.7,30.1,16.4,5.7,30.8,2.0,0.3,8.2,32.5,39761,44.2,,42.6,22.0,12.7,18.5,51557
47015,5.2,8.8,91.9,84.7,1.6,2.4,8.5,35.4,10.5,4.6,21.6,0.9,2.8,6.4,33.6,14818,40.0,,41.4,19.7,16.8,18.3,59443
47017,4.0,6.7,91.7,81.3,2.4,3.1,9.9,26.2,11.9,5.5,25.5,1.3,0.0,5.8,37.6,28641,41.3,,42.1,21.3,18.1,17.0,51787
47019,3.5,6.9,90.2,83.7,3.3,4.9,11.7,24.3,13.1,4.6,24.8,1.3,0.2,8.1,28.4,56712,45.9,,38.5,20.9,20.6,17.1,50135
47021,4.3,5.8,95.6,90.9,2.9,1.5,8.6,33.5,6.7,2.0,18.5,1.3,0.7,9.7,39.7,41829,41.5,,35.0,20.4,26.6,7.7,89852
47023,2.5,9.1,92.3,87.4,2.2,1.2,7.7,28.2,11.7,3.1,24.6,1.2,0.5,8.7,29.6,17611,37.6,,39.2,20.8,22.0,16.1,59341
47025,6.4,9.8,89.5,78.9,2.4,4.0,9.1,27.4,11.5,4.0,27.8,0.9,0.7,7.0,35.5,32466,42.5,,38.5,17.5,18.2,17.4,49379
47027,6.0,9.2,90.0,79.4,4.6,2.5,8.2,27.6,13.0,6.7,25.6,2.4,0.0,6.1,27.0,7670,48.5,,48.3,19.0,11.5,24.2,39972
47029,6.7,8.4,89.0,79.1,2.3,1.8,12.7,32.8,13.6,4.4,25.5,2.6,1.1,13.1,34.5,36813,45.3,,46.8,20.9,11.0,21.9,48016
47031,2.8,8.8,94.1,84.3,2.1,2.2,10.4,25.5,9.3,4.2,31.0,1.3,0.2,6.9,32.1,59710,39.0,,39.3,19.9,21.4,17.4,61505
47033,3.9,7.9,88.8,86.5,1.8,2.3,10.2,24.0,10.2,7.2,28.4,1.7,0.1,3.7,38.2,13944,39.7,,42.7,22.2,16.6,14.5,62165
47035,3.1,5.8,94.7,86.7,2.3,1.8,8.4,22.9,10.4,4.9,19.8,1.3,0.6,8.0,26.7,63553,53.5,,41.6,22.0,19.1,14.4,60375
47037,3.6,5.5,96.6,92.6,3.2,2.1,12.5,24.7,9.0,6.5,47.2,1.9,1.3,10.5,43.2,715388,34.6,,20.0,16.6,48.4,13.9,77853
47039,4.9,11.0,87.0,80.5,3.6,3.8,10.3,26.8,30.7,5.7,25.7,2.2,0.4,3.7,22.8,11579,45.8,,45.8,16.3,14.0,22.1,45375
47041,4.9,10.6,89.1,83.2,3.1,3.4,8.7,29.3,14.8,7.0,27.4,2.3,1.4,13.5,47.2,20959,41.9,,39.1,18.4,20.8,18.6,53153
47043,4.3,6.4,94.3,86.4,2.1,2.6,8.0,32.7,8.0,2.9,19.7,1.4,0.8,7.7,25.0,55983,39.1,,37.6,21.8,22.0,10.9,75003
47045,3.3,7.4,94.3,90.2,2.7,1.8,9.4,19.8,9.5,6.7,38.1,1.3,0.4,6.8,35.1,36508,40.2,,41.4,19.5,21.1,16.3,58154
47047,2.7,5.6,96.0,90.7,2.8,0.9,7.4,34.1,6.9,5.3,18.6,1.4,0.5,13.7,31.8,43267,47.4,,32.6,23.7,27.3,10.3,88456
47049,9.0,8.7,89.5,87.6,2.2,3.4,10.9,27.5,15.4,5.2,17.4,1.2,2.2,7.4,36.6,19309,46.9,,41.2,19.9,14.6,21.0,51149
47051,3.3,5.0,92.6,83.5,1.6,1.1,7.8,25.1,13.3,4.1,22.6,1.2,0.3,9.6,30.7,43990,42.2,,39.5,19.8,23.9,12.0,63494
47053,3.1,7.8,94.5,90.3,2.9,2.6,9.3,26.1,10.0,6.6,31.2,1.6,0.3,8.6,35.0,50869,39.6,,40.1,21.6,20.5,13.7,62755
47055,3.3,8.8,90.9,82.6,2.5,3.5,7.4,29.8,15.2,5.2,26.7,1.1,0.5,6.6,30.4,30620,43.5,,41.2,18.8,20.1,12.8,62307
47057,4.7,9.4,88.2,79.5,2.4,1.4,8.5,32.3,18.4,5.0,22.9,1.7,0.4,7.9,36.3,24266,47.4,,45.2,17.1,15.9,17.1,50538
47059,4.0,7.9,89.9,80.0,3.0,2.7,9.2,26.0,13.1,5.3,22.9,2.0,0.2,6.8,35.3,71628,44.7,,43.1,18.6,18.7,15.4,56194
47061,6.8,10.5,91.6,87.3,4.5,3.2,13.3,35.1,17.3,4.5,16.3,1.1,0.9,10.5,28.6,13819,42.7,,43.8,18.4,14.3,18.9,47593
47063,4.5,7.1,92.3,87.8,3.1,1.9,12.8,23.9,6.9,4.9,30.2,2.3,0.2,7.5,37.2,65669,40.1,,39.3,20.7,20.0,18.4,55454
47065,3.6,4.9,95.7,91.5,2.8,1.5,9.7,22.1,8.2,5.8,36.1,1.2,0.4,7.2,38.1,376192,39.5,,23.4,21.9,37.5,13.1,76183
47067,8.7,13.7,77.8,71.1,2.9,8.8,11.3,30.8,23.0,11.8,25.4,1.3,2.2,11.6,46.4,6852,43.1,,38.8,21.8,10.8,32.2,34960
47069,3.5,13.6,88.7,81.7,4.7,2.5,7.5,32.6,15.3,7.6,28.3,1.2,0.1,11.4,43.2,25433,40.1,,43.8,20.2,12.2,19.0,46069
47071,6.4,10.4,89.6,86.9,2.4,2.2,14.2,25.9,27.4,5.4,22.0,0.8,0.2,11.7,31.9,27249,45.1,,43.4,19.8,15.1,21.5,49956
47073,4.4,8.1,91.1,86.2,3.7,1.3,9.6,27.7,14.1,4.3,19.9,0.9,0.9,4.3,33.6,57964,46.0,,43.7,20.3,16.2,15.2,56936
47075,5.8,11.0,91.9,81.8,3.3,3.3,11.3,26.7,13.2,11.3,39.3,0.9,0.6,11.0,43.2,17475,43.2,,44.5,18.3,14.5,21.5,50472
47077,2.7,8.7,88.3,82.8,3.2,3.0,11.9,26.9,15.8,4.5,26.8,3.5,0.5,9.5,31.8,27980,40.4,,48.5,17.5,16.1,16.9,55136
47079,3.6,7.2,93.5,84.8,2.5,1.5,11.3,21.6,21.3,5.6,26.5,1.1,0.2,5.8,31.1,32412,45.8,,45.2,19.4,19.1,18.3,50613
47081,4.0,9.4,91.1,80.0,1.4,1.6,8.4,36.7,11.9,2.8,20.8,1.5,0.6,7.2,31.3,25436,42.3,,43.2,19.9,13.9,10.6,68247
47083,2.9,8.0,92.2,83.7,2.1,2.3,11.6,37.6,15.2,2.7,19.0,2.8,0.3,9.1,13.9,8353,43.0,,45.9,19.1,13.6,11.1,59576
47085,3.5,9.1,90.5,83.3,3.8,2.6,11.6,34.7,18.6,3.8,21.7,1.0,0.5,11.6,33.3,19214,43.3,,40.9,20.1,15.7,14.8,60616
47087,6.4,9.2,88.9,84.0,4.1,3.1,8.4,33.4,18.1,6.1,18.9,1.4,0.6,2.6,39.4,12029,46.9,,46.6,16.5,15.0,20.3,47951
47089,3.3,7.7,93.7,86.8,2.8,1.1,9.0,28.9,14.9,2.8,24.2,1.9,0.4,10.1,30.5,56864,44.3,,37.0,21.3,20.8,11.4,66114
47091,7.0,10.9,87.8,81.4,1.4,4.5,13.4,25.6,16.7,4.3,22.5,3.6,1.2,10.2,26.7,18196,46.7,,38.7,19.0,17.5,21.4,53129
47093,2.7,4.9,95.5,89.5,2.3,2.0,8.3,22.2,8.0,5.3,34.8,0.9,0.5,9.1,41.0,494148,37.4,,24.2,18.4,41.0,12.2,74222
47095,9.4,17.6,85.8,78.1,1.5,3.7,15.3,21.2,17.1,18.3,52.2,0.9,4.7,2.1,41.2,6579,42.8,,47.8,12.4,9.4,32.2,28814
47097,4.7,11.7,91.3,86.0,2.6,3.1,10.2,26.5,12.9,9.1,35.6,2.1,1.6,9.6,40.2,24784,39.2,,49.0,16.1,12.0,21.0,49879
47099,6.4,7.2,90.1,83.6,2.9,2.8,14.3,25.6,9.3,7.6,22.4,1.4,0.7,7.0,40.4,45385,39.3,,42.8,21.3,15.2,15.0,54706
47101,5.3,7.9,91.0,81.2,2.1,4.0,14.3,33.6,7.2,2.5,18.1,1.2,0.3,14.3,24.6,12992,41.9,,43.6,22.3,10.3,16.7,56285
47103,3.5,8.8,91.5,80.7,2.8,2.5,9.7,30.8,8.9,3.9,24.2,1.7,0.1,4.7,36.4,35946,42.9,,43.4,16.4,20.6,12.9,64667
47105,5.2,5.2,94.3,91.2,1.5,1.3,8.8,24.3,7.6,3.8,19.7,2.2,0.3,6.2,37.2,58580,48.8,,31.1,20.0,29.4,12.6,84185
47107,4.9,7.9,92.9,87.8,2.7,1.6,9.1,24.6,12.1,4.2,24.2,2.3,0.9,8.4,36.4,54884,42.4,,40.7,19.3,18.6,13.0,61470
47109,3.6,8.0,90.3,84.4,3.1,2.2,10.1,26.8,19.4,4.6,20.3,1.6,0.3,5.3,21.3,25970,42.9,,47.7,19.6,13.0,16.5,53473
47111,6.1,11.1,89.4,84.9,2.1,3.0,9.8,34.8,14.3,4.9,26.4,2.5,0.9,14.7,27.1,26240,39.2,,48.9,15.3,12.5,17.2,59177
47113,2.5,6.9,93.2,89.0,4.3,1.2,10.1,20.3,8.9,8.9,38.0,1.0,0.9,9.1,45.1,99295,38.3,,35.0,21.9,26.6,18.2,60042
47115,6.0,10.8,90.7,85.3,3.8,1.0,8.3,33.9,15.6,4.2,21.5,1.4,0.6,5.2,36.2,29250,43.8,,37.5,20.5,17.1,16.3,61824
47117,3.9,5.3,93.0,87.6,2.4,1.9,10.4,29.9,7.6,3.2,23.2,1.3,1.3,7.8,32.1,36049,39.5,,39.2,19.6,23.1,11.8,71049
47119,2.8,3.9,96.8,91.2,1.5,2.1,8.5,29.0,8.3,2.8,29.1,1.0,0.3,7.4,38.7,107791,39.1,,33.9,21.6,28.0,9.8,76130
47121,5.5,9.2,89.0,81.9,2.8,1.6,10.6,34.4,16.6,2.8,19.0,2.8,0.3,5.5,30.9,13343,45.4,,45.3,20.3,13.5,14.3,61375
47123,6.6,7.8,88.4,85.1,2.2,1.3,11.7,28.3,9.4,5.5,27.8,1.7,1.3,11.7,40.3,47695,45.2,,38.8,20.6,17.1,15.5,56895
47125,2.0,3.6,98.1,93.6,3.1,2.4,9.1,27.8,6.1,3.8,38.1,1.9,0.9,10.4,35.8,234153,31.9,,27.1,24.6,31.1,11.3,75613
47127,3.5,5.5,88.8,77.4,2.6,2.8,7.0,25.1,9.2,5.1,17.5,0.0,0.2,3.9,20.7,6674,46.2,,36.9,20.6,24.1,8.0,66469
47129,4.4,10.1,90.3,86.9,2.4,1.6,10.5,35.5,16.1,5.1,15.1,1.3,1.1,14.0,30.3,21361,42.3,,42.5,21.3,13.6,15.1,65954
47131,5.6,9.1,89.2,83.7,2.3,1.2,8.5,20.2,12.6,5.9,31.9,1.6,0.3,5.1,34.0,30453,41.8,,44.0,17.8,18.3,18.6,54613
47133,8.7,8.5,88.6,80.4,1.8,1.0,7.9,26.3,12.8,3.4,23.1,0.9,1.1,7.8,37.7,23065,43.7,,43.3,18.9,15.0,16.3,48959
47135,4.9,6.6,85.3,81.6,3.2,2.6,13.4,32.8,25.8,4.2,26.2,2.1,0.0,6.4,34.3,8697,43.3,,45.6,20.5,14.2,18.1,55972
47137,3.3,11.2,83.5,78.5,3.2,1.3,6.3,31.2,35.5,5.4,16.6,0.5,0.0,3.3,19.6,5079,51.6,,38.3,20.9,18.9,23.9,49030
47139,5.2,8.2,87.8,84.0,2.8,1.1,14.9,31.4,18.1,4.6,16.4,2.2,0.1,7.6,41.6,17898,46.9,,36.9,21.1,16.6,13.9,62522
47141,4.8,6.2,94.2,87.9,2.3,2.2,10.6,21.1,8.0,3.8,38.8,1.5,0.6,8.0,41.1,82558,36.0,,32.5,20.7,29.8,18.4,58912
47143,5.1,11.6,92.4,88.7,3.1,1.7,12.9,29.5,12.8,7.0,28.5,1.5,0.1,4.9,36.6,33992,42.0,,40.2,17.9,18.6,15.9,55033
47145,3.4,7.0,93.1,89.2,2.7,3.0,7.4,28.4,11.3,5.9,21.9,1.4,0.1,6.6,34.2,55208,47.3,,38.0,20.4,22.1,12.0,71885
47147,3.4,6.3,94.3,87.4,2.2,1.9,10.2,30.7,5.3,3.3,22.4,1.5,0.9,7.5,40.4,75539,38.7,,39.6,19.5,22.4,10.4,83047
47149,3.1,4.4,97.3,93.8,2.6,1.7,10.0,28.1,6.8,2.7,35.2,2.2,0.6,12.3,39.7,360646,34.2,,28.0,21.0,35.8,9.3,85470
47151,5.1,13.7,88.2,79.7,4.0,10.8,13.2,30.1,11.3,5.3,28.4,1.3,0.3,1.5,46.0,22113,40.7,,44.9,17.3,12.9,23.1,44711
47153,5.2,11.6,93.4,84.4,3.2,3.4,11.9,31.7,11.4,4.4,22.0,0.4,0.6,1.3,54.7,16809,44.9,,37.2,19.2,20.6,21.9,58750
47155,4.3,7.2,94.1,86.5,2.1,3.0,13.3,26.6,31.6,4.1,29.3,2.9,0.3,7.1,33.4,99652,43.5,,34.6,22.5,21.8,13.5,62581
47157,3.9,6.3,94.9,89.6,4.6,1.7,12.0,22.3,10.3,8.2,45.9,1.7,0.7,8.6,45.6,919173,35.9,,27.3,21.4,34.3,17.8,63767
47159,3.2,8.9,93.4,87.6,1.6,2.2,8.3,32.2,9.4,3.9,23.1,1.9,2.0,8.0,28.9,20389,40.6,,41.9,20.9,18.5,10.0,66293
47161,4.1,6.5,91.5,88.0,1.4,3.3,11.8,36.3,20.8,4.8,18.9,0.9,1.1,5.6,26.6,14027,44.3,,43.9,17.8,17.6,16.4,63114
47163,3.3,6.7,92.3,88.1,3.0,2.0,8.9,21.9,9.7,4.8,27.9,1.0,0.3,8.8,35.0,160624,45.0,,32.5,20.5,26.8,15.4,58807
47165,2.7,5.0,97.1,92.8,2.4,1.5,7.5,29.0,5.6,3.3,28.0,1.4,0.5,9.7,39.1,204424,39.8,,28.1,20.9,33.6,8.8,90301
47167,3.4,6.8,95.6,88.4,3.3,1.8,8.2,32.9,7.2,5.2,23.7,1.5,0.2,7.2,30.4,61553,39.0,,37.5,21.9,20.7,13.6,74127
47169,4.2,9.8,91.3,89.7,0.3,1.5,5.5,33.9,6.9,4.2,25.5,0.4,0.0,6.6,37.3,11957,35.0,,50.3,17.1,14.3,11.9,72747
47171,4.6,8.6,87.6,84.2,2.3,5.3,8.2,25.9,10.9,4.0,27.1,0.3,0.5,6.7,42.7,17756,46.9,,36.5,21.5,21.3,14.3,52218
47173,5.5,8.5,91.5,81.3,1.5,1.6,8.1,34.6,19.3,2.9,19.8,2.2,0.4,9.6,43.1,20431,42.7,,46.3,17.4,14.2,13.8,62727
47175,6.0,7.7,88.7,85.6,1.2,1.8,15.1,29.6,12.1,8.1,13.6,4.8,0.0,9.0,23.4,6437,47.2,,43.3,21.2,13.7,16.1,54931
47177,5.2,8.6,92.5,86.5,3.4,1.7,12.0,26.9,12.6,4.5,27.6,2.6,1.7,11.0,33.9,42166,39.8,,49.5,16.7,14.1,15.7,55487
47179,2.9,5.9,95.0,89.0,2.8,1.8,10.4,21.6,8.6,5.2,35.5,1.1,0.5,10.9,37.7,136261,40.2,,28.8,20.5,34.3,15.5,62809
47181,6.2,9.9,89.3,84.2,1.6,4.2,11.4,31.3,17.0,8.2,19.8,0.4,0.8,2.8,43.8,16168,44.4,,46.6,17.5,13.8,20.0,52294
47183,4.3,8.4,91.9,85.3,2.2,1.6,9.2,20.9,11.1,5.5,33.7,1.3,0.2,4.8,37.8,33016,37.3,,43.9,15.6,22.7,19.0,51880
47185,4.2,11.4,92.5,86.1,3.0,1.9,12.3,23.7,9.0,3.8,23.1,1.8,1.0,4.1,29.6,28160,43.5,,39.6,22.3,15.1,13.2,52188
47187,2.0,1.7,98.5,96.0,1.6,0.6,4.4,27.9,4.9,2.1,21.2,0.7,0.3,10.3,38.5,260351,40.4,,13.2,13.8,62.7,4.6,135594
47189,2.4,4.2,97.0,93.6,2.1,1.1,7.1,30.1,6.2,2.2,23.0,0.9,0.5,11.6,36.9,158805,39.8,,28.1,19.0,37.8,8.0,95839
48001,4.6,9.8,95.6,87.9,2.7,6.0,18.5,24.1,14.9,5.8,27.7,3.5,1.4,3.7,51.6,58439,39.7,,38.5,23.2,15.4,17.4,62068
48003,10.8,12.5,94.3,89.3,2.2,1.7,22.4,24.0,4.3,4.5,21.5,3.5,0.5,3.5,34.2,18610,33.0,,33.4,18.9,17.7,15.6,72242
48005,6.2,8.4,93.8,90.7,3.7,2.2,17.7,20.9,12.8,6.3,36.0,2.8,1.2,12.1,39.1,87275,37.8,,35.1,22.7,17.9,15.8,60960
48007,2.8,4.6,94.3,89.8,2.1,1.0,12.8,23.0,22.0,6.4,23.2,0.6,2.6,6.3,41.2,24876,49.9,,31.7,24.6,28.8,14.2,69466
48009,1.7,6.3,94.6,88.5,1.8,2.6,13.9,23.6,12.6,1.4,15.5,0.7,0.5,3.6,24.1,8867,42.8,,34.5,21.8,25.4,9.2,72159
48011,2.0,3.5,93.9,93.0,0.7,1.6,4.2,24.9,13.4,0.5,19.8,0.0,0.0,3.8,6.9,1822,43.6,,36.3,17.7,27.2,5.2,72750
48013,7.8,10.9,93.8,81.9,2.3,3.7,19.5,29.2,12.6,5.1,22.6,4.3,1.0,5.7,40.2,51008,36.1,,38.1,20.6,15.7,15.8,70770
48015,6.9,6.9,96.0,77.9,2.6,0.9,16.7,28.5,15.3,2.8,23.5,4.5,0.4,6.8,42.3,31170,41.1,,30.8,22.7,25.1,12.0,75789
48017,14.4,11.2,86.5,84.1,0.0,0.6,28.6,18.9,19.4,10.2,20.1,3.6,0.7,16.7,26.9,6913,33.3,,30.2,24.9,15.2,12.0,61420
48019,1.4,5.8,95.0,90.0,4.8,0.7,13.3,41.0,20.1,2.2,14.1,1.8,2.5,16.5,24.8,22021,53.5,,30.3,23.1,27.2,13.5,75813
48021,9.8,8.6,94.7,90.5,2.6,1.7,21.8,35.4,7.1,3.4,23.5,3.8,1.5,7.2,32.2,106582,37.0,,28.5,21.3,25.0,10.2,86226
48023,7.6,6.2,89.8,83.7,2.4,3.4,20.6,15.9,30.1,7.0,33.8,1.2,3.9,10.1,32.9,3485,48.1,,33.7,19.5,25.3,21.8,45370
48025,7.3,11.1,91.6,81.8,2.4,1.0,18.8,21.5,17.3,5.9,29.2,2.1,0.9,6.3,49.2,31083,35.7,,39.0,19.5,14.0,17.6,57673
48027,3.9,5.3,96.0,90.9,4.0,1.8,14.0,23.9,8.2,5.3,43.5,3.0,1.1,10.2,41.1,386897,32.3,,26.4,27.1,27.2,14.5,68865
48029,6.3,7.1,96.7,91.9,3.7,2.6,16.0,25.7,8.5,6.4,41.2,3.1,1.6,9.2,44.2,2067341,34.8,,24.8,21.3,31.8,14.6,72341
48031,3.8,3.7,96.2,89.2,3.4,3.7,14.7,29.3,15.7,2.2,23.8,1.0,0.2,6.7,36.6,12446,51.5,,24.3,24.1,35.4,8.4,92425
48033,3.5,2.1,96.3,85.6,0.2,0.0,2.7,13.6,34.0,1.2,33.7,3.7,3.3,0.0,0.0,713,32.2,,32.7,17.4,36.9,7.4,65625
48035,5.0,7.4,92.1,82.1,1.9,1.2,17.6,28.8,19.8,2.3,24.2,1.7,0.7,4.9,33.5,18687,46.2,,31.6,26.2,20.4,9.3,68914
48037,2.7,6.2,89.9,82.5,2.4,2.3,13.4,18.8,12.2,6.9,36.6,2.2,0.9,12.5,38.5,92115,38.5,,36.5,23.0,23.6,16.2,59803
48039,5.2,5.6,97.1,94.0,3.0,2.1,12.7,30.6,10.9,3.1,25.9,2.2,0.9,10.4,38.6,391255,36.7,,24.3,22.4,33.1,7.4,97993
48041,5.5,5.7,97.7,86.4,2.9,1.5,12.2,18.6,9.7,6.0,53.2,1.8,1.4,8.7,52.8,242311,26.8,,21.2,17.6,43.0,24.3,58553
48043,4.6,6.2,92.1,83.7,1.8,3.2,15.4,14.3,16.3,5.7,37.5,2.3,0.4,3.4,34.2,9503,40.9,,14.3,23.5,45.5,8.9,56212
48045,11.3,5.9,89.0,73.1,0.6,1.4,19.8,24.3,34.9,1.4,17.2,0.5,0.0,5.1,30.5,1301,49.2,,27.9,20.3,23.1,16.8,45417
48047,11.3,9.1,81.8,78.9,11.5,2.2,21.4,17.5,23.4,24.8,47.2,12.8,0.3,5.0,22.4,6943,38.5,,45.1,14.1,17.0,19.4,47764
48049,4.3,7.4,92.5,87.3,3.0,1.6,15.5,18.9,22.2,6.5,31.7,2.1,1.0,7.6,49.0,38347,41.8,,34.5,25.8,20.2,15.3,57470
48051,4.9,8.9,92.1,83.2,2.9,3.9,12.6,29.6,17.5,4.0,18.3,2.8,0.9,3.9,32.6,18857,44.1,,35.5,20.6,23.5,12.7,70000
48053,6.2,4.7,96.7,92.1,1.5,1.0,18.9,29.4,17.9,3.7,23.7,2.8,0.5,15.2,29.2,52652,44.1,,29.5,23.6,28.5,8.0,78732
48055,6.9,11.1,94.7,90.3,2.0,2.1,21.4,34.3,5.3,3.6,24.7,4.0,1.4,7.1,39.0,48669,38.4,,37.2,21.0,19.3,13.2,69758
48057,6.7,8.0,94.8,86.0,4.9,2.7,6.8,19.4,20.0,5.1,22.7,0.6,0.5,18.5,37.7,19868,41.4,,31.1,22.1,20.1,7.7,79959
48059,2.5,5.3,96.7,90.2,2.8,1.6,15.5,26.5,19.9,2.7,19.1,1.1,0.5,20.1,29.1,14241,44.1,,35.5,25.0,24.0,9.6,72436
48061,15.7,11.7,91.2,84.4,3.4,2.4,25.8,21.3,13.3,6.6,34.8,6.5,3.4,9.9,40.0,426120,32.7,,25.8,17.0,22.1,24.8,52601
48063,7.0,8.0,93.4,87.3,3.3,0.7,19.5,22.8,17.3,6.7,22.5,2.0,2.3,16.4,35.2,12798,38.2,,33.3,21.5,22.2,19.9,58843
48065,2.2,4.0,91.5,83.9,0.8,0.4,11.7,24.5,18.4,4.1,20.8,1.7,0.1,12.3,19.6,5801,41.0,,30.6,27.8,26.4,7.4,85231
48067,3.1,9.0,90.5,79.9,3.3,1.2,13.5,25.7,15.6,6.0,23.4,3.0,0.4,14.9,39.8,28568,44.4,,40.2,20.7,18.9,17.5,53813
48069,18.9,6.9,90.7,84.9,2.4,1.3,22.2,15.2,20.2,1.7,36.4,3.3,0.4,17.8,23.9,7344,34.5,,31.7,17.9,18.6,19.2,56776
48071,5.5,5.9,97.7,90.5,4.8,1.4,15.9,32.6,9.0,3.4,18.4,2.1,1.2,10.8,30.1,51498,35.1,,28.1,26.9,21.9,11.9,109804
48073,7.7,10.3,91.9,83.6,2.8,2.3,19.9,26.9,13.6,6.5,26.0,3.4,1.6,6.9,33.8,51886,38.2,,35.1,20.9,18.9,18.2,61261
48075,7.7,12.9,94.7,83.7,0.3,0.5,14.2,25.4,33.7,4.7,29.0,2.3,0.0,3.8,47.7,6743,35.9,,36.9,25.3,11.8,15.3,58654
48077,1.2,4.3,93.8,88.1,1.2,0.5,17.6,28.8,16.9,2.4,16.0,0.7,0.7,2.9,37.1,10495,47.5,,39.9,26.5,22.4,8.4,80114
48079,19.7,14.2,90.0,79.7,2.8,2.1,27.2,24.0,27.3,5.4,35.4,4.1,2.0,11.1,19.8,2550,37.1,,32.0,18.5,8.2,27.8,45313
48081,4.0,7.8,92.8,87.8,2.9,2.1,11.2,25.2,25.7,3.6,28.9,3.5,1.1,13.3,34.6,3353,47.4,,34.5,24.2,23.0,22.9,43333
48083,9.6,3.5,90.2,87.3,4.1,3.5,21.3,35.4,31.8,8.4,22.8,0.6,0.2,6.8,27.9,7833,48.7,,31.9,32.5,16.8,19.6,49159
48085,2.8,2.6,98.9,96.5,2.9,1.4,9.5,28.2,4.7,3.2,35.5,1.9,1.2,10.1,37.4,1163337,37.3,,14.1,17.0,56.2,6.2,121600
48087,9.6,15.6,93.1,85.9,0.7,0.7,22.1,14.4,34.4,1.9,26.2,9.4,0.0,0.0,10.3,2588,40.4,,22.0,18.7,25.6,21.8,61280
48089,5.4,5.0,89.5,81.9,1.6,1.4,12.6,25.7,21.4,4.7,20.5,4.0,0.6,12.1,17.5,21006,43.3,,40.0,20.7,22.9,10.7,66377
48091,2.1,3.2,98.2,95.0,2.5,1.4,10.5,30.9,8.5,2.2,23.4,1.2,0.8,14.2,38.5,183826,41.8,,21.6,22.4,43.3,6.5,101889
48093,7.9,7.2,91.9,86.7,3.7,1.7,20.7,20.1,22.8,5.2,19.6,2.4,0.1,9.4,30.2,13950,44.2,,32.7,22.7,21.4,16.2,59635
48095,9.1,8.0,92.4,82.8,0.7,0.2,17.4,21.4,42.4,4.5,19.5,0.0,0.2,3.9,39.5,3328,43.0,,38.1,26.5,14.1,11.4,65795
48097,4.6,6.9,93.9,86.0,2.8,1.7,16.1,25.7,7.9,3.9,28.2,2.9,0.7,5.4,37.7,43046,40.5,,30.3,26.1,23.7,13.5,73932
48099,3.4,5.5,96.3,90.6,2.8,1.9,10.6,24.4,8.6,5.6,41.4,1.7,0.9,9.1,32.0,84748,32.8,,30.7,30.8,19.3,11.2,71301
48101,12.4,7.2,92.9,72.8,7.3,0.3,11.2,17.8,38.0,2.8,16.8,1.4,0.0,0.0,15.8,1368,46.4,,34.5,22.1,21.1,17.1,59063
48103,17.9,9.9,96.8,83.1,2.5,3.0,18.6,24.7,11.3,11.8,16.2,3.6,1.3,6.5,0.0,4610,35.0,,39.8,16.4,12.6,10.9,62212
48105,24.9,13.2,95.5,87.3,1.8,3.4,2.3,20.3,29.1,0.0,26.3,0.0,0.0,0.0,0.0,2822,42.6,,21.1,27.6,10.7,9.3,81022
48107,7.7,11.5,94.3,87.8,5.0,2.0,20.2,27.0,27.5,3.9,31.2,2.2,0.9,8.8,37.0,5041,38.5,,39.7,19.6,15.4,20.1,52188
48109,15.4,10.4,83.5,74.1,0.6,0.0,19.2,15.3,20.9,5.2,29.8,0.0,0.0,0.0,8.3,2195,44.8,,41.0,9.0,15.8,19.5,58777
48111,16.9,5.2,93.2,84.5,1.7,1.4,24.4,15.1,15.3,2.2,36.0,0.6,0.9,22.1,26.6,7298,29.9,,46.5,14.8,11.9,11.5,71500
48113,10.1,7.9,96.8,92.2,3.4,2.2,21.5,26.8,7.7,6.8,49.2,4.1,2.0,9.4,42.7,2621179,34.1,,22.3,17.6,35.7,13.9,76547
48115,13.8,14.1,92.1,83.7,3.3,1.0,22.5,24.4,17.5,5.0,29.4,1.8,0.8,7.4,42.1,12134,34.8,,35.0,17.1,12.7,19.6,54360
48117,17.1,12.7,94.9,79.9,2.3,3.5,21.0,16.6,13.4,4.6,33.2,4.7,2.4,10.1,25.1,18460,31.3,,41.1,13.2,11.4,17.7,60799
48119,4.9,5.7,92.0,84.2,2.5,4.5,9.5,27.7,11.3,3.6,17.2,0.3,4.2,14.2,26.9,5438,40.3,,39.4,26.7,14.9,11.4,66575
48121,3.2,3.3,98.7,95.7,2.9,1.6,10.6,28.1,4.3,3.5,34.5,1.8,1.1,9.9,41.3,979561,37.0,,16.6,19.5,49.4,7.1,111498
48123,6.0,8.5,91.4,78.8,1.9,0.7,17.0,24.4,25.1,6.7,26.1,2.3,0.9,4.0,37.0,20016,42.0,,40.3,20.4,16.9,17.6,63730
48125,6.2,9.0,93.7,86.2,5.1,0.7,12.0,24.4,36.8,6.6,20.5,1.1,0.4,17.6,45.9,1747,47.6,,33.2,24.9,18.0,18.0,49335
48127,14.3,12.4,85.1,73.9,3.9,1.6,14.5,24.8,25.5,16.5,33.5,1.4,3.6,12.6,31.4,8380,35.7,,37.5,21.6,9.8,41.1,38808
48129,2.8,10.6,89.7,75.2,0.9,0.0,17.9,19.4,39.5,3.2,25.2,0.3,0.7,0.0,22.0,3257,40.7,,34.2,26.0,16.6,7.9,58750
48131,11.0,12.5,79.4,68.9,5.2,6.9,22.2,29.8,30.9,10.8,29.6,1.4,0.5,3.9,29.2,9742,33.6,,41.8,21.9,6.8,33.3,49038
48133,6.2,9.0,91.3,87.6,2.7,2.3,15.3,25.6,22.9,5.0,28.4,1.9,0.8,8.7,35.2,18011,43.1,,34.2,22.4,21.8,16.2,53549
48135,9.9,11.8,95.9,87.6,3.9,1.9,22.1,25.0,6.3,6.1,35.3,4.5,2.7,9.1,43.2,164654,31.4,,30.9,21.8,17.6,16.5,71536
48137,18.6,2.5,73.5,69.3,0.0,2.0,19.2,16.8,50.4,7.9,12.1,0.0,0.0,16.3,6.1,1290,39.0,,27.9,20.7,26.1,31.9,40313
48139,5.6,6.2,96.8,92.5,3.0,1.4,15.0,30.3,4.9,3.7,24.2,2.5,1.1,8.0,42.5,213160,36.3,,26.5,23.0,30.1,6.9,99595
48141,11.3,7.6,94.1,89.8,3.6,2.7,21.6,24.1,7.4,6.4,35.8,3.5,1.9,9.4,44.2,870779,33.6,,25.1,20.8,25.9,18.7,59806
48143,5.6,6.7,96.3,89.8,3.6,1.9,15.2,20.8,10.0,4.8,36.9,2.0,0.7,7.7,48.7,43794,32.0,,27.6,20.3,32.1,16.6,65115
48145,5.7,7.3,89.7,80.4,2.9,0.9,16.9,28.6,14.8,5.8,23.5,4.4,2.0,9.0,28.6,17291,40.6,,33.8,28.1,19.5,14.7,57247
48147,4.2,8.1,92.4,84.9,2.7,1.0,14.3,31.6,13.8,3.4,21.3,3.1,0.6,5.5,36.3,37326,41.0,,35.9,25.3,19.5,13.7,72295
48149,4.2,4.3,92.3,80.6,1.3,2.0,9.9,23.1,21.4,6.1,20.6,3.2,0.7,13.9,30.7,25042,48.2,,37.2,18.4,27.5,8.6,75854
48151,4.6,4.0,94.0,85.4,2.7,2.6,11.7,24.6,22.4,4.3,19.6,1.3,0.0,2.2,24.0,3655,40.5,,37.7,26.4,17.1,13.7,65533
48153,11.4,11.7,92.9,77.8,3.7,1.9,23.3,17.0,24.7,6.7,26.7,2.3,0.0,13.8,19.3,5216,38.3,,30.4,22.1,14.9,17.9,58462
48155,6.6,11.1,83.5,65.7,4.0,0.0,19.1,17.8,29.9,6.4,24.0,0.0,0.0,0.0,22.6,991,49.1,,27.6,24.2,20.6,5.6,61563
48157,4.4,3.6,98.0,95.5,3.4,2.1,11.7,32.7,4.2,3.2,23.0,2.2,1.2,9.8,43.8,893767,37.3,,17.6,16.9,50.2,7.6,114041
48159,2.8,6.8,94.9,90.1,2.6,1.7,15.0,24.0,23.9,1.9,18.0,1.4,0.1,13.0,26.4,10632,43.2,,30.4,23.8,27.8,11.7,72360
48161,4.2,8.5,92.4,82.0,1.5,5.8,12.6,25.5,22.3,2.5,24.6,3.6,0.4,9.3,42.8,20049,41.1,,33.8,26.3,16.5,12.3,59960
48163,11.4,17.2,86.8,76.6,2.9,2.3,15.1,19.1,15.0,10.4,41.1,1.6,0.5,4.4,37.8,18582,32.3,,41.7,14.8,11.9,19.5,66010
48165,32.0,10.4,92.3,84.0,1.5,2.9,36.7,26.2,10.2,5.6,25.4,5.2,3.4,6.7,24.2,22232,29.3,,27.7,13.5,11.7,6.8,74132
48167,4.2,5.9,97.0,93.2,3.6,2.3,13.6,27.9,13.1,5.4,32.4,2.2,0.9,9.6,45.3,358990,38.8,,22.5,22.7,34.8,11.7,86105
48169,11.8,18.2,95.7,85.2,5.0,1.7,18.0,24.0,33.2,7.9,29.5,0.3,0.0,4.4,12.7,5118,35.4,,33.2,23.2,10.2,8.4,46314
48171,5.4,4.5,94.4,89.1,1.5,0.7,13.9,21.9,19.9,5.5,25.1,1.7,2.4,9.9,43.8,27524,50.7,,25.4,19.4,37.2,9.2,76162
48173,8.6,2.9,97.6,87.4,0.5,0.0,25.1,25.7,10.3,7.0,31.5,5.9,0.0,22.2,0.0,1068,39.5,,16.6,33.3,29.2,8.9,101250
48175,7.1,5.0,88.9,79.9,2.7,1.7,13.4,30.4,20.7,7.6,13.2,0.7,2.0,12.2,29.8,7141,44.6,,32.1,21.0,21.4,13.0,59359
48177,12.0,12.7,92.7,86.6,2.6,1.9,18.0,27.2,12.1,7.6,33.8,3.3,0.3,5.9,39.7,19851,39.3,,38.9,17.4,11.9,15.8,58672
48179,8.2,8.1,96.2,87.9,3.2,1.1,17.7,17.8,19.7,4.1,23.6,2.8,1.5,8.5,41.5,21045,36.9,,35.8,23.0,16.2,15.7,59614
48181,4.2,5.9,95.1,89.9,1.9,1.7,15.7,25.8,11.1,3.7,33.2,2.4,1.0,7.4,44.2,143337,39.0,,31.3,23.9,23.9,11.2,72182
48183,5.6,7.5,95.1,88.5,2.2,2.0,16.5,21.3,10.4,4.6,39.7,2.8,0.7,9.5,39.9,125480,35.9,,28.2,26.0,22.9,16.1,66550
48185,8.2,11.3,93.8,83.6,2.6,1.3,18.3,35.9,17.0,4.8,20.1,3.9,1.8,10.3,34.7,31340,40.1,,29.6,22.6,19.7,14.6,69803
48187,4.9,5.2,96.8,93.9,3.0,1.8,11.0,28.8,6.1,3.2,22.2,2.5,1.1,8.6,38.0,183642,37.6,,28.7,20.5,31.4,9.3,92375
48189,13.5,12.3,92.0,81.5,3.1,1.0,21.0,19.8,17.7,6.5,39.5,2.8,1.3,6.1,39.1,32131,34.4,,31.5,19.8,15.3,20.5,51897
48191,4.9,11.6,89.6,81.0,5.0,1.0,15.6,14.1,32.8,4.3,26.4,2.3,0.7,2.8,24.2,2820,44.3,,34.5,18.9,21.4,16.3,48459
48193,3.5,7.6,91.3,84.5,2.9,0.9,13.5,18.0,28.6,4.2,21.3,3.7,1.0,20.1,38.1,8406,43.5,,32.4,22.5,26.8,16.5,58219
48195,13.9,8.3,94.5,90.0,4.2,1.0,21.3,21.7,18.3,5.2,18.8,2.5,1.2,0.7,44.3,5119,35.4,,20.7,14.6,36.4,8.6,69441
48197,4.1,9.3,93.1,80.2,1.5,1.9,15.6,14.9,32.0,2.0,26.1,0.5,0.1,11.9,28.0,3501,44.4,,35.5,25.7,16.8,10.7,63333
48199,2.1,6.5,94.2,86.2,3.2,2.4,15.9,30.0,11.5,3.9,17.7,3.2,0.9,7.2,38.7,57642,39.4,,37.2,23.0,21.0,12.1,75808
48201,10.2,7.2,96.7,92.1,4.5,2.4,20.9,29.0,8.4,7.1,45.3,4.2,2.4,9.3,44.4,4838303,34.6,,22.8,18.5,34.2,16.3,74983
48203,4.1,6.5,94.7,84.5,3.4,2.2,14.1,22.1,11.7,6.8,23.1,3.0,0.6,12.6,35.2,70155,38.8,,31.0,25.4,22.7,15.6,66103
48205,10.7,8.8,98.5,94.3,0.7,2.0,16.5,12.0,10.0,2.7,25.6,0.4,1.8,8.5,21.5,5215,38.7,,33.4,20.1,20.7,9.4,75841
48207,6.2,7.0,94.9,86.8,2.9,5.7,16.2,15.8,31.1,3.3,26.3,1.4,0.0,3.2,37.9,5421,43.1,,36.9,21.6,22.8,16.6,60653
48209,4.4,3.6,97.3,92.9,3.0,2.2,11.6,31.3,4.6,3.9,35.9,2.1,1.5,10.2,49.6,268638,34.1,,20.6,21.0,43.2,12.1,89097
48211,10.0,9.3,97.8,77.8,3.5,0.7,18.4,16.7,16.3,6.3,28.9,1.8,0.0,9.2,38.4,3234,45.1,,31.2,17.9,21.9,6.2,61563
48213,4.5,7.4,94.0,86.0,2.7,2.9,16.7,29.1,19.8,4.6,22.2,3.2,0.9,9.6,44.3,84862,43.8,,33.1,25.0,20.7,14.7,65179
48215,17.5,12.2,93.7,88.0,4.5,2.2,28.2,22.5,12.4,5.6,32.5,7.5,3.4,7.9,40.7,891977,30.5,,26.1,17.7,20.6,26.7,54338
48217,5.4,7.9,93.8,88.0,2.4,0.8,18.6,32.0,16.2,5.2,21.8,2.3,0.7,13.4,39.7,37328,41.0,,33.1,23.4,18.0,14.7,64591
48219,7.8,10.8,92.7,84.5,2.9,2.0,19.1,23.0,14.3,4.2,27.8,2.4,0.6,6.4,34.5,21363,35.9,,28.2,25.1,18.9,13.1,63140
48221,2.4,5.2,97.6,93.4,3.2,1.3,14.2,32.8,12.2,2.6,18.8,2.0,0.7,8.5,37.4,65894,45.9,,27.3,24.8,32.9,7.7,88160
48223,5.2,9.6,95.5,90.8,2.5,1.3,18.7,22.6,11.8,3.6,28.9,2.8,0.7,10.8,33.7,37784,39.5,,34.3,21.8,21.9,11.9,70888
48225,4.9,12.1,90.4,81.7,3.0,0.6,11.5,28.5,26.3,8.8,29.4,1.9,0.7,19.7,30.3,22051,43.7,,38.9,22.8,14.8,15.0,56531
48227,10.1,8.8,93.8,86.4,3.0,2.4,13.6,21.7,13.2,6.3,30.5,3.0,1.9,16.3,34.5,32290,36.7,,32.5,23.9,15.7,13.8,69649
48229,19.9,21.8,94.4,85.7,3.9,0.4,31.4,27.9,25.7,5.2,26.4,3.0,0.0,0.0,10.2,3403,37.6,,28.4,14.0,9.6,17.3,48600
48231,4.9,8.6,96.1,88.6,3.6,3.0,17.0,31.3,10.6,3.7,28.7,3.0,2.1,11.4,38.6,108972,36.8,,32.9,23.0,22.6,11.8,71938
48233,7.1,6.9,92.6,88.5,2.1,0.9,13.1,20.3,31.2,3.9,16.7,0.3,1.2,4.4,36.1,20184,39.3,,30.5,27.9,16.8,13.3,67228
48235,4.7,4.6,95.2,81.1,0.3,5.4,14.8,29.0,23.7,1.2,17.2,6.1,1.4,0.0,12.5,1409,40.5,,25.5,28.4,28.3,10.8,70357
48237,8.0,10.8,95.6,87.8,4.6,1.7,18.0,29.1,21.6,11.6,27.8,4.8,0.8,12.4,32.4,8882,40.0,,36.9,22.5,14.5,13.0,68079
48239,7.3,9.2,92.1,83.5,2.9,2.1,16.8,26.7,14.2,7.0,29.2,2.1,1.7,1.4,37.0,15152,41.7,,35.5,21.6,16.6,14.1,65414
48241,2.3,8.2,95.4,91.4,7.1,1.8,18.8,27.7,17.2,5.2,21.0,3.5,0.8,13.6,38.7,32727,42.8,,44.6,23.6,14.0,20.7,56723
48243,5.4,2.2,92.9,87.3,0.0,0.0,14.5,16.2,36.9,2.5,12.0,0.0,4.9,0.0,48.1,1865,58.0,,15.3,29.8,35.9,23.9,59286
48245,6.9,8.0,95.4,90.3,3.5,1.5,20.6,21.2,13.7,8.1,37.5,2.4,1.3,8.3,44.2,253878,37.0,,32.9,22.3,19.7,19.5,60026
48247,6.1,15.8,97.1,76.3,3.7,6.5,29.0,21.5,31.7,7.5,43.6,11.7,0.0,3.9,37.7,4727,26.1,,38.5,21.6,14.8,31.4,42211
48249,7.8,12.6,81.1,75.5,3.4,4.0,20.9,24.3,18.2,6.9,31.5,4.0,0.7,6.7,56.1,38850,35.7,,36.8,19.6,16.3,24.7,51896
48251,5.1,7.6,96.3,92.0,2.3,1.1,16.3,31.7,7.5,2.6,25.3,2.5,1.9,9.5,42.8,195597,37.1,,32.6,21.9,25.2,10.0,84859
48253,5.7,13.1,91.8,82.4,2.2,1.4,19.3,25.8,16.2,5.3,19.6,2.8,0.8,5.5,36.0,20304,39.3,,39.6,20.5,12.0,14.1,59464
48255,5.8,16.1,88.4,70.6,1.3,0.6,15.8,20.9,20.8,9.8,37.6,2.5,1.2,6.0,35.3,14968,38.1,,38.2,17.6,14.3,19.1,60214
48257,5.7,7.9,97.4,90.7,3.6,2.2,15.0,35.6,5.8,3.1,21.9,4.4,1.7,13.9,44.0,172604,33.8,,29.3,21.3,26.5,9.7,89485
48259,2.3,2.9,98.5,94.1,2.8,1.0,10.8,28.6,7.7,2.7,20.5,2.0,0.6,5.7,49.6,48567,43.2,,18.9,19.5,48.9,5.0,114962
48261,43.1,4.1,69.1,69.1,0.0,5.5,24.8,24.9,56.7,16.4,47.3,0.0,0.0,0.0,100.0,145,54.8,,25.2,14.6,13.0,15.3,38882
48263,4.0,8.3,89.9,89.9,3.8,1.3,3.8,14.0,41.1,4.9,20.8,0.0,0.0,0.0,23.8,734,60.0,,23.1,27.1,26.3,9.9,72889
48265,4.4,5.3,96.0,91.2,1.8,1.7,17.3,21.5,11.8,6.2,29.9,3.0,1.4,11.0,34.1,53489,48.8,,30.2,20.3,31.3,11.4,69395
48267,8.7,11.7,92.9,84.5,0.7,4.2,13.7,23.0,25.4,5.1,21.1,3.7,0.0,6.0,26.4,4389,47.4,,26.9,21.5,27.1,11.7,69455
48269,10.0,1.1,97.3,100.0,0.0,0.0,7.6,12.4,41.3,6.3,40.5,0.0,0.0,0.0,0.0,211,49.4,,28.3,21.1,38.9,23.7,46645
48271,12.0,5.1,92.5,70.2,0.5,0.0,21.7,15.5,22.3,5.1,16.1,0.0,0.0,0.0,21.7,3157,50.3,,27.7,31.5,11.8,8.4,70000
48273,9.1,5.9,95.7,86.4,4.6,3.5,16.2,20.0,15.4,5.9,47.5,3.2,3.0,5.4,42.2,30579,29.0,,34.1,21.2,23.2,28.1,61292
48275,9.2,5.4,89.8,87.2,0.7,1.8,17.7,16.6,30.9,7.5,22.6,3.9,0.3,5.3,13.5,3307,41.2,,38.3,25.5,13.5,15.7,56667
48277,5.1,6.4,92.8,83.5,2.4,2.1,19.3,19.4,12.3,7.1,33.9,2.5,0.6,5.8,39.5,50669,39.7,,33.6,23.6,21.6,19.0,61880
48279,11.8,9.4,88.9,84.7,1.2,0.6,25.1,16.4,20.5,3.2,26.0,4.3,1.7,2.8,37.1,12828,37.1,,36.8,19.4,14.3,15.0,60760
48281,3.1,5.0,96.2,92.3,2.4,2.5,12.9,30.0,15.0,3.3,19.9,1.9,0.7,16.8,22.7,22715,43.8,,29.4,29.0,24.3,9.1,81736
48283,11.3,20.3,94.7,85.1,0.7,0.2,17.5,16.3,27.5,7.0,24.0,11.1,4.4,0.0,42.5,6839,35.5,,34.7,17.3,11.8,21.4,57716
48285,6.1,5.5,87.7,81.8,1.8,0.3,10.5,26.2,19.4,3.0,21.7,3.2,0.5,10.7,31.1,20552,42.9,,37.7,20.5,22.2,11.5,63240
48287,7.1,9.5,92.7,84.7,3.9,2.3,16.1,32.5,12.5,3.2,22.2,2.3,2.5,10.9,43.6,17971,42.6,,33.2,21.0,20.9,11.3,76371
48289,6.3,6.4,94.6,82.4,2.1,2.4,17.2,29.3,25.7,3.0,23.4,1.4,0.8,3.9,30.1,16263,44.6,,39.2,23.5,18.6,16.4,61449
48291,10.1,12.1,95.0,90.1,3.9,1.6,26.2,39.9,13.7,5.1,17.7,4.5,2.7,6.3,47.3,103380,32.9,,37.9,21.2,11.9,18.7,68703
48293,6.6,7.6,90.7,81.4,1.8,6.9,17.7,28.9,19.7,3.5,27.9,2.4,2.2,11.7,34.4,22283,41.9,,34.2,22.5,18.5,17.1,60573
48295,10.0,5.7,95.7,86.7,3.8,0.6,18.1,19.9,28.4,2.1,17.6,4.8,2.2,0.9,21.7,2918,36.3,,31.4,22.6,22.4,11.5,72560
48297,9.5,10.9,87.4,76.8,2.5,1.0,18.3,27.2,27.3,9.4,28.7,1.8,1.8,8.4,28.4,11620,39.7,,27.8,24.7,15.9,17.1,57150
48299,4.5,4.9,96.0,88.5,2.1,1.7,15.8,27.4,31.8,4.2,23.5,2.3,0.7,5.8,47.6,22424,57.4,,26.5,24.7,32.4,12.0,67530
48301,0.0,9.7,92.6,92.6,0.0,0.0,0.0,,18.2,7.4,88.9,0.0,0.0,0.0,0.0,33,86.2,,6.5,19.4,0.0,6.1,51250
48303,4.1,6.7,96.5,89.2,3.2,2.2,13.9,17.1,9.4,5.8,44.5,1.9,0.8,9.0,45.5,318884,31.9,,26.0,21.9,33.4,17.1,64155
48305,6.4,8.3,95.0,89.0,2.3,1.4,12.9,22.2,16.7,3.7,23.0,6.2,1.7,9.7,33.0,5752,37.3,,27.0,23.0,26.8,15.2,73679
48307,4.3,9.3,98.6,91.9,5.2,2.0,19.8,20.8,21.9,4.3,33.4,0.8,0.6,16.3,30.2,7514,44.5,,32.4,23.9,23.9,15.3,54043
48309,4.9,7.0,95.7,89.6,2.8,2.1,14.2,21.2,10.2,5.3,38.2,2.3,0.9,9.4,47.4,266067,34.0,,26.9,22.5,28.7,16.6,66643
48311,6.4,8.0,91.8,81.2,0.0,0.0,15.0,19.5,40.5,3.4,21.7,10.6,2.4,0.0,0.0,700,31.8,,45.0,17.2,20.1,12.3,43875
48313,5.3,11.3,95.2,88.3,3.7,1.1,12.9,28.9,17.3,3.7,24.7,2.5,1.3,9.7,28.8,13648,36.8,,36.1,21.9,18.4,10.9,74596
48315,5.0,8.4,88.1,73.9,4.3,0.5,14.3,33.9,25.2,8.1,21.5,1.0,0.2,9.5,46.3,9737,51.3,,35.7,25.1,15.6,18.3,49672
48317,5.2,12.5,95.1,83.2,3.5,1.6,17.1,22.4,7.6,0.0,21.9,6.9,0.5,0.0,30.6,5218,37.3,,35.2,18.5,20.9,8.3,93734
48319,6.3,11.8,94.4,88.2,1.4,3.7,13.5,30.7,29.6,3.3,20.3,2.3,0.0,5.2,14.1,3955,52.7,,15.9,22.0,38.8,7.0,74180
48321,9.8,9.1,94.7,86.0,5.3,3.0,17.9,24.0,19.0,6.0,31.9,2.8,0.5,5.8,43.9,36329,37.8,,29.8,19.8,22.2,20.7,58628
48323,16.8,15.6,91.1,81.4,4.4,2.8,23.4,21.8,11.6,6.6,29.5,6.2,3.7,11.4,35.6,58082,30.3,,28.9,17.4,14.3,22.8,49568
48325,6.0,8.0,93.5,88.9,1.6,2.2,11.6,31.6,10.5,3.5,16.2,2.4,1.2,13.2,38.2,53547,39.8,,32.4,22.5,23.1,9.6,78074
48327,6.5,11.3,93.3,77.4,5.8,0.8,23.6,18.9,31.9,1.1,19.3,0.0,0.0,7.2,17.8,1955,59.5,,24.0,25.7,24.0,18.9,53043
48329,7.3,7.1,96.9,91.8,2.3,2.3,14.5,21.7,7.0,4.4,32.4,3.5,1.5,8.1,41.3,174801,32.8,,24.2,21.6,31.0,11.3,92874
48331,5.5,5.7,93.4,83.9,2.9,1.0,15.7,31.6,12.8,5.5,23.1,2.8,2.2,21.0,27.6,25567,41.4,,40.2,21.2,20.6,12.9,66141
48333,3.5,8.1,94.0,90.0,1.8,3.4,10.8,25.0,30.7,2.2,19.7,1.3,0.7,9.4,14.0,4511,47.9,,32.3,23.1,27.9,7.2,67620
48335,9.0,7.1,93.5,84.0,2.8,0.8,17.5,22.7,25.3,3.0,21.3,2.6,0.2,9.7,30.0,9018,36.7,,37.3,29.3,11.5,13.8,60550
48337,4.6,7.6,91.4,80.9,3.7,0.8,14.5,33.8,17.5,5.6,20.1,1.5,0.4,10.0,43.9,21046,44.2,,37.6,23.9,18.9,14.2,64545
48339,4.5,5.2,98.1,94.8,2.9,1.4,15.1,31.8,6.9,3.4,28.2,2.7,1.1,7.8,39.6,684432,37.2,,23.2,20.4,38.8,9.4,97701
48341,22.2,9.5,95.9,84.0,2.2,0.2,22.8,17.4,13.5,6.7,37.5,5.0,1.1,11.1,25.7,21373,31.2,,30.6,17.6,12.3,18.3,61762
48343,4.8,8.4,94.3,87.3,3.9,1.8,12.7,25.2,15.9,4.9,26.1,4.6,1.7,5.4,36.3,12076,42.1,,36.0,26.6,16.0,19.5,58645
48345,5.5,8.9,88.9,79.8,0.6,1.5,20.7,16.9,37.3,2.6,23.5,1.5,0.0,0.0,18.0,1183,52.3,,35.8,24.0,19.3,16.1,61154
48347,6.7,7.4,93.8,87.4,4.3,2.1,15.4,20.1,13.2,6.1,40.7,3.7,1.9,7.7,50.0,65162,31.9,,28.7,23.3,28.2,21.8,53555
48349,9.6,11.2,92.6,85.2,2.7,3.4,18.4,27.1,14.2,4.5,30.6,4.9,1.4,10.0,36.3,54711,36.7,,29.0,22.8,18.2,17.1,63111
48351,3.7,10.9,94.9,91.1,4.2,1.5,19.2,37.7,25.4,6.9,17.1,2.8,1.5,7.2,40.3,12093,46.1,,48.6,22.1,6.8,19.0,42618
48353,8.5,7.4,93.2,82.9,3.5,6.6,13.3,18.3,17.1,8.5,31.9,3.3,1.5,8.6,36.1,14454,39.3,,34.0,24.6,16.0,22.5,50747
48355,6.3,8.3,94.9,88.8,3.1,2.2,17.6,21.7,15.1,6.9,40.3,2.9,1.5,8.9,43.4,352955,37.2,,29.0,23.2,23.8,17.4,66897
48357,13.4,8.5,94.9,89.5,0.2,1.5,25.6,19.9,15.3,5.3,27.3,5.0,1.8,3.2,46.9,9786,33.3,,33.6,18.4,20.7,11.8,70183
48359,9.0,5.5,95.0,91.7,0.9,0.2,18.9,28.0,20.9,1.3,26.4,0.5,0.2,0.0,47.7,2249,31.4,,27.7,26.6,21.4,20.7,79900
48361,2.6,6.2,95.6,90.6,3.7,1.8,14.9,25.1,14.5,4.7,24.8,1.9,1.5,7.9,40.6,85307,38.3,,37.5,24.7,17.7,12.5,72104
48363,4.7,8.0,94.7,89.8,3.4,1.9,18.2,28.7,26.1,4.1,29.0,2.8,1.2,11.4,37.8,29295,41.6,,37.0,23.6,17.8,16.7,67674
48365,4.0,9.4,89.2,85.0,1.4,0.9,17.0,28.2,18.0,5.2,20.1,1.3,1.0,17.7,22.7,22726,40.9,,31.7,27.7,17.0,11.2,64894
48367,3.4,4.9,97.6,94.6,2.6,0.7,13.2,31.9,5.7,3.1,19.3,1.4,1.1,9.5,43.6,165168,39.1,,26.1,24.6,32.3,8.0,104443
48369,20.0,11.4,93.3,91.4,1.7,0.4,24.1,16.8,13.7,2.3,27.9,3.0,2.4,2.6,20.2,9731,36.3,,25.8,17.5,16.9,10.2,69735
48371,8.2,8.6,90.9,85.1,1.4,1.9,16.5,19.8,11.2,7.1,28.0,0.2,1.3,11.5,24.1,14896,36.9,,41.3,23.1,14.1,21.6,72750
48373,6.3,10.2,95.4,88.2,3.9,1.4,14.4,29.8,26.3,3.8,21.9,4.0,2.6,10.6,35.8,52800,44.0,,36.8,24.2,16.2,17.5,62259
48375,10.8,11.1,93.8,86.3,2.2,2.9,19.3,21.0,13.8,7.7,42.7,2.9,1.3,10.0,39.9,115975,35.1,,31.6,20.4,18.6,20.8,53249
48377,24.3,8.4,86.6,80.4,3.8,3.3,33.6,9.1,26.1,5.7,22.7,6.4,0.0,21.9,21.7,5930,41.2,,24.7,9.2,28.0,32.0,43802
48379,3.2,6.6,94.9,91.7,1.7,0.5,17.5,35.6,18.0,2.0,17.4,1.9,1.2,14.9,32.3,12775,46.4,,36.6,24.3,20.9,10.0,65413
48381,2.2,3.9,96.4,91.6,1.9,1.2,11.0,19.9,7.9,3.3,32.1,2.1,0.7,10.5,33.6,146070,36.7,,23.7,25.8,33.7,9.7,83864
48383,6.1,6.5,84.7,79.7,3.1,3.4,19.0,18.6,22.7,1.9,30.0,4.5,0.0,0.0,13.8,3232,30.0,,50.5,14.6,13.6,11.8,57813
48385,5.5,3.4,95.3,78.4,0.0,0.0,16.2,24.1,42.2,4.4,21.9,2.7,1.8,5.2,64.3,2802,59.5,,39.7,24.6,21.1,17.9,39605
48387,4.2,8.5,87.8,77.3,1.0,0.3,16.5,30.7,19.6,2.6,28.5,2.1,0.7,3.9,51.6,11611,48.1,,41.5,21.8,15.4,15.6,48491
48389,16.2,13.6,84.0,75.2,1.3,4.5,17.5,18.0,18.3,6.1,26.3,3.0,5.7,22.8,32.8,12664,34.4,,40.5,18.5,7.4,16.8,64297
48391,7.9,8.2,92.2,84.9,2.4,2.4,16.1,24.4,25.7,10.4,23.0,2.1,0.6,16.2,45.3,6707,42.4,,34.5,26.4,14.0,14.6,60181
48393,4.0,2.2,93.5,80.8,0.3,0.0,11.1,19.0,17.8,3.4,14.9,0.0,0.0,4.3,8.5,832,40.0,,34.1,28.9,20.5,5.6,67868
48395,4.3,8.5,88.5,84.1,4.5,0.9,11.3,24.8,22.2,8.9,27.6,2.5,1.3,2.9,37.4,17167,41.4,,37.5,19.8,22.0,13.5,72236
48397,2.4,3.2,98.7,96.8,3.0,1.3,8.7,33.8,5.4,2.1,17.5,1.3,0.5,9.9,42.4,123617,37.5,,19.6,21.3,44.5,4.0,127981
48399,5.1,7.7,91.4,88.2,3.0,0.5,16.7,24.9,23.7,3.2,25.0,1.3,0.8,1.6,29.3,9874,42.1,,38.7,22.6,19.1,11.0,62632
48401,5.6,9.6,91.7,79.6,2.4,1.6,13.7,26.6,15.4,4.5,21.2,1.8,1.4,6.6,37.1,52842,39.1,,32.7,25.1,17.5,14.4,68658
48403,5.3,6.9,92.9,86.0,2.2,1.3,12.8,29.5,39.6,2.7,14.3,1.0,0.3,10.3,22.6,10023,54.2,,39.2,24.7,14.3,11.0,66585
48405,4.9,10.3,92.0,81.2,4.7,0.5,19.4,31.9,38.9,8.0,24.9,2.3,2.1,10.4,50.1,7874,50.5,,44.1,22.4,13.8,27.1,50408
48407,8.3,8.8,95.4,85.2,3.5,2.9,17.7,40.6,27.5,4.2,15.4,5.2,1.8,13.1,24.7,28441,44.0,,38.1,21.6,16.2,18.4,65364
48409,6.8,9.0,91.7,84.2,2.6,2.5,18.7,23.0,16.8,6.4,33.1,3.2,1.5,8.0,42.7,70181,37.0,,34.1,25.0,17.5,14.8,69704
48411,7.2,8.5,91.8,90.1,1.6,1.3,27.0,25.1,26.3,2.0,28.3,0.4,2.5,2.1,28.2,5696,40.7,,35.8,21.0,24.0,10.7,55819
48413,9.4,11.0,87.1,71.6,3.0,1.8,22.8,31.6,25.1,4.1,15.7,0.0,0.4,4.7,39.5,2381,39.9,,29.5,26.8,18.4,9.9,86694
48415,8.0,10.0,95.8,84.4,1.3,1.5,16.8,20.3,14.6,5.7,23.2,0.2,1.3,2.9,29.1,16488,36.9,,33.0,23.9,13.0,11.6,60039
48417,0.7,6.1,93.8,87.1,5.0,0.5,13.4,23.5,17.9,2.9,21.3,0.7,1.7,11.3,26.8,3175,42.3,,26.5,24.6,34.1,9.5,73047
48419,8.0,9.7,92.3,82.2,2.3,2.6,20.9,25.2,19.1,6.7,26.0,2.0,2.2,7.9,28.4,24155,39.3,,36.5,25.3,15.1,20.6,49776
48421,14.3,9.1,97.5,96.6,1.2,0.0,16.3,18.5,25.7,0.0,23.7,2.3,0.0,25.2,0.0,2295,39.7,,22.2,19.3,30.2,10.4,61250
48423,4.9,6.4,96.3,90.6,2.7,2.0,16.9,23.1,16.6,4.7,31.2,2.5,1.4,8.3,39.3,241740,37.5,,25.2,24.2,28.6,11.6,74192
48425,3.2,4.3,96.1,91.0,2.0,0.4,12.4,28.2,7.6,2.4,20.0,3.0,2.5,10.7,27.6,9691,44.5,,29.5,24.0,29.3,7.5,79825
48427,27.3,12.3,88.5,78.6,5.9,1.1,28.9,22.6,17.2,10.4,30.5,5.4,2.9,9.0,46.8,66067,29.4,,24.7,17.0,13.6,33.5,37639
48429,7.8,8.4,97.2,86.0,3.0,2.5,13.8,28.3,22.5,8.4,20.8,2.9,0.5,0.9,22.4,9351,42.0,,32.2,24.0,17.2,14.6,58008
48431,3.8,12.2,97.5,91.0,1.2,0.0,26.4,24.4,23.9,0.0,22.3,3.0,0.0,8.9,62.5,1468,32.1,,35.0,12.7,24.5,4.3,64954
48433,4.7,5.0,92.8,94.7,2.2,2.1,12.7,15.3,35.1,4.7,15.4,3.1,1.0,24.6,0.0,1227,52.3,,43.3,23.1,16.9,14.9,56875
48435,7.2,10.8,92.0,84.7,1.2,3.2,15.8,24.8,27.9,3.8,24.0,0.9,3.1,2.6,20.5,3277,42.3,,34.1,22.4,18.3,4.5,78906
48437,11.9,8.2,85.3,73.1,2.3,3.1,23.3,20.7,21.3,6.1,33.6,0.7,0.5,3.1,44.0,6937,36.4,,41.8,16.4,15.5,30.1,36165
48439,6.2,6.5,97.2,93.2,3.2,2.0,16.7,26.8,7.2,4.6,40.7,2.9,1.3,10.0,45.5,2167390,35.2,,23.8,20.8,34.8,11.1,84207
48441,3.9,6.1,94.4,92.1,1.6,0.9,14.1,17.1,11.7,3.8,39.5,1.9,0.8,10.5,41.1,145863,33.1,,29.8,21.6,29.3,14.7,67139
48443,1.9,3.9,97.1,81.8,0.0,0.0,15.2,11.5,29.4,5.3,10.6,0.0,0.0,0.0,50.0,835,59.9,,30.6,31.0,26.9,7.7,44886
48445,11.2,10.6,93.3,89.0,2.5,2.7,26.9,21.8,10.3,5.2,33.5,2.1,6.4,4.1,47.2,11629,37.0,,40.8,21.2,9.8,18.3,44100
48447,4.4,2.0,96.5,90.9,5.0,1.6,20.6,17.7,25.6,1.8,32.0,0.7,0.0,0.0,34.9,1639,45.0,,32.4,30.6,22.4,24.2,59216
48449,12.7,9.1,93.6,85.2,1.9,1.4,21.5,20.3,8.2,4.8,29.4,4.3,2.8,9.3,42.4,31363,34.9,,35.0,19.4,16.3,17.1,58425
48451,6.0,6.9,95.8,87.5,2.2,1.5,15.5,20.2,10.6,5.0,34.9,2.3,0.8,8.9,40.1,119577,36.0,,28.5,24.4,25.5,11.1,68370
48453,4.6,3.5,98.3,94.3,3.3,1.9,12.1,25.2,5.6,5.9,47.9,2.3,1.6,9.1,39.4,1330015,35.6,,14.1,15.7,56.6,10.9,99611
48455,4.5,6.8,91.1,85.2,3.2,1.6,16.0,38.6,27.0,9.7,20.6,2.1,1.5,16.6,31.6,14046,49.2,,42.0,22.9,16.8,17.6,52018
48457,5.5,9.4,91.3,85.2,3.1,0.9,15.7,34.1,24.9,5.1,18.8,3.3,1.6,5.8,44.8,20238,43.2,,42.8,23.8,12.4,17.9,55396
48459,4.4,8.2,94.3,87.8,3.3,3.3,13.8,30.2,11.1,3.8,19.3,2.4,0.7,4.5,37.4,42567,40.6,,32.0,28.0,18.2,12.4,66208
48461,8.8,11.8,95.4,75.1,1.8,1.2,18.8,30.5,19.2,2.8,22.8,1.5,0.0,0.0,43.2,3191,40.8,,46.1,18.0,8.7,16.0,49167
48463,12.9,9.3,89.6,84.6,2.4,1.7,18.7,19.7,16.6,5.6,29.4,4.5,1.0,12.1,25.4,24881,34.5,,22.8,23.6,19.8,22.2,53801
48465,13.7,9.5,93.7,85.7,3.4,1.4,17.5,19.1,10.2,5.9,30.9,5.1,3.0,4.9,38.7,47741,32.3,,30.6,15.3,22.5,16.6,66100
48467,4.7,8.3,93.0,85.2,2.0,2.2,18.4,36.8,12.4,3.2,18.5,2.7,0.9,11.8,37.3,62649,42.0,,33.2,25.4,19.8,11.1,69475
48469,6.0,9.1,94.0,82.1,2.7,1.7,17.2,21.9,11.7,6.2,34.7,2.5,0.8,7.7,39.9,91413,36.7,,31.1,24.2,19.9,16.2,70896
48471,6.1,9.4,95.2,85.6,4.2,3.0,15.4,25.9,14.4,8.1,43.5,1.6,1.3,9.1,48.3,80209,37.6,,33.9,21.4,21.6,18.4,52324
48473,8.8,6.9,98.0,89.8,4.2,2.2,20.1,32.2,9.8,2.9,28.0,3.0,1.8,10.3,36.6,61552,31.3,,28.5,22.1,27.9,14.6,80397
48475,9.6,12.3,95.5,88.8,1.9,1.2,18.9,21.8,15.0,6.5,21.5,1.4,1.3,8.8,31.1,11144,34.5,,35.1,25.0,12.4,14.9,65952
48477,5.0,4.9,92.1,85.0,1.7,2.9,14.5,23.1,12.2,6.8,30.2,2.2,1.1,17.1,27.1,36647,40.9,,29.7,22.1,30.7,13.4,77825
48479,14.7,14.4,95.2,86.8,3.5,2.1,27.3,22.1,7.7,6.6,35.3,6.5,3.0,11.2,43.8,269294,30.0,,22.3,19.8,21.4,21.3,63058
48481,7.7,6.7,89.9,81.8,3.0,1.7,14.2,25.7,10.3,7.2,27.7,2.8,1.2,7.8,41.5,41794,38.1,,32.9,19.4,20.7,13.6,66924
48483,3.8,7.2,91.8,89.3,2.9,0.1,21.2,23.4,26.0,6.0,23.8,3.0,1.6,6.2,44.4,4862,41.3,,37.6,29.7,17.0,15.4,60167
48485,6.2,6.4,94.1,88.7,2.1,1.9,15.6,15.0,12.1,7.1,38.6,1.2,1.1,7.3,37.6,129996,35.3,,31.1,23.1,25.1,16.5,63524
48487,7.4,11.1,95.7,83.8,5.5,2.1,8.9,14.0,18.3,5.2,32.8,1.8,0.5,9.3,32.7,12616,40.5,,32.7,26.8,17.2,17.5,54102
48489,16.5,12.4,89.5,81.9,4.2,2.8,23.9,19.7,17.3,5.7,25.3,6.7,1.1,17.8,37.5,20139,34.3,,34.8,16.4,14.0,24.0,54180
48491,2.9,3.0,98.5,95.8,2.7,1.1,9.8,27.9,3.9,3.0,33.6,1.8,1.0,10.0,38.0,672688,37.3,,17.6,19.7,48.4,6.4,111340
48493,4.6,5.5,95.7,88.1,2.1,1.8,11.0,34.5,6.6,3.2,15.3,3.8,1.2,4.9,36.6,52781,40.7,,30.4,22.7,25.9,11.3,94565
48495,12.3,15.0,94.1,87.6,2.4,0.3,19.0,28.6,14.4,3.1,14.0,0.9,3.8,23.6,24.9,7454,35.1,,36.7,19.5,10.6,16.2,86900
48497,5.6,7.4,95.8,90.2,3.4,1.7,14.9,34.3,8.7,2.6,18.6,2.8,1.9,9.9,30.9,75005,39.5,,33.2,23.0,22.2,8.9,93421
48499,3.7,8.5,93.8,88.3,3.0,1.0,17.1,29.7,16.6,5.1,19.9,2.8,0.8,8.9,42.7,46961,48.5,,33.6,25.7,21.5,12.5,60300
48501,17.8,7.3,96.4,96.2,4.1,0.4,22.5,26.0,13.7,3.7,33.2,7.5,0.5,5.8,9.6,7571,32.3,,25.7,25.1,20.1,16.8,84925
48503,6.0,5.5,93.9,90.6,2.2,0.9,18.6,16.9,10.6,6.8,25.9,1.1,0.6,8.4,31.4,18029,41.6,,33.0,23.6,24.0,16.5,68010
48505,18.6,15.6,89.5,79.4,3.9,1.1,27.6,23.6,27.0,8.8,28.0,9.7,2.3,9.8,30.7,13841,32.3,,30.0,13.7,15.2,38.4,39239
48507,16.5,13.1,88.1,83.3,2.2,4.6,14.9,20.4,17.1,8.0,31.0,1.9,3.0,3.8,40.5,9412,30.8,,32.1,22.0,11.1,33.9,36749
49001,3.2,3.6,96.4,86.4,0.9,0.0,15.2,16.7,15.2,2.9,19.0,1.9,1.5,9.2,17.6,7273,34.4,,32.5,26.5,23.5,6.6,79360
49003,2.3,5.3,97.0,93.6,2.1,1.5,8.0,22.3,5.8,4.0,24.0,1.4,0.5,7.6,32.7,61246,33.3,,31.9,24.7,26.7,8.4,84550
49005,2.3,3.2,98.0,93.0,1.8,2.4,6.9,17.7,4.8,3.1,36.3,2.9,0.6,9.4,36.0,140046,26.2,,20.0,24.5,42.2,12.0,81665
49007,2.1,5.4,95.0,85.1,3.3,1.2,6.2,19.5,16.0,4.4,32.1,1.8,0.3,14.5,35.5,20517,38.6,,29.3,30.0,18.8,17.0,58377
49009,2.5,4.8,99.0,92.0,3.3,0.0,10.4,20.9,75.2,0.0,17.7,0.0,0.7,12.5,14.6,783,46.0,,29.9,30.8,17.6,9.0,66000
49011,1.4,3.0,97.9,94.2,1.9,1.4,5.7,22.9,4.1,2.6,22.7,1.8,0.8,10.5,36.6,370924,32.5,,21.7,24.0,39.3,6.4,110884
49013,1.5,6.8,96.9,91.7,2.6,1.4,12.0,21.1,23.8,3.3,21.1,2.9,0.8,5.1,27.2,20185,34.1,,39.8,23.7,18.5,11.8,78445
49015,2.6,2.6,96.3,88.9,2.1,0.7,6.6,20.7,16.2,3.2,19.9,1.2,0.4,4.9,39.6,10046,38.9,,33.1,26.8,18.3,12.5,74291
49017,1.2,3.4,94.0,78.4,2.5,1.6,12.2,13.5,43.6,1.0,29.7,0.1,0.5,12.3,14.1,5219,40.7,,28.0,29.6,28.3,9.8,61875
49019,1.0,4.3,94.8,87.1,1.1,2.6,10.9,14.7,16.0,5.5,29.7,4.0,0.3,9.3,33.1,9754,40.8,,20.0,31.1,37.5,13.3,67106
49021,2.3,4.5,98.4,91.5,2.5,1.7,10.3,16.9,14.4,3.4,31.7,1.6,1.0,13.1,41.3,62252,30.2,,26.9,24.3,31.6,13.8,66247
49023,1.0,4.8,97.1,89.0,1.5,1.6,6.5,23.9,5.3,3.4,16.2,3.0,0.6,2.0,25.4,12586,30.6,,35.3,26.9,20.0,6.9,101786
49025,0.9,5.2,97.2,90.4,2.0,0.4,5.3,15.5,46.2,2.9,19.6,1.0,0.0,8.9,26.6,8170,43.3,,25.3,30.1,28.8,9.5,77092
49027,3.0,5.4,97.6,88.4,3.5,1.7,11.5,17.5,13.6,2.0,18.2,2.4,0.7,16.7,29.6,13315,34.4,,34.2,23.5,24.3,7.7,73639
49029,1.0,1.1,99.5,94.3,1.5,0.4,4.8,25.3,4.0,0.3,11.2,1.5,0.4,14.9,8.1,12802,33.3,,21.3,28.6,38.4,1.4,130929
49031,6.1,9.3,83.4,75.1,2.7,0.4,8.3,30.6,36.1,4.7,4.5,4.7,0.0,0.0,28.6,1694,48.3,,25.7,26.2,19.6,10.2,48393
49033,0.6,1.3,99.0,94.9,0.0,1.1,7.1,21.9,72.6,0.0,15.3,2.9,0.0,7.1,11.9,2631,38.1,,16.4,39.9,24.4,3.8,79009
49035,3.6,4.5,98.0,93.8,2.7,1.9,9.2,22.3,5.2,5.5,33.9,1.9,1.1,10.4,38.5,1196523,34.0,,22.0,21.6,39.4,8.1,97494
49037,6.1,5.8,87.5,72.4,7.0,1.1,17.5,24.3,19.8,7.7,19.1,7.1,4.4,15.3,15.1,14483,35.0,,28.9,28.0,20.5,18.1,64481
49039,2.3,6.2,96.9,86.9,2.9,1.0,9.7,21.4,16.0,3.1,25.7,3.9,0.5,9.0,33.4,29719,33.8,,30.8,25.2,22.9,15.2,70083
49041,2.8,4.1,96.9,90.5,2.6,1.7,9.3,17.4,15.0,4.4,22.2,1.8,1.0,11.0,29.9,22085,36.8,,31.1,25.2,22.8,9.7,74884
49043,2.4,2.0,98.5,95.6,1.2,0.8,7.3,22.2,40.8,2.0,19.8,1.7,0.6,5.9,30.4,42970,41.5,,13.6,17.0,59.8,4.9,138114
49045,2.6,5.3,97.3,95.4,2.6,1.8,6.1,30.3,4.2,3.1,18.2,3.8,0.7,14.1,23.7,79347,32.2,,29.9,26.7,22.9,5.2,106587
49047,2.1,8.0,95.1,91.1,3.6,2.8,13.1,20.6,12.2,3.1,26.5,3.1,0.9,9.0,22.4,37056,33.2,,36.6,26.2,16.8,11.8,73746
49049,2.1,2.8,98.9,93.4,2.7,1.6,7.5,22.6,3.8,2.7,31.7,3.2,0.8,9.4,35.9,705400,25.8,,16.5,23.9,44.4,8.7,100671
49051,2.3,1.9,99.0,94.4,1.4,1.0,7.5,21.6,20.6,2.1,19.7,2.2,0.2,13.5,36.1,36642,36.8,,17.1,18.8,51.3,4.7,117608
49053,1.7,3.4,97.3,93.1,2.1,1.3,11.1,19.2,15.1,3.3,28.4,1.9,1.0,9.9,46.8,196431,39.1,,22.0,25.9,35.2,9.8,80632
49055,1.3,2.1,99.4,94.7,1.3,0.4,4.2,18.9,33.4,2.3,20.7,4.3,0.0,0.0,18.8,2584,46.0,,20.7,30.4,27.7,10.6,76607
49057,3.2,4.5,97.3,94.6,2.1,1.5,8.8,23.3,6.4,4.9,25.9,2.0,0.6,10.8,34.8,269648,33.7,,27.8,25.5,28.5,8.1,90005
50001,1.3,3.2,96.1,91.4,2.4,3.2,4.6,23.6,15.0,4.9,20.7,0.7,0.6,8.6,37.3,37664,44.1,,28.9,15.2,43.6,7.6,89639
50003,1.6,4.0,93.2,84.4,2.6,5.3,5.4,20.3,28.3,7.5,26.3,0.7,0.2,10.2,53.5,37269,46.9,,26.4,17.3,41.8,11.3,73325
50005,2.2,4.1,92.9,86.4,1.4,4.2,4.0,25.6,19.0,6.7,20.8,0.6,1.1,9.5,38.2,30475,46.0,,34.1,18.9,33.2,11.7,69970
50007,1.4,2.5,96.8,93.4,2.3,3.0,3.5,21.1,4.6,7.1,36.1,0.9,0.6,10.2,40.2,169758,37.3,,17.2,14.0,56.8,9.7,96759
50009,3.2,7.1,91.5,86.1,2.6,5.0,4.9,28.1,43.0,4.2,17.6,0.8,1.9,24.8,24.8,5982,51.9,,41.3,18.3,21.5,13.8,59294
50011,2.9,3.8,93.4,89.5,2.0,2.9,3.5,27.1,13.3,5.8,22.6,0.8,0.4,10.0,39.0,50638,40.8,,36.9,15.7,30.2,10.3,81313
50013,1.4,2.8,96.0,92.5,1.9,3.0,3.4,31.0,41.0,1.4,10.1,0.7,0.4,3.0,40.7,7450,48.9,,28.9,13.6,44.0,7.9,97396
50015,1.5,4.9,96.9,91.9,2.3,3.1,6.7,27.1,16.7,4.7,27.1,1.5,0.7,15.1,30.2,26148,41.8,,23.6,19.0,44.3,8.5,74908
50017,2.0,3.2,93.9,88.3,1.5,3.1,4.4,26.2,15.5,3.9,16.8,1.4,1.0,15.0,38.2,29761,46.9,,30.8,14.9,38.4,9.3,82232
50019,2.4,5.4,93.4,89.0,3.2,3.8,4.4,29.0,27.9,6.4,20.3,0.8,0.5,8.3,35.2,27606,45.7,,35.8,16.9,30.5,11.7,70103
50021,1.8,4.0,92.7,87.0,2.4,4.5,3.9,23.0,25.5,6.4,24.9,0.4,2.0,8.7,41.5,60425,47.7,,32.0,17.4,35.3,11.8,68616
50023,1.1,2.5,95.6,91.6,1.8,4.0,3.1,23.4,16.6,6.0,26.3,0.6,0.9,10.2,30.7,60017,43.8,,24.7,15.5,48.1,8.7,83449
50025,1.1,3.6,94.4,82.4,2.9,3.4,3.6,22.2,34.5,6.2,26.1,0.8,0.7,9.2,37.2,45923,47.3,,28.0,16.6,44.0,11.6,72217
50027,1.4,3.7,95.5,90.1,2.7,3.7,3.6,22.9,27.4,6.1,25.2,0.9,1.1,8.9,32.6,57990,47.6,,27.8,15.0,42.9,9.2,77594
51001,6.8,9.6,89.2,83.5,1.9,1.6,11.0,20.8,34.5,6.1,28.6,1.2,0.1,9.1,31.7,33335,47.6,,35.5,18.8,21.7,13.9,58993
51003,2.8,3.0,97.1,92.9,2.1,2.0,5.9,22.2,6.6,4.9,34.1,0.5,0.2,9.4,40.5,114919,39.7,,14.2,13.1,61.1,7.7,104392
51005,2.9,7.5,87.9,82.8,1.1,2.3,6.6,22.9,19.3,6.0,17.7,0.1,0.1,12.0,31.2,14859,48.3,,44.5,20.9,14.6,11.6,56188
51007,6.0,7.5,91.7,84.2,2.2,3.2,7.7,40.1,6.8,1.6,17.5,0.9,3.3,13.8,29.6,13462,44.7,,38.7,22.3,18.6,9.7,76717
51009,4.0,6.4,90.8,84.5,2.7,3.1,6.8,24.9,11.6,3.4,19.2,0.6,1.4,5.1,36.8,31485,43.4,,36.1,18.9,24.7,10.8,68724
51011,2.7,4.8,92.2,83.5,3.1,4.1,6.6,26.7,11.0,3.9,24.2,0.8,0.2,9.7,22.9,16610,43.2,,43.6,21.1,19.2,14.0,62853
51013,2.9,1.9,98.2,95.2,2.5,2.1,5.3,26.2,8.2,15.2,58.7,2.2,1.7,8.8,31.3,236254,35.5,,6.8,8.1,77.1,7.4,142114
51015,3.0,5.1,93.0,86.0,1.5,1.2,6.6,23.8,6.1,4.3,19.8,1.5,0.4,4.5,39.7,78033,45.1,,39.9,18.6,25.1,6.6,82049
51017,7.6,8.4,85.4,79.7,0.7,0.9,2.5,19.0,43.6,4.1,28.7,2.0,0.0,0.0,25.5,4100,50.9,,36.5,22.2,16.7,23.8,56184
51019,2.1,5.0,94.6,88.8,1.8,2.6,5.7,26.5,11.6,3.2,15.3,0.7,0.3,4.6,40.4,80894,47.2,,29.4,20.9,33.7,8.1,78937
51021,3.0,4.7,81.4,70.5,1.0,1.1,5.0,27.5,26.0,5.3,13.5,1.8,1.1,0.0,0.0,6199,48.1,,44.4,21.8,18.4,13.6,61216
51023,2.3,3.4,91.8,88.1,1.4,1.4,5.0,24.3,12.3,3.7,14.5,0.6,0.3,10.5,22.4,34004,48.1,,36.0,18.0,28.5,6.2,81213
51025,6.9,10.7,88.3,80.2,1.7,9.6,5.5,30.3,18.6,6.5,25.6,1.1,0.0,12.6,32.7,15841,44.7,,38.5,19.9,16.6,14.9,53084
51027,8.7,12.7,86.7,77.2,1.3,2.0,4.8,30.1,27.0,5.5,16.9,1.3,0.7,1.1,65.5,19415,47.8,,44.0,15.5,11.5,25.2,42886
51029,5.2,8.8,86.8,76.4,2.2,2.0,9.2,43.0,13.9,6.8,22.7,1.6,0.6,4.3,42.9,16976,44.1,,45.7,18.5,14.5,12.5,60828
51031,3.6,6.3,92.1,86.0,2.2,4.0,4.7,23.3,12.9,4.7,25.1,1.3,0.2,11.7,22.1,55312,43.6,,34.0,20.7,26.1,10.8,66165
51033,3.7,6.8,93.9,86.3,3.5,2.9,6.9,37.2,7.2,3.5,17.7,1.1,0.2,3.9,43.6,32098,38.9,,40.1,18.8,21.8,11.2,87407
51035,4.5,10.0,89.2,82.9,3.0,1.5,9.0,27.3,24.7,5.7,22.9,1.2,0.0,2.5,32.6,29157,49.4,,38.4,18.0,16.9,15.3,54484
51036,2.8,9.3,89.8,74.5,2.3,1.7,4.5,34.5,11.0,5.9,13.7,0.1,0.3,3.2,40.8,6627,52.6,,42.7,20.8,17.3,9.4,75417
51037,4.9,11.8,85.6,75.4,1.3,1.8,6.4,32.2,21.2,6.5,25.3,2.5,0.0,9.4,41.9,11422,44.5,,33.3,19.3,20.0,18.9,58000
51041,3.1,3.9,97.8,95.3,3.1,1.5,6.5,26.4,3.8,3.4,23.3,1.3,0.3,10.3,41.9,377869,39.0,,21.7,18.7,43.8,7.1,101931
51043,3.1,4.0,96.5,89.2,1.6,0.9,5.3,32.2,10.1,3.2,18.5,1.7,0.1,7.8,59.8,15216,48.4,,26.1,19.9,39.8,7.0,117111
51045,2.3,10.5,93.9,86.9,1.1,2.7,3.1,36.1,27.6,4.7,16.3,5.3,0.0,0.0,39.2,4856,46.3,,37.5,20.3,19.2,13.7,69057
51047,5.2,6.9,95.0,91.8,1.7,2.2,11.9,35.9,4.3,3.9,25.0,3.0,0.7,14.1,31.8,54397,39.1,,31.8,19.3,27.3,7.9,100049
51049,5.9,7.7,85.4,79.9,2.0,0.5,4.0,38.3,15.3,7.4,24.1,2.0,0.4,3.4,23.4,9818,43.5,,34.7,19.0,20.9,8.5,55325
51051,5.5,9.6,89.2,83.5,1.0,3.0,4.3,28.9,19.4,6.6,23.9,0.3,0.0,12.0,36.1,13733,46.1,,44.5,20.7,10.1,17.3,47254
51053,3.9,5.3,94.3,87.7,2.8,2.2,6.0,31.2,11.0,4.4,20.4,1.7,0.2,4.0,39.1,28191,43.1,,37.3,23.1,19.4,11.7,83704
51057,5.8,9.3,86.3,81.2,1.9,1.2,8.8,38.5,23.5,6.4,28.3,0.4,0.3,6.1,46.8,10623,47.1,,42.0,21.7,16.6,12.3,56520
51059,3.9,2.9,98.4,96.4,2.9,1.6,7.1,28.9,3.7,4.8,31.4,1.9,1.3,9.3,36.3,1147837,39.1,,11.9,11.1,65.0,5.9,153637
51061,3.1,4.5,96.1,92.3,1.9,0.8,6.2,35.8,6.6,3.5,21.2,1.0,0.5,7.4,32.9,74577,41.2,,24.3,19.6,41.7,6.8,130189
51063,3.6,5.3,88.6,84.7,2.1,1.8,7.3,30.3,16.9,5.3,16.1,0.3,0.7,12.8,24.8,15593,48.1,,36.0,18.1,24.4,9.8,62191
51065,1.5,4.8,97.4,93.8,2.5,2.1,6.7,32.0,10.1,4.0,11.3,0.2,0.0,2.8,37.0,28092,43.5,,25.5,22.3,37.3,7.7,96768
51067,3.0,5.7,89.7,83.4,1.3,4.2,6.8,30.2,19.0,4.5,21.5,1.5,0.1,4.7,26.6,55130,48.4,,34.2,22.8,25.1,12.7,68849
51069,3.8,6.3,94.0,90.9,2.7,1.6,6.4,32.4,5.1,3.3,20.7,1.6,0.1,11.1,33.0,95008,40.8,,30.1,20.1,31.9,6.8,97606
51071,3.5,4.7,88.3,83.1,1.2,1.6,6.5,28.6,19.7,7.1,21.1,1.0,0.3,3.0,29.2,16557,45.4,,42.3,20.6,17.6,9.3,65691
51073,2.0,6.3,94.6,89.0,1.7,1.3,4.9,34.8,11.8,2.1,19.6,0.5,0.0,7.5,30.2,39526,44.8,,34.4,23.2,25.3,5.2,84306
51075,1.4,3.1,97.7,93.5,0.9,1.0,2.6,29.9,7.7,2.4,15.1,1.8,0.1,3.8,29.9,26410,50.5,,22.9,18.5,45.8,5.1,118931
51077,4.3,10.0,86.9,81.1,1.7,4.0,7.6,28.1,29.3,5.4,19.6,0.5,0.6,3.3,49.2,15287,48.4,,39.7,16.7,15.5,16.5,47730
51079,3.3,5.3,96.8,91.7,1.2,0.8,6.8,32.3,9.3,3.0,16.6,2.3,0.2,11.0,21.9,21155,40.3,,32.6,18.0,31.5,13.7,89808
51081,6.5,12.6,94.1,87.4,2.6,6.1,4.6,28.6,20.5,5.9,33.7,1.9,0.9,11.6,36.5,11275,39.8,,41.1,18.3,14.7,14.3,54668
51083,6.9,9.2,82.0,71.2,2.2,3.6,6.8,24.8,22.0,7.5,25.4,1.2,0.1,12.0,38.5,33639,46.5,,34.8,20.8,19.7,17.3,52013
51085,2.2,3.4,96.4,92.3,1.8,2.2,4.4,26.9,4.3,3.0,17.9,0.8,0.1,5.9,38.6,112879,42.7,,24.1,19.5,42.7,5.7,112805
51087,2.9,3.8,96.1,92.6,2.6,1.6,6.3,22.6,5.2,5.8,35.5,1.2,0.5,10.0,41.7,335744,39.4,,21.8,18.0,46.5,8.8,88783
51089,6.2,10.0,87.3,75.3,2.1,4.5,6.3,25.3,17.2,5.5,24.8,1.6,0.2,9.6,38.0,49980,47.7,,34.8,20.9,15.5,16.0,50760
51091,3.6,7.6,84.7,77.0,6.2,0.6,3.9,27.4,46.2,5.1,11.1,0.0,0.5,8.1,46.8,2296,56.5,,39.1,12.1,30.8,9.5,65625
51093,1.9,6.0,92.2,85.5,2.4,1.9,4.7,29.5,8.0,4.2,19.9,1.0,0.0,10.8,32.3,39974,43.8,,30.3,22.1,30.8,6.8,95241
51095,1.6,3.2,97.1,95.2,1.5,1.4,4.7,26.6,7.9,4.0,23.3,0.4,0.3,7.1,48.2,81013,47.1,,18.6,18.1,51.0,6.8,109985
51097,2.3,7.1,92.2,74.5,3.1,3.0,5.8,37.0,14.5,4.8,24.3,0.1,0.0,6.7,39.7,6695,49.3,,42.5,21.8,18.6,17.9,70469
51099,2.9,5.0,95.7,91.0,2.4,1.7,3.3,37.2,5.1,2.6,23.8,2.2,0.2,5.1,42.0,27896,38.3,,28.3,20.9,34.7,7.5,116884
51101,2.2,4.6,92.9,78.4,1.6,0.6,5.3,36.4,4.9,4.3,11.1,0.2,0.0,27.8,44.6,18593,40.9,,37.5,24.8,23.0,5.9,86056
51103,2.4,10.5,85.3,78.5,4.5,1.5,6.5,27.5,23.9,4.4,18.5,0.8,0.0,10.5,27.3,10936,58.2,,25.1,14.4,41.3,10.3,69713
51105,7.5,8.7,88.1,75.8,3.9,4.9,7.0,26.2,21.4,8.9,27.0,1.1,0.7,9.1,47.1,21900,45.5,,37.9,21.9,14.1,28.8,41827
51107,3.0,3.1,99.1,97.0,2.4,1.4,5.4,30.1,2.7,2.9,22.1,1.9,0.7,6.8,37.3,432998,38.2,,11.8,12.1,64.6,4.2,181765
51109,3.8,6.2,94.7,86.5,3.7,2.2,5.4,35.7,15.3,3.2,17.8,1.5,0.4,6.4,50.2,39980,44.8,,32.7,20.7,29.7,10.0,86689
51111,7.5,11.9,71.3,61.8,1.7,5.2,10.0,35.6,19.2,12.8,28.5,2.0,0.6,3.4,29.8,12016,44.6,,39.6,22.9,11.6,15.9,54842
51113,3.6,7.2,94.8,85.2,2.6,5.1,5.0,29.0,10.7,2.3,22.2,1.5,0.3,2.5,36.7,14044,46.4,,35.0,21.4,27.0,10.8,84323
51115,2.6,6.6,91.4,75.5,2.2,2.2,6.8,30.7,27.4,4.1,16.0,0.0,0.0,4.0,38.0,8540,55.0,,31.1,24.5,28.4,7.8,75880
51117,5.8,8.4,80.6,74.7,1.4,3.2,5.8,25.7,29.7,7.2,31.7,1.0,0.2,6.0,37.2,30516,49.2,,33.1,21.2,20.7,16.3,57045
51119,2.9,5.8,91.6,84.3,1.4,2.0,5.6,34.0,33.3,2.5,12.6,1.1,0.5,14.7,49.0,10847,55.5,,29.0,21.4,33.8,7.3,75060
51121,1.6,2.6,96.1,91.4,1.7,1.4,4.8,18.2,13.6,6.4,44.7,1.3,0.7,6.7,45.4,99101,30.2,,23.4,16.3,48.8,23.9,72715
51125,3.8,6.5,92.2,84.9,1.8,2.1,7.1,30.3,36.3,6.2,20.3,1.7,0.0,17.9,22.3,14732,51.3,,26.7,19.5,36.3,12.5,72589
51127,1.0,4.9,95.6,91.4,1.5,1.4,4.4,33.2,5.4,1.0,7.4,0.0,0.0,7.7,31.2,25105,42.9,,26.2,18.0,38.4,4.7,123314
51131,3.9,8.8,91.3,85.5,1.7,0.4,10.1,25.3,28.0,9.5,33.9,1.5,0.0,4.9,34.1,12059,52.5,,30.5,18.7,32.0,17.7,61632
51133,4.3,6.2,89.3,81.1,1.6,1.0,6.6,32.8,37.6,4.1,13.9,0.4,1.2,2.9,40.2,12188,59.5,,26.5,21.6,33.6,11.5,66480
51135,5.6,8.8,77.7,73.1,1.3,2.9,10.3,28.5,16.9,7.9,33.4,1.4,0.4,12.3,34.7,15597,41.5,,41.9,22.7,14.1,18.5,63261
51137,3.1,5.5,94.7,93.1,2.0,2.0,6.0,37.0,7.9,4.3,21.3,1.3,0.7,9.0,30.5,37822,42.1,,35.7,18.6,29.6,9.8,94008
51139,5.6,11.3,86.0,80.5,3.1,2.1,8.0,34.7,17.1,7.8,28.2,0.5,0.0,5.7,33.8,23727,45.4,,44.7,17.5,15.2,11.3,57037
51141,6.3,9.2,87.8,82.6,1.3,3.4,5.4,31.4,22.4,4.9,23.1,0.8,0.3,13.7,29.6,17512,51.8,,35.9,20.8,15.1,11.7,53038
51143,4.8,9.3,86.9,78.0,2.4,8.2,5.7,27.1,15.0,5.2,21.3,0.6,0.2,7.3,40.7,59856,48.1,,40.7,19.3,16.1,14.6,54085
51145,2.4,6.1,96.0,90.9,2.3,0.8,4.3,32.6,5.8,2.0,6.8,0.3,0.0,8.6,35.7,31555,45.8,,27.8,19.4,35.0,4.6,110537
51147,3.6,7.8,87.4,82.0,0.7,3.1,6.2,25.6,17.0,6.1,42.0,0.6,0.2,8.9,43.9,21996,32.6,,34.3,19.7,27.3,20.9,56315
51149,3.0,6.0,95.8,92.6,2.4,2.0,5.3,23.9,4.5,3.3,25.7,2.1,0.3,13.6,31.2,43146,33.2,,31.8,23.9,25.0,8.9,84897
51153,5.8,4.1,98.5,96.4,3.4,1.9,10.0,36.4,3.1,2.6,25.7,2.7,0.9,9.8,41.1,488880,36.3,,20.4,16.9,44.9,6.2,131402
51155,2.8,5.5,90.5,81.7,1.7,2.5,5.5,23.5,15.2,4.6,26.6,1.1,0.1,7.3,35.2,33687,46.8,,36.1,24.3,20.8,14.4,62028
51157,4.5,4.0,97.0,90.6,5.5,4.2,10.8,35.7,22.8,1.9,26.6,0.4,1.0,6.4,30.8,7427,50.6,,34.6,16.3,33.3,10.3,83380
51159,6.8,10.8,89.5,87.1,1.1,0.7,5.2,31.6,20.0,6.4,25.3,1.1,0.0,1.5,27.8,9095,43.8,,37.2,14.8,16.9,7.7,66304
51161,2.9,2.6,93.4,89.5,1.7,2.0,3.9,21.8,6.2,4.4,24.3,0.4,0.3,6.6,35.6,97023,43.5,,29.1,19.1,37.1,7.3,83709
51163,3.6,5.3,90.9,84.0,2.2,3.5,4.8,26.6,15.9,3.8,20.7,0.8,0.0,7.5,35.1,22531,49.8,,33.5,18.5,32.8,7.5,65469
51165,5.1,7.5,92.0,86.8,1.7,1.5,10.6,22.2,10.6,4.8,24.7,0.8,0.4,9.0,34.3,85600,40.1,,35.6,15.7,29.0,9.8,80693
51167,7.5,9.7,85.8,72.7,1.6,2.1,4.7,30.0,16.4,5.2,23.7,0.4,0.2,7.9,28.8,25538,46.7,,39.6,18.6,13.1,16.7,50012
51169,7.3,7.9,86.1,77.7,1.3,3.7,5.9,29.0,22.5,7.6,23.0,1.5,0.2,10.0,40.6,21479,47.7,,36.7,21.5,15.6,20.2,46349
51171,4.1,6.1,91.4,86.5,2.9,2.5,7.4,28.5,16.0,5.0,26.7,1.1,0.5,10.7,25.2,44925,42.9,,41.8,18.4,21.6,11.8,67191
51173,4.7,8.5,88.6,80.2,1.5,3.1,5.5,22.2,16.1,6.5,29.0,1.2,0.5,9.7,34.8,29420,46.4,,40.1,17.5,16.8,16.8,49883
51175,4.2,8.5,92.4,85.5,3.0,7.6,4.9,33.1,12.1,5.4,23.9,1.2,0.2,13.8,32.3,17964,47.3,,36.7,23.0,20.1,8.7,70795
51177,3.7,5.6,97.6,95.5,3.4,1.5,6.6,37.7,5.3,2.9,19.9,1.4,0.4,9.1,43.3,146603,38.6,,26.9,20.8,34.9,7.1,112738
51179,3.2,4.2,98.5,96.8,2.4,1.0,6.4,36.1,4.3,2.0,19.5,2.3,0.3,12.2,33.1,163466,36.3,,21.1,19.5,43.8,4.7,137807
51181,2.6,6.0,90.7,80.0,3.0,2.6,3.1,41.8,18.0,4.7,20.5,1.0,0.2,12.9,30.6,6549,50.4,,31.6,27.0,27.1,10.5,78041
51183,5.1,11.0,89.7,86.1,2.0,8.5,8.6,36.4,19.6,9.2,30.3,2.1,0.2,13.8,42.6,10765,40.8,,40.7,19.4,16.5,11.6,63530
51185,5.0,7.7,92.8,85.4,1.7,2.6,4.1,27.1,17.6,6.6,25.6,0.7,0.1,10.0,33.0,39624,45.0,,39.0,21.1,16.6,18.5,47313
51187,3.9,6.9,95.8,91.5,3.0,3.5,9.0,37.8,10.1,4.8,24.1,2.4,0.4,12.7,29.5,41531,40.5,,34.4,23.2,25.0,11.6,84682
51191,3.2,6.4,90.5,83.8,1.6,2.5,6.7,24.1,13.5,4.6,24.2,0.8,0.3,6.3,24.1,53926,46.9,,33.8,19.9,26.7,11.1,64552
51193,5.0,7.2,88.8,82.7,3.7,1.7,8.2,42.7,28.8,6.1,19.9,1.8,0.0,7.5,36.2,18826,47.7,,40.9,17.1,22.5,14.0,63398
51195,6.5,12.5,92.1,84.4,3.8,2.8,6.5,24.6,16.4,9.1,25.8,1.1,0.0,6.9,28.4,35448,41.8,,36.3,19.6,15.8,17.2,52943
51197,3.0,6.8,91.2,82.9,2.2,3.1,6.0,24.3,10.7,8.2,23.0,1.0,0.3,8.9,40.9,28188,46.0,,37.8,21.8,19.4,15.2,57745
51199,1.4,3.4,97.5,94.6,2.4,1.4,3.6,23.2,5.4,3.8,28.4,0.2,0.2,9.0,40.5,71005,39.9,,16.5,17.2,50.0,5.6,109956
51510,3.9,3.1,97.6,94.1,2.5,1.6,8.8,28.4,5.9,11.4,57.9,2.0,2.6,9.6,35.7,156976,37.7,,10.7,11.4,66.2,7.9,119681
51520,2.8,6.8,88.3,74.8,3.5,5.0,11.0,17.9,16.4,11.7,36.4,1.3,0.1,5.9,35.3,16849,43.4,,35.8,22.5,24.8,18.0,50404
51530,4.2,7.9,91.2,86.6,0.8,3.6,4.3,17.4,13.4,8.5,43.5,2.4,1.1,6.6,42.6,6593,35.9,,36.8,19.8,23.3,18.8,57833
51540,2.4,4.1,97.2,90.4,2.4,2.4,4.5,17.0,8.3,11.0,55.8,1.1,0.3,7.9,47.5,45437,33.1,,15.0,10.4,62.5,19.6,74824
51550,2.2,3.7,96.3,92.6,3.1,1.8,5.8,25.8,3.3,5.0,25.6,0.8,0.7,9.2,47.8,252583,37.9,,24.5,22.8,36.9,9.4,95373
51570,3.8,5.4,94.4,88.8,2.3,1.4,7.6,25.5,7.2,6.8,31.9,0.9,0.5,15.1,40.4,18352,38.2,,32.0,20.8,28.0,7.9,76505
51580,4.2,9.5,89.4,82.3,1.3,3.8,7.0,17.1,15.1,6.0,29.9,0.1,0.0,5.7,41.1,5680,38.0,,51.3,19.5,9.5,25.7,41944
51590,4.2,8.7,89.2,78.7,3.0,16.6,8.0,20.3,14.8,13.6,52.2,1.7,0.5,8.4,36.2,42214,40.4,,40.0,18.3,19.6,24.7,44423
51595,5.8,13.6,92.6,88.4,1.6,15.3,4.7,23.2,20.9,12.5,61.9,3.3,0.0,5.9,41.4,5547,36.6,,40.8,16.6,16.0,15.8,51899
51600,4.7,4.6,99.3,96.7,2.3,2.2,8.5,28.0,1.7,5.9,30.1,4.2,1.4,8.7,42.3,25026,36.6,,11.5,11.2,62.4,9.1,132348
51610,3.5,1.1,99.3,98.3,3.6,0.7,1.7,28.7,4.7,6.2,47.5,1.0,1.0,8.8,34.3,14710,40.5,,4.2,8.0,80.5,4.0,143262
51620,5.9,7.9,95.0,92.2,4.5,13.4,2.9,23.3,11.7,9.1,46.1,1.9,0.0,7.1,46.7,8250,38.3,,32.6,19.9,27.3,19.3,63245
51630,4.6,3.2,96.4,92.9,3.5,1.3,7.7,31.9,5.6,9.6,60.3,4.2,0.1,11.3,37.5,28873,32.1,,20.1,20.4,46.1,13.2,86071
51640,5.2,10.4,90.2,88.2,2.9,2.8,6.8,22.6,14.0,8.4,43.7,0.8,2.2,11.8,39.3,6726,42.9,,28.0,23.6,19.1,31.1,38675
51650,2.4,4.6,96.6,93.0,3.8,2.6,7.0,22.5,7.2,7.6,43.1,1.4,0.7,9.0,48.3,137557,36.8,,28.2,25.8,28.5,12.7,69621
51660,8.4,7.3,96.1,85.9,4.2,2.4,10.5,17.1,7.0,6.5,60.5,2.4,1.0,6.4,39.9,51392,25.0,,23.6,13.5,37.5,25.7,62254
51670,4.5,6.8,92.6,86.1,5.7,1.8,7.9,26.0,11.4,11.7,42.1,1.9,0.2,9.8,43.6,22959,37.5,,39.3,24.7,13.7,21.8,54729
51678,1.9,7.0,98.0,93.4,0.3,7.5,5.3,12.7,22.1,12.6,46.2,1.0,0.4,8.9,38.4,7525,22.6,,24.7,9.5,50.7,14.0,84517
51680,3.4,5.6,94.0,92.4,3.1,5.5,6.0,16.8,16.1,11.6,51.1,0.9,0.3,7.8,43.8,79497,28.6,,24.8,20.0,38.5,18.6,57947
51683,11.0,7.9,97.8,95.1,2.7,2.1,19.2,32.1,2.1,4.4,28.5,4.8,1.4,13.0,39.2,42976,34.8,,27.8,14.0,32.7,7.7,113590
51685,14.3,8.5,98.8,92.6,4.1,2.8,22.1,37.0,6.8,5.3,33.5,8.0,1.0,10.7,39.4,16798,36.5,,25.7,18.2,26.9,5.1,103250
51690,5.7,5.6,91.2,86.0,1.7,5.2,8.3,21.3,18.8,9.7,44.6,1.2,0.0,8.5,31.2,13658,38.4,,33.2,16.6,22.1,23.5,46727
51700,3.0,5.0,95.6,91.6,3.5,2.5,8.3,23.1,7.2,9.8,51.8,1.3,0.9,10.1,41.1,184216,34.4,,29.9,21.6,30.6,14.5,69634
51710,3.1,6.6,95.2,88.8,3.3,3.3,9.1,23.0,8.3,11.5,53.7,1.0,0.8,10.8,44.1,233596,32.7,,24.7,23.8,33.5,16.5,66109
51720,2.9,2.9,90.2,80.1,1.8,3.9,10.3,20.0,9.0,10.7,50.0,1.4,0.0,3.7,37.7,3577,41.3,,45.4,27.6,13.7,26.3,41495
51730,5.1,8.1,92.9,85.5,6.2,2.4,6.5,25.7,16.2,14.8,61.4,0.4,1.9,8.2,42.9,33537,35.8,,32.8,20.5,25.4,21.7,50698
51735,0.5,2.0,98.0,95.7,2.0,1.2,2.3,27.2,4.9,1.0,15.4,1.0,0.0,13.1,53.3,12639,41.2,,30.5,21.5,36.3,4.5,120972
51740,3.1,7.9,94.0,88.0,3.8,3.5,7.4,23.7,7.0,12.0,42.1,1.4,0.7,9.0,50.7,97190,35.9,,30.9,24.2,24.3,17.3,60491
51750,2.2,4.0,96.5,87.4,4.9,1.2,4.9,18.3,14.2,2.3,57.7,0.8,0.4,8.0,46.6,16726,23.3,,21.8,24.1,37.9,28.7,57348
51760,4.1,5.7,94.4,86.2,3.9,2.8,8.8,21.7,8.7,13.0,56.5,1.3,0.9,9.0,43.0,229359,34.7,,21.3,18.0,45.6,18.2,64587
51770,3.6,6.7,91.7,85.7,3.5,3.9,9.8,19.0,11.3,11.0,47.6,1.2,1.5,8.1,37.2,98355,38.3,,32.4,19.6,30.0,18.3,55378
51775,2.1,3.8,95.3,91.1,2.1,2.0,4.3,19.0,7.7,6.4,37.2,1.6,0.6,14.0,36.8,25618,40.0,,29.5,20.0,33.0,10.2,66725
51790,2.1,4.0,92.6,86.3,3.1,4.6,6.4,20.5,8.8,8.1,39.1,0.4,0.8,6.4,39.2,25948,39.9,,27.7,21.4,37.7,12.4,65581
51800,3.3,5.5,95.4,90.2,3.0,2.0,6.4,30.2,6.4,5.0,29.3,1.4,0.3,9.4,47.6,98796,38.7,,25.2,23.3,33.3,9.4,92666
51810,1.8,3.4,97.3,94.4,2.5,2.1,6.3,23.4,6.0,4.6,34.9,1.0,0.3,10.2,44.3,456349,37.9,,22.0,21.6,40.9,8.6,92968
51820,3.2,7.7,94.9,91.4,3.2,2.1,10.3,21.4,6.4,5.8,40.1,2.1,0.2,11.5,34.9,22841,38.3,,35.0,19.6,25.7,11.2,59994
51830,2.9,3.6,98.6,92.1,3.3,1.4,6.2,19.5,13.4,6.5,46.8,0.2,0.0,7.4,55.9,15798,23.7,,18.6,18.7,45.8,18.8,75604
51840,5.2,7.2,91.4,87.4,4.2,3.4,12.3,19.6,8.4,9.4,56.4,2.5,1.7,12.2,43.2,27913,36.8,,30.4,19.3,31.3,21.5,63974
53001,24.5,9.6,93.1,90.0,2.2,2.4,16.0,22.2,9.2,6.4,30.7,10.1,1.5,9.0,37.8,20800,29.3,,27.4,15.4,15.7,19.5,66136
53003,2.4,5.4,95.3,87.5,2.7,3.8,6.0,15.3,6.8,3.2,26.8,0.8,0.3,10.7,33.1,22467,46.2,,32.2,23.7,24.7,14.2,72283
53005,5.3,5.4,96.1,92.2,3.3,3.8,7.9,22.2,6.1,5.9,32.4,2.2,1.1,9.2,39.0,212905,36.3,,23.3,21.9,33.2,11.0,89874
53007,7.7,5.6,96.2,90.7,2.2,3.2,10.5,20.2,18.5,5.8,35.4,2.9,0.9,7.2,34.3,80172,40.4,,23.5,21.9,31.2,8.3,82381
53009,1.7,4.5,95.8,92.5,2.4,3.7,6.7,19.3,9.2,5.6,26.3,0.9,0.9,9.2,42.5,77813,52.1,,24.9,25.0,31.6,10.6,70370
53011,2.6,4.8,97.5,94.5,3.4,3.8,6.7,24.8,4.1,4.7,33.6,2.3,0.9,10.0,40.7,516959,39.1,,24.3,24.3,33.3,8.0,97536
53013,3.7,6.6,92.1,82.4,2.1,2.0,7.8,23.0,16.0,6.3,22.3,1.7,0.0,6.5,39.2,4014,49.6,,25.7,27.0,24.9,9.3,71810
53015,3.3,6.8,95.5,91.0,3.4,4.8,6.2,26.1,5.3,6.2,32.0,2.2,1.0,8.2,41.1,112360,41.5,,31.8,27.3,17.6,12.2,76531
53017,8.9,8.6,95.6,90.5,2.5,3.1,13.3,20.1,11.3,4.3,30.7,3.1,0.8,11.6,34.3,44366,38.9,,27.5,22.9,21.5,8.3,80363
53019,2.6,6.4,89.6,80.2,5.3,2.2,5.7,21.3,23.0,4.1,21.9,3.0,0.4,11.0,31.3,7387,52.9,,32.5,29.6,15.2,13.6,55614
53021,13.5,9.1,96.9,92.8,3.6,3.7,13.2,22.4,4.1,4.2,29.0,5.1,2.2,10.3,37.7,98902,30.9,,27.4,19.2,21.1,13.1,86714
53023,1.6,4.0,92.7,83.9,3.1,5.4,4.3,26.4,15.6,0.0,23.1,4.2,0.0,10.2,35.8,2353,47.8,,25.7,22.5,31.8,12.0,64884
53025,10.8,7.8,94.9,90.8,4.1,2.9,13.6,20.2,12.0,5.1,33.7,4.7,1.7,8.4,34.6,101799,33.7,,28.8,23.4,18.4,15.8,73267
53027,3.6,6.6,94.6,89.8,3.5,4.0,7.6,24.3,17.1,5.4,26.8,2.2,1.1,7.3,41.6,77053,44.7,,33.8,24.9,18.2,15.3,64414
53029,1.4,2.8,97.8,94.8,2.0,2.2,4.5,26.2,15.8,3.8,25.3,1.5,0.6,12.6,41.1,86836,44.8,,21.8,26.2,36.6,7.7,90551
53031,0.9,3.6,95.5,92.5,2.9,1.7,3.8,21.3,16.4,4.6,21.0,0.7,1.3,11.4,36.7,33577,59.8,,20.0,24.0,43.9,11.1,74048
53033,3.3,2.9,98.1,95.1,3.4,3.2,5.2,27.6,6.2,11.2,44.6,1.9,1.9,9.3,37.5,2287171,37.4,,14.1,15.3,56.7,8.6,124746
53035,1.4,3.3,98.1,95.3,2.6,3.0,5.1,28.4,7.2,4.3,29.9,1.4,0.6,10.3,42.5,277881,40.2,,20.9,25.3,37.9,8.2,104158
53037,1.5,5.1,96.4,90.6,3.8,2.2,5.8,23.3,19.0,4.4,38.5,1.2,1.8,10.7,47.3,47172,35.8,,25.2,22.5,37.0,14.4,73804
53039,4.1,6.2,95.7,87.9,2.7,4.0,6.4,26.7,9.8,5.2,23.3,1.5,0.5,26.9,29.5,23411,46.8,,26.3,22.5,31.2,12.9,71042
53041,3.4,5.3,94.3,87.9,3.0,4.8,6.3,28.5,9.8,4.6,24.2,2.4,0.9,11.6,38.5,85154,42.2,,31.0,26.4,21.5,12.2,74796
53043,1.9,5.7,95.1,86.9,4.2,3.9,3.4,26.4,18.6,3.8,19.6,0.9,1.3,5.5,25.1,11489,46.9,,27.0,28.6,24.2,12.5,71512
53045,2.7,6.7,95.8,91.9,3.2,4.1,6.7,36.1,23.8,3.9,17.7,2.9,1.5,7.7,38.9,67982,44.7,,29.7,26.9,21.9,12.3,83270
53047,7.3,7.4,93.6,86.9,2.5,4.0,14.9,18.4,20.8,4.2,27.6,1.8,1.2,5.2,34.0,43425,43.2,,30.0,19.5,24.7,20.7,63207
53049,3.3,5.8,93.8,89.7,2.5,3.3,5.7,23.2,32.8,5.5,18.2,1.3,1.1,7.5,36.0,23994,55.0,,29.0,26.3,24.9,10.4,67081
53051,1.8,4.4,95.4,88.7,2.9,3.1,6.1,29.8,26.7,3.8,19.2,2.8,2.3,11.4,22.9,14050,49.8,,34.5,27.0,20.9,14.4,67436
53053,2.6,4.9,97.3,94.6,3.2,4.4,5.9,31.3,5.0,5.4,35.3,2.1,1.2,10.4,42.6,930319,37.0,,26.3,23.7,30.9,8.8,99564
53055,1.3,2.8,97.8,93.8,1.9,2.1,6.0,15.8,35.6,3.6,22.0,2.5,1.7,8.1,36.5,18478,57.0,,15.6,19.4,53.9,11.3,84800
53057,3.6,4.7,96.4,93.8,2.8,3.1,6.4,26.4,8.3,3.9,29.9,3.1,1.7,11.7,42.5,131328,42.1,,25.0,24.6,30.2,11.6,89263
53059,1.5,5.3,93.4,89.3,3.0,4.5,6.5,32.9,16.0,3.3,20.0,2.5,0.9,7.4,37.0,12402,48.5,,26.2,25.6,29.8,8.1,93265
53061,2.6,4.3,97.7,94.4,3.0,3.1,6.2,30.8,4.6,4.7,31.8,2.5,1.3,11.8,41.9,844430,38.6,,22.5,21.8,38.2,8.0,111246
53063,1.8,3.4,96.1,92.0,3.3,4.5,5.1,22.5,5.5,6.8,35.5,1.4,1.0,9.5,42.6,549056,38.5,,24.2,24.9,33.1,11.7,78582
53065,1.6,6.6,94.2,86.7,2.6,3.6,5.6,29.3,15.0,4.1,20.2,2.8,1.2,9.8,32.9,48067,46.9,,30.7,26.2,22.2,12.0,69327
53067,1.8,3.5,97.4,94.5,3.0,3.7,5.0,25.8,5.0,4.7,32.3,1.5,0.5,11.6,43.8,299067,40.0,,22.0,23.2,38.5,9.5,96563
53069,2.6,3.9,97.4,85.1,1.5,1.0,4.3,33.9,6.7,4.0,16.8,0.9,0.3,10.5,66.9,4658,54.5,,25.8,28.9,21.8,17.8,62653
53071,4.7,5.8,94.8,89.1,3.6,3.3,6.9,15.1,7.8,6.2,35.0,1.5,0.9,7.2,46.9,62161,38.5,,24.1,24.7,29.8,12.1,74202
53073,2.4,3.8,97.6,93.7,3.0,4.2,5.8,21.6,9.2,6.4,36.3,2.5,1.1,10.5,49.6,230503,38.4,,20.9,23.0,39.3,12.9,81784
53075,1.0,3.0,96.4,85.4,4.3,2.3,5.5,16.5,15.3,7.3,53.2,0.8,0.2,5.0,56.9,47003,26.4,,15.7,20.8,49.8,22.7,55406
53077,13.3,9.9,94.4,89.5,4.6,4.1,12.7,20.3,5.1,5.2,38.2,5.5,1.8,7.7,36.6,257152,33.3,,30.5,18.9,19.2,15.5,70656
54001,3.9,7.6,88.8,84.3,4.1,2.1,6.5,30.1,13.6,6.5,21.7,0.7,0.3,12.7,20.8,15424,42.2,,54.4,12.9,12.5,20.0,51394
54003,2.8,6.3,96.2,92.2,3.1,3.5,5.9,30.7,5.2,5.1,24.0,1.7,0.6,13.4,34.5,129514,38.5,,36.0,20.3,25.1,11.1,80815
54005,3.7,9.7,87.9,86.8,4.1,10.5,4.6,33.4,21.9,7.4,18.7,0.7,0.4,7.3,42.3,21026,45.3,,46.9,15.8,11.5,16.2,57093
54007,5.1,10.4,86.3,79.8,4.0,2.5,8.5,33.6,23.3,10.7,23.2,1.0,0.1,10.1,26.0,12208,46.6,,51.5,14.0,14.4,20.4,50331
54009,1.5,4.7,88.3,83.1,3.4,2.6,6.0,24.8,9.5,7.6,25.4,0.1,0.2,16.6,21.2,21805,46.6,,43.1,17.6,23.4,13.1,54316
54011,2.9,6.5,93.6,86.6,2.9,3.7,6.8,21.4,14.6,10.4,35.8,0.4,0.9,10.3,46.6,92739,39.2,,29.8,18.9,32.6,19.2,55832
54013,6.3,10.8,87.9,77.4,3.6,3.3,9.0,39.8,20.7,11.9,12.9,1.0,0.0,6.3,38.6,6048,48.6,,49.7,18.4,10.1,32.9,43980
54015,4.5,10.6,85.4,84.0,5.1,4.3,5.8,45.4,25.0,10.3,24.0,3.9,0.0,7.6,59.5,7835,45.4,,54.9,10.5,11.3,26.4,42318
54017,4.5,11.0,90.3,84.4,2.4,0.7,5.5,30.0,21.1,2.8,11.2,1.8,1.1,0.0,43.9,7711,46.0,,45.0,16.7,13.9,14.8,57401
54019,3.3,9.8,88.8,82.7,2.7,4.0,8.0,30.1,16.4,8.1,22.3,0.3,0.3,10.2,42.5,39519,44.7,,46.1,14.8,15.8,19.2,53194
54021,4.0,10.6,83.2,75.8,2.4,0.9,6.7,32.2,27.7,9.5,24.4,1.2,0.0,5.7,16.3,7288,41.5,,49.2,13.2,18.5,19.0,47981
54023,4.1,6.3,85.5,83.7,1.8,4.3,4.6,25.1,22.5,8.9,18.9,1.4,0.8,9.0,43.2,10983,46.4,,54.8,13.2,14.0,13.3,62361
54025,3.7,9.0,87.5,83.6,2.1,2.3,6.3,25.2,17.4,5.9,26.9,0.8,0.2,13.2,44.2,32386,46.8,,41.5,16.1,22.2,21.8,48218
54027,3.9,7.6,88.4,82.7,4.7,1.3,6.6,41.5,31.6,6.6,17.3,0.7,0.4,8.6,18.4,23465,48.5,,45.2,17.9,18.3,13.1,63116
54029,2.8,6.2,91.6,87.7,4.9,3.3,6.4,25.0,9.7,7.4,25.5,0.7,0.0,5.6,42.5,28431,47.0,,42.4,16.3,19.9,14.5,61466
54031,3.9,11.1,86.9,83.9,4.1,8.5,7.8,29.7,28.1,8.5,22.7,1.2,0.1,7.0,22.9,14243,46.7,,45.3,15.6,15.7,17.7,49272
54033,2.2,8.0,91.3,86.4,2.2,4.0,7.5,22.4,13.7,9.5,26.4,0.8,1.2,12.4,37.9,64984,42.6,,37.2,18.0,27.2,14.4,60377
54035,4.9,5.5,82.9,77.1,2.5,4.0,6.2,28.6,10.5,11.2,21.4,0.9,0.8,5.0,42.0,27705,43.4,,38.7,18.7,19.6,18.5,58845
54037,2.6,7.3,96.3,92.4,2.5,1.9,6.0,37.1,8.0,5.9,19.7,1.5,0.3,9.4,32.0,59260,41.0,,28.9,19.0,33.9,8.7,98806
54039,2.5,6.1,92.9,88.2,3.1,3.8,4.9,21.8,15.4,9.5,28.9,0.7,0.2,10.3,37.1,176537,43.8,,36.2,18.1,29.7,15.7,60943
54041,4.2,7.4,88.5,84.2,4.6,2.6,6.5,28.5,15.2,10.2,27.8,0.3,1.2,6.9,34.7,16740,43.0,,46.8,16.0,18.9,16.1,56477
54043,5.8,12.2,87.9,84.7,2.4,11.5,5.8,33.7,20.0,10.3,25.5,0.6,0.5,7.9,35.0,19902,44.1,,48.8,17.3,8.1,23.2,46205
54045,4.6,11.6,92.2,90.4,3.9,3.3,6.5,28.4,13.6,9.6,23.0,0.3,0.4,6.3,38.0,31418,44.1,,43.7,16.4,14.7,21.8,49723
54047,8.9,15.6,86.6,85.5,2.2,3.7,8.8,36.0,30.7,10.7,22.7,0.6,0.0,2.2,48.3,17943,43.7,,50.9,14.4,6.8,34.2,31559
54049,2.5,4.7,93.2,90.1,2.8,3.5,6.7,25.7,11.2,7.6,23.3,0.9,0.3,14.2,29.5,55909,40.3,,36.6,19.6,27.2,13.6,67370
54051,1.6,5.9,89.6,85.7,2.3,3.1,5.6,24.6,15.1,7.9,21.6,0.6,0.6,3.6,47.9,29865,46.3,,41.5,17.9,20.5,16.8,59169
54053,5.3,7.5,87.8,84.7,1.8,3.1,6.1,27.5,16.2,6.1,18.2,1.3,0.0,3.7,28.7,25043,44.2,,45.7,14.4,16.3,19.4,49761
54055,3.7,7.7,91.9,86.5,1.3,2.2,4.9,24.0,17.5,6.5,27.1,1.9,0.4,12.1,38.9,58563,43.5,,38.7,18.7,22.9,16.5,53210
54057,1.3,4.4,93.8,89.1,3.5,8.0,4.9,27.3,11.1,8.7,19.0,1.3,0.3,10.4,38.6,26854,44.6,,45.5,16.2,23.7,14.0,69375
54059,6.5,14.4,90.3,86.0,4.1,3.1,6.8,34.1,19.4,12.8,26.6,0.8,0.1,7.5,37.6,22542,44.5,,45.0,17.9,9.5,32.4,38119
54061,1.6,3.7,95.7,90.2,3.0,2.6,5.3,21.0,10.6,7.6,42.1,0.3,0.3,7.2,46.9,107163,32.7,,25.3,14.5,48.9,19.7,65346
54063,5.3,7.1,88.4,80.6,2.3,5.3,7.1,37.4,26.0,6.3,13.1,0.1,1.0,4.9,36.0,12386,46.2,,50.9,15.2,15.4,14.0,56750
54065,2.9,8.1,92.5,84.7,2.2,4.2,6.1,38.2,20.6,5.1,15.9,3.3,1.1,6.5,33.6,17426,48.8,,43.2,18.8,18.0,11.2,72179
54067,3.0,6.7,90.0,83.2,2.8,2.6,5.8,33.1,24.6,6.8,17.8,0.2,0.9,6.3,26.0,24277,46.1,,44.6,16.3,23.3,15.4,54639
54069,1.7,5.6,89.5,86.6,3.5,3.1,5.1,21.1,13.2,12.0,33.6,0.4,0.0,9.2,45.6,41582,42.7,,31.9,17.5,33.9,17.7,57094
54071,3.5,7.3,85.3,79.3,3.3,5.6,6.8,29.6,36.6,3.5,15.1,0.8,0.1,4.6,25.9,6043,50.7,,50.6,15.9,18.5,16.6,64931
54073,3.1,7.5,94.0,91.4,4.7,2.2,10.4,29.0,14.1,2.6,18.6,0.8,1.0,9.6,32.1,7521,44.0,,46.5,19.0,14.1,11.6,60932
54075,2.8,11.5,80.4,74.6,5.1,3.1,6.1,22.8,53.5,6.5,16.4,0.8,0.0,2.6,36.9,7784,49.5,,45.1,14.0,19.7,22.5,42119
54077,3.8,10.0,91.1,86.4,2.6,3.4,7.9,31.1,15.6,5.7,18.5,0.9,0.1,18.9,32.5,34160,43.3,,46.7,15.9,17.5,13.8,61880
54079,1.5,4.5,93.1,87.8,1.8,2.7,5.6,27.3,6.9,5.0,18.2,0.8,0.2,8.4,35.4,57177,42.6,,36.9,17.6,29.1,10.6,79527
54081,3.6,10.4,88.1,76.3,2.4,3.0,4.2,23.6,16.2,8.9,24.7,0.2,1.3,8.6,45.5,73195,42.9,,38.0,18.2,22.5,22.8,52150
54083,3.4,8.3,87.1,83.5,3.8,1.9,7.1,21.1,18.3,7.7,25.0,1.0,0.3,9.4,35.6,27576,44.4,,47.6,15.7,19.8,15.9,52757
54085,6.9,7.9,86.7,80.7,1.1,6.4,7.8,33.0,18.8,6.8,15.8,2.1,1.6,5.6,42.9,8286,46.1,,46.0,14.7,14.4,21.6,50582
54087,5.4,10.1,83.6,76.3,3.8,4.3,7.9,32.7,20.2,10.5,21.1,0.8,0.3,7.4,45.9,13786,46.9,,51.4,12.4,15.2,19.1,45778
54089,8.5,8.3,77.3,72.3,0.8,4.1,6.6,35.1,28.5,9.1,18.8,0.0,1.7,11.5,47.3,11729,50.6,,40.8,19.1,18.8,23.8,40699
54091,2.4,9.7,88.7,84.5,4.0,2.3,5.1,27.6,11.2,9.0,16.1,0.0,0.6,12.5,32.2,16487,43.7,,42.2,17.4,20.5,13.9,57795
54093,3.8,5.6,88.0,81.8,3.1,2.2,5.3,27.4,39.0,12.1,19.1,1.6,0.0,4.3,44.2,6654,51.3,,41.7,16.9,23.6,15.3,53358
54095,4.2,5.3,93.1,86.2,3.2,4.9,7.9,31.9,19.8,5.7,15.9,0.5,0.0,4.9,42.4,8064,48.8,,44.1,20.8,15.9,20.2,63693
54097,4.0,7.4,91.3,86.1,2.8,1.3,6.3,28.1,15.3,8.2,19.3,0.6,0.2,7.9,38.2,23712,42.3,,49.1,13.6,18.2,19.2,54338
54099,3.7,8.8,91.1,85.5,2.5,4.0,4.7,25.3,13.7,9.0,21.4,1.0,0.4,14.5,30.7,38164,44.8,,37.2,20.5,19.2,14.6,58878
54101,8.5,9.9,87.7,80.6,4.0,4.8,5.8,29.6,33.9,13.0,22.7,0.0,1.2,7.0,59.9,8144,47.7,,50.7,12.9,12.9,23.3,43839
54103,2.2,6.7,89.9,81.4,2.6,2.9,3.7,29.4,16.2,7.7,16.8,1.8,0.3,9.8,27.4,14078,45.3,,44.1,18.7,17.1,16.0,56836
54105,1.6,8.6,88.1,79.2,2.4,3.0,6.9,32.3,25.1,7.9,12.2,0.9,0.7,24.7,38.9,5053,46.3,,48.6,18.7,15.5,16.8,49867
54107,2.0,6.8,92.0,86.6,3.0,3.6,6.2,20.8,11.0,7.3,24.9,0.2,0.2,10.6,38.2,83407,43.9,,35.7,20.7,24.1,14.7,57810
54109,6.4,15.6,82.4,77.0,2.2,1.8,7.0,33.1,18.9,6.8,17.5,0.5,1.0,9.0,44.8,20629,45.5,,45.1,13.5,13.1,22.6,48440
55001,2.8,7.8,91.2,84.2,2.2,1.9,4.6,30.7,44.0,4.2,13.8,0.6,0.5,9.9,29.1,21123,55.7,,40.1,22.1,17.5,14.1,59442
55003,1.3,3.2,92.4,84.8,2.3,2.5,6.4,17.8,27.7,5.8,26.6,0.9,1.9,5.9,31.1,16080,43.1,,35.1,22.3,24.5,13.4,62462
55005,3.0,5.3,92.7,85.0,1.8,2.3,6.2,20.9,17.1,4.8,22.6,1.5,0.3,15.2,29.6,46797,44.9,,34.2,19.2,23.2,11.0,65933
55007,1.2,2.8,94.1,89.8,1.9,2.3,5.3,23.3,44.3,4.2,16.1,1.4,1.0,9.3,31.4,16575,54.6,,26.3,21.7,35.0,9.8,71151
55009,2.3,4.1,95.7,92.0,1.8,2.2,5.1,19.6,3.9,5.1,34.0,1.6,0.3,10.0,31.0,270892,38.2,,29.2,18.4,33.5,9.1,79649
55011,2.2,5.1,91.6,87.8,1.8,1.8,4.2,26.5,12.3,3.3,22.5,0.4,0.1,5.5,31.4,13393,46.5,,37.4,18.5,22.1,8.4,70479
55013,1.8,4.6,91.5,85.4,2.4,2.7,6.0,28.3,53.3,4.4,14.1,0.3,0.8,13.7,29.7,16916,56.0,,38.0,21.4,22.4,12.8,62819
55015,1.4,3.5,95.8,92.9,1.5,1.7,2.6,21.8,5.0,3.1,19.9,0.9,0.1,10.1,28.6,52942,41.7,,29.5,19.1,33.0,5.9,88810
55017,2.2,4.0,93.4,89.3,1.9,1.4,4.4,23.2,7.6,4.8,25.8,0.8,0.2,9.5,32.3,66799,42.2,,34.2,20.7,24.2,10.2,74680
55019,11.3,5.7,83.8,78.6,2.4,1.9,22.5,22.2,14.2,9.8,21.5,3.3,0.9,7.5,22.9,34739,36.7,,42.1,17.2,13.0,12.1,67400
55021,2.0,4.0,93.8,88.3,2.0,2.1,5.0,26.0,10.1,4.4,23.3,1.3,0.7,7.0,28.1,58272,43.7,,30.2,25.1,26.0,7.8,85351
55023,1.8,5.4,89.9,83.0,1.7,2.7,7.0,23.1,23.5,6.0,22.8,0.7,0.7,6.4,25.5,16042,47.4,,40.2,20.6,18.3,13.8,64094
55025,1.6,2.0,97.4,92.9,1.7,1.6,3.6,20.6,3.7,8.2,42.9,0.8,0.8,9.3,38.6,572674,35.7,,17.3,14.8,55.3,10.6,89975
55027,2.3,5.0,93.8,88.9,2.4,2.3,4.1,24.1,6.8,4.1,28.7,1.1,0.1,7.7,27.2,88742,43.0,,40.3,20.4,20.3,8.5,75929
55029,1.1,2.5,95.9,89.3,1.4,1.4,3.5,16.9,38.7,2.7,21.8,0.6,0.5,14.2,29.7,30445,54.3,,25.2,22.3,37.4,7.7,74795
55031,1.0,4.5,94.9,87.8,1.9,2.8,4.0,22.0,17.2,8.0,28.1,0.4,0.3,8.3,34.9,44229,42.7,,29.8,21.6,28.4,10.8,75099
55033,1.4,4.0,95.4,89.9,3.0,2.4,4.9,23.4,8.1,3.5,33.0,1.1,0.3,6.7,32.5,45527,36.1,,33.6,18.9,29.6,10.7,74824
55035,1.7,2.3,94.1,90.1,2.0,2.3,6.2,17.9,4.7,6.4,39.0,1.5,0.4,8.2,31.3,107116,35.8,,26.2,18.0,36.8,11.8,74546
55037,1.9,5.8,93.0,84.8,2.4,1.9,5.8,20.1,52.6,2.1,9.1,0.2,0.0,6.0,28.3,4646,55.3,,35.2,18.8,25.0,7.3,61086
55039,1.9,5.0,94.5,90.7,2.0,1.8,4.1,21.2,6.2,5.6,29.3,1.0,0.5,8.8,32.3,104137,41.9,,38.3,19.4,22.3,9.2,74275
55041,2.0,7.8,89.7,84.7,1.4,2.9,7.7,25.1,54.0,5.2,18.0,1.4,0.6,4.7,27.6,9369,49.3,,36.5,25.9,16.1,15.2,61071
55043,3.3,3.3,92.7,86.1,2.0,2.7,8.0,21.1,10.6,4.9,30.2,1.0,0.7,8.1,36.6,51770,36.8,,35.0,19.0,25.6,13.0,66858
55045,2.1,4.0,91.9,87.8,2.4,1.8,3.8,24.6,4.3,4.3,24.1,1.5,0.6,5.8,27.2,37017,43.6,,33.5,20.2,27.7,7.7,82852
55047,2.8,5.8,90.2,84.1,1.6,2.2,9.0,24.7,23.1,7.8,25.5,1.4,0.3,10.0,33.9,19263,45.6,,37.0,21.9,22.8,13.8,68196
55049,1.5,3.3,93.3,88.8,2.1,2.0,3.4,27.2,8.9,4.3,22.6,0.9,0.2,11.3,25.8,23867,44.0,,32.3,21.1,28.4,7.6,82182
55051,0.9,3.9,94.0,89.6,1.3,2.7,6.1,21.9,44.1,4.2,11.5,0.9,0.3,10.9,30.6,6210,56.1,,31.6,21.8,26.0,10.5,60625
55053,2.2,5.7,91.1,84.8,2.7,2.5,6.8,25.9,15.1,5.8,19.9,1.3,0.4,6.5,32.2,20981,43.4,,43.3,21.5,15.9,12.4,68110
55055,3.1,3.9,94.6,90.6,2.4,1.4,4.8,24.8,5.5,4.6,26.9,1.1,0.2,8.9,30.0,86003,41.5,,33.3,20.4,28.5,8.1,83750
55057,1.8,8.0,92.5,83.9,2.1,3.0,5.4,24.5,25.8,4.3,21.9,1.6,0.4,9.1,26.9,26689,45.8,,39.8,21.4,16.9,13.0,67270
55059,3.1,4.9,95.1,92.4,2.9,3.5,5.7,25.1,6.5,4.9,33.3,1.7,0.6,8.7,38.6,168438,39.4,,27.7,22.4,31.2,10.5,81239
55061,1.5,4.1,92.5,87.4,1.0,0.9,3.9,24.1,10.8,2.8,13.5,1.0,0.1,9.5,25.9,20664,44.6,,38.2,18.3,21.9,7.6,82725
55063,1.4,2.1,94.2,89.9,2.1,2.2,4.4,18.7,4.7,7.0,37.8,0.6,0.4,8.1,35.5,120488,37.5,,23.3,22.8,36.5,12.4,73013
55065,4.4,4.1,88.5,82.2,1.9,1.8,10.5,24.7,6.5,5.0,19.8,1.9,0.1,10.6,27.3,16942,40.8,,37.1,19.0,22.6,11.9,76462
55067,2.8,6.2,91.5,87.1,2.0,1.4,5.1,23.0,27.3,6.2,23.1,0.5,0.5,5.6,41.9,19490,48.7,,40.8,20.9,17.0,13.5,55878
55069,2.5,5.1,92.7,86.2,1.8,2.3,4.7,22.5,21.8,4.7,20.5,0.7,0.4,12.8,39.2,28426,49.3,,39.7,20.1,19.6,10.6,68164
55071,2.7,4.9,93.1,89.2,1.6,2.0,4.1,20.3,7.6,5.3,22.9,1.0,0.5,4.9,26.2,81406,45.1,,36.1,21.2,22.6,9.6,69148
55073,3.0,3.7,94.2,90.0,1.9,1.9,5.8,19.1,5.0,4.8,26.7,1.0,0.3,10.2,31.9,138403,41.3,,33.0,18.7,28.1,8.7,77884
55075,2.1,4.8,92.2,87.3,1.9,2.4,4.2,21.1,35.4,3.9,18.4,0.8,0.5,5.7,25.7,42046,48.7,,37.2,22.4,19.8,9.8,63809
55077,1.6,6.3,92.5,88.9,1.5,4.6,5.5,28.9,28.9,4.6,18.8,1.8,0.3,10.3,28.9,15746,50.7,,43.2,22.7,16.2,13.1,65681
55078,2.1,3.1,93.0,91.2,5.1,0.9,20.5,21.5,35.7,5.0,24.5,12.6,2.1,8.2,34.9,4252,34.3,,44.6,20.6,18.1,21.7,62108
55079,4.2,6.3,94.6,89.6,3.1,2.3,7.2,22.2,8.0,12.5,50.1,1.8,0.7,8.3,40.1,926331,35.5,,27.5,19.3,34.7,17.2,64435
55081,4.8,4.4,90.6,87.1,2.0,1.8,8.9,20.3,8.6,8.3,27.2,2.2,0.6,9.6,30.0,46208,39.7,,35.3,22.2,21.3,11.7,69467
55083,1.5,5.0,93.1,88.9,1.2,1.4,3.5,28.0,30.2,3.4,15.0,1.0,0.4,9.4,32.4,39589,47.5,,39.4,19.7,18.9,8.2,75049
55085,1.0,3.1,93.7,88.2,1.1,1.1,4.2,21.6,43.2,4.3,17.7,0.6,0.5,11.2,32.4,38167,52.7,,29.3,25.2,28.7,8.5,69371
55087,1.9,3.1,95.3,92.8,1.9,1.2,4.0,20.5,3.1,4.1,28.5,1.1,0.5,8.8,28.0,192826,38.9,,30.6,18.0,32.7,6.3,85069
55089,0.7,1.5,96.8,93.5,1.8,1.3,2.5,22.8,3.9,3.9,27.1,0.4,0.3,8.4,35.0,92966,43.9,,20.8,17.2,51.2,5.0,96996
55091,2.9,3.0,92.6,85.8,1.9,0.8,9.1,25.2,15.5,3.6,17.0,0.9,0.4,4.5,41.7,7431,46.0,,37.1,19.8,23.0,10.2,75256
55093,0.6,3.1,95.7,92.2,2.2,3.0,3.1,26.8,7.5,2.7,25.0,0.7,0.4,6.7,32.4,42584,38.8,,28.9,20.8,33.5,9.8,92109
55095,1.4,4.5,94.5,88.3,2.1,2.1,6.2,29.8,20.4,3.7,19.0,1.0,0.4,8.0,28.5,45555,46.7,,33.3,22.5,24.3,8.2,77219
55097,2.0,3.5,95.4,92.5,2.1,2.6,4.8,19.5,6.5,3.9,30.3,1.1,0.3,6.6,32.5,70832,38.0,,30.3,17.4,34.0,10.1,76070
55099,1.3,4.8,90.5,84.2,1.5,2.6,5.8,24.1,39.6,5.3,18.1,1.4,0.5,8.0,28.1,14092,52.6,,42.3,20.3,17.9,11.9,60546
55101,2.6,4.9,95.2,91.1,2.8,3.2,5.7,23.9,6.1,5.2,29.0,1.2,0.3,7.2,35.8,197532,40.5,,30.1,22.4,28.4,10.3,78096
55103,3.2,4.1,87.8,81.4,2.2,1.9,7.0,24.4,15.0,6.7,26.1,1.4,0.8,13.6,23.1,17205,46.6,,42.7,17.7,21.2,14.5,66420
55105,2.4,4.9,95.5,90.3,2.5,2.2,5.5,23.8,5.5,6.0,28.8,1.2,0.2,8.0,35.0,164350,40.3,,33.3,21.6,25.8,9.3,75673
55107,2.1,5.0,90.0,84.9,3.0,1.7,5.7,26.9,26.6,5.4,22.1,1.4,0.6,8.4,34.4,14179,49.2,,42.5,20.5,16.9,13.1,59944
55109,1.0,2.1,96.5,93.4,1.8,1.4,4.1,27.0,3.7,3.3,21.7,0.7,0.1,4.1,30.3,96033,40.4,,25.2,19.4,39.5,6.6,103046
55111,3.0,4.4,94.3,88.5,1.5,2.6,6.0,23.0,11.1,5.1,27.6,1.6,0.2,8.1,31.8,66009,41.6,,31.2,20.8,27.3,8.1,79541
55113,2.1,4.2,92.7,85.7,3.1,2.7,6.5,21.7,45.8,4.3,23.3,2.4,0.3,10.1,24.8,18476,52.8,,32.3,22.5,27.4,15.6,60801
55115,2.1,4.4,90.2,85.5,1.6,2.0,6.1,22.8,16.6,6.3,22.5,1.0,0.7,9.6,32.6,41039,45.6,,44.3,17.9,19.1,11.1,66479
55117,2.5,4.0,95.1,91.2,1.8,1.5,4.0,18.2,6.3,5.2,28.5,1.2,0.3,7.9,26.1,117991,41.7,,33.6,20.6,27.5,8.5,73094
55119,3.6,5.0,89.7,83.9,1.6,2.0,7.4,22.0,15.6,5.1,20.3,1.4,0.1,11.9,23.1,20024,44.2,,45.1,18.0,17.0,9.6,69350
55121,3.8,5.4,91.2,87.1,1.5,0.8,8.7,23.3,6.7,4.7,26.0,1.0,0.3,6.1,29.2,30839,39.9,,36.5,18.5,20.9,9.9,76313
55123,6.0,3.7,87.1,80.4,1.5,2.4,15.0,24.1,11.7,9.1,19.7,2.0,0.6,10.8,24.5,31049,41.9,,34.0,18.7,24.9,13.1,71893
55125,0.9,2.5,93.8,87.9,2.1,1.9,5.6,19.5,55.2,3.8,16.0,0.7,0.7,7.1,22.9,23647,55.7,,31.1,22.9,30.9,11.1,68431
55127,2.8,4.2,95.7,88.7,1.9,1.5,5.7,23.9,20.4,3.9,29.4,1.3,0.5,8.4,33.9,105657,41.4,,28.9,21.5,32.4,9.4,80520
55129,1.6,4.4,92.8,86.8,2.1,2.4,5.3,22.9,41.1,4.3,17.8,1.2,0.3,16.7,32.5,16854,52.7,,36.1,20.1,25.5,11.5,63441
55131,1.0,3.2,95.5,92.8,1.7,1.0,2.8,26.4,3.9,3.7,21.9,0.7,0.1,10.8,35.6,137879,43.8,,28.3,20.2,35.2,5.8,96359
55133,0.8,2.0,96.5,94.0,1.5,1.1,3.1,22.6,3.9,3.5,24.0,0.6,0.3,9.2,35.6,411762,43.5,,20.4,18.2,48.9,5.2,106076
55135,2.0,5.5,92.7,86.8,1.7,2.3,5.9,24.9,12.5,5.9,24.7,0.8,0.2,9.9,35.8,51569,45.3,,42.9,17.8,20.5,10.4,72830
55137,3.2,6.7,89.8,85.1,2.1,1.9,9.1,28.9,28.8,5.1,15.8,0.9,0.5,7.9,31.7,24868,50.2,,41.1,20.5,17.7,10.9,67107
55139,1.4,4.2,95.7,91.6,1.4,2.2,4.5,19.4,6.0,5.5,34.2,0.9,0.5,9.2,32.0,171769,38.7,,31.0,19.9,31.1,11.3,74925
55141,1.5,4.0,93.3,89.8,2.5,4.4,4.5,20.7,7.2,5.5,27.4,1.1,0.2,7.8,30.2,74004,43.8,,37.9,20.2,21.4,10.8,67989
56001,1.4,1.4,96.8,89.3,2.6,0.8,7.3,15.3,9.4,5.6,50.0,0.7,0.4,7.1,44.0,38249,28.6,,14.4,18.8,55.0,20.9,61917
56003,3.3,7.7,94.6,86.7,1.9,1.0,13.2,18.7,17.0,2.8,24.1,1.9,0.3,9.2,32.8,11828,41.7,,32.4,23.4,22.8,12.7,62101
56005,2.9,5.1,95.6,91.6,2.4,0.8,13.2,21.2,10.2,3.7,22.3,0.4,0.3,7.7,42.2,47240,36.3,,32.6,25.0,23.3,9.4,89869
56007,3.6,5.7,93.7,89.6,2.9,1.0,12.2,16.4,25.7,6.1,23.7,0.2,0.2,5.1,25.6,14463,40.6,,32.0,24.2,24.4,12.2,70511
56009,1.4,3.9,93.2,84.0,2.7,1.0,12.1,21.5,13.2,5.2,22.7,0.8,0.0,17.2,18.4,13762,42.1,,32.2,26.3,24.9,10.6,81558
56011,2.5,4.5,94.3,85.1,0.4,0.7,11.4,24.7,21.1,2.4,21.9,1.4,1.5,0.0,23.8,7455,44.1,,31.9,22.7,24.5,6.0,79637
56013,1.1,5.1,94.1,88.8,4.5,2.2,17.5,17.2,13.9,4.4,29.9,3.2,0.8,8.9,28.8,39533,39.7,,31.6,24.7,26.5,12.8,64904
56015,2.0,3.9,91.2,80.2,1.9,2.5,11.7,15.5,11.2,5.8,26.8,1.5,1.1,12.1,35.7,12605,42.8,,31.1,28.9,23.0,14.7,58929
56017,1.4,3.2,94.9,91.0,1.6,1.6,11.8,13.8,13.0,3.3,27.3,0.0,0.0,8.1,37.2,4620,43.3,,27.9,26.1,26.7,14.7,61250
56019,3.6,2.3,95.1,86.3,1.8,2.1,9.3,16.7,15.6,2.7,17.7,0.3,0.5,15.5,24.0,8686,47.3,,26.9,25.9,30.3,9.1,64871
56021,1.7,3.3,95.8,91.7,2.3,2.0,9.5,17.8,5.2,5.0,29.4,0.7,0.3,13.1,34.3,101060,38.5,,24.1,23.8,33.1,8.9,80173
56023,0.9,3.6,95.9,84.1,1.3,1.1,11.9,25.4,16.5,3.5,23.0,1.9,2.2,1.2,29.0,20486,42.7,,30.7,28.9,26.0,7.5,89330
56025,2.3,4.2,95.4,91.3,2.7,1.8,10.7,19.0,9.2,4.5,26.3,1.4,0.7,7.6,36.9,79977,38.4,,28.1,25.3,27.7,9.6,72156
56027,1.0,4.0,94.8,82.4,1.4,0.0,5.9,14.6,16.6,0.8,38.2,0.3,0.0,5.6,19.4,2368,54.9,,33.2,32.1,19.4,12.0,64113
56029,1.1,3.9,96.5,89.6,1.4,1.1,10.9,16.6,11.1,2.7,24.7,0.5,1.0,10.8,30.7,30449,44.9,,22.3,22.1,36.0,8.9,73035
56031,3.1,4.1,93.0,80.7,2.4,3.0,21.5,15.8,17.9,1.9,23.9,0.2,0.2,1.9,32.0,8612,47.0,,33.0,29.7,20.7,7.7,67718
56033,1.4,2.4,93.5,90.3,1.4,1.6,9.3,15.8,10.5,4.2,29.3,0.5,0.8,13.1,34.7,32055,42.7,,31.7,22.3,31.1,10.2,71388
56035,1.9,2.4,99.3,82.8,1.5,1.8,8.0,24.6,30.1,1.8,16.4,2.1,0.6,22.0,26.1,8838,43.5,,20.1,30.3,32.3,6.9,83597
56037,2.2,5.0,95.6,88.8,3.7,1.9,12.8,23.8,9.3,2.8,25.4,1.4,0.2,6.3,35.1,41542,37.9,,31.2,27.4,20.9,12.9,75034
56039,2.2,0.9,99.0,94.0,1.4,0.8,9.3,15.3,28.0,2.0,41.7,3.5,2.4,4.8,23.2,23396,40.2,,15.9,16.9,61.1,5.7,124172
56041,2.0,3.8,95.1,92.3,2.1,1.1,10.7,20.4,13.3,4.0,23.4,3.4,0.5,14.2,17.3,20644,37.1,,33.1,27.6,22.9,9.2,82980
56043,2.4,6.0,90.5,84.7,1.7,1.4,12.8,13.3,11.9,3.2,25.8,1.2,0.6,7.2,37.2,7703,44.4,,29.9,27.9,23.5,8.8,65714
56045,1.3,7.8,93.5,82.2,0.6,0.3,13.8,30.2,16.4,3.5,13.2,1.1,0.0,23.9,19.8,6826,44.0,,34.8,24.0,20.1,9.0,89509
72001,,,,,8.2,33.3,4.9,25.0,23.5,11.4,32.3,0.7,0.4,11.1,36.5,17960,45.1,,31.9,8.1,17.9,60.9,19549
72003,,,,,2.0,3.0,5.1,21.0,26.5,12.5,26.1,1.3,0.5,10.0,32.2,37758,46.7,,24.7,7.5,23.4,46.5,21501
72005,,,,,6.1,4.0,4.6,20.8,22.5,14.9,44.1,0.3,0.9,10.4,33.7,54137,45.2,,30.9,11.3,28.1,44.8,21540
72007,,,,,2.2,2.9,3.2,33.0,18.5,13.6,35.6,1.7,0.3,5.3,34.8,23614,44.8,,33.3,8.9,22.3,45.5,23072
72009,,,,,2.6,3.2,2.6,23.2,10.5,15.8,24.8,0.9,0.0,9.4,35.7,24636,47.8,,36.8,9.1,23.5,46.6,21744
72011,,,,,2.9,2.4,5.6,24.0,24.7,9.1,28.8,0.5,0.0,8.7,33.6,25094,45.7,,28.8,7.3,22.4,42.9,24436
72013,,,,,6.2,3.5,6.1,25.5,22.7,12.8,34.6,0.7,0.6,5.0,35.2,86467,45.5,,28.9,12.9,27.9,41.3,23635
72015,,,,,2.9,3.8,5.1,27.9,19.6,12.7,24.0,2.0,0.4,6.2,45.3,15341,43.4,,30.2,12.2,25.4,52.1,21186
72017,,,,,5.2,4.5,5.2,25.8,16.2,8.8,25.9,0.0,0.8,14.0,49.5,22494,43.3,,30.9,10.8,24.8,41.9,24508
72019,,,,,5.7,3.1,2.6,31.8,15.4,9.2,33.3,4.3,0.2,1.3,37.0,29054,40.1,,31.7,13.4,23.5,48.5,23407
72021,,,,,3.5,1.9,6.3,29.5,15.6,11.9,29.9,0.9,0.5,8.1,48.3,182469,44.4,,23.0,16.8,33.0,34.3,31354
72023,,,,,6.2,3.5,4.1,25.9,33.0,10.2,24.4,2.0,0.3,10.3,44.8,46876,47.1,,22.6,14.4,29.3,38.4,26408
72025,,,,,4.1,3.0,6.0,28.5,16.9,11.8,32.9,1.3,0.4,9.4,45.8,125586,44.5,,26.0,12.6,35.7,35.7,31379
72027,,,,,1.4,1.6,5.0,28.4,15.7,11.0,24.1,0.7,0.4,7.0,41.3,32734,45.8,,25.9,7.7,22.8,37.8,27411
72029,,,,,8.0,1.9,8.6,34.8,15.3,9.3,27.3,5.9,0.2,5.5,46.7,41816,43.3,,28.8,11.2,27.9,33.2,29642
72031,,,,,5.5,1.9,6.6,30.0,19.0,9.6,32.0,2.7,0.9,8.5,41.2,152204,45.3,,26.8,11.9,36.0,27.9,36958
72033,,,,,4.4,2.2,6.1,25.0,18.0,20.7,40.5,1.1,0.8,10.5,31.7,22467,43.9,,33.2,12.1,23.2,42.2,25508
72035,,,,,2.2,3.2,5.1,27.6,17.3,14.8,37.3,0.7,0.1,3.5,37.1,40917,45.6,,33.0,9.5,29.4,37.3,30129
72037,,,,,4.0,2.4,6.7,24.5,41.1,9.7,24.5,1.8,0.7,0.0,42.9,10995,46.9,,40.2,8.0,22.9,40.3,25454
72039,,,,,4.1,10.9,6.5,29.4,22.5,13.4,27.7,0.9,0.5,14.4,34.3,16805,45.9,,27.7,15.6,16.8,54.3,22586
72041,,,,,2.7,1.7,5.0,28.1,13.2,9.4,33.7,2.0,0.1,11.6,23.1,39643,43.9,,34.1,8.7,27.2,34.7,29246
72043,,,,,3.0,2.6,3.9,25.8,17.4,11.0,24.2,2.4,0.0,8.0,44.6,33998,46.1,,40.1,9.4,23.4,50.2,22045
72045,,,,,6.2,2.5,3.9,30.1,24.1,18.5,34.5,1.2,0.0,7.1,48.8,18711,42.1,,29.5,15.6,18.3,52.8,17134
72047,,,,,2.8,1.3,4.9,33.0,17.6,11.8,24.7,3.4,0.7,2.1,45.8,34444,43.3,,29.1,15.9,21.1,43.1,23797
72049,,,,,0.0,1.5,10.2,12.9,66.0,18.9,32.6,5.0,1.3,14.0,8.0,1387,45.2,,46.7,14.5,18.1,25.7,29630
72051,,,,,5.4,2.5,5.7,33.9,22.4,9.7,21.2,2.2,0.3,7.0,33.2,35810,42.9,,22.6,12.2,40.8,27.5,36391
72053,,,,,7.4,1.7,6.0,26.1,31.8,12.5,33.3,1.7,0.4,9.4,46.2,31489,44.9,,32.8,12.8,28.8,40.4,25563
72054,,,,,8.5,2.5,4.4,25.3,8.9,12.2,26.8,0.6,0.3,26.5,38.7,11532,41.4,,31.4,13.4,22.3,49.0,22332
72055,,,,,9.7,10.8,5.7,19.5,36.7,10.8,31.3,1.4,0.9,10.9,44.6,12855,45.9,,38.6,8.4,15.8,63.6,17633
72057,,,,,1.7,3.3,3.9,25.7,16.8,14.9,31.7,1.8,0.2,9.4,32.7,35298,41.5,,34.2,11.2,25.2,49.0,20402
72059,,,,,6.9,34.7,3.2,25.8,24.0,13.6,28.2,1.2,0.0,14.4,31.3,17141,44.5,,28.7,8.3,24.1,46.4,23915
72061,,,,,3.1,2.1,3.8,24.5,14.7,9.6,27.6,0.9,0.3,10.1,33.3,89378,47.0,,16.9,11.0,50.5,24.3,46731
72063,,,,,5.8,1.8,6.5,36.0,12.0,9.8,22.8,1.6,0.4,9.4,30.9,40228,42.3,,24.1,12.9,37.2,29.0,42216
72065,,,,,3.1,3.8,5.6,26.1,21.6,7.4,28.3,1.6,0.2,5.2,40.6,38157,45.8,,25.6,6.6,31.4,37.2,28146
72067,,,,,4.8,3.2,4.9,23.5,20.3,11.1,27.5,1.8,0.3,8.3,41.8,15441,50.2,,29.6,11.9,30.4,37.0,26828
72069,,,,,2.0,2.2,4.2,27.4,27.0,13.6,25.8,1.4,0.7,9.9,35.1,50100,47.3,,35.7,8.5,27.6,38.2,27038
72071,,,,,3.7,3.1,5.8,26.1,31.6,10.8,33.6,0.1,0.1,10.4,41.1,42890,45.1,,30.6,9.5,24.0,43.6,23266
72073,,,,,6.1,10.9,3.4,20.0,19.0,14.7,38.0,1.6,1.0,14.4,36.6,14566,43.0,,34.6,17.8,21.4,46.9,21796
72075,,,,,7.5,2.2,5.6,27.9,17.3,12.6,21.5,3.5,0.4,15.9,38.9,46156,43.0,,27.2,9.8,28.5,44.1,24852
72077,,,,,4.6,2.4,5.3,29.0,14.7,10.0,29.6,1.3,0.0,8.8,43.0,36829,41.5,,31.3,11.2,23.6,34.6,29863
72079,,,,,7.1,3.9,4.9,22.9,29.7,12.2,30.2,1.3,0.0,10.0,37.8,23035,48.5,,28.1,12.4,22.1,52.6,19695
72081,,,,,5.6,3.8,5.4,30.7,16.6,12.3,37.0,1.2,0.9,8.1,42.9,27855,45.5,,23.9,13.5,21.3,55.4,18917
72083,,,,,2.2,3.0,2.6,25.1,25.1,11.8,26.3,2.2,0.6,19.8,35.8,8744,44.9,,37.5,2.8,15.0,57.8,16314
72085,,,,,2.8,1.3,5.8,29.3,17.1,8.9,25.9,2.3,0.4,5.9,48.8,34951,43.3,,23.9,17.0,29.4,38.7,25232
72087,,,,,9.4,3.6,6.4,32.4,22.9,19.0,30.1,3.5,0.9,9.4,44.1,22768,44.1,,35.6,9.1,19.0,42.8,24272
72089,,,,,8.7,4.9,7.9,29.5,35.6,13.0,31.1,1.9,0.8,8.0,44.4,17532,45.5,,33.4,10.8,24.2,44.8,24225
72091,,,,,5.6,2.8,9.9,28.5,20.3,15.7,24.9,2.7,0.6,8.5,40.3,38943,45.3,,27.9,11.2,24.5,42.3,22683
72093,,,,,0.0,4.0,0.2,22.2,30.6,8.8,21.2,3.0,0.0,11.2,25.0,4988,47.7,,31.3,7.1,13.4,52.9,21302
72095,,,,,4.4,3.6,5.7,30.1,19.5,17.1,26.4,6.9,0.0,5.0,55.8,10399,48.8,,30.7,14.8,14.4,54.6,18045
72097,,,,,8.5,5.2,3.6,21.7,29.3,17.7,50.2,1.5,0.4,8.0,52.3,70828,43.3,,29.4,11.7,27.3,53.3,18295
72099,,,,,8.2,3.7,4.3,27.0,21.0,9.9,36.7,0.8,0.9,9.4,38.0,37424,43.4,,31.6,8.1,24.7,45.9,23586
72101,,,,,4.9,4.2,7.5,31.4,14.2,12.0,26.5,0.8,0.4,11.1,36.1,28397,43.1,,29.9,11.4,22.4,44.9,25003
72103,,,,,3.0,2.2,3.6,32.1,26.3,10.9,26.9,4.3,0.3,12.8,43.8,23054,40.0,,38.0,6.3,22.8,46.3,23395
72105,,,,,5.0,2.5,5.9,38.7,19.2,14.5,30.6,3.9,0.2,7.9,37.0,29310,43.8,,30.6,11.0,19.4,51.1,22156
72107,,,,,4.2,3.5,3.9,39.2,23.7,14.9,29.6,3.2,0.6,7.4,40.8,21309,42.9,,31.5,10.9,19.7,50.4,20302
72109,,,,,3.0,3.3,4.5,29.4,22.1,12.5,30.7,2.1,0.7,8.8,49.6,15563,49.5,,29.7,15.6,22.3,48.9,24396
72111,,,,,4.8,34.5,4.3,26.1,20.3,9.6,30.4,2.4,0.6,8.6,32.7,19853,41.7,,27.8,7.1,25.1,52.3,22697
72113,,,,,6.1,3.1,4.5,23.6,19.9,15.6,32.7,2.5,0.4,11.2,44.1,132760,44.5,,29.4,12.0,29.6,49.7,19877
72115,,,,,3.2,1.2,3.9,28.6,24.2,8.9,29.4,2.2,0.0,8.4,42.9,23409,45.1,,26.7,7.9,20.1,45.1,24640
72117,,,,,3.2,2.9,6.0,23.2,37.6,10.2,28.9,1.1,0.8,12.1,38.7,15378,50.1,,25.6,7.3,23.4,46.1,24447
72119,,,,,7.9,3.0,7.2,36.9,26.7,11.9,28.9,2.4,0.9,7.9,52.7,46051,44.7,,29.2,10.9,26.7,33.8,28943
72121,,,,,4.5,5.2,5.4,25.9,28.9,11.2,23.6,2.1,0.2,15.7,35.8,22407,45.6,,37.7,8.3,28.5,44.0,22065
72123,,,,,3.0,2.0,5.7,26.6,22.4,13.3,22.8,2.1,0.5,2.7,39.5,25079,43.7,,40.4,10.7,19.8,47.9,21901
72125,,,,,2.8,2.3,5.0,26.4,27.0,15.8,35.0,2.5,0.1,12.5,39.7,31305,47.4,,31.8,6.5,26.5,49.6,18317
72127,,,,,6.4,2.9,8.7,24.0,23.6,20.8,47.2,1.2,0.8,8.0,45.3,336160,45.8,,21.3,10.2,42.5,38.8,27992
72129,,,,,3.2,2.7,5.0,30.4,14.5,13.1,28.0,3.7,0.1,4.6,49.4,37431,45.0,,24.5,15.9,22.0,43.4,22847
72131,,,,,5.0,3.1,4.7,25.9,23.9,9.6,25.3,1.6,0.0,11.1,42.6,39088,47.0,,25.2,11.9,21.7,49.7,19920
72133,,,,,2.8,2.0,4.0,27.0,21.0,11.4,22.1,1.2,0.0,9.7,39.4,19903,41.6,,34.3,9.8,30.3,41.8,25795
72135,,,,,3.9,3.7,6.7,38.8,13.5,5.5,19.5,2.4,0.2,6.8,54.3,66320,41.9,,27.0,12.7,31.2,32.8,35241
72137,,,,,4.5,2.2,6.4,32.1,18.2,9.2,30.9,1.5,0.5,5.5,35.8,73039,43.4,,26.7,15.4,28.6,32.4,32017
72139,,,,,4.3,1.7,4.8,31.4,11.3,7.2,25.5,1.4,0.3,7.9,37.8,67088,44.0,,18.6,15.7,41.3,27.7,40055
72141,,,,,9.0,16.7,5.2,32.4,17.0,12.4,34.7,2.0,0.3,6.8,32.8,27621,47.0,,26.7,15.4,22.0,50.3,20800
72143,,,,,7.4,3.6,4.1,31.2,17.8,11.2,30.5,2.6,0.9,1.5,52.4,34921,42.4,,28.1,12.6,25.7,40.8,25538
72145,,,,,4.8,2.5,6.9,29.8,20.1,11.5,25.2,3.3,0.5,6.3,43.1,53892,44.7,,27.3,13.0,25.9,41.1,24244
72147,,,,,2.7,3.0,7.6,13.4,43.2,17.9,33.2,3.6,1.7,7.5,28.5,8078,46.5,,46.4,3.2,12.3,59.1,19803
72149,,,,,4.8,1.9,2.6,28.0,19.5,12.5,22.1,3.4,0.3,6.4,35.0,21556,44.0,,31.8,12.2,23.4,38.9,26286
72151,,,,,3.2,3.9,5.0,27.3,16.8,14.8,29.3,2.3,0.6,10.7,47.3,29400,47.4,,26.6,19.1,19.3,47.7,22944
72153,,,,,5.1,12.3,4.8,21.2,24.0,11.4,27.0,1.0,0.1,11.0,36.5,32993,47.6,,31.8,9.1,28.4,41.9,24255
