county_fips,education_less_than_9th_pct,education_9th_to_12th_no_diploma_pct,digital_with_computer_pct,digital_with_broadband_pct,unemployment_pct,public_assistance_pct,uninsured_pct,mean_commute_minutes,housing_vacancy_pct,housing_no_vehicle_pct,housing_renter_pct,housing_crowded_1_01_to_1_50_pct,housing_crowded_1_51_plus_pct,housing_rent_30_to_34_9_pct,housing_rent_35_plus_pct,population_total,median_age_years,education_high_school_pct,education_college_pct,education_bachelors_or_higher_pct,poverty_pct,median_household_income,county_name,state_abbr,state_name,places_year,prevalence_type,places_asthma_pct,places_cholesterol_screening_pct,places_copd_pct,places_diabetes_pct,places_heart_disease_pct,places_obesity_pct,places_physical_inactivity_pct,places_poor_mental_health_pct,places_poor_physical_health_pct,places_routine_checkup_pct,places_smoking_pct,places_stroke_pct,places_uninsured_pct,state_fips,tract_count,population_2020_sum,households_without_vehicle_count_sum,snap_households_count_sum,driving_low_access_population_beyond_1mi_10mi_count_sum,driving_no_vehicle_households_beyond_1mi_count_sum,driving_snap_households_beyond_1mi_count_sum,straight_low_access_population_beyond_1mi_10mi_count_sum,straight_no_vehicle_households_beyond_1mi_count_sum,straight_snap_households_beyond_1mi_count_sum,urban_tract_count,low_income_tract_tract_count,driving_low_income_low_access_tract_count,driving_low_vehicle_access_tract_count,straight_low_income_low_access_tract_count,straight_low_vehicle_access_tract_count
01001,1.5,7.2,96.6,93.2,1.3,1.0,7.3,27.9,8.5,4.1,22.9,1.4,0.3,2.8,31.8,59947.0,39.0,33.7,21.2,29.1,11.3,72481.0,Autauga,AL,Alabama,2023.0,Crude prevalence,10.0,86.8,7.4,13.3,6.7,39.8,27.0,17.0,13.7,81.0,14.5,3.7,8.8,1.0,17.0,58805.0,947.0,2116.0,9950.0,601.0,1402.0,2597.0,435.0,1033.0,9.0,4.0,1.0,2.0,0.0,2.0
01003,2.3,5.9,94.9,90.6,1.8,1.0,8.3,27.0,25.5,2.7,22.4,1.2,0.5,8.5,38.7,246989.0,43.9,27.1,21.3,33.7,10.1,78775.0,Baldwin,AL,Alabama,2023.0,Crude prevalence,9.3,87.9,7.5,13.4,7.5,35.2,25.4,15.1,13.2,80.7,13.0,3.8,8.3,1.0,43.0,231767.0,2644.0,6568.0,55259.0,1433.0,4080.0,31066.0,926.0,2988.0,22.0,8.0,5.0,5.0,4.0,3.0
01005,7.0,14.9,90.2,75.5,3.5,1.9,10.3,27.1,22.4,10.5,31.8,1.3,0.4,9.4,27.3,24643.0,40.8,37.9,19.7,10.6,21.4,46042.0,Barbour,AL,Alabama,2023.0,Crude prevalence,10.8,84.2,11.1,19.6,9.5,46.8,36.2,18.5,17.4,81.4,20.2,5.8,14.3,1.0,9.0,25223.0,958.0,1943.0,2783.0,502.0,1109.0,889.0,390.0,864.0,2.0,7.0,2.0,3.0,0.0,2.0
01007,5.7,12.0,91.9,82.9,6.0,8.5,6.9,31.7,15.6,5.4,20.8,1.0,0.8,13.6,46.4,22130.0,41.2,42.5,20.3,11.7,22.5,52541.0,Bibb,AL,Alabama,2023.0,Crude prevalence,10.4,83.6,10.2,16.2,8.5,43.9,33.3,18.9,16.7,79.2,19.7,4.7,12.6,1.0,8.0,22293.0,418.0,1592.0,567.0,329.0,1111.0,19.0,300.0,964.0,0.0,7.0,0.0,2.0,0.0,1.0
01009,5.6,11.2,93.5,85.0,2.9,2.4,10.3,35.8,11.0,4.0,19.0,1.5,1.0,5.5,36.8,59518.0,41.3,35.9,20.5,15.8,12.9,64190.0,Blount,AL,Alabama,2023.0,Crude prevalence,9.9,85.0,9.1,13.8,8.0,36.1,29.1,17.5,15.4,79.5,16.6,4.1,11.5,1.0,16.0,59134.0,897.0,2731.0,178.0,681.0,2215.0,0.0,546.0,1828.0,0.0,5.0,0.0,3.0,0.0,3.0
01011,10.8,14.4,84.2,68.1,3.0,0.2,11.8,31.8,19.5,10.0,33.4,3.2,0.9,2.9,48.4,10058.0,43.0,42.9,17.6,8.1,33.3,31310.0,Bullock,AL,Alabama,2023.0,Crude prevalence,11.5,82.6,13.0,24.6,10.7,51.3,44.2,20.1,19.7,82.1,24.7,7.3,17.7,1.0,4.0,10357.0,367.0,1255.0,712.0,247.0,893.0,243.0,226.0,823.0,0.0,4.0,1.0,1.0,0.0,1.0
01013,4.7,8.4,91.7,82.7,3.3,1.3,12.3,25.0,23.1,5.9,34.2,0.4,0.3,10.5,35.2,18630.0,42.7,45.7,18.3,13.5,22.4,44755.0,Butler,AL,Alabama,2023.0,Crude prevalence,10.9,86.1,10.3,18.9,9.1,40.4,37.1,18.3,16.6,82.8,18.3,5.5,11.3,1.0,9.0,19051.0,451.0,1312.0,1199.0,257.0,800.0,781.0,221.0,682.0,2.0,7.0,1.0,1.0,1.0,1.0
01015,4.1,9.5,94.3,87.3,3.3,2.0,10.2,25.2,15.6,6.4,29.7,1.1,0.4,8.0,36.9,116090.0,39.3,34.5,22.5,20.6,17.9,55029.0,Calhoun,AL,Alabama,2023.0,Crude prevalence,10.6,84.7,8.9,14.8,7.7,38.6,31.9,18.4,15.3,79.3,16.3,4.2,10.6,1.0,38.0,116441.0,2875.0,8057.0,24288.0,941.0,3301.0,9035.0,446.0,1687.0,22.0,18.0,10.0,5.0,2.0,1.0
01017,5.6,10.7,91.5,82.1,2.8,1.4,11.0,23.1,18.3,7.3,28.2,1.2,2.5,11.3,35.6,34192.0,41.3,38.1,21.5,14.9,15.7,49656.0,Chambers,AL,Alabama,2023.0,Crude prevalence,10.7,85.9,9.9,17.9,8.6,41.5,34.3,18.3,16.2,81.5,17.7,5.2,11.5,1.0,9.0,34772.0,983.0,2184.0,4042.0,505.0,1085.0,2247.0,407.0,883.0,3.0,6.0,3.0,1.0,1.0,1.0
01019,5.7,11.9,90.9,82.6,1.9,2.6,7.2,30.5,30.7,2.8,18.9,0.7,0.6,2.7,37.3,25443.0,47.5,35.3,19.5,16.5,14.8,53863.0,Cherokee,AL,Alabama,2023.0,Crude prevalence,10.2,86.4,10.7,16.0,9.6,39.5,31.4,17.4,16.8,80.4,17.5,4.8,10.0,1.0,8.0,24971.0,283.0,1121.0,334.0,230.0,933.0,0.0,181.0,774.0,0.0,4.0,0.0,0.0,0.0,0.0
01021,4.6,10.0,90.0,83.3,3.2,2.5,11.1,31.0,9.9,2.6,23.1,2.3,0.3,3.9,31.5,45992.0,38.7,41.4,18.8,16.5,14.0,65603.0,Chilton,AL,Alabama,2023.0,Crude prevalence,10.0,84.8,8.8,14.1,7.6,40.0,31.1,18.2,15.6,79.0,16.9,4.0,11.6,1.0,12.0,45014.0,471.0,2613.0,6666.0,363.0,1944.0,2897.0,266.0,1425.0,3.0,4.0,1.0,0.0,0.0,0.0
01023,5.3,8.5,84.7,76.1,2.4,2.3,8.6,33.6,27.0,8.8,17.6,1.1,0.0,9.5,28.0,12380.0,47.4,42.0,20.4,15.8,16.5,47813.0,Choctaw,AL,Alabama,2023.0,Crude prevalence,10.9,86.8,11.1,20.1,10.0,44.4,36.4,17.8,17.4,83.3,18.2,6.0,11.0,1.0,4.0,12665.0,460.0,823.0,1136.0,401.0,721.0,51.0,360.0,646.0,0.0,2.0,1.0,2.0,0.0,2.0
01025,3.7,10.2,83.7,73.7,4.7,0.9,7.5,25.1,28.3,11.6,29.2,0.9,0.6,13.9,43.6,22543.0,42.8,44.4,19.4,15.0,20.1,49249.0,Clarke,AL,Alabama,2023.0,Crude prevalence,10.8,86.2,9.7,18.4,8.7,43.9,34.4,18.0,16.3,82.4,17.7,5.3,11.0,1.0,9.0,23087.0,979.0,1983.0,1523.0,712.0,1423.0,239.0,612.0,1199.0,0.0,6.0,0.0,3.0,0.0,2.0
01027,5.2,11.6,88.2,80.4,1.1,4.9,7.2,28.5,18.1,5.8,20.6,2.0,0.7,11.2,29.5,14192.0,44.7,36.3,21.0,14.7,17.6,55250.0,Clay,AL,Alabama,2023.0,Crude prevalence,10.4,85.6,10.6,16.5,9.3,42.5,32.7,18.0,16.9,80.7,18.2,4.9,11.0,1.0,4.0,14236.0,339.0,828.0,394.0,273.0,688.0,0.0,232.0,608.0,0.0,2.0,0.0,2.0,0.0,1.0
01029,3.8,10.4,90.0,76.0,1.3,2.4,8.8,35.3,13.0,5.6,21.5,1.9,1.0,15.1,35.4,15426.0,42.7,42.4,19.0,17.0,13.7,55345.0,Cleburne,AL,Alabama,2023.0,Crude prevalence,10.0,85.2,9.8,14.6,8.4,37.4,30.5,18.1,15.9,79.2,17.8,4.3,10.1,1.0,4.0,15056.0,337.0,867.0,84.0,228.0,694.0,0.0,188.0,594.0,0.0,1.0,0.0,2.0,0.0,1.0
01031,4.2,8.7,92.6,86.8,2.7,1.0,10.4,23.0,14.9,4.0,27.7,0.9,0.8,7.0,31.9,54920.0,39.0,30.1,21.2,22.5,16.7,68353.0,Coffee,AL,Alabama,2023.0,Crude prevalence,10.2,85.1,8.6,14.8,7.6,41.0,29.9,17.7,15.0,79.4,16.6,4.2,11.3,1.0,16.0,53465.0,843.0,2417.0,8139.0,407.0,1205.0,4462.0,318.0,969.0,6.0,8.0,1.0,0.0,0.0,0.0
01033,3.9,8.7,90.8,81.9,1.8,0.5,7.9,22.5,13.3,4.6,28.7,0.7,0.4,5.4,35.2,58022.0,42.9,31.5,24.2,21.7,17.4,60628.0,Colbert,AL,Alabama,2023.0,Crude prevalence,10.3,86.1,8.9,15.0,8.0,37.5,28.6,17.3,15.2,80.5,16.2,4.3,9.8,1.0,15.0,57227.0,1111.0,3515.0,4516.0,383.0,1378.0,1017.0,271.0,1003.0,8.0,6.0,1.0,1.0,0.0,0.0
01035,2.6,8.1,83.5,72.7,3.5,2.5,8.0,28.3,31.5,5.8,25.7,1.5,0.3,3.8,47.3,11275.0,46.7,46.4,21.5,13.4,27.8,41327.0,Conecuh,AL,Alabama,2023.0,Crude prevalence,11.0,85.9,12.6,22.1,11.1,46.4,39.4,18.3,18.6,83.1,20.5,6.7,12.7,1.0,5.0,11597.0,254.0,882.0,1435.0,187.0,683.0,672.0,147.0,570.0,0.0,4.0,1.0,1.0,0.0,1.0
01037,3.9,12.2,88.8,80.7,2.9,0.6,7.6,31.5,27.1,6.0,18.4,0.5,2.3,4.3,59.2,10300.0,50.1,40.3,21.1,13.9,13.1,57355.0,Coosa,AL,Alabama,2023.0,Crude prevalence,10.3,87.5,10.6,18.6,9.8,41.9,33.5,16.9,17.0,82.3,17.8,5.5,10.9,1.0,3.0,10387.0,266.0,716.0,657.0,222.0,639.0,61.0,191.0,562.0,0.0,1.0,0.0,1.0,0.0,1.0
01039,4.5,10.3,89.6,83.8,2.7,1.7,9.4,25.5,21.8,6.2,23.7,1.0,0.2,12.7,37.3,37628.0,43.3,35.1,19.9,17.2,19.2,52456.0,Covington,AL,Alabama,2023.0,Crude prevalence,10.2,85.7,10.4,16.3,9.2,37.9,31.9,18.0,16.3,80.9,17.6,4.9,10.4,1.0,14.0,37570.0,915.0,2082.0,1282.0,508.0,1257.0,607.0,378.0,941.0,2.0,8.0,1.0,2.0,0.0,1.0
01041,5.2,8.8,84.3,69.2,2.8,2.2,8.1,31.3,20.5,7.3,26.8,1.2,0.4,10.6,33.5,13122.0,42.2,41.1,16.5,18.7,17.9,48560.0,Crenshaw,AL,Alabama,2023.0,Crude prevalence,10.5,85.4,9.9,16.6,8.5,40.5,32.6,18.0,16.1,81.0,18.1,4.8,11.2,1.0,6.0,13194.0,383.0,1087.0,608.0,315.0,908.0,164.0,292.0,844.0,0.0,4.0,0.0,0.0,0.0,0.0
01043,4.1,9.6,92.7,87.3,2.2,0.9,10.9,27.0,11.3,3.2,23.4,2.1,0.5,7.9,31.0,90566.0,40.8,31.9,22.6,19.7,15.3,62656.0,Cullman,AL,Alabama,2023.0,Crude prevalence,9.8,85.2,9.0,13.4,7.9,36.4,27.3,17.6,15.1,79.3,16.6,4.0,10.1,1.0,22.0,87866.0,1123.0,3531.0,3981.0,718.0,2311.0,831.0,539.0,1861.0,4.0,6.0,2.0,0.0,0.0,0.0
01045,3.8,9.7,93.9,86.0,3.2,1.7,10.1,22.5,14.1,5.7,38.1,1.0,0.5,8.9,31.0,49599.0,37.7,30.9,24.4,20.4,18.7,54963.0,Dale,AL,Alabama,2023.0,Crude prevalence,10.3,84.7,9.2,15.8,8.1,41.3,31.7,18.5,15.8,79.8,17.5,4.4,11.5,1.0,14.0,49326.0,1134.0,3637.0,3758.0,638.0,2004.0,1689.0,480.0,1438.0,3.0,6.0,1.0,2.0,1.0,1.0
01047,2.5,9.8,87.5,80.5,5.7,19.2,8.2,26.4,15.8,14.1,36.2,0.9,0.7,5.6,56.5,36858.0,41.2,41.2,17.4,17.5,31.0,35627.0,Dallas,AL,Alabama,2023.0,Crude prevalence,11.6,86.2,11.2,22.4,9.6,46.3,38.0,18.4,17.3,84.2,19.5,6.6,12.3,1.0,17.0,38462.0,2256.0,5765.0,4303.0,823.0,2399.0,1793.0,657.0,1923.0,9.0,16.0,2.0,7.0,1.0,4.0
01049,10.7,10.1,91.4,86.9,2.3,1.6,15.5,24.8,15.4,4.2,21.7,2.9,1.5,9.4,35.0,72269.0,39.5,33.7,19.7,14.1,22.4,51204.0,DeKalb,AL,Alabama,2023.0,Crude prevalence,10.1,83.1,10.8,15.7,8.9,38.6,33.8,18.9,17.5,78.2,19.6,4.6,14.7,1.0,21.0,71608.0,1091.0,4627.0,229.0,879.0,3711.0,0.0,737.0,3129.0,0.0,15.0,0.0,2.0,0.0,2.0
01051,2.8,7.5,96.4,91.7,2.7,1.6,7.7,27.9,12.0,3.4,23.0,1.5,0.1,6.6,38.8,89526.0,39.5,33.7,21.0,25.4,10.3,78243.0,Elmore,AL,Alabama,2023.0,Crude prevalence,10.0,86.1,7.5,13.0,6.7,38.9,26.2,17.5,13.8,80.3,15.1,3.7,9.2,1.0,20.0,87977.0,1113.0,3465.0,7536.0,744.0,2295.0,1857.0,557.0,1678.0,5.0,3.0,1.0,3.0,1.0,3.0
01053,4.2,11.4,88.2,79.0,4.8,1.1,9.2,24.6,23.8,5.7,29.1,0.6,0.2,7.2,36.3,36629.0,40.6,41.9,18.7,13.5,20.0,48225.0,Escambia,AL,Alabama,2023.0,Crude prevalence,10.9,83.6,11.4,18.5,9.5,43.9,35.7,19.6,18.0,80.5,21.2,5.5,13.1,1.0,10.0,36757.0,734.0,1942.0,2046.0,471.0,1247.0,886.0,362.0,960.0,2.0,7.0,1.0,2.0,1.0,1.0
01055,4.3,9.6,92.5,87.5,3.3,2.0,11.4,25.5,17.2,4.4,26.1,1.3,0.7,8.9,39.5,103105.0,41.7,34.5,22.9,18.1,16.9,54563.0,Etowah,AL,Alabama,2023.0,Crude prevalence,10.3,85.4,9.8,16.3,8.5,43.8,33.3,18.1,16.4,80.2,17.8,4.5,10.8,1.0,33.0,103436.0,1731.0,6173.0,15156.0,619.0,2340.0,8195.0,430.0,1621.0,19.0,16.0,3.0,1.0,1.0,1.0
01057,5.4,8.9,87.5,80.9,4.4,1.9,7.7,28.6,19.9,7.6,21.6,0.4,0.7,2.5,30.7,16053.0,43.3,39.9,21.9,14.9,21.8,49488.0,Fayette,AL,Alabama,2023.0,Crude prevalence,10.3,85.0,10.9,16.6,9.4,40.6,32.7,18.2,16.9,80.6,18.7,5.0,11.0,1.0,5.0,16321.0,474.0,1124.0,366.0,348.0,829.0,0.0,309.0,736.0,0.0,3.0,0.0,2.0,0.0,2.0
01059,7.8,11.7,86.4,72.0,2.1,0.4,12.7,26.0,14.6,7.7,27.6,2.4,0.4,5.0,30.8,31966.0,38.0,38.8,18.5,15.8,19.1,53338.0,Franklin,AL,Alabama,2023.0,Crude prevalence,10.0,83.1,10.7,16.4,8.9,42.2,33.9,18.6,17.3,78.5,19.2,4.7,15.7,1.0,11.0,32113.0,926.0,2386.0,4548.0,650.0,1521.0,2778.0,559.0,1260.0,2.0,7.0,1.0,3.0,1.0,3.0
01061,5.9,10.1,90.2,79.6,3.1,1.3,12.5,26.6,15.4,6.0,21.9,1.2,0.5,8.4,31.3,26887.0,43.7,39.2,21.0,13.2,19.2,52771.0,Geneva,AL,Alabama,2023.0,Crude prevalence,10.4,84.8,11.0,16.4,9.3,42.3,32.0,18.3,17.0,80.1,19.4,4.9,11.8,1.0,6.0,26659.0,637.0,1945.0,68.0,462.0,1426.0,0.0,425.0,1312.0,0.0,4.0,0.0,3.0,0.0,3.0
01063,3.8,9.3,82.3,67.0,1.6,1.5,13.7,29.4,24.6,13.3,38.4,2.6,0.4,23.8,26.3,7424.0,42.5,47.9,15.3,15.1,40.1,29200.0,Greene,AL,Alabama,2023.0,Crude prevalence,12.0,85.7,13.8,27.1,11.9,52.7,44.7,19.0,19.9,85.0,22.3,8.4,14.6,1.0,4.0,7730.0,430.0,1029.0,633.0,312.0,797.0,57.0,278.0,725.0,0.0,4.0,1.0,2.0,0.0,2.0
01065,6.7,11.5,85.1,75.4,2.9,2.4,6.2,30.2,25.7,11.2,25.6,2.2,0.6,3.4,46.7,14829.0,40.6,36.8,18.7,17.6,24.6,39250.0,Hale,AL,Alabama,2023.0,Crude prevalence,11.3,85.6,10.3,19.7,9.0,47.6,36.0,18.4,16.8,82.5,18.9,5.8,12.4,1.0,7.0,14785.0,631.0,1568.0,1091.0,478.0,1107.0,290.0,430.0,970.0,0.0,4.0,0.0,2.0,0.0,2.0
01067,4.7,11.6,87.9,82.5,2.0,1.6,9.1,27.6,23.4,7.5,20.5,0.3,0.3,14.5,32.7,17647.0,44.8,31.1,21.5,21.8,18.3,59931.0,Henry,AL,Alabama,2023.0,Crude prevalence,10.3,86.9,9.7,16.7,8.9,41.3,31.4,17.0,15.7,81.7,16.6,4.9,10.3,1.0,6.0,17146.0,530.0,997.0,416.0,318.0,763.0,49.0,265.0,703.0,0.0,3.0,0.0,1.0,0.0,1.0
01069,3.4,8.7,93.2,86.5,2.6,1.3,11.2,22.1,13.7,6.8,36.2,1.2,0.3,9.5,36.5,108140.0,40.3,32.3,22.5,23.0,17.5,58626.0,Houston,AL,Alabama,2023.0,Crude prevalence,10.4,85.7,8.9,15.7,7.9,40.5,29.0,18.2,15.0,81.4,16.0,4.5,10.4,1.0,26.0,107202.0,2936.0,6964.0,13266.0,859.0,2288.0,3340.0,509.0,1502.0,15.0,11.0,1.0,7.0,1.0,2.0
01071,5.0,12.2,93.2,89.9,2.3,1.4,10.3,27.3,12.5,4.9,24.9,1.3,0.4,12.3,32.5,53053.0,43.5,37.6,19.1,15.9,17.3,51908.0,Jackson,AL,Alabama,2023.0,Crude prevalence,10.3,84.6,10.9,16.0,9.2,39.3,32.5,18.5,17.0,79.8,19.0,4.7,11.2,1.0,16.0,52579.0,1076.0,2690.0,3804.0,763.0,1901.0,1267.0,598.0,1522.0,2.0,12.0,2.0,2.0,1.0,1.0
01073,2.5,6.3,95.4,90.4,2.9,1.7,9.4,24.1,13.2,7.0,36.1,1.1,0.4,10.0,43.5,667755.0,37.7,26.3,20.5,36.2,15.7,66388.0,Jefferson,AL,Alabama,2023.0,Crude prevalence,9.9,86.8,6.9,15.1,6.6,37.4,28.0,16.8,12.6,81.2,13.7,4.1,9.1,1.0,189.0,674721.0,18843.0,38255.0,185974.0,4152.0,9122.0,75625.0,1570.0,3878.0,159.0,98.0,33.0,32.0,12.0,23.0
01075,5.1,11.4,86.7,77.7,2.8,3.3,8.0,25.4,28.6,6.1,24.3,0.8,0.5,9.4,42.4,13693.0,44.2,39.4,22.6,12.1,18.0,50000.0,Lamar,AL,Alabama,2023.0,Crude prevalence,10.3,85.3,11.1,16.7,9.6,40.8,32.3,18.3,17.0,80.6,18.8,5.1,10.9,1.0,4.0,13972.0,311.0,1044.0,134.0,244.0,829.0,0.0,218.0,741.0,0.0,3.0,0.0,1.0,0.0,0.0
01077,2.7,6.7,92.2,85.1,2.4,1.2,8.8,25.9,12.6,5.1,31.1,0.4,0.3,8.7,28.8,95830.0,40.8,32.9,19.6,29.8,12.2,62649.0,Lauderdale,AL,Alabama,2023.0,Crude prevalence,9.9,85.0,8.2,12.9,7.4,35.6,26.7,17.5,14.1,79.7,14.2,3.9,9.0,1.0,26.0,93564.0,1991.0,3925.0,7365.0,499.0,1260.0,1164.0,363.0,934.0,13.0,9.0,1.0,1.0,0.0,0.0
01079,4.8,10.2,88.7,79.0,1.1,0.7,8.0,30.0,11.5,4.4,18.3,0.9,0.2,12.8,25.2,33276.0,42.3,40.9,19.7,15.2,13.3,66071.0,Lawrence,AL,Alabama,2023.0,Crude prevalence,10.5,85.0,9.8,15.5,8.4,39.5,31.1,18.3,16.2,79.8,18.5,4.6,10.5,1.0,11.0,33073.0,594.0,2059.0,189.0,454.0,1629.0,0.0,393.0,1432.0,0.0,2.0,0.0,2.0,0.0,1.0
01081,2.8,5.1,95.8,88.9,2.1,0.9,8.6,22.3,12.8,4.8,33.7,0.7,1.3,6.8,50.5,181134.0,34.0,21.8,19.1,42.4,18.9,65824.0,Lee,AL,Alabama,2023.0,Crude prevalence,10.1,83.7,6.4,12.5,5.8,38.4,25.0,17.6,12.4,79.0,12.9,3.2,8.8,1.0,48.0,174241.0,3305.0,6949.0,48766.0,1347.0,3669.0,19873.0,687.0,2298.0,33.0,25.0,10.0,4.0,1.0,2.0
01083,4.9,8.4,93.9,88.0,2.0,0.9,7.8,26.3,7.7,3.5,22.4,1.0,0.4,9.3,31.5,111233.0,40.8,26.5,21.5,30.2,10.0,83629.0,Limestone,AL,Alabama,2023.0,Crude prevalence,9.7,86.4,6.9,12.5,6.4,39.6,25.4,16.4,13.1,79.5,14.2,3.4,9.2,1.0,23.0,103570.0,1417.0,3620.0,14838.0,792.0,2184.0,9248.0,552.0,1487.0,7.0,9.0,1.0,4.0,0.0,2.0
01085,5.3,12.1,86.6,72.5,3.2,2.9,7.6,31.4,11.6,8.8,22.5,1.0,1.7,9.5,44.4,9833.0,42.7,42.3,17.5,14.4,29.9,37052.0,Lowndes,AL,Alabama,2023.0,Crude prevalence,11.7,85.3,12.3,24.1,10.4,51.2,41.4,19.1,18.8,83.9,21.6,7.2,13.9,1.0,4.0,10311.0,378.0,1237.0,532.0,325.0,1078.0,131.0,289.0,981.0,0.0,3.0,0.0,1.0,0.0,1.0
01087,3.8,11.6,87.3,79.1,4.2,0.6,9.4,23.7,25.0,9.5,38.5,0.9,0.7,6.7,45.1,18691.0,37.4,31.9,23.5,21.1,24.3,43707.0,Macon,AL,Alabama,2023.0,Crude prevalence,11.7,85.1,8.8,20.0,8.2,46.7,35.2,18.8,15.3,83.8,15.6,5.7,11.2,1.0,12.0,19532.0,690.0,1745.0,7772.0,583.0,1489.0,5398.0,497.0,1266.0,6.0,11.0,5.0,1.0,4.0,1.0
01089,2.3,4.9,96.9,92.3,2.3,1.8,7.7,22.1,7.6,4.0,31.7,1.0,0.2,8.3,35.9,405718.0,38.2,19.2,19.4,46.4,10.1,86499.0,Madison,AL,Alabama,2023.0,Crude prevalence,9.4,87.2,5.8,12.1,5.8,39.9,22.7,15.5,11.8,80.3,11.8,3.2,8.0,1.0,95.0,388153.0,6528.0,12536.0,120950.0,2111.0,3981.0,47494.0,1083.0,2066.0,74.0,32.0,8.0,11.0,2.0,3.0
01091,8.4,5.8,88.6,78.0,2.1,0.9,9.2,26.4,20.0,10.2,29.8,1.1,0.4,7.8,46.4,18851.0,41.4,33.8,22.3,19.5,21.9,43825.0,Marengo,AL,Alabama,2023.0,Crude prevalence,11.0,86.4,9.9,19.8,9.0,43.1,34.6,17.8,16.4,83.0,17.5,5.5,11.5,1.0,8.0,19323.0,806.0,1863.0,3561.0,528.0,1231.0,2144.0,454.0,1077.0,2.0,6.0,1.0,3.0,1.0,3.0
01093,5.4,11.7,88.2,79.0,2.5,2.1,10.7,25.9,25.4,4.2,23.2,2.1,0.0,13.6,32.7,29184.0,43.9,38.6,20.4,13.3,16.2,50088.0,Marion,AL,Alabama,2023.0,Crude prevalence,10.2,84.7,10.8,15.5,9.4,42.4,32.2,18.2,16.8,79.7,18.5,4.8,11.0,1.0,11.0,29341.0,442.0,1841.0,514.0,330.0,1414.0,0.0,277.0,1207.0,0.0,7.0,0.0,0.0,0.0,0.0
01095,6.8,8.4,94.1,90.1,2.2,1.5,12.0,25.5,12.7,4.4,24.2,1.7,0.4,14.5,32.0,99748.0,38.5,32.2,19.2,21.5,16.6,62571.0,Marshall,AL,Alabama,2023.0,Crude prevalence,9.8,84.7,9.0,14.5,7.8,37.6,30.8,17.8,15.3,78.2,16.6,4.0,12.5,1.0,26.0,97612.0,1588.0,4512.0,14890.0,1058.0,2952.0,7638.0,814.0,2197.0,6.0,7.0,2.0,4.0,2.0,2.0
01097,2.6,8.1,95.0,86.3,3.1,0.9,10.4,26.1,13.1,6.0,34.0,1.2,0.5,11.0,44.6,412590.0,38.5,33.5,21.1,26.0,16.2,58880.0,Mobile,AL,Alabama,2023.0,Crude prevalence,9.7,85.5,7.9,16.1,7.3,39.0,30.7,17.2,14.0,79.6,15.4,4.3,10.2,1.0,135.0,414809.0,9646.0,27937.0,60092.0,2003.0,7526.0,22826.0,1139.0,4243.0,103.0,69.0,13.0,12.0,6.0,4.0
01099,3.6,12.3,82.0,76.9,4.7,1.3,9.1,25.5,27.9,4.3,28.3,1.7,0.1,16.1,35.2,19388.0,44.2,46.2,18.5,11.7,20.1,42292.0,Monroe,AL,Alabama,2023.0,Crude prevalence,11.1,85.4,11.2,19.7,9.7,43.8,36.8,18.6,17.5,82.5,19.7,5.9,12.1,1.0,9.0,19772.0,313.0,1030.0,2475.0,217.0,693.0,682.0,168.0,519.0,1.0,6.0,2.0,0.0,0.0,0.0
01101,3.2,7.6,94.7,90.3,3.4,1.1,10.3,21.6,13.9,6.6,42.2,1.7,0.9,7.8,45.6,226718.0,37.1,26.2,21.0,34.5,19.9,59386.0,Montgomery,AL,Alabama,2023.0,Crude prevalence,10.7,86.5,7.5,16.4,6.9,46.1,30.6,17.0,14.1,83.0,14.4,4.5,10.2,1.0,71.0,228954.0,5990.0,18479.0,48105.0,1015.0,3258.0,16767.0,471.0,1481.0,58.0,37.0,6.0,7.0,0.0,1.0
01103,5.5,8.6,92.4,86.0,2.1,1.5,10.9,24.9,9.0,4.8,27.3,1.6,0.3,8.9,36.2,124471.0,40.0,31.0,22.6,23.3,13.5,68845.0,Morgan,AL,Alabama,2023.0,Crude prevalence,9.9,85.6,8.5,14.7,7.7,38.6,29.8,16.8,14.8,79.3,16.1,4.0,11.2,1.0,31.0,123421.0,2333.0,6004.0,25045.0,987.0,2682.0,9856.0,618.0,1667.0,19.0,9.0,2.0,2.0,0.0,1.0
01105,2.7,14.2,86.7,75.5,6.5,21.7,7.2,28.0,13.2,8.0,22.5,0.5,0.0,2.7,47.9,8031.0,41.1,41.9,18.5,15.8,31.4,37654.0,Perry,AL,Alabama,2023.0,Crude prevalence,11.9,84.5,12.9,24.6,10.9,52.9,42.1,19.8,19.3,84.1,21.9,7.4,13.8,1.0,4.0,8511.0,274.0,1151.0,1058.0,197.0,849.0,412.0,162.0,703.0,0.0,4.0,2.0,1.0,0.0,1.0
01107,6.4,8.3,87.5,80.1,2.1,1.5,7.5,32.6,22.5,7.1,24.2,0.7,0.4,8.5,31.9,18721.0,42.2,45.6,17.9,13.1,20.0,46274.0,Pickens,AL,Alabama,2023.0,Crude prevalence,10.6,84.7,10.0,18.0,8.7,48.0,34.8,18.2,16.5,81.2,18.7,5.2,13.4,1.0,6.0,19123.0,481.0,1253.0,1112.0,371.0,969.0,243.0,329.0,867.0,0.0,4.0,0.0,0.0,0.0,0.0
01109,4.1,9.3,91.7,81.9,2.0,1.4,8.4,20.3,23.1,5.7,38.7,1.1,0.5,7.4,47.5,32987.0,31.6,32.2,19.2,28.0,23.3,48677.0,Pike,AL,Alabama,2023.0,Crude prevalence,10.9,81.5,7.8,14.1,6.8,40.3,28.1,19.5,14.0,79.5,14.9,4.0,10.3,1.0,11.0,33009.0,717.0,2135.0,2132.0,457.0,1282.0,248.0,339.0,998.0,2.0,7.0,0.0,3.0,0.0,2.0
01111,5.0,10.1,90.5,84.9,1.9,5.0,9.1,28.9,25.9,4.4,22.8,0.6,0.5,12.1,35.0,22510.0,43.4,37.7,16.8,18.4,19.9,52338.0,Randolph,AL,Alabama,2023.0,Crude prevalence,10.3,85.8,9.7,16.1,8.7,37.8,30.0,17.6,15.7,81.2,16.9,4.7,10.2,1.0,6.0,21967.0,410.0,1741.0,59.0,277.0,1298.0,0.0,243.0,1151.0,0.0,4.0,0.0,1.0,0.0,1.0
01113,4.3,8.7,89.1,79.7,3.3,1.4,11.3,26.3,13.6,8.0,38.7,1.1,0.4,10.4,44.0,58811.0,37.5,32.5,25.5,18.2,22.2,51197.0,Russell,AL,Alabama,2023.0,Crude prevalence,11.0,85.0,9.0,17.3,7.5,43.0,33.2,18.8,15.7,80.6,18.1,4.8,11.9,1.0,18.0,59183.0,1922.0,4814.0,10045.0,718.0,1932.0,1491.0,389.0,1036.0,11.0,14.0,7.0,5.0,1.0,4.0
01115,4.1,8.1,94.9,91.1,2.7,1.4,7.2,30.7,10.5,3.0,17.4,1.7,0.2,9.6,32.9,94166.0,41.2,34.0,23.1,21.4,11.4,77463.0,St. Clair,AL,Alabama,2023.0,Crude prevalence,10.0,86.4,7.9,13.0,7.1,39.6,27.6,17.4,14.2,79.9,15.2,3.7,9.2,1.0,24.0,91103.0,1060.0,3851.0,5486.0,766.0,2829.0,2250.0,543.0,2072.0,3.0,7.0,0.0,1.0,0.0,0.0
01117,1.8,3.6,97.2,94.7,1.9,0.7,6.4,29.5,5.6,2.5,18.6,0.9,0.1,8.7,38.4,230211.0,40.3,20.4,19.3,46.8,7.2,97961.0,Shelby,AL,Alabama,2023.0,Crude prevalence,9.3,88.2,5.5,11.2,5.7,31.7,20.7,14.6,11.3,79.7,10.5,3.0,7.1,1.0,55.0,223024.0,2179.0,4014.0,80021.0,1413.0,2721.0,38995.0,821.0,1811.0,27.0,3.0,1.0,2.0,0.0,1.0
01119,2.6,11.1,89.4,76.0,5.5,1.5,8.6,23.2,24.1,9.5,33.2,1.1,0.5,7.8,51.8,11878.0,35.7,35.3,25.1,19.0,26.5,33310.0,Sumter,AL,Alabama,2023.0,Crude prevalence,11.6,83.6,9.3,19.7,8.5,47.2,35.6,19.4,15.7,83.2,16.3,5.8,11.1,1.0,5.0,12345.0,458.0,1471.0,1780.0,296.0,973.0,387.0,234.0,825.0,0.0,4.0,1.0,1.0,0.0,1.0
01121,4.2,9.8,92.2,87.2,3.6,0.7,8.1,28.0,12.7,6.9,28.0,1.2,0.2,7.9,36.3,81021.0,42.0,36.3,23.9,16.5,17.8,57776.0,Talladega,AL,Alabama,2023.0,Crude prevalence,10.6,85.8,9.4,17.2,8.3,45.6,32.6,17.7,15.8,81.7,17.7,4.8,10.9,1.0,24.0,82149.0,2315.0,5717.0,10232.0,1389.0,3612.0,7378.0,1022.0,2729.0,8.0,14.0,4.0,7.0,2.0,6.0
01123,3.9,9.0,91.4,83.9,2.6,0.9,8.4,25.2,26.3,5.8,23.9,0.9,0.4,5.1,31.3,40938.0,45.6,33.3,23.2,20.3,16.3,59356.0,Tallapoosa,AL,Alabama,2023.0,Crude prevalence,10.3,87.2,9.5,16.8,9.0,39.5,30.0,16.9,15.8,82.4,16.3,4.9,10.0,1.0,12.0,41311.0,989.0,2264.0,2320.0,633.0,1531.0,883.0,517.0,1187.0,1.0,5.0,1.0,1.0,1.0,1.0
01125,2.6,5.9,95.1,88.6,3.6,2.8,6.7,23.3,13.7,5.8,38.6,1.6,0.4,8.6,42.9,237552.0,32.8,27.9,21.4,32.1,16.8,66231.0,Tuscaloosa,AL,Alabama,2023.0,Crude prevalence,10.3,83.2,6.6,12.0,5.8,41.0,25.9,18.4,12.8,80.8,13.6,3.4,9.3,1.0,59.0,227036.0,5180.0,9798.0,45237.0,962.0,2747.0,15324.0,377.0,1378.0,42.0,28.0,4.0,7.0,2.0,2.0
01127,4.7,11.1,92.0,84.7,2.6,1.6,9.6,31.2,16.4,5.0,23.9,1.0,0.7,9.9,30.7,64841.0,40.6,35.4,22.2,16.6,18.5,56509.0,Walker,AL,Alabama,2023.0,Crude prevalence,10.3,84.7,10.2,15.1,8.6,35.8,32.2,18.5,16.8,79.9,18.4,4.4,10.7,1.0,20.0,65342.0,1257.0,3632.0,3778.0,892.0,2525.0,929.0,663.0,1838.0,2.0,12.0,1.0,3.0,1.0,3.0
01129,2.0,8.4,85.6,81.2,2.4,1.4,6.8,34.3,23.5,5.1,14.2,1.1,0.4,3.3,29.8,15143.0,44.6,42.6,20.8,17.0,17.1,61042.0,Washington,AL,Alabama,2023.0,Crude prevalence,10.5,86.3,9.5,17.0,8.7,41.1,31.9,17.7,16.0,81.1,17.3,4.9,9.7,1.0,5.0,15388.0,304.0,821.0,1563.0,276.0,758.0,82.0,261.0,716.0,0.0,2.0,0.0,1.0,0.0,1.0
01131,6.0,12.6,85.4,78.9,5.7,2.8,8.7,28.3,27.6,10.4,22.6,2.0,0.3,6.8,41.7,10172.0,42.3,41.0,20.4,12.9,28.2,40640.0,Wilcox,AL,Alabama,2023.0,Crude prevalence,11.9,85.2,12.8,23.8,10.8,51.2,41.2,19.3,19.0,83.8,21.6,7.3,14.4,1.0,5.0,10600.0,400.0,1427.0,1797.0,355.0,1295.0,167.0,321.0,1192.0,0.0,4.0,2.0,2.0,0.0,1.0
01133,7.4,15.1,88.6,81.8,1.9,2.4,8.9,28.2,28.4,4.9,24.2,1.9,0.6,8.9,24.5,23682.0,45.4,37.9,17.0,14.3,18.7,57256.0,Winston,AL,Alabama,2023.0,Crude prevalence,10.3,84.5,11.8,16.5,9.9,39.1,34.1,18.3,17.8,80.0,19.6,5.0,11.7,1.0,8.0,23540.0,466.0,1377.0,648.0,403.0,1198.0,0.0,354.0,1058.0,0.0,4.0,0.0,2.0,0.0,1.0
02013,4.9,8.2,92.6,64.1,6.4,2.4,35.6,5.6,16.1,22.1,35.8,2.9,1.1,4.7,25.6,3491.0,40.8,35.9,22.2,18.3,13.2,65365.0,Aleutians East,AK,Alaska,2023.0,Crude prevalence,7.8,77.1,5.0,12.8,5.5,30.7,28.7,13.0,12.7,64.2,17.0,3.2,15.7,2.0,1.0,3420.0,231.0,152.0,361.0,110.0,72.0,358.0,48.0,32.0,0.0,1.0,0.0,1.0,0.0,1.0
02016,4.8,4.5,94.0,85.6,3.7,1.5,18.5,6.4,29.5,5.3,66.5,6.0,2.8,11.2,18.2,5235.0,40.1,35.6,26.9,17.9,11.3,135500.0,Aleutians West,AK,Alaska,2023.0,Crude prevalence,7.8,77.4,4.3,10.8,4.5,31.9,25.2,13.2,11.4,63.4,16.2,2.6,13.0,2.0,2.0,5232.0,51.0,46.0,962.0,37.0,32.0,803.0,27.0,22.0,0.0,1.0,1.0,0.0,1.0,0.0
02020,2.0,3.8,98.0,94.5,3.0,5.6,9.9,18.8,9.8,5.9,36.1,2.6,1.3,10.4,36.0,288976.0,35.2,24.1,23.4,38.7,8.9,103284.0,Anchorage,AK,Alaska,2023.0,Crude prevalence,10.7,80.4,5.3,8.9,5.1,35.0,19.8,16.1,12.1,70.7,14.0,2.8,9.5,2.0,61.0,291247.0,6355.0,9473.0,86147.0,923.0,1152.0,51028.0,339.0,402.0,57.0,17.0,2.0,10.0,2.0,3.0
02050,6.2,11.6,96.5,84.9,9.8,11.6,12.0,7.4,19.7,57.7,38.4,16.7,16.9,2.2,20.8,18394.0,29.0,48.0,17.2,12.8,25.6,73996.0,Bethel,AK,Alaska,2023.0,Crude prevalence,13.6,69.6,9.9,13.8,7.7,39.1,33.3,21.6,19.7,63.6,31.0,4.8,15.9,2.0,3.0,18666.0,2784.0,2047.0,9421.0,2029.0,1475.0,1296.0,1013.0,739.0,0.0,2.0,2.0,3.0,1.0,3.0
02060,1.2,1.6,94.8,86.6,2.9,4.8,20.8,9.2,63.5,7.6,46.4,2.7,0.7,0.0,13.6,918.0,39.7,36.3,33.2,20.9,9.3,95625.0,Bristol Bay,AK,Alaska,2023.0,Crude prevalence,11.0,81.9,7.1,11.3,7.6,34.9,22.2,15.3,14.3,68.1,16.5,4.1,9.7,2.0,1.0,844.0,22.0,15.0,146.0,18.0,12.0,0.0,15.0,10.0,0.0,0.0,0.0,0.0,0.0,0.0
02063,0.4,3.2,97.9,96.9,6.2,6.9,11.4,9.2,27.1,6.7,36.2,0.5,1.0,13.4,22.9,6862.0,37.9,28.2,24.3,31.4,5.9,90509.0,Chugach,AK,Alaska,2023.0,Crude prevalence,10.0,81.7,6.3,9.6,6.2,31.1,20.9,14.3,12.9,68.2,14.8,3.2,8.8,2.0,2.0,7102.0,191.0,281.0,707.0,99.0,153.0,362.0,79.0,125.0,0.0,0.0,0.0,0.0,0.0,0.0
02066,3.5,5.9,93.2,85.3,2.6,8.0,13.4,29.4,50.6,6.0,31.5,3.4,3.7,5.8,19.6,2626.0,48.9,29.0,31.0,23.4,8.7,79250.0,Copper River,AK,Alaska,2023.0,Crude prevalence,10.7,82.2,8.0,11.4,8.0,33.6,23.2,15.2,14.8,70.2,17.8,4.1,9.5,2.0,1.0,2617.0,73.0,155.0,1708.0,69.0,146.0,1174.0,59.0,126.0,0.0,0.0,0.0,0.0,0.0,0.0
02068,1.9,5.6,96.8,84.6,0.7,1.8,10.1,15.5,56.6,12.4,35.0,1.4,4.8,8.6,17.3,1969.0,44.0,45.4,13.8,26.6,8.3,80781.0,Denali,AK,Alaska,2023.0,Crude prevalence,9.9,81.3,5.9,8.6,5.6,31.3,20.9,15.0,12.6,67.1,16.3,2.9,9.3,2.0,1.0,1619.0,70.0,17.0,1249.0,70.0,17.0,1176.0,67.0,16.0,0.0,0.0,0.0,0.0,0.0,0.0
02070,3.4,7.7,96.9,84.7,6.4,11.1,15.9,8.7,41.5,35.4,38.6,11.9,10.8,9.7,24.8,4724.0,31.7,42.3,19.7,18.9,19.5,78533.0,Dillingham,AK,Alaska,2023.0,Crude prevalence,12.7,74.5,8.6,13.0,7.4,38.5,29.1,19.2,17.4,63.7,25.7,4.4,13.3,2.0,2.0,4857.0,496.0,391.0,2521.0,454.0,354.0,711.0,219.0,173.0,0.0,1.0,1.0,1.0,1.0,1.0
02090,1.5,3.8,98.0,91.5,3.0,4.0,9.3,19.2,14.8,4.6,38.3,2.2,1.8,9.0,36.9,95460.0,32.5,26.6,24.1,33.1,6.1,88267.0,Fairbanks North Star,AK,Alaska,2023.0,Crude prevalence,10.0,78.5,4.9,7.9,4.8,35.3,21.2,15.8,11.8,65.8,13.8,2.5,9.9,2.0,22.0,95655.0,1664.0,2467.0,36329.0,624.0,1126.0,23041.0,457.0,843.0,14.0,5.0,3.0,4.0,2.0,2.0
02100,0.8,0.9,95.1,90.5,2.7,4.1,11.5,12.5,34.7,4.0,21.5,0.9,1.7,9.2,43.7,2086.0,50.9,28.7,27.1,34.1,5.4,86927.0,Haines,AK,Alaska,2023.0,Crude prevalence,10.1,85.2,7.2,10.8,7.6,34.0,20.1,13.3,13.3,72.3,13.8,3.8,7.7,2.0,1.0,2080.0,36.0,42.0,358.0,20.0,23.0,337.0,17.0,19.0,0.0,0.0,0.0,0.0,0.0,0.0
02105,0.7,5.3,85.4,77.1,9.9,8.0,19.0,12.6,47.3,28.6,28.0,1.5,0.4,4.1,37.6,2311.0,50.0,33.6,25.7,24.6,14.2,61406.0,Hoonah-Angoon,AK,Alaska,2023.0,Crude prevalence,11.3,83.7,9.4,14.8,9.6,37.1,26.6,15.1,17.0,72.5,19.5,5.1,10.2,2.0,1.0,2365.0,264.0,154.0,543.0,173.0,101.0,213.0,143.0,84.0,0.0,0.0,0.0,1.0,0.0,1.0
02110,1.0,3.8,97.9,94.3,2.6,4.7,8.3,15.1,7.6,9.5,36.4,2.4,0.3,8.2,27.9,31794.0,40.0,20.6,23.1,41.2,8.9,101661.0,Juneau,AK,Alaska,2023.0,Crude prevalence,10.2,82.3,5.9,8.9,5.7,35.0,17.5,14.8,12.4,68.6,13.9,3.0,8.5,2.0,6.0,32255.0,1255.0,840.0,4212.0,481.0,392.0,2111.0,331.0,265.0,3.0,0.0,0.0,3.0,0.0,2.0
02122,1.6,3.7,95.7,89.3,3.9,6.3,11.5,20.7,25.8,4.9,23.0,2.1,1.8,10.4,38.4,60413.0,41.4,31.5,24.4,29.8,11.8,80538.0,Kenai Peninsula,AK,Alaska,2023.0,Crude prevalence,10.3,80.5,7.3,9.8,7.0,32.3,21.5,14.8,14.1,66.1,16.1,3.6,9.9,2.0,14.0,58799.0,1189.0,2329.0,13059.0,837.0,1667.0,7772.0,651.0,1320.0,2.0,2.0,2.0,3.0,1.0,3.0
02130,1.0,3.4,95.4,92.0,2.0,4.7,9.2,14.6,14.4,10.5,31.4,2.0,1.0,9.7,39.3,13768.0,41.0,30.2,29.9,27.4,8.7,92885.0,Ketchikan Gateway,AK,Alaska,2023.0,Crude prevalence,10.3,81.5,6.6,10.1,6.4,37.7,21.9,15.0,13.8,69.5,15.9,3.4,9.5,2.0,5.0,13948.0,602.0,477.0,1092.0,137.0,142.0,39.0,55.0,76.0,2.0,0.0,0.0,1.0,0.0,0.0
02150,3.2,4.1,96.8,92.7,3.2,3.3,12.2,10.1,20.7,7.6,38.9,4.6,4.2,0.9,36.9,12771.0,35.1,27.7,27.3,28.7,8.7,86250.0,Kodiak Island,AK,Alaska,2023.0,Crude prevalence,9.3,79.1,5.5,9.8,5.4,31.5,22.7,14.5,12.1,67.6,15.0,2.9,10.5,2.0,5.0,13101.0,353.0,267.0,2867.0,170.0,97.0,788.0,141.0,74.0,3.0,3.0,0.0,1.0,0.0,1.0
02158,3.6,16.4,92.0,82.5,11.4,15.3,11.0,6.3,18.3,82.9,30.2,18.2,20.8,5.6,26.2,8176.0,23.6,50.1,20.9,5.8,32.4,51471.0,Kusilvak,AK,Alaska,2023.0,Crude prevalence,14.7,67.5,11.6,16.5,8.5,46.5,37.0,24.5,22.4,64.1,36.6,5.4,18.1,2.0,1.0,8368.0,1589.0,984.0,6427.0,1287.0,797.0,17.0,50.0,31.0,0.0,1.0,1.0,1.0,0.0,1.0
02164,2.5,5.5,93.5,81.5,6.6,10.2,32.2,13.3,75.7,43.5,34.6,7.1,5.2,3.9,31.4,1013.0,33.7,49.6,17.3,16.3,12.8,65625.0,Lake and Peninsula,AK,Alaska,2023.0,Crude prevalence,12.5,77.9,9.1,14.6,8.2,39.4,29.4,18.4,17.9,68.4,24.7,4.8,12.1,2.0,1.0,1476.0,141.0,95.0,1476.0,141.0,95.0,839.0,100.0,68.0,0.0,1.0,1.0,1.0,1.0,1.0
02170,1.4,4.5,97.2,93.2,3.4,5.3,11.9,34.8,22.1,3.8,22.8,3.3,1.9,11.5,41.1,112988.0,36.7,33.5,24.4,24.4,10.0,94031.0,Matanuska-Susitna,AK,Alaska,2023.0,Crude prevalence,10.7,80.0,6.7,9.0,6.0,37.5,22.7,16.2,13.6,70.8,17.3,3.1,9.7,2.0,24.0,107081.0,1519.0,3741.0,35979.0,1067.0,2933.0,23528.0,739.0,2196.0,8.0,6.0,4.0,3.0,4.0,2.0
02180,2.6,7.5,96.4,88.2,10.6,9.9,14.0,6.3,31.4,55.9,33.2,13.1,15.5,5.3,25.2,9866.0,29.4,49.4,23.0,14.0,21.5,78681.0,Nome,AK,Alaska,2023.0,Crude prevalence,12.8,72.4,8.7,13.0,7.1,38.6,29.3,20.6,17.4,64.0,28.7,4.3,13.5,2.0,2.0,10046.0,1573.0,828.0,3217.0,783.0,414.0,466.0,305.0,158.0,0.0,1.0,1.0,2.0,0.0,2.0
02185,1.7,11.0,92.5,75.1,5.6,7.0,13.5,13.0,13.7,37.0,50.9,15.5,9.0,4.2,25.4,10810.0,35.0,42.6,20.9,15.6,11.1,95694.0,North Slope,AK,Alaska,2023.0,Crude prevalence,10.4,77.2,6.0,10.8,5.8,42.3,23.6,16.6,14.0,64.6,20.8,3.2,11.2,2.0,3.0,11031.0,844.0,320.0,3398.0,192.0,73.0,2809.0,26.0,10.0,0.0,1.0,1.0,2.0,0.0,0.0
02188,3.9,10.8,94.3,88.6,9.8,9.4,18.1,5.9,33.5,64.6,35.6,15.6,20.1,4.8,14.9,7441.0,28.8,46.3,24.2,10.6,17.9,84018.0,Northwest Arctic,AK,Alaska,2023.0,Crude prevalence,13.3,72.9,8.8,14.1,7.5,40.6,30.2,20.8,18.5,66.1,28.3,4.5,14.2,2.0,2.0,7793.0,1179.0,654.0,4697.0,883.0,522.0,513.0,107.0,63.0,0.0,1.0,1.0,1.0,1.0,1.0
02195,4.5,5.0,95.6,88.3,2.4,5.2,9.3,6.8,26.4,11.1,34.3,1.0,0.2,5.6,28.6,3409.0,45.7,30.5,26.7,25.8,7.0,75125.0,Petersburg,AK,Alaska,2023.0,Crude prevalence,9.8,82.0,6.8,10.5,7.1,30.8,21.6,14.4,13.1,68.7,14.9,3.6,9.8,2.0,1.0,3398.0,152.0,104.0,270.0,78.0,53.0,89.0,54.0,37.0,0.0,0.0,0.0,1.0,0.0,0.0
02198,1.2,7.0,92.9,84.5,4.7,7.7,17.0,12.7,25.6,10.8,29.4,5.1,1.0,5.0,25.2,5715.0,43.4,38.8,30.5,14.9,12.7,61156.0,Prince of Wales-Hyder,AK,Alaska,2023.0,Crude prevalence,11.9,80.6,9.4,14.0,8.9,38.4,26.5,16.8,17.5,70.4,22.0,4.8,11.1,2.0,4.0,5753.0,262.0,396.0,1811.0,187.0,284.0,1699.0,164.0,251.0,0.0,2.0,1.0,1.0,1.0,1.0
02220,1.8,3.3,97.5,90.8,4.5,5.0,10.1,13.0,17.3,11.0,38.3,0.7,0.0,18.5,28.5,8368.0,39.7,24.6,27.1,34.3,7.5,101727.0,Sitka,AK,Alaska,2023.0,Crude prevalence,10.1,82.2,6.0,9.9,6.1,29.8,19.2,14.3,12.4,69.0,13.8,3.3,8.8,2.0,2.0,8458.0,378.0,258.0,3841.0,100.0,110.0,2499.0,41.0,69.0,2.0,0.0,0.0,1.0,0.0,0.0
02230,4.2,2.3,96.9,93.3,6.8,2.7,8.5,4.9,32.4,10.0,29.1,0.2,4.4,3.4,43.7,1244.0,41.2,34.6,24.5,28.5,5.9,81136.0,Skagway,AK,Alaska,2023.0,Crude prevalence,10.0,82.8,6.3,9.1,6.1,36.2,20.8,14.5,12.8,68.7,15.4,3.2,9.7,2.0,1.0,1240.0,45.0,12.0,21.0,13.0,3.0,13.0,9.0,2.0,0.0,0.0,0.0,0.0,0.0,0.0
02240,2.2,4.6,91.9,80.9,3.7,5.8,14.8,15.9,29.0,6.6,25.3,4.4,2.6,5.2,33.6,7068.0,38.1,35.5,26.7,23.2,12.7,73882.0,Southeast Fairbanks,AK,Alaska,2023.0,Crude prevalence,10.1,78.2,7.5,10.2,7.0,35.7,25.8,16.0,14.7,65.9,18.3,3.7,11.5,2.0,2.0,6808.0,165.0,214.0,1780.0,139.0,178.0,1383.0,127.0,165.0,0.0,1.0,1.0,1.0,1.0,1.0
02275,1.9,4.5,93.3,91.4,2.2,5.8,11.2,8.5,25.1,8.7,40.9,1.3,1.0,7.9,26.6,2088.0,48.1,33.0,29.3,21.4,12.1,63750.0,Wrangell,AK,Alaska,2023.0,Crude prevalence,10.6,83.5,9.1,12.9,9.4,34.8,24.6,14.8,15.9,71.8,17.0,4.8,10.2,2.0,1.0,2127.0,85.0,83.0,184.0,40.0,39.0,107.0,33.0,33.0,0.0,1.0,0.0,0.0,0.0,0.0
02282,0.5,5.9,92.2,87.4,0.6,12.6,24.9,5.5,48.2,13.6,43.7,1.9,0.5,4.9,13.1,527.0,43.7,38.1,28.5,14.4,11.9,85000.0,Yakutat,AK,Alaska,2023.0,Crude prevalence,10.9,81.1,8.6,13.7,8.9,35.4,27.0,15.8,16.4,69.2,20.5,4.8,12.1,2.0,1.0,662.0,28.0,11.0,38.0,11.0,4.0,29.0,10.0,4.0,0.0,0.0,0.0,0.0,0.0,0.0
02290,3.2,9.3,86.2,64.2,3.6,7.4,24.5,11.0,38.3,37.0,30.1,7.6,5.5,1.1,22.7,5195.0,37.8,39.0,25.1,16.0,16.0,55741.0,Yukon-Koyukuk,AK,Alaska,2023.0,Crude prevalence,12.6,77.1,10.5,16.5,9.7,36.9,29.4,18.8,19.5,69.4,27.4,5.6,13.5,2.0,4.0,5343.0,849.0,514.0,3296.0,588.0,351.0,1521.0,334.0,209.0,0.0,4.0,4.0,4.0,2.0,3.0
04001,6.2,8.8,75.3,60.0,4.5,2.7,18.2,28.1,27.2,11.5,20.6,6.4,6.6,5.5,18.7,65341.0,36.6,31.5,27.4,16.6,30.5,41438.0,Apache,AZ,Arizona,2023.0,Crude prevalence,14.3,78.8,11.9,17.5,9.3,35.8,28.7,21.2,20.4,72.0,22.4,6.0,14.1,4.0,18.0,66021.0,2434.0,6428.0,14677.0,1938.0,5001.0,11312.0,1480.0,3812.0,0.0,15.0,8.0,9.0,7.0,9.0
04003,4.2,6.5,94.8,87.5,3.4,3.1,8.3,23.4,14.6,5.3,29.0,1.8,1.0,11.4,36.8,125566.0,43.0,24.7,25.8,28.1,15.4,59742.0,Cochise,AZ,Arizona,2023.0,Crude prevalence,10.4,85.2,8.3,13.7,8.3,31.2,26.0,15.2,15.6,75.3,12.8,4.3,14.2,4.0,38.0,125447.0,2715.0,7575.0,30421.0,1070.0,2879.0,15679.0,746.0,2086.0,18.0,22.0,7.0,4.0,3.0,2.0
04005,3.0,5.0,96.0,84.2,3.5,2.0,11.0,19.3,22.0,5.6,40.3,4.3,2.7,8.7,42.9,144508.0,32.8,21.1,21.5,40.3,16.8,72966.0,Coconino,AZ,Arizona,2023.0,Crude prevalence,11.7,80.8,6.3,9.3,5.4,23.6,16.0,18.4,12.7,68.6,11.5,3.1,10.1,4.0,39.0,145101.0,3097.0,5857.0,32622.0,1314.0,2865.0,14693.0,781.0,1916.0,20.0,14.0,9.0,6.0,5.0,4.0
04007,2.3,7.2,91.8,82.2,3.3,3.3,10.9,21.9,27.8,6.4,22.5,2.8,1.0,6.3,32.3,53795.0,51.1,32.4,29.4,18.7,16.9,61986.0,Gila,AZ,Arizona,2023.0,Crude prevalence,11.1,86.5,10.6,15.0,9.8,31.4,27.4,15.8,17.2,77.5,15.4,5.2,12.1,4.0,16.0,53272.0,1506.0,3455.0,18010.0,805.0,1829.0,10958.0,559.0,1312.0,8.0,10.0,1.0,3.0,1.0,3.0
04009,5.3,9.8,95.0,84.9,4.1,3.0,9.6,22.8,9.7,5.0,26.9,3.2,2.3,6.3,23.7,39232.0,34.9,31.3,28.2,14.6,17.3,67325.0,Graham,AZ,Arizona,2023.0,Crude prevalence,11.2,80.7,7.4,11.4,6.4,36.0,25.6,17.5,14.7,70.8,15.2,3.6,16.0,4.0,9.0,38533.0,643.0,2073.0,5858.0,347.0,1099.0,3266.0,234.0,786.0,3.0,5.0,2.0,2.0,1.0,1.0
04011,8.7,5.8,96.4,90.8,1.3,0.4,2.9,19.1,19.0,2.5,47.0,2.9,0.7,2.1,8.5,9409.0,36.3,30.5,27.5,20.9,8.2,71164.0,Greenlee,AZ,Arizona,2023.0,Crude prevalence,10.1,83.5,5.4,10.6,5.3,33.1,23.4,15.9,13.2,71.2,11.6,2.9,16.1,4.0,3.0,9563.0,89.0,205.0,233.0,64.0,139.0,126.0,55.0,116.0,0.0,0.0,0.0,0.0,0.0,0.0
04012,5.1,9.8,91.9,78.9,4.3,2.5,10.7,13.2,34.5,4.5,27.9,4.8,3.7,1.9,26.4,16664.0,60.2,36.9,24.1,13.5,17.5,49478.0,La Paz,AZ,Arizona,2023.0,Crude prevalence,10.6,88.0,12.5,17.5,13.3,33.2,32.1,14.0,18.6,79.1,14.1,6.8,16.6,4.0,12.0,16557.0,400.0,1036.0,1243.0,205.0,603.0,755.0,167.0,496.0,3.0,7.0,0.0,0.0,0.0,0.0
04013,4.7,5.6,97.2,93.1,2.9,2.2,10.6,26.0,8.2,5.1,34.8,2.9,1.4,9.5,43.1,4559748.0,37.6,22.0,22.0,36.7,11.0,89300.0,Maricopa,AZ,Arizona,2023.0,Crude prevalence,10.0,85.4,5.7,10.6,5.7,30.4,20.4,14.9,11.8,73.3,10.8,3.0,12.9,4.0,1009.0,4420568.0,88150.0,148499.0,865814.0,9705.0,15590.0,376126.0,3944.0,6940.0,971.0,320.0,36.0,88.0,12.0,28.0
04015,3.6,8.3,94.9,88.6,3.2,2.2,9.5,19.9,16.3,3.9,25.9,2.5,1.0,9.7,39.3,220517.0,53.6,34.1,28.9,15.2,16.1,57684.0,Mohave,AZ,Arizona,2023.0,Crude prevalence,11.0,86.2,11.2,14.2,10.0,32.7,29.7,15.1,16.5,75.0,16.1,5.2,13.1,4.0,66.0,213267.0,3994.0,13386.0,51439.0,1259.0,4959.0,27095.0,744.0,3275.0,40.0,40.0,12.0,6.0,4.0,3.0
04017,4.8,8.7,89.5,74.2,4.1,3.5,15.9,25.0,30.0,8.5,26.8,4.6,3.7,4.4,30.1,108415.0,39.5,30.5,27.3,19.1,24.7,54606.0,Navajo,AZ,Arizona,2023.0,Crude prevalence,13.6,81.0,10.9,15.1,8.9,37.6,26.4,18.8,17.5,71.6,18.8,5.2,13.0,4.0,37.0,106717.0,3388.0,8879.0,21681.0,2523.0,6211.0,13430.0,2029.0,4970.0,11.0,26.0,15.0,13.0,7.0,12.0
04019,3.6,5.8,96.4,91.9,3.1,2.2,8.6,24.3,8.8,7.1,34.8,1.9,1.3,9.1,44.1,1060490.0,39.8,21.1,23.4,36.8,14.3,70315.0,Pima,AZ,Arizona,2023.0,Crude prevalence,10.9,85.2,6.8,11.0,6.7,31.1,22.3,16.3,13.6,75.7,10.5,3.6,12.7,4.0,270.0,1043433.0,31270.0,53119.0,265618.0,4810.0,9657.0,154875.0,3022.0,6341.0,241.0,112.0,20.0,39.0,7.0,20.0
04021,4.2,6.7,96.8,92.5,3.2,2.0,10.9,31.8,12.3,3.9,18.3,2.6,1.1,8.1,38.6,469006.0,40.4,30.0,26.3,22.5,11.1,80266.0,Pinal,AZ,Arizona,2023.0,Crude prevalence,10.8,84.8,7.5,12.9,6.9,38.4,25.5,16.2,14.8,75.4,12.3,3.8,13.7,4.0,95.0,425264.0,6235.0,17512.0,147025.0,2832.0,8479.0,81556.0,1957.0,5753.0,63.0,45.0,18.0,15.0,5.0,11.0
04023,9.7,13.7,93.3,87.9,7.0,4.3,15.2,24.2,11.8,5.0,30.7,4.3,1.7,7.3,42.6,48926.0,37.9,26.8,18.2,23.1,20.2,55217.0,Santa Cruz,AZ,Arizona,2023.0,Crude prevalence,9.4,83.4,6.8,15.5,7.5,34.2,31.4,14.7,16.1,73.0,11.6,4.1,25.7,4.0,14.0,47669.0,847.0,4056.0,6947.0,285.0,1922.0,3411.0,176.0,1370.0,6.0,9.0,4.0,1.0,2.0,0.0
04025,2.4,4.9,96.4,91.6,2.1,2.1,10.1,23.5,11.8,3.8,24.9,1.7,0.7,7.5,38.7,245480.0,55.1,24.1,27.9,30.3,12.0,69613.0,Yavapai,AZ,Arizona,2023.0,Crude prevalence,10.8,88.3,9.2,12.1,8.8,27.0,22.5,13.8,15.0,77.1,12.0,4.5,10.6,4.0,72.0,236209.0,4275.0,9130.0,70572.0,2093.0,4764.0,45278.0,1341.0,3255.0,42.0,24.0,11.0,9.0,4.0,7.0
04027,11.1,11.5,93.8,88.7,3.5,1.8,14.0,21.3,16.7,5.5,29.0,5.1,5.7,11.2,36.8,211741.0,36.1,27.9,24.6,16.8,15.6,62876.0,Yuma,AZ,Arizona,2023.0,Crude prevalence,9.7,81.8,7.5,14.5,7.9,37.4,28.5,15.3,15.5,73.7,12.7,4.2,24.1,4.0,67.0,203881.0,4394.0,14530.0,39320.0,844.0,3031.0,21712.0,477.0,1787.0,49.0,45.0,13.0,6.0,7.0,2.0
05001,3.0,11.5,89.1,82.5,4.9,0.4,9.7,18.7,22.9,8.7,35.4,1.2,1.0,2.5,44.5,16515.0,41.4,41.8,19.8,13.6,19.0,53164.0,Arkansas,AR,Arkansas,2023.0,Crude prevalence,10.6,86.2,9.6,15.2,8.6,39.1,35.6,19.1,16.6,80.8,17.3,4.7,11.1,5.0,8.0,17149.0,580.0,996.0,3671.0,195.0,348.0,1775.0,150.0,266.0,3.0,3.0,2.0,1.0,1.0,1.0
05003,3.7,8.7,86.4,80.0,2.6,1.5,9.9,23.9,21.7,8.8,29.2,1.0,0.2,6.5,42.2,18429.0,42.8,50.6,16.8,12.8,22.1,44266.0,Ashley,AR,Arkansas,2023.0,Crude prevalence,11.0,85.1,11.9,18.3,10.2,45.1,41.9,19.7,19.1,81.4,20.0,5.7,12.9,5.0,7.0,19062.0,646.0,969.0,3281.0,339.0,510.0,817.0,212.0,327.0,2.0,5.0,2.0,2.0,0.0,2.0
05005,2.9,7.4,92.4,87.2,2.8,2.1,7.0,19.4,15.4,4.6,24.8,1.1,1.0,10.0,41.4,42407.0,51.4,33.1,24.3,19.4,15.5,48452.0,Baxter,AR,Arkansas,2023.0,Crude prevalence,10.2,87.4,11.5,15.0,11.1,37.7,33.4,17.2,17.9,82.0,16.6,5.2,10.0,5.0,10.0,41627.0,882.0,1647.0,5046.0,456.0,1053.0,2191.0,330.0,873.0,3.0,7.0,2.0,1.0,1.0,1.0
05007,4.3,5.2,97.2,94.4,2.1,0.7,9.5,21.6,8.8,2.8,33.0,3.1,0.7,6.7,26.1,303632.0,35.9,27.8,17.6,37.8,7.6,93506.0,Benton,AR,Arkansas,2023.0,Crude prevalence,9.2,85.6,5.9,10.3,5.6,35.3,25.7,16.5,12.5,78.4,11.7,2.8,10.9,5.0,57.0,284333.0,3098.0,4337.0,92883.0,1368.0,2238.0,50861.0,919.0,1521.0,39.0,5.0,2.0,3.0,2.0,2.0
05009,2.5,5.1,93.5,87.8,1.4,1.3,8.2,20.2,12.0,6.8,29.2,0.9,0.7,12.1,28.1,38138.0,41.4,38.0,26.6,17.2,11.7,55143.0,Boone,AR,Arkansas,2023.0,Crude prevalence,10.2,85.5,9.3,13.1,8.5,40.7,30.8,18.4,16.5,79.3,16.4,4.1,9.5,5.0,7.0,37373.0,1048.0,1285.0,5262.0,585.0,778.0,951.0,364.0,539.0,3.0,1.0,1.0,3.0,0.0,2.0
05011,4.7,9.0,89.1,79.7,3.4,4.9,12.5,24.4,25.8,9.3,34.0,2.3,1.0,6.5,41.7,10208.0,39.0,46.0,17.6,15.3,19.9,41476.0,Bradley,AR,Arkansas,2023.0,Crude prevalence,10.8,84.7,10.7,17.6,9.4,42.5,40.3,19.1,18.5,80.7,18.9,5.3,15.2,5.0,5.0,10545.0,349.0,656.0,674.0,242.0,424.0,210.0,223.0,383.0,0.0,3.0,1.0,1.0,0.0,1.0
05013,2.3,10.6,94.4,83.7,2.8,0.6,4.8,26.2,31.5,1.7,12.2,0.1,0.0,12.7,14.5,4704.0,44.1,40.1,18.0,19.8,10.2,66809.0,Calhoun,AR,Arkansas,2023.0,Crude prevalence,10.3,86.5,8.9,14.6,8.5,39.2,33.8,17.7,15.9,80.5,16.0,4.6,10.2,5.0,2.0,4739.0,28.0,136.0,181.0,22.0,107.0,72.0,20.0,101.0,0.0,0.0,0.0,0.0,0.0,0.0
05015,8.0,7.1,93.5,87.7,2.5,0.9,14.2,21.9,18.7,5.1,22.5,3.3,0.9,11.1,36.9,28626.0,44.5,34.9,21.9,20.0,17.2,54230.0,Carroll,AR,Arkansas,2023.0,Crude prevalence,9.8,85.7,10.4,15.0,9.7,37.6,36.8,17.5,17.6,79.6,17.0,4.7,13.7,5.0,8.0,28260.0,580.0,590.0,5254.0,454.0,449.0,3050.0,386.0,368.0,2.0,3.0,3.0,2.0,2.0,2.0
05017,5.8,11.0,90.8,80.1,4.2,1.1,10.9,19.5,22.4,10.1,30.8,1.0,0.0,9.3,32.4,9765.0,43.2,41.3,20.3,18.0,22.6,39045.0,Chicot,AR,Arkansas,2023.0,Crude prevalence,11.1,85.2,11.5,20.5,10.3,47.1,42.2,18.7,18.7,82.1,19.7,6.3,14.3,5.0,4.0,10208.0,400.0,664.0,411.0,189.0,323.0,0.0,152.0,260.0,0.0,3.0,0.0,1.0,0.0,1.0
05019,2.8,7.9,91.3,83.9,2.2,2.5,10.3,21.4,19.0,6.1,35.0,2.5,0.4,5.3,42.9,21125.0,32.0,34.4,23.0,26.2,21.6,52034.0,Clark,AR,Arkansas,2023.0,Crude prevalence,10.9,81.4,8.1,12.9,7.2,40.0,32.1,20.5,15.3,79.2,15.0,3.9,10.4,5.0,6.0,21446.0,498.0,950.0,7397.0,272.0,496.0,3333.0,191.0,323.0,3.0,3.0,3.0,1.0,1.0,1.0
05021,4.5,8.0,90.3,81.6,3.6,1.4,9.8,23.3,19.6,6.1,25.3,0.5,0.6,12.5,27.3,14280.0,42.7,45.9,17.9,15.3,17.2,51481.0,Clay,AR,Arkansas,2023.0,Crude prevalence,10.4,84.6,10.8,14.1,9.3,40.2,35.8,19.2,17.5,78.5,18.3,4.6,11.0,5.0,6.0,14552.0,365.0,607.0,966.0,157.0,265.0,91.0,128.0,219.0,0.0,3.0,0.0,0.0,0.0,0.0
05023,3.7,7.5,92.1,83.7,2.9,1.3,7.2,26.6,32.8,5.3,19.4,1.1,0.8,6.5,38.6,25226.0,49.5,38.4,23.5,18.4,13.9,55798.0,Cleburne,AR,Arkansas,2023.0,Crude prevalence,10.1,87.1,11.1,15.1,10.3,37.9,34.6,17.8,17.9,80.7,17.4,5.0,10.1,5.0,9.0,24711.0,556.0,903.0,1791.0,321.0,617.0,43.0,255.0,513.0,1.0,1.0,0.0,1.0,0.0,1.0
05025,0.9,6.5,91.8,79.3,1.0,3.8,4.0,27.1,18.3,6.8,17.4,1.1,0.7,15.1,46.1,7453.0,44.1,45.7,20.1,19.7,15.8,54794.0,Cleveland,AR,Arkansas,2023.0,Crude prevalence,10.5,85.8,10.3,15.0,9.3,42.4,34.6,18.6,17.3,80.0,17.7,4.7,10.1,5.0,2.0,7550.0,199.0,383.0,559.0,175.0,340.0,70.0,162.0,316.0,0.0,0.0,0.0,1.0,0.0,1.0
05027,2.6,8.6,91.0,80.3,1.8,0.9,7.5,22.3,23.8,3.4,29.3,2.5,1.5,8.0,23.1,22349.0,34.2,39.1,20.8,21.9,21.1,55334.0,Columbia,AR,Arkansas,2023.0,Crude prevalence,11.0,82.6,8.8,14.4,7.9,37.7,34.5,20.0,15.7,80.0,16.1,4.4,11.0,5.0,7.0,22801.0,288.0,993.0,4874.0,183.0,538.0,1518.0,137.0,354.0,3.0,3.0,1.0,1.0,1.0,1.0
05029,3.0,6.9,91.9,82.4,3.5,1.9,5.8,28.1,14.7,7.8,25.9,0.7,0.1,2.6,46.6,21054.0,42.2,42.3,17.4,19.9,19.7,54187.0,Conway,AR,Arkansas,2023.0,Crude prevalence,10.6,85.0,10.7,15.6,9.4,41.4,36.5,19.1,17.7,79.6,18.8,4.8,11.2,5.0,6.0,20715.0,646.0,1122.0,4214.0,375.0,737.0,1526.0,250.0,535.0,2.0,3.0,3.0,2.0,1.0,2.0
05031,4.2,5.6,94.8,88.0,3.5,1.6,8.2,19.6,9.1,6.4,39.9,1.3,1.1,8.3,42.8,113249.0,34.5,31.3,21.0,29.7,20.1,59548.0,Craighead,AR,Arkansas,2023.0,Crude prevalence,10.5,83.6,7.9,11.6,6.7,39.1,31.0,19.5,14.8,77.6,15.8,3.5,10.6,5.0,22.0,111231.0,2865.0,5240.0,22966.0,827.0,1651.0,10313.0,480.0,933.0,13.0,10.0,3.0,4.0,2.0,2.0
05033,3.5,9.9,95.4,88.5,2.2,1.5,9.4,24.4,8.8,4.2,24.5,2.8,0.6,7.2,33.0,61139.0,39.2,34.8,21.8,20.0,14.7,64132.0,Crawford,AR,Arkansas,2023.0,Crude prevalence,10.3,84.6,9.2,13.0,8.1,38.8,31.2,19.0,16.5,78.3,16.8,4.0,11.6,5.0,15.0,60133.0,977.0,2391.0,14420.0,596.0,1438.0,8320.0,428.0,1026.0,6.0,5.0,3.0,1.0,2.0,1.0
05035,4.2,10.4,91.2,86.2,6.4,1.1,9.6,22.5,14.9,10.7,42.6,1.5,0.6,6.6,38.7,47266.0,36.2,37.9,22.7,17.0,21.0,55358.0,Crittenden,AR,Arkansas,2023.0,Crude prevalence,11.6,84.8,9.3,16.5,7.9,46.7,38.7,20.2,17.0,81.4,18.5,4.9,12.3,5.0,20.0,48163.0,1946.0,2924.0,14007.0,634.0,964.0,5447.0,344.0,559.0,13.0,13.0,4.0,2.0,2.0,1.0
05037,5.6,9.4,90.4,84.1,6.3,1.9,8.7,25.5,14.5,10.0,32.5,4.4,1.6,9.7,39.6,16543.0,40.9,40.0,19.2,18.4,19.7,50863.0,Cross,AR,Arkansas,2023.0,Crude prevalence,10.9,84.0,10.8,16.1,9.1,45.0,38.6,19.8,17.9,79.6,19.8,5.0,12.2,5.0,6.0,16833.0,646.0,668.0,3005.0,331.0,339.0,1334.0,265.0,269.0,2.0,4.0,2.0,2.0,1.0,2.0
05039,4.6,9.6,77.9,74.1,4.3,2.0,3.9,25.2,26.3,7.6,27.4,0.8,0.7,11.2,29.3,6242.0,45.4,47.9,17.4,11.3,13.9,42500.0,Dallas,AR,Arkansas,2023.0,Crude prevalence,10.6,87.6,9.5,17.1,9.2,41.9,37.8,17.6,16.8,82.0,16.3,5.3,11.1,5.0,3.0,6482.0,194.0,382.0,420.0,115.0,210.0,214.0,92.0,157.0,0.0,1.0,0.0,0.0,0.0,0.0
05041,9.1,13.0,88.7,78.0,3.8,5.4,7.7,20.8,20.5,14.6,43.2,2.1,0.0,6.2,40.1,10786.0,41.6,41.1,18.8,12.6,28.3,37662.0,Desha,AR,Arkansas,2023.0,Crude prevalence,11.8,83.8,13.1,21.2,10.8,46.6,46.2,20.7,20.5,81.6,22.3,6.7,16.0,5.0,5.0,11395.0,671.0,1073.0,1751.0,330.0,555.0,730.0,218.0,377.0,1.0,5.0,2.0,2.0,0.0,2.0
05043,4.3,6.9,90.5,80.5,3.0,3.7,8.3,21.0,13.2,7.2,36.3,1.9,0.8,4.9,38.1,17046.0,37.7,39.6,17.5,25.6,22.4,42824.0,Drew,AR,Arkansas,2023.0,Crude prevalence,11.1,83.2,9.8,15.2,8.5,43.8,35.8,19.8,16.8,80.0,17.4,4.7,12.0,5.0,5.0,17350.0,516.0,1179.0,1884.0,379.0,800.0,425.0,320.0,640.0,0.0,3.0,0.0,2.0,0.0,2.0
05045,2.8,3.8,96.5,92.9,2.1,1.1,7.1,25.5,8.1,4.3,37.7,1.5,1.1,7.9,38.1,127717.0,34.1,29.1,21.3,35.0,14.5,67289.0,Faulkner,AR,Arkansas,2023.0,Crude prevalence,10.2,83.2,6.7,10.8,6.0,39.8,26.6,18.8,13.5,77.4,13.6,3.1,9.1,5.0,28.0,123498.0,2142.0,3499.0,20223.0,988.0,1784.0,8359.0,657.0,1198.0,14.0,7.0,1.0,5.0,0.0,2.0
05047,5.0,7.6,90.0,78.8,2.6,2.0,9.4,23.2,9.1,7.2,22.0,2.2,0.4,10.2,34.6,17326.0,42.3,39.7,21.6,14.5,18.0,55886.0,Franklin,AR,Arkansas,2023.0,Crude prevalence,10.6,84.3,11.2,14.6,9.5,39.8,35.5,19.8,18.3,78.8,19.5,4.7,11.5,5.0,5.0,17097.0,508.0,786.0,687.0,364.0,530.0,40.0,311.0,443.0,0.0,3.0,0.0,2.0,0.0,2.0
05049,3.3,8.4,91.0,76.5,2.0,2.4,6.6,28.2,23.6,4.6,15.3,1.8,0.1,6.7,44.9,12302.0,47.6,41.1,22.4,16.0,18.0,42241.0,Fulton,AR,Arkansas,2023.0,Crude prevalence,10.6,85.5,13.2,17.1,11.5,39.6,37.8,19.0,19.4,80.9,20.4,5.7,11.3,5.0,4.0,12075.0,219.0,609.0,479.0,199.0,526.0,0.0,177.0,460.0,0.0,4.0,0.0,0.0,0.0,0.0
05051,2.7,6.6,93.7,85.2,3.1,1.7,9.5,21.4,17.2,5.6,30.6,1.8,0.9,9.9,35.4,100035.0,45.5,31.0,23.7,25.3,15.8,57181.0,Garland,AR,Arkansas,2023.0,Crude prevalence,10.1,87.1,9.5,14.8,9.3,39.1,30.7,17.4,16.7,80.2,15.5,4.5,10.3,5.0,30.0,100180.0,2461.0,3945.0,21794.0,929.0,1718.0,10445.0,643.0,1233.0,17.0,14.0,4.0,4.0,2.0,2.0
05053,2.5,6.7,92.1,89.3,2.6,4.0,6.6,30.5,12.3,2.6,19.3,1.4,0.4,10.3,39.5,18242.0,40.5,42.4,19.4,21.5,13.1,71549.0,Grant,AR,Arkansas,2023.0,Crude prevalence,9.9,85.9,8.2,12.0,7.5,36.9,29.6,17.9,15.0,78.2,15.6,3.7,9.3,5.0,5.0,17958.0,178.0,501.0,2746.0,91.0,358.0,713.0,57.0,280.0,2.0,2.0,1.0,0.0,0.0,0.0
05055,4.1,9.1,93.4,87.1,3.5,1.2,8.9,22.8,8.2,5.2,33.8,2.7,1.3,8.2,41.1,46432.0,38.0,42.3,19.9,16.9,17.4,57839.0,Greene,AR,Arkansas,2023.0,Crude prevalence,10.5,83.3,9.7,12.5,8.0,42.3,35.0,20.0,17.0,78.0,18.5,4.0,11.2,5.0,12.0,45736.0,940.0,2625.0,11674.0,478.0,1473.0,5052.0,312.0,986.0,7.0,4.0,3.0,3.0,2.0,2.0
05057,8.3,9.3,85.6,75.7,2.9,1.1,8.3,21.2,22.4,9.4,28.3,1.2,1.4,12.4,49.6,19508.0,41.2,37.4,22.1,16.3,20.2,46787.0,Hempstead,AR,Arkansas,2023.0,Crude prevalence,10.7,85.2,9.8,16.6,8.9,45.6,39.7,18.9,17.5,79.8,17.7,5.0,14.2,5.0,7.0,20065.0,702.0,767.0,4319.0,395.0,434.0,1804.0,314.0,343.0,3.0,6.0,2.0,1.0,1.0,1.0
05059,2.1,8.2,92.1,82.6,1.9,1.5,7.2,29.9,13.9,5.3,23.5,2.5,0.2,5.9,28.3,33180.0,43.1,39.2,23.4,17.5,15.1,55405.0,Hot Spring,AR,Arkansas,2023.0,Crude prevalence,10.3,84.3,9.8,13.9,8.5,37.1,34.4,18.8,16.6,78.4,18.6,4.4,11.3,5.0,9.0,33040.0,658.0,1326.0,4762.0,406.0,954.0,2102.0,277.0,741.0,2.0,3.0,2.0,2.0,2.0,1.0
05061,4.3,8.0,92.9,80.8,3.0,0.5,9.9,19.8,17.4,5.2,27.5,2.5,1.8,6.6,46.2,12583.0,38.8,41.0,20.5,16.2,22.5,45603.0,Howard,AR,Arkansas,2023.0,Crude prevalence,10.6,85.2,9.5,15.2,8.6,39.4,36.0,18.9,16.8,79.7,17.1,4.6,12.5,5.0,3.0,12785.0,265.0,501.0,1796.0,145.0,332.0,902.0,119.0,293.0,0.0,2.0,1.0,0.0,1.0,0.0
05063,4.0,7.8,91.6,81.4,2.2,1.9,10.0,19.5,12.8,6.5,30.8,1.9,0.8,8.7,34.1,38175.0,38.7,37.4,22.5,18.1,20.4,56609.0,Independence,AR,Arkansas,2023.0,Crude prevalence,10.4,83.8,9.7,13.4,8.4,41.6,35.3,19.3,16.6,78.7,17.1,4.2,11.6,5.0,10.0,37938.0,956.0,2001.0,2876.0,593.0,1219.0,466.0,464.0,959.0,1.0,6.0,3.0,3.0,0.0,3.0
05065,5.2,9.0,91.5,80.7,2.9,1.1,8.4,27.6,22.4,5.6,24.6,2.3,0.8,8.6,26.5,14009.0,46.3,35.4,21.5,19.7,22.3,49405.0,Izard,AR,Arkansas,2023.0,Crude prevalence,10.3,84.8,12.2,15.9,10.9,41.2,37.3,18.8,18.8,79.7,19.8,5.3,11.8,5.0,4.0,13577.0,295.0,756.0,670.0,246.0,647.0,0.0,222.0,589.0,0.0,3.0,0.0,1.0,0.0,1.0
05067,4.2,10.9,90.0,82.5,4.5,1.5,9.7,20.2,14.4,8.8,34.5,0.2,1.4,14.4,32.8,16712.0,40.2,42.6,20.1,14.7,21.7,44218.0,Jackson,AR,Arkansas,2023.0,Crude prevalence,11.0,82.2,11.1,15.4,8.9,43.9,39.5,21.0,18.2,77.9,21.1,4.8,13.6,5.0,6.0,16755.0,534.0,1174.0,2480.0,156.0,470.0,1364.0,119.0,400.0,2.0,5.0,2.0,1.0,1.0,0.0
05069,3.7,7.9,91.7,82.6,4.2,6.8,5.1,22.7,21.7,7.5,38.2,1.1,1.2,13.1,33.0,64802.0,39.7,42.1,21.1,20.1,18.6,51096.0,Jefferson,AR,Arkansas,2023.0,Crude prevalence,11.2,85.1,9.3,17.6,8.3,45.9,38.1,19.0,16.7,82.3,17.3,5.2,12.1,5.0,24.0,67260.0,1808.0,3534.0,9332.0,524.0,1193.0,3149.0,286.0,698.0,15.0,14.0,5.0,2.0,1.0,2.0
05071,7.3,8.4,88.6,74.3,2.4,1.1,8.2,19.3,10.7,5.4,25.9,1.2,1.3,13.8,36.1,26003.0,39.1,40.4,19.0,17.8,19.8,45995.0,Johnson,AR,Arkansas,2023.0,Crude prevalence,10.3,83.3,10.3,14.6,8.9,37.4,36.8,19.5,17.8,77.7,18.3,4.4,13.8,5.0,6.0,25749.0,559.0,1240.0,5947.0,304.0,793.0,2764.0,192.0,566.0,3.0,3.0,2.0,1.0,1.0,0.0
05073,9.9,8.6,87.5,68.3,2.3,0.2,8.8,29.7,33.5,6.2,20.7,0.7,0.3,8.3,25.9,6136.0,49.0,47.8,18.0,9.0,22.3,41278.0,Lafayette,AR,Arkansas,2023.0,Crude prevalence,11.4,85.0,13.6,20.6,11.8,46.0,43.5,19.5,20.5,81.5,21.5,6.7,14.1,5.0,3.0,6308.0,162.0,390.0,322.0,115.0,296.0,85.0,89.0,257.0,0.0,3.0,0.0,0.0,0.0,0.0
05075,5.6,11.2,93.3,86.1,3.1,1.9,11.5,25.7,13.5,5.2,33.4,1.6,0.3,8.8,34.7,16238.0,40.3,36.1,23.5,14.5,20.1,44882.0,Lawrence,AR,Arkansas,2023.0,Crude prevalence,10.7,82.8,11.3,14.4,9.3,43.7,36.3,20.4,18.1,78.6,19.8,4.7,11.6,5.0,6.0,16216.0,342.0,1061.0,2234.0,160.0,563.0,784.0,128.0,462.0,2.0,4.0,2.0,0.0,1.0,0.0
05077,5.3,14.8,83.3,82.2,7.1,0.7,6.4,23.1,27.2,16.7,41.0,2.7,0.0,6.9,66.2,8359.0,41.9,45.1,20.3,7.2,39.4,34375.0,Lee,AR,Arkansas,2023.0,Crude prevalence,11.0,82.3,11.7,19.7,10.1,46.9,42.9,20.1,19.0,80.0,22.3,6.3,15.8,5.0,4.0,8600.0,448.0,748.0,1276.0,169.0,311.0,463.0,114.0,225.0,0.0,3.0,1.0,1.0,0.0,0.0
05079,6.4,11.4,86.9,75.0,1.0,4.5,8.1,21.5,18.2,6.7,23.9,2.0,0.2,4.2,31.7,12950.0,40.3,46.6,19.1,12.0,15.4,51778.0,Lincoln,AR,Arkansas,2023.0,Crude prevalence,9.8,80.6,8.8,13.8,7.6,42.6,36.2,19.4,16.0,76.2,19.9,4.2,14.7,5.0,4.0,12941.0,240.0,458.0,3252.0,208.0,346.0,558.0,194.0,308.0,0.0,1.0,1.0,0.0,0.0,0.0
05081,2.6,6.1,89.8,78.8,4.1,1.0,4.0,30.8,20.4,5.2,19.9,1.9,1.3,7.5,35.5,11821.0,42.6,44.3,22.6,17.2,15.5,53344.0,Little River,AR,Arkansas,2023.0,Crude prevalence,10.7,85.9,10.2,15.7,9.2,41.3,36.9,18.7,17.1,80.4,17.8,4.9,10.8,5.0,6.0,12026.0,252.0,537.0,1127.0,207.0,442.0,1.0,190.0,405.0,0.0,4.0,1.0,0.0,0.0,0.0
05083,3.2,8.4,92.1,80.2,3.2,2.0,7.1,26.9,12.7,4.4,21.6,1.1,1.4,8.6,27.8,21277.0,43.6,42.4,21.8,16.7,13.9,58555.0,Logan,AR,Arkansas,2023.0,Crude prevalence,10.5,85.2,10.4,14.4,9.0,38.1,33.8,18.7,17.3,79.4,18.0,4.5,10.6,5.0,6.0,21131.0,377.0,840.0,854.0,260.0,564.0,0.0,219.0,468.0,0.0,1.0,0.0,0.0,0.0,0.0
05085,2.8,6.5,94.8,89.9,2.7,1.6,6.2,29.5,7.5,4.1,25.0,2.2,0.2,8.4,31.9,75272.0,37.8,36.4,21.4,22.1,10.4,72828.0,Lonoke,AR,Arkansas,2023.0,Crude prevalence,10.3,85.1,7.5,11.3,6.5,36.1,31.0,18.8,14.8,78.4,16.0,3.3,9.8,5.0,18.0,74015.0,1158.0,2037.0,14047.0,640.0,1280.0,7977.0,451.0,907.0,5.0,7.0,1.0,1.0,1.0,1.0
05087,5.9,7.8,92.7,85.6,3.1,1.3,12.6,32.2,16.5,3.9,20.5,1.5,1.7,3.6,34.4,17329.0,41.7,51.3,17.7,12.9,14.1,56798.0,Madison,AR,Arkansas,2023.0,Crude prevalence,10.4,84.2,10.5,13.9,9.0,40.8,35.2,19.3,17.5,78.3,19.0,4.4,12.4,5.0,4.0,16521.0,252.0,747.0,2103.0,202.0,685.0,444.0,170.0,640.0,0.0,4.0,2.0,0.0,0.0,0.0
05089,5.0,9.5,94.2,86.8,2.2,1.4,6.7,26.0,21.4,2.8,18.7,1.9,2.2,13.5,28.1,17228.0,51.8,36.2,25.5,14.9,18.0,48619.0,Marion,AR,Arkansas,2023.0,Crude prevalence,10.3,87.3,12.1,16.4,11.3,37.9,34.8,17.7,18.8,80.7,18.0,5.4,10.5,5.0,5.0,16826.0,217.0,851.0,2240.0,156.0,686.0,144.0,129.0,611.0,0.0,2.0,2.0,0.0,0.0,0.0
05091,4.2,9.7,92.5,83.1,3.7,1.8,11.5,20.1,17.6,8.5,35.6,0.7,0.4,7.6,44.7,42360.0,39.3,42.7,21.5,15.0,24.6,48836.0,Miller,AR,Arkansas,2023.0,Crude prevalence,11.1,84.0,10.1,15.3,8.5,38.1,37.9,20.1,17.2,79.8,19.1,4.7,12.2,5.0,14.0,42600.0,1383.0,2563.0,3960.0,300.0,903.0,762.0,195.0,691.0,9.0,9.0,1.0,1.0,0.0,0.0
05093,5.3,8.8,90.0,83.8,4.1,1.7,8.4,19.8,19.2,11.2,40.0,0.6,0.7,7.4,44.1,39126.0,37.3,41.9,20.7,13.7,21.1,52548.0,Mississippi,AR,Arkansas,2023.0,Crude prevalence,11.1,83.7,9.6,15.2,8.1,46.6,36.7,20.1,16.9,79.8,18.8,4.6,12.5,5.0,14.0,40685.0,1738.0,2953.0,8076.0,666.0,1143.0,3235.0,353.0,638.0,7.0,10.0,5.0,3.0,2.0,2.0
05095,6.3,11.9,89.1,82.3,5.0,3.9,7.5,29.2,27.1,14.5,37.4,0.5,0.3,7.7,30.0,6589.0,45.5,40.3,21.3,12.7,20.6,43214.0,Monroe,AR,Arkansas,2023.0,Crude prevalence,11.3,86.5,11.5,19.1,10.4,43.5,39.6,18.9,18.8,82.2,19.1,6.1,12.3,5.0,3.0,6799.0,404.0,450.0,346.0,207.0,238.0,165.0,166.0,192.0,0.0,1.0,0.0,1.0,0.0,1.0
05097,4.8,6.3,89.5,78.2,2.6,3.0,10.2,33.3,32.3,5.3,19.4,0.7,0.4,18.9,39.1,8553.0,50.8,35.0,28.5,16.7,22.4,48906.0,Montgomery,AR,Arkansas,2023.0,Crude prevalence,10.4,86.8,12.0,16.4,11.1,40.9,36.0,18.0,18.6,81.3,17.8,5.4,10.9,5.0,3.0,8484.0,197.0,373.0,2141.0,183.0,352.0,1471.0,178.0,342.0,0.0,2.0,1.0,0.0,1.0,0.0
05099,4.9,5.4,88.5,72.0,2.4,3.0,6.7,26.3,24.5,2.3,24.0,3.5,0.8,17.6,55.4,8159.0,44.9,48.5,21.4,13.8,20.3,53886.0,Nevada,AR,Arkansas,2023.0,Crude prevalence,10.9,85.2,11.8,18.3,10.3,44.0,40.8,19.6,18.9,81.2,20.4,5.9,12.4,5.0,3.0,8310.0,74.0,327.0,507.0,61.0,263.0,5.0,52.0,232.0,0.0,2.0,0.0,0.0,0.0,0.0
05101,3.8,12.9,90.6,80.8,2.1,2.1,6.5,33.9,22.4,3.0,23.5,2.8,0.0,23.7,29.8,7112.0,49.9,38.3,23.1,15.7,15.9,48986.0,Newton,AR,Arkansas,2023.0,Crude prevalence,10.3,86.7,11.3,15.3,10.4,38.6,34.2,17.8,17.7,80.6,17.8,5.0,10.1,5.0,2.0,7225.0,94.0,353.0,2708.0,79.0,319.0,1296.0,74.0,304.0,0.0,1.0,1.0,0.0,1.0,0.0
05103,2.6,8.8,86.4,80.5,2.6,1.9,6.9,22.0,27.3,9.8,29.1,0.7,0.3,8.7,42.1,22085.0,43.8,39.4,23.3,16.3,18.9,49268.0,Ouachita,AR,Arkansas,2023.0,Crude prevalence,11.0,86.2,10.3,17.7,9.3,43.5,38.0,19.1,17.5,82.0,18.2,5.4,11.3,5.0,8.0,22650.0,842.0,1279.0,3565.0,478.0,722.0,1467.0,387.0,578.0,3.0,5.0,2.0,2.0,1.0,1.0
05105,3.3,8.6,93.0,84.2,2.1,2.2,9.2,33.4,17.7,4.5,19.6,2.0,0.2,3.6,23.3,10101.0,43.3,41.1,22.5,16.5,14.2,55764.0,Perry,AR,Arkansas,2023.0,Crude prevalence,10.2,85.6,10.2,14.1,9.1,38.9,34.2,18.3,16.9,79.2,17.6,4.5,10.2,5.0,3.0,10019.0,184.0,355.0,1376.0,156.0,308.0,476.0,147.0,292.0,0.0,1.0,1.0,0.0,0.0,0.0
05107,7.8,11.4,84.7,79.3,7.1,1.7,7.6,19.9,27.9,17.0,48.8,3.3,0.1,5.9,52.8,15450.0,40.9,33.5,21.2,15.0,29.3,40134.0,Phillips,AR,Arkansas,2023.0,Crude prevalence,12.2,85.5,12.4,21.7,10.7,48.4,44.1,20.2,19.9,83.4,21.0,6.9,13.5,5.0,7.0,16568.0,1022.0,1934.0,3080.0,506.0,936.0,1443.0,330.0,599.0,2.0,5.0,2.0,4.0,2.0,2.0
05109,6.7,5.9,90.4,83.1,2.0,0.7,11.9,29.9,23.3,3.1,25.0,2.4,1.1,13.0,48.1,10115.0,41.2,36.6,23.2,19.1,20.7,49269.0,Pike,AR,Arkansas,2023.0,Crude prevalence,10.3,85.3,10.2,14.4,9.1,38.3,34.4,18.6,17.3,79.5,17.4,4.5,11.4,5.0,3.0,10171.0,126.0,505.0,894.0,98.0,402.0,625.0,79.0,360.0,0.0,1.0,0.0,0.0,0.0,0.0
05111,7.7,11.0,88.7,80.9,3.5,1.6,8.7,24.3,15.9,11.5,35.6,1.7,0.3,15.1,33.8,22543.0,40.0,45.5,18.2,11.4,20.1,46707.0,Poinsett,AR,Arkansas,2023.0,Crude prevalence,10.8,83.1,11.3,14.6,9.1,41.4,38.7,20.5,18.3,78.4,20.4,4.7,12.6,5.0,8.0,22965.0,1009.0,1686.0,2124.0,377.0,661.0,220.0,165.0,313.0,2.0,5.0,2.0,2.0,0.0,0.0
05113,4.7,9.0,89.5,79.6,3.9,2.0,9.0,21.0,18.1,6.4,21.1,1.9,0.5,11.1,22.0,19361.0,44.3,36.4,24.7,17.8,15.9,49191.0,Polk,AR,Arkansas,2023.0,Crude prevalence,10.5,85.2,11.4,15.5,10.1,40.0,35.8,18.8,18.2,79.8,18.6,4.9,11.7,5.0,7.0,19221.0,502.0,991.0,3550.0,393.0,764.0,2309.0,352.0,682.0,1.0,3.0,0.0,1.0,0.0,1.0
05115,4.9,7.9,93.2,84.6,2.9,1.3,7.3,20.1,10.3,4.5,29.6,1.8,0.6,8.2,34.3,64131.0,37.0,35.5,19.8,24.7,16.9,57344.0,Pope,AR,Arkansas,2023.0,Crude prevalence,10.6,83.2,9.1,12.7,7.7,44.6,33.7,19.3,15.8,76.5,16.4,3.9,12.1,5.0,17.0,63381.0,1104.0,2411.0,11408.0,508.0,1406.0,4395.0,303.0,986.0,7.0,7.0,3.0,1.0,0.0,1.0
05117,5.8,6.8,86.8,72.8,1.6,1.4,6.0,26.6,20.3,6.3,24.2,0.2,0.0,13.7,31.1,8064.0,45.7,44.0,17.0,18.2,11.8,51646.0,Prairie,AR,Arkansas,2023.0,Crude prevalence,10.4,86.2,10.4,15.1,9.6,40.3,34.9,18.0,17.3,80.7,17.3,4.8,10.6,5.0,3.0,8282.0,206.0,439.0,547.0,149.0,333.0,6.0,142.0,314.0,0.0,0.0,0.0,0.0,0.0,0.0
05119,3.3,4.5,95.5,89.5,2.9,1.9,9.7,20.3,10.9,7.2,43.0,1.3,0.6,9.5,38.5,399818.0,37.6,24.8,21.3,37.9,16.7,62873.0,Pulaski,AR,Arkansas,2023.0,Crude prevalence,10.3,86.4,7.2,12.9,6.7,40.5,29.1,17.5,13.8,80.7,13.4,3.9,10.4,5.0,107.0,399125.0,12329.0,17233.0,89937.0,3194.0,4359.0,34710.0,1355.0,2164.0,88.0,51.0,20.0,24.0,6.0,16.0
05121,4.9,10.4,86.8,78.8,2.8,1.7,7.2,23.8,15.3,5.4,26.5,3.1,1.0,12.4,33.5,18838.0,39.6,40.5,22.3,12.1,22.4,50911.0,Randolph,AR,Arkansas,2023.0,Crude prevalence,10.6,83.4,11.2,14.7,9.4,41.4,37.9,20.3,18.4,78.5,20.0,4.7,11.7,5.0,5.0,18571.0,398.0,1150.0,5726.0,252.0,642.0,2988.0,218.0,535.0,2.0,3.0,3.0,0.0,1.0,0.0
05123,4.9,9.2,92.3,82.7,4.3,2.0,8.2,23.0,18.7,13.3,44.5,1.4,0.3,11.3,43.7,22400.0,40.1,45.2,19.6,14.2,28.5,42574.0,St. Francis,AR,Arkansas,2023.0,Crude prevalence,11.0,83.4,10.9,18.9,9.3,48.2,42.5,19.9,18.2,80.3,21.8,5.7,15.1,5.0,7.0,23090.0,1032.0,1888.0,2118.0,528.0,963.0,818.0,370.0,664.0,2.0,6.0,2.0,2.0,0.0,1.0
05125,2.9,3.8,96.7,89.1,2.4,1.1,6.0,25.3,5.2,3.2,21.8,1.2,1.0,7.8,29.3,127479.0,40.5,31.8,22.7,29.4,8.8,79046.0,Saline,AR,Arkansas,2023.0,Crude prevalence,10.0,86.8,7.2,11.3,7.1,34.5,29.1,17.1,14.2,79.5,14.2,3.5,9.2,5.0,30.0,123416.0,1594.0,1974.0,34815.0,1049.0,1126.0,14098.0,636.0,657.0,17.0,3.0,1.0,3.0,0.0,1.0
05127,5.7,10.0,87.8,78.4,3.2,1.3,11.3,25.8,18.0,7.3,21.9,0.0,0.1,6.1,46.7,9816.0,42.2,42.6,19.7,13.0,18.7,43270.0,Scott,AR,Arkansas,2023.0,Crude prevalence,10.3,84.6,10.6,14.8,9.5,37.0,36.7,18.9,17.9,78.9,18.5,4.7,12.4,5.0,3.0,9836.0,292.0,501.0,1800.0,210.0,318.0,673.0,178.0,250.0,0.0,3.0,2.0,1.0,0.0,1.0
05129,8.2,8.9,87.8,76.7,1.8,2.1,8.2,30.4,32.3,5.9,20.6,0.6,0.4,12.1,43.6,7859.0,47.9,39.0,20.3,15.0,23.0,44426.0,Searcy,AR,Arkansas,2023.0,Crude prevalence,10.7,85.4,13.7,17.6,11.9,39.9,38.6,19.0,20.0,80.5,20.9,5.8,11.9,5.0,3.0,7828.0,190.0,402.0,1228.0,148.0,330.0,493.0,124.0,292.0,0.0,3.0,1.0,1.0,0.0,0.0
05131,6.4,8.0,94.1,86.0,3.3,1.9,10.5,19.3,9.2,6.0,38.6,2.2,0.8,7.1,35.4,128900.0,38.0,32.1,22.1,23.3,16.0,57790.0,Sebastian,AR,Arkansas,2023.0,Crude prevalence,10.3,84.4,8.5,13.1,7.7,36.2,33.3,18.9,16.2,77.7,16.1,3.9,12.9,5.0,31.0,127799.0,3131.0,6031.0,14987.0,699.0,1208.0,3982.0,319.0,758.0,24.0,11.0,1.0,3.0,0.0,2.0
05133,14.7,11.9,89.0,78.3,2.8,3.9,14.9,25.1,17.2,4.4,32.4,2.9,2.8,7.1,35.7,15712.0,34.7,33.0,22.9,9.3,17.3,53527.0,Sevier,AR,Arkansas,2023.0,Crude prevalence,10.2,81.8,9.9,15.2,8.6,41.4,40.6,19.5,18.6,76.7,18.8,4.4,20.5,5.0,4.0,15839.0,248.0,1211.0,2165.0,157.0,713.0,932.0,129.0,580.0,1.0,2.0,0.0,0.0,0.0,0.0
05135,3.5,10.3,90.4,80.0,3.7,3.1,8.2,27.5,28.0,5.0,21.2,0.8,0.7,9.8,28.0,17773.0,47.1,38.6,25.5,13.9,16.5,44637.0,Sharp,AR,Arkansas,2023.0,Crude prevalence,10.6,85.6,12.3,16.2,10.8,39.4,37.7,18.9,19.0,81.0,19.3,5.3,11.1,5.0,6.0,17271.0,341.0,1189.0,1124.0,279.0,969.0,273.0,243.0,765.0,0.0,4.0,1.0,0.0,0.0,0.0
05137,3.0,10.1,86.3,75.2,1.3,4.1,8.0,23.9,22.9,8.9,24.1,1.3,0.5,13.1,29.4,12568.0,49.2,39.1,21.3,15.8,19.3,40943.0,Stone,AR,Arkansas,2023.0,Crude prevalence,10.5,85.9,13.2,17.0,11.8,39.8,37.9,18.3,19.4,80.9,19.7,5.7,11.2,5.0,4.0,12359.0,466.0,939.0,1403.0,382.0,794.0,0.0,336.0,703.0,0.0,3.0,0.0,2.0,0.0,2.0
05139,3.3,8.2,91.8,84.6,3.1,2.1,5.6,20.1,19.6,6.6,27.3,1.0,2.2,8.3,36.1,37900.0,41.4,38.8,22.5,19.1,19.5,55259.0,Union,AR,Arkansas,2023.0,Crude prevalence,10.9,85.7,9.6,16.0,8.7,39.4,36.2,18.5,16.8,80.8,17.6,4.9,11.4,5.0,12.0,39054.0,983.0,1414.0,7751.0,546.0,823.0,4314.0,413.0,653.0,5.0,7.0,3.0,3.0,2.0,2.0
05141,4.1,8.6,92.6,81.5,1.7,0.8,8.2,33.2,23.6,6.4,22.1,1.3,0.8,16.5,37.5,15998.0,49.6,44.8,21.0,15.0,19.1,50354.0,Van Buren,AR,Arkansas,2023.0,Crude prevalence,10.4,86.2,12.6,16.2,11.1,39.6,37.0,18.3,18.7,80.6,19.3,5.4,11.3,5.0,6.0,15796.0,475.0,795.0,3232.0,427.0,726.0,1019.0,397.0,678.0,0.0,4.0,2.0,1.0,1.0,1.0
05143,6.5,5.7,96.3,91.0,2.2,1.8,12.4,20.9,7.8,4.1,44.4,2.9,1.5,10.4,34.3,256765.0,32.5,28.9,17.0,35.2,14.6,70639.0,Washington,AR,Arkansas,2023.0,Crude prevalence,10.2,82.1,6.5,10.1,5.8,35.4,27.5,18.8,13.9,75.1,13.4,2.9,12.7,5.0,54.0,245871.0,3976.0,5413.0,38032.0,1290.0,1774.0,13399.0,778.0,1113.0,36.0,25.0,9.0,7.0,2.0,4.0
05145,3.6,9.3,94.0,87.2,3.3,2.1,9.8,22.4,12.6,5.5,30.9,1.6,0.8,11.5,37.6,77838.0,38.8,40.0,18.6,20.4,17.5,55249.0,White,AR,Arkansas,2023.0,Crude prevalence,10.6,83.7,9.3,12.6,7.9,39.7,32.5,19.6,16.1,77.5,17.4,4.0,10.9,5.0,19.0,76822.0,1643.0,3417.0,10434.0,764.0,1841.0,5416.0,564.0,1380.0,8.0,11.0,3.0,4.0,1.0,3.0
05147,4.7,12.2,83.3,71.3,2.7,1.1,9.2,22.2,17.3,14.7,35.3,0.6,0.0,12.1,34.3,6026.0,45.3,44.6,14.2,16.2,24.1,48158.0,Woodruff,AR,Arkansas,2023.0,Crude prevalence,11.0,85.3,12.3,18.3,10.7,39.2,40.7,19.3,19.3,81.2,20.2,6.0,12.6,5.0,2.0,6269.0,397.0,535.0,799.0,268.0,357.0,232.0,244.0,324.0,0.0,2.0,1.0,2.0,0.0,1.0
05149,7.0,10.2,90.0,80.4,2.0,1.5,10.2,21.8,10.6,6.5,32.5,3.7,0.9,5.4,29.8,20134.0,39.3,40.9,19.7,14.9,15.6,55934.0,Yell,AR,Arkansas,2023.0,Crude prevalence,10.1,84.1,9.9,14.7,8.7,42.0,35.5,18.8,17.5,77.7,18.4,4.3,15.3,5.0,6.0,20263.0,539.0,853.0,1286.0,429.0,665.0,457.0,386.0,596.0,0.0,2.0,1.0,2.0,0.0,1.0
06001,6.5,4.6,97.4,94.4,3.6,4.4,4.0,31.0,6.1,10.0,45.6,4.6,2.7,8.6,41.8,1649473.0,39.0,15.4,14.8,52.2,9.2,129367.0,Alameda,CA,California,2023.0,Crude prevalence,8.8,87.5,4.1,11.0,4.8,22.8,20.6,15.0,11.5,72.6,9.3,2.8,7.1,6.0,378.0,1682353.0,60012.0,59416.0,183411.0,1768.0,1982.0,66718.0,557.0,673.0,372.0,146.0,3.0,14.0,1.0,5.0
06003,0.7,3.0,99.1,90.6,2.7,2.1,3.7,32.7,72.1,5.7,21.8,3.0,0.0,1.3,7.9,1616.0,39.8,15.7,25.1,41.1,10.0,105521.0,Alpine,CA,California,2023.0,Crude prevalence,10.2,88.7,6.4,11.6,7.5,28.4,19.4,15.6,13.5,75.5,11.0,3.8,5.7,6.0,1.0,1204.0,25.0,42.0,816.0,25.0,42.0,668.0,25.0,42.0,0.0,0.0,0.0,0.0,0.0,0.0
06005,2.6,6.7,93.4,88.2,2.6,1.8,4.9,34.0,15.4,4.0,19.6,0.8,0.7,8.9,36.7,41428.0,49.7,28.4,28.4,22.4,8.2,88044.0,Amador,CA,California,2023.0,Crude prevalence,10.0,88.4,7.1,11.8,7.8,29.6,22.7,16.0,14.4,74.0,12.2,4.0,7.5,6.0,10.0,40474.0,644.0,1575.0,456.0,397.0,1061.0,298.0,305.0,843.0,0.0,1.0,0.0,2.0,0.0,2.0
06007,3.6,5.8,96.1,91.8,4.4,4.9,6.4,21.0,10.2,6.0,42.7,2.5,1.3,7.4,52.6,207929.0,36.2,22.7,25.0,31.9,19.2,67928.0,Butte,CA,California,2023.0,Crude prevalence,10.5,83.2,6.8,10.7,6.5,29.3,22.8,19.1,14.1,72.1,12.8,3.5,8.3,6.0,54.0,211632.0,5023.0,13346.0,28209.0,920.0,3229.0,11105.0,602.0,2145.0,35.0,30.0,8.0,1.0,5.0,0.0
06009,1.7,5.9,95.8,85.5,2.2,2.2,5.0,34.2,33.4,2.3,16.0,2.5,0.8,9.6,49.7,46248.0,52.0,31.0,27.3,23.9,13.0,78647.0,Calaveras,CA,California,2023.0,Crude prevalence,10.3,88.5,8.4,13.2,8.7,29.8,24.8,16.7,15.7,76.6,13.4,4.5,7.1,6.0,14.0,45292.0,427.0,1760.0,736.0,306.0,1306.0,144.0,242.0,1078.0,0.0,7.0,0.0,0.0,0.0,0.0
06011,17.0,8.9,92.2,84.6,6.2,5.2,8.0,24.2,8.5,4.6,37.8,3.7,1.2,8.7,45.8,21984.0,35.9,27.1,21.0,16.4,11.4,75672.0,Colusa,CA,California,2023.0,Crude prevalence,9.8,82.9,6.4,13.4,6.8,35.0,30.3,18.1,16.2,69.6,13.4,3.7,17.6,6.0,6.0,21839.0,348.0,1229.0,1180.0,129.0,519.0,708.0,89.0,396.0,2.0,4.0,0.0,1.0,0.0,1.0
06013,5.5,4.9,97.7,95.6,4.2,3.0,4.6,35.3,3.5,5.2,32.0,3.4,2.0,8.8,47.4,1165012.0,40.5,18.0,18.4,45.2,8.4,127229.0,Contra Costa,CA,California,2023.0,Crude prevalence,9.4,87.6,4.7,11.3,5.5,28.0,23.7,15.3,12.1,72.7,9.3,3.0,7.8,6.0,241.0,1165927.0,21605.0,35128.0,288829.0,3633.0,4171.0,137525.0,1612.0,1585.0,237.0,91.0,18.0,25.0,4.0,10.0
06015,3.9,10.2,95.4,91.4,3.1,4.4,5.5,19.6,15.2,8.2,29.9,3.5,0.1,7.5,50.9,27107.0,39.9,26.7,28.0,21.4,12.9,67058.0,Del Norte,CA,California,2023.0,Crude prevalence,10.8,85.2,8.1,12.5,7.7,31.0,25.6,18.3,15.9,72.7,15.0,4.1,9.7,6.0,8.0,27743.0,785.0,2171.0,4310.0,141.0,675.0,1737.0,67.0,390.0,4.0,4.0,1.0,1.0,0.0,0.0
06017,1.8,3.1,96.2,92.5,2.6,2.9,3.9,28.6,19.5,3.6,22.8,1.6,0.8,8.6,44.9,192662.0,46.1,20.4,24.4,40.0,8.0,108845.0,El Dorado,CA,California,2023.0,Crude prevalence,9.8,88.9,6.0,10.8,6.8,27.7,19.5,15.5,13.3,75.3,10.4,3.4,5.7,6.0,55.0,191185.0,2766.0,4965.0,63385.0,1396.0,2781.0,34569.0,895.0,1964.0,31.0,11.0,4.0,5.0,2.0,2.0
06019,11.8,9.1,94.4,88.9,5.3,5.9,6.7,23.5,5.9,7.0,44.5,5.9,4.8,9.4,46.1,1016725.0,33.5,23.4,22.4,24.3,18.3,74201.0,Fresno,CA,California,2023.0,Crude prevalence,9.9,82.2,6.0,12.7,6.2,37.7,30.9,18.4,15.0,70.8,13.2,3.4,14.6,6.0,225.0,1008654.0,22680.0,70903.0,127460.0,2808.0,9355.0,62717.0,1645.0,5802.0,189.0,148.0,18.0,18.0,9.0,8.0
06021,13.3,8.5,93.7,89.5,4.9,4.6,8.5,22.9,11.4,4.3,38.8,3.5,1.2,6.3,44.1,28494.0,36.2,33.0,22.0,15.1,16.0,67139.0,Glenn,CA,California,2023.0,Crude prevalence,10.1,83.7,7.1,12.6,7.0,32.1,28.0,18.4,15.8,71.3,13.9,3.8,13.7,6.0,8.0,28917.0,418.0,1440.0,7110.0,184.0,409.0,5007.0,161.0,340.0,5.0,6.0,2.0,0.0,1.0,0.0
06023,2.9,5.2,94.7,90.9,5.1,3.2,4.9,19.0,12.7,6.1,43.5,2.1,1.8,6.8,53.3,134541.0,39.9,23.2,25.9,33.1,18.7,61160.0,Humboldt,CA,California,2023.0,Crude prevalence,11.0,83.9,7.6,11.4,7.1,31.3,23.7,19.7,14.9,71.9,14.2,3.7,7.5,6.0,35.0,136463.0,3330.0,11540.0,17509.0,900.0,3484.0,7805.0,685.0,2426.0,20.0,25.0,10.0,2.0,2.0,2.0
06025,14.4,14.1,94.3,90.1,6.6,7.2,6.0,22.1,14.5,6.1,43.2,6.8,3.1,9.5,43.5,180202.0,33.2,25.7,21.6,16.1,19.5,57681.0,Imperial,CA,California,2023.0,Crude prevalence,9.2,81.1,5.7,15.0,6.7,34.7,35.2,18.0,17.1,68.9,12.9,3.7,22.1,6.0,40.0,179702.0,3045.0,14225.0,19012.0,479.0,2695.0,8776.0,343.0,1749.0,27.0,33.0,9.0,0.0,4.0,0.0
06027,2.3,4.7,93.0,85.1,1.4,1.6,7.0,16.0,15.6,5.5,33.6,1.5,1.2,8.4,27.1,18739.0,45.5,27.3,27.1,31.5,10.9,73991.0,Inyo,CA,California,2023.0,Crude prevalence,10.2,88.0,6.9,12.4,7.6,28.2,22.9,16.3,14.7,75.0,12.0,3.9,7.9,6.0,6.0,19016.0,446.0,686.0,5927.0,148.0,251.0,4880.0,122.0,214.0,3.0,3.0,2.0,0.0,2.0,0.0
06029,12.9,10.1,95.2,91.6,5.0,5.6,7.8,24.4,7.2,6.7,39.9,6.7,3.0,8.2,48.3,915075.0,32.7,27.9,22.6,18.8,19.1,70210.0,Kern,CA,California,2023.0,Crude prevalence,10.3,81.4,6.4,13.3,6.2,36.0,31.9,20.0,16.1,70.7,14.6,3.5,16.7,6.0,236.0,909235.0,19000.0,57456.0,106815.0,2491.0,7933.0,30935.0,1310.0,4006.0,188.0,158.0,26.0,15.0,7.0,5.0
06031,13.1,11.1,94.9,86.8,5.5,6.5,7.3,23.0,6.2,5.8,45.8,6.2,2.0,9.0,39.7,153298.0,32.5,29.6,22.5,13.6,16.0,70995.0,Kings,CA,California,2023.0,Crude prevalence,9.8,79.9,5.9,12.1,5.8,34.7,30.4,19.5,15.6,67.8,14.8,3.3,17.6,6.0,31.0,152486.0,2553.0,8805.0,36580.0,335.0,1814.0,25810.0,161.0,1176.0,26.0,19.0,6.0,1.0,1.0,0.0
06033,4.9,7.5,94.6,87.1,5.7,4.4,6.9,32.4,21.7,5.6,27.8,3.2,1.7,8.7,53.2,68152.0,44.1,29.3,27.8,17.8,17.0,60621.0,Lake,CA,California,2023.0,Crude prevalence,10.8,86.2,9.1,14.1,8.9,32.7,27.8,18.1,17.1,74.3,15.2,4.7,10.1,6.0,21.0,68163.0,1499.0,6553.0,7335.0,551.0,2298.0,3622.0,384.0,1624.0,9.0,12.0,1.0,0.0,1.0,0.0
06035,7.1,15.9,94.8,88.7,3.4,4.4,6.4,19.5,24.4,6.3,31.8,1.5,0.7,5.7,36.9,30356.0,38.3,28.9,25.0,13.1,14.0,67403.0,Lassen,CA,California,2023.0,Crude prevalence,10.3,82.1,7.6,11.5,7.1,34.2,26.1,19.2,15.6,69.9,15.9,3.8,12.0,6.0,9.0,32730.0,581.0,1239.0,2417.0,220.0,604.0,1701.0,167.0,498.0,3.0,7.0,2.0,1.0,1.0,0.0
06037,11.6,7.5,96.7,93.0,4.7,4.7,8.2,30.4,6.4,8.9,54.1,6.2,4.7,9.3,48.3,9808667.0,38.2,20.3,17.6,36.0,13.7,90112.0,Los Angeles,CA,California,2023.0,Crude prevalence,9.1,84.9,4.9,12.6,5.3,26.5,26.2,16.2,14.1,71.8,11.2,3.2,11.7,6.0,2495.0,10014009.0,302694.0,493104.0,638645.0,7800.0,15377.0,283270.0,3091.0,6810.0,2447.0,1124.0,24.0,50.0,7.0,19.0
06039,15.9,11.0,94.8,91.0,5.7,6.0,7.4,27.9,11.0,5.0,32.5,7.1,4.0,9.6,47.2,160940.0,34.6,24.4,22.6,17.9,19.2,76627.0,Madera,CA,California,2023.0,Crude prevalence,10.4,81.9,7.2,13.5,7.0,36.5,31.7,19.8,16.9,69.8,14.8,3.9,17.9,6.0,34.0,156255.0,2268.0,9864.0,15093.0,480.0,3095.0,6146.0,348.0,2283.0,17.0,23.0,1.0,0.0,0.0,0.0
06041,4.5,2.7,97.7,95.8,3.8,2.6,3.8,27.4,8.1,4.9,35.3,2.5,1.9,8.4,47.2,257969.0,47.4,10.7,15.1,61.1,8.3,149091.0,Marin,CA,California,2023.0,Crude prevalence,9.4,90.1,5.3,10.2,6.4,21.3,18.2,13.9,12.1,74.6,8.2,3.2,5.5,6.0,62.0,262321.0,5057.0,5615.0,75138.0,1091.0,1098.0,28612.0,355.0,404.0,56.0,15.0,5.0,4.0,4.0,2.0
06043,1.9,7.9,92.6,87.9,3.3,1.8,5.2,33.9,23.7,4.6,25.3,2.4,1.2,4.8,43.7,17082.0,51.2,21.0,27.3,31.8,14.0,68412.0,Mariposa,CA,California,2023.0,Crude prevalence,10.3,88.6,8.4,13.5,9.1,30.5,24.6,16.2,15.6,76.2,12.6,4.6,7.3,6.0,6.0,17131.0,347.0,1003.0,2166.0,298.0,852.0,1253.0,263.0,745.0,0.0,2.0,0.0,1.0,0.0,0.0
06045,6.9,5.7,93.5,89.6,5.1,3.7,7.7,21.5,16.4,7.3,38.3,3.4,1.7,10.4,44.5,90244.0,44.1,27.5,25.1,25.2,15.4,68092.0,Mendocino,CA,California,2023.0,Crude prevalence,10.6,86.4,8.5,13.7,8.5,29.3,26.0,17.8,16.3,74.3,14.3,4.4,10.3,6.0,23.0,91601.0,2536.0,6072.0,12578.0,623.0,2576.0,7013.0,426.0,1911.0,9.0,13.0,4.0,3.0,2.0,1.0
06047,17.3,10.4,91.4,88.4,6.2,5.2,8.1,31.3,5.3,7.3,46.0,5.4,2.8,9.4,42.5,290201.0,31.8,29.7,20.2,15.3,19.1,65510.0,Merced,CA,California,2023.0,Crude prevalence,9.8,80.5,6.1,13.0,6.1,33.8,33.2,19.0,16.0,68.9,14.1,3.4,18.2,6.0,63.0,281202.0,6289.0,18102.0,39778.0,1205.0,3570.0,19877.0,788.0,2204.0,46.0,52.0,15.0,4.0,4.0,1.0
06049,6.0,7.3,92.6,87.4,3.6,3.5,10.0,22.5,31.4,4.7,22.6,3.1,0.2,7.4,37.4,8600.0,47.5,28.3,26.0,24.8,17.9,59455.0,Modoc,CA,California,2023.0,Crude prevalence,10.8,87.6,9.9,14.9,10.0,31.9,27.5,17.4,17.4,76.5,14.8,5.2,8.6,6.0,4.0,8700.0,154.0,456.0,1994.0,48.0,281.0,1442.0,33.0,250.0,0.0,4.0,2.0,0.0,1.0,0.0
06051,4.8,6.5,99.1,92.4,2.2,2.4,8.8,17.1,58.0,4.1,34.6,2.0,2.1,17.9,30.9,13148.0,41.5,19.6,27.2,32.2,8.6,99415.0,Mono,CA,California,2023.0,Crude prevalence,9.9,86.4,6.0,10.5,6.3,31.2,21.5,16.9,13.5,72.5,11.7,3.2,8.2,6.0,4.0,13195.0,238.0,266.0,8791.0,164.0,216.0,7677.0,137.0,198.0,2.0,0.0,0.0,1.0,0.0,1.0
06053,16.8,9.9,97.3,93.8,3.0,2.9,9.6,25.4,8.9,4.7,47.9,8.6,6.4,10.6,45.0,437613.0,35.5,20.9,16.4,28.2,12.7,97230.0,Monterey,CA,California,2023.0,Crude prevalence,9.6,83.6,5.7,12.5,6.2,31.1,27.0,16.7,14.7,71.6,11.9,3.4,15.9,6.0,103.0,439035.0,6264.0,12764.0,56742.0,1468.0,2337.0,30348.0,894.0,1541.0,79.0,33.0,5.0,5.0,2.0,4.0
06055,9.6,5.3,97.6,93.5,3.3,2.6,5.7,24.9,10.8,4.8,36.6,4.6,1.7,9.9,44.9,134869.0,42.9,17.1,19.6,39.8,8.5,111471.0,Napa,CA,California,2023.0,Crude prevalence,9.5,87.2,5.7,11.4,6.5,27.9,23.5,15.5,13.4,73.9,10.4,3.4,9.7,6.0,40.0,138019.0,2399.0,3425.0,23128.0,619.0,735.0,9100.0,414.0,418.0,30.0,8.0,2.0,2.0,2.0,1.0
06057,1.6,3.6,96.8,93.0,2.9,2.6,5.3,23.6,21.1,4.2,24.5,1.0,0.9,9.1,48.3,102481.0,50.1,19.2,24.4,41.5,11.0,89882.0,Nevada,CA,California,2023.0,Crude prevalence,10.2,89.4,7.2,11.5,7.9,27.5,20.4,15.6,14.0,76.6,11.0,4.0,5.6,6.0,26.0,102241.0,1812.0,3454.0,25369.0,880.0,1651.0,16313.0,636.0,1189.0,14.0,5.0,2.0,3.0,0.0,2.0
06059,7.3,5.6,97.9,95.0,3.5,3.1,6.4,26.7,5.5,4.8,43.6,5.3,3.5,9.6,47.0,3165820.0,39.4,17.4,18.0,44.1,9.5,116289.0,Orange,CA,California,2023.0,Crude prevalence,9.0,87.2,4.7,11.5,5.5,23.9,24.1,16.0,12.5,73.4,9.2,2.9,8.9,6.0,613.0,3186989.0,51573.0,91924.0,525612.0,5798.0,7013.0,196029.0,1668.0,1836.0,609.0,114.0,6.0,40.0,0.0,18.0
06061,2.0,3.0,97.7,94.2,2.9,2.3,3.2,27.4,11.9,4.2,25.2,1.9,0.8,9.7,48.2,419156.0,42.5,17.8,22.8,43.2,6.8,115998.0,Placer,CA,California,2023.0,Crude prevalence,9.9,88.5,5.2,9.8,5.9,27.3,19.1,15.3,12.4,74.6,9.4,3.1,5.6,6.0,92.0,404739.0,6602.0,9051.0,131616.0,2323.0,3264.0,64315.0,1332.0,1933.0,73.0,6.0,1.0,13.0,0.0,6.0
06063,2.8,3.5,93.1,85.5,4.3,3.2,5.8,19.8,46.0,6.6,25.4,1.7,0.7,9.0,36.1,19423.0,52.0,29.2,29.2,22.5,10.6,66031.0,Plumas,CA,California,2023.0,Crude prevalence,10.6,89.2,8.7,13.5,9.3,29.9,24.0,16.6,15.8,77.2,13.0,4.6,6.4,6.0,7.0,19790.0,529.0,1085.0,791.0,309.0,550.0,295.0,231.0,393.0,0.0,3.0,0.0,0.0,0.0,0.0
06065,8.8,7.7,97.0,93.6,4.0,4.2,7.7,33.8,10.8,4.3,30.9,5.4,2.4,10.7,48.7,2478600.0,37.0,26.6,22.9,25.6,10.6,93074.0,Riverside,CA,California,2023.0,Crude prevalence,9.5,85.0,5.4,12.4,6.0,36.8,27.3,17.1,14.7,71.8,11.5,3.3,12.7,6.0,518.0,2418185.0,33345.0,97172.0,675574.0,9124.0,25711.0,324968.0,4632.0,13265.0,453.0,207.0,67.0,51.0,23.0,29.0
06067,6.2,5.5,97.1,94.0,4.3,4.7,4.9,27.3,4.6,6.6,41.0,4.0,2.1,9.8,46.3,1594006.0,37.5,21.7,22.9,34.1,12.5,92175.0,Sacramento,CA,California,2023.0,Crude prevalence,10.2,85.2,5.6,11.2,5.7,29.6,21.5,17.4,13.6,70.4,11.8,3.2,8.7,6.0,363.0,1585055.0,37536.0,81145.0,212753.0,2892.0,7260.0,71578.0,1111.0,2777.0,348.0,146.0,13.0,27.0,3.0,7.0
06069,9.9,6.6,97.3,95.2,3.6,2.9,6.0,36.6,3.6,3.0,32.1,4.1,1.9,10.7,37.1,67290.0,36.1,27.2,22.9,24.1,6.7,114394.0,San Benito,CA,California,2023.0,Crude prevalence,9.2,84.8,4.7,11.3,5.3,31.5,25.3,16.6,13.8,69.4,10.9,2.9,13.9,6.0,12.0,64209.0,622.0,2169.0,17344.0,246.0,721.0,10720.0,198.0,514.0,9.0,10.0,5.0,0.0,4.0,0.0
06071,8.5,9.0,96.9,93.3,4.4,5.4,8.0,32.6,9.3,4.6,37.9,6.4,2.9,9.9,48.6,2197104.0,34.7,28.5,22.2,23.3,13.3,85478.0,San Bernardino,CA,California,2023.0,Crude prevalence,9.9,83.6,5.2,12.1,5.6,33.3,26.3,17.7,14.4,69.6,12.3,3.2,14.3,6.0,466.0,2181654.0,31226.0,106798.0,373284.0,6057.0,21952.0,174835.0,3431.0,12788.0,410.0,239.0,53.0,29.0,26.0,17.0
06073,5.9,4.9,97.6,94.9,3.9,3.3,6.4,25.5,6.3,5.5,45.4,4.2,2.3,10.1,47.7,3288774.0,37.3,17.9,20.0,43.2,10.3,106268.0,San Diego,CA,California,2023.0,Crude prevalence,8.9,85.7,4.7,10.0,5.2,25.3,20.6,16.3,11.9,72.6,10.0,2.8,8.7,6.0,736.0,3298634.0,64308.0,116541.0,612978.0,6589.0,13365.0,246716.0,2617.0,5528.0,696.0,227.0,23.0,28.0,5.0,14.0
06075,6.9,4.1,96.6,93.0,4.2,3.6,3.3,30.4,12.2,30.2,61.8,2.5,3.5,7.9,31.7,830235.0,40.0,11.3,12.0,60.3,11.2,140970.0,San Francisco,CA,California,2023.0,Crude prevalence,8.4,87.1,3.9,10.2,4.9,17.2,19.2,13.8,10.4,72.8,8.8,2.6,6.3,6.0,242.0,873965.0,109781.0,41556.0,5468.0,335.0,438.0,2255.0,150.0,201.0,241.0,74.0,2.0,12.0,1.0,2.0
06077,11.3,7.9,96.5,92.5,4.7,4.2,6.3,34.1,5.7,5.1,38.0,5.9,2.5,10.1,43.8,797334.0,35.4,27.5,21.5,22.7,12.4,92179.0,San Joaquin,CA,California,2023.0,Crude prevalence,9.5,83.8,5.5,12.3,5.7,30.7,26.1,17.2,14.1,70.7,12.6,3.3,12.8,6.0,174.0,779233.0,12528.0,38226.0,129219.0,1966.0,5897.0,55343.0,1094.0,2787.0,151.0,81.0,7.0,6.0,2.0,5.0
06079,3.7,4.1,97.0,93.1,3.2,2.5,5.7,22.3,12.9,3.8,37.9,2.6,1.6,9.2,48.3,281555.0,40.4,18.1,23.6,39.8,12.9,97446.0,San Luis Obispo,CA,California,2023.0,Crude prevalence,9.9,85.4,5.8,10.0,6.4,26.1,20.1,16.7,13.0,72.1,10.2,3.3,7.5,6.0,69.0,282424.0,4146.0,8972.0,57172.0,991.0,2251.0,30271.0,669.0,1554.0,53.0,17.0,3.0,1.0,1.0,1.0
06081,6.0,3.7,97.7,95.7,3.2,2.7,3.8,26.4,7.9,5.8,41.5,4.0,3.5,8.1,40.3,742340.0,40.9,14.7,15.1,53.7,6.7,158855.0,San Mateo,CA,California,2023.0,Crude prevalence,8.5,88.2,4.0,10.6,5.2,22.3,20.2,13.1,10.9,71.6,8.0,2.7,6.6,6.0,173.0,764442.0,15229.0,13399.0,134690.0,1336.0,797.0,68417.0,673.0,354.0,170.0,33.0,2.0,8.0,0.0,2.0
06083,11.5,6.6,96.4,92.5,4.0,3.1,8.7,20.8,6.8,5.9,47.6,5.7,4.0,8.3,49.5,443701.0,34.6,16.9,19.9,36.8,14.7,98161.0,Santa Barbara,CA,California,2023.0,Crude prevalence,9.7,83.4,5.6,10.8,6.0,26.1,24.1,17.2,13.8,70.6,10.7,3.2,11.7,6.0,108.0,448229.0,8881.0,16287.0,74369.0,1232.0,1710.0,28506.0,473.0,724.0,94.0,39.0,3.0,6.0,1.0,4.0
06085,6.4,4.4,98.0,95.6,3.3,2.8,3.9,26.2,5.6,6.0,44.9,4.5,3.0,8.6,36.4,1902047.0,38.1,13.3,13.1,56.5,7.1,164281.0,Santa Clara,CA,California,2023.0,Crude prevalence,7.9,86.5,3.5,10.5,4.5,21.9,22.2,13.7,10.1,71.2,8.1,2.4,6.8,6.0,408.0,1936259.0,39450.0,43418.0,207396.0,3025.0,2424.0,82874.0,835.0,934.0,400.0,124.0,10.0,20.0,3.0,8.0
06087,7.1,4.3,97.1,94.2,3.8,3.0,4.9,25.7,9.4,5.2,40.1,3.9,3.4,8.0,43.7,264926.0,39.8,15.2,20.8,43.9,11.6,111093.0,Santa Cruz,CA,California,2023.0,Crude prevalence,9.8,85.4,5.4,10.2,5.9,25.8,20.7,16.7,13.0,71.4,10.0,3.1,8.7,6.0,69.0,270861.0,5027.0,9588.0,28930.0,727.0,1491.0,16654.0,473.0,1087.0,56.0,22.0,1.0,2.0,1.0,1.0
06089,2.5,5.4,96.1,91.3,3.5,3.3,6.5,19.8,11.0,6.3,34.4,2.4,0.7,10.1,43.3,181436.0,41.7,26.7,30.1,23.8,13.3,72636.0,Shasta,CA,California,2023.0,Crude prevalence,10.8,85.9,7.6,11.7,7.3,29.3,22.2,18.6,15.0,73.8,13.8,3.9,7.1,6.0,50.0,182155.0,4516.0,9569.0,32401.0,1376.0,2895.0,9977.0,667.0,1615.0,30.0,23.0,5.0,8.0,1.0,4.0
06091,3.0,4.5,87.6,79.5,6.7,2.0,13.7,24.3,42.5,6.5,27.9,1.2,0.3,17.8,25.2,2746.0,54.7,18.7,33.7,25.8,4.4,63355.0,Sierra,CA,California,2023.0,Crude prevalence,10.6,88.8,10.2,15.3,10.3,32.5,27.3,16.8,17.5,77.2,15.1,5.2,7.5,6.0,1.0,3236.0,79.0,119.0,71.0,53.0,79.0,2.0,45.0,68.0,0.0,0.0,0.0,0.0,0.0,0.0
06093,2.9,5.4,94.2,88.5,4.0,3.5,6.0,21.2,17.4,6.1,30.8,2.4,1.9,8.7,49.5,43466.0,47.2,27.3,28.7,23.3,16.4,59095.0,Siskiyou,CA,California,2023.0,Crude prevalence,11.0,87.4,9.1,13.9,9.2,31.8,25.8,17.6,16.6,75.9,14.4,4.7,7.6,6.0,16.0,44076.0,1169.0,2953.0,6649.0,534.0,1528.0,4741.0,420.0,1250.0,3.0,13.0,2.0,2.0,1.0,0.0
06095,5.7,5.7,97.2,93.8,3.9,3.2,4.8,31.0,4.4,4.9,37.0,3.4,1.8,10.8,49.4,451918.0,39.2,24.3,25.0,28.8,10.0,100401.0,Solano,CA,California,2023.0,Crude prevalence,10.1,86.4,5.3,12.1,5.8,31.3,25.1,16.6,13.2,72.6,11.3,3.3,9.1,6.0,100.0,453491.0,7796.0,17882.0,102330.0,1480.0,2919.0,54324.0,700.0,1519.0,91.0,23.0,2.0,10.0,2.0,6.0
06097,6.6,4.7,97.1,94.4,3.6,2.5,5.1,25.1,8.0,4.8,37.4,3.1,1.8,10.7,44.1,485040.0,42.9,18.8,22.2,38.5,8.9,104674.0,Sonoma,CA,California,2023.0,Crude prevalence,9.8,87.4,5.8,10.7,6.4,26.1,21.2,15.8,13.1,73.2,10.6,3.3,8.4,6.0,121.0,488863.0,9223.0,15299.0,71351.0,2087.0,2894.0,32137.0,1237.0,1609.0,92.0,21.0,6.0,8.0,2.0,6.0
06099,11.2,8.9,95.7,92.1,4.9,3.8,5.6,30.8,3.9,5.6,38.8,5.6,2.1,8.7,45.4,553990.0,34.9,29.2,22.8,19.6,13.5,81468.0,Stanislaus,CA,California,2023.0,Crude prevalence,10.0,83.2,6.1,11.9,6.1,36.4,30.3,18.8,15.5,71.0,13.4,3.4,14.0,6.0,112.0,552878.0,9884.0,27603.0,41800.0,1105.0,2981.0,11827.0,623.0,1593.0,97.0,60.0,12.0,6.0,3.0,3.0
06101,11.1,8.7,95.6,90.6,4.3,4.7,6.4,27.1,4.3,5.5,38.7,4.8,2.1,9.3,44.0,98857.0,36.5,24.1,24.7,20.9,14.4,79704.0,Sutter,CA,California,2023.0,Crude prevalence,10.0,83.7,6.8,12.8,6.8,29.5,27.7,17.9,15.3,71.4,13.9,3.7,11.9,6.0,21.0,99633.0,1843.0,4385.0,11968.0,358.0,834.0,4239.0,211.0,497.0,15.0,9.0,2.0,2.0,1.0,1.0
06103,6.7,6.1,94.4,88.0,3.1,4.4,6.6,23.4,10.0,6.1,32.9,3.5,1.5,9.2,46.9,65167.0,40.0,30.3,27.6,19.3,15.6,63784.0,Tehama,CA,California,2023.0,Crude prevalence,10.7,84.9,8.4,13.0,8.1,31.6,27.4,18.8,16.6,72.5,15.1,4.3,10.8,6.0,14.0,65829.0,1522.0,3457.0,5800.0,564.0,1696.0,2804.0,437.0,1400.0,5.0,10.0,2.0,1.0,1.0,1.0
06105,1.9,5.9,90.0,81.9,3.5,2.4,9.3,27.2,31.2,5.5,28.3,2.0,0.1,4.3,30.2,15860.0,54.9,36.5,25.7,22.4,20.7,53002.0,Trinity,CA,California,2023.0,Crude prevalence,11.0,87.7,11.3,15.9,11.0,33.3,28.4,18.1,18.3,77.0,16.9,5.7,7.0,6.0,4.0,16112.0,308.0,619.0,3435.0,236.0,436.0,1765.0,192.0,356.0,0.0,3.0,2.0,1.0,2.0,1.0
06107,16.0,9.2,95.4,89.7,5.7,5.9,8.1,23.7,7.1,4.5,41.5,7.6,2.8,7.7,42.8,478693.0,32.1,27.8,21.5,16.6,17.9,71300.0,Tulare,CA,California,2023.0,Crude prevalence,10.0,81.2,6.1,13.1,6.2,35.0,32.6,19.0,16.4,67.9,14.0,3.4,18.2,6.0,103.0,473117.0,6487.0,34511.0,36340.0,1069.0,6279.0,12115.0,666.0,4088.0,73.0,77.0,13.0,1.0,6.0,0.0
06109,1.5,5.2,94.2,88.8,4.1,2.6,5.3,30.0,28.2,5.2,26.1,1.3,0.5,11.4,47.9,54498.0,48.4,24.7,33.9,24.6,10.4,77404.0,Tuolumne,CA,California,2023.0,Crude prevalence,10.3,88.0,7.6,12.1,8.0,29.0,23.0,16.8,14.8,76.1,12.3,4.1,7.0,6.0,18.0,55620.0,1176.0,2662.0,11616.0,761.0,1829.0,6059.0,496.0,1276.0,6.0,7.0,2.0,3.0,0.0,2.0
06111,8.8,6.1,96.9,94.2,3.6,2.8,7.3,25.6,5.2,4.1,35.4,4.4,2.6,10.2,48.6,837469.0,39.6,19.3,20.1,36.1,9.3,109797.0,Ventura,CA,California,2023.0,Crude prevalence,9.5,86.9,5.2,11.4,5.8,25.7,23.6,16.2,13.2,73.8,10.4,3.1,10.3,6.0,189.0,843843.0,11599.0,23939.0,154670.0,1996.0,2949.0,73310.0,993.0,1314.0,171.0,52.0,6.0,5.0,2.0,2.0
06113,6.4,5.0,96.6,92.3,3.7,3.3,4.8,24.0,7.0,7.6,45.7,4.2,2.1,7.7,51.4,220564.0,32.1,17.7,19.4,44.8,16.7,91752.0,Yolo,CA,California,2023.0,Crude prevalence,9.8,81.9,4.7,9.3,4.9,25.7,22.4,17.9,12.2,70.5,9.8,2.7,8.9,6.0,53.0,216403.0,5841.0,10072.0,30451.0,663.0,1329.0,14487.0,383.0,725.0,47.0,23.0,5.0,6.0,2.0,1.0
06115,7.4,6.9,95.7,91.8,3.9,6.1,6.4,32.4,6.6,6.4,36.5,3.8,1.6,15.4,38.3,84507.0,34.2,27.3,29.4,17.7,14.2,76373.0,Yuba,CA,California,2023.0,Crude prevalence,10.4,82.6,6.5,11.3,6.0,30.8,26.0,19.4,15.0,70.0,14.5,3.4,11.0,6.0,19.0,81575.0,1820.0,5516.0,11619.0,393.0,1200.0,7297.0,292.0,845.0,12.0,10.0,1.0,1.0,0.0,1.0
08001,6.9,7.9,97.0,92.9,3.3,2.7,11.6,29.8,3.6,4.7,31.4,2.8,1.4,11.6,45.8,530225.0,34.8,28.2,19.6,29.0,9.8,94571.0,Adams,CO,Colorado,2023.0,Crude prevalence,11.0,83.3,5.1,9.7,4.7,33.2,22.8,17.1,12.5,70.1,13.4,2.6,17.2,8.0,107.0,519572.0,8800.0,19524.0,69301.0,789.0,1493.0,21669.0,382.0,436.0,101.0,53.0,6.0,6.0,0.0,5.0
08003,5.8,5.7,93.4,91.8,2.3,5.4,5.8,15.9,8.2,7.9,44.1,2.8,0.7,8.2,29.0,16581.0,33.2,24.5,22.2,32.4,17.2,55397.0,Alamosa,CO,Colorado,2023.0,Crude prevalence,11.0,80.9,6.4,11.3,6.2,30.3,23.9,18.1,14.6,69.5,12.7,3.4,18.0,8.0,5.0,16376.0,524.0,1900.0,2382.0,133.0,541.0,768.0,85.0,387.0,3.0,5.0,2.0,0.0,0.0,0.0
08005,3.9,4.2,97.9,94.7,3.5,2.5,9.3,27.1,4.5,5.3,35.3,2.1,1.3,11.0,45.4,659844.0,37.3,18.6,18.9,46.5,8.6,101087.0,Arapahoe,CO,Colorado,2023.0,Crude prevalence,10.5,85.6,4.9,8.5,4.9,26.1,18.0,15.9,11.5,70.2,10.5,2.7,11.5,8.0,161.0,655070.0,13756.0,19911.0,117635.0,1059.0,1750.0,35856.0,201.0,512.0,156.0,58.0,9.0,19.0,2.0,4.0
08007,1.4,3.2,94.2,90.0,0.7,0.2,10.5,22.2,39.9,3.6,19.9,2.2,0.2,7.3,43.2,13900.0,52.1,24.4,24.0,40.9,8.2,83065.0,Archuleta,CO,Colorado,2023.0,Crude prevalence,10.9,89.1,7.7,11.7,7.9,27.6,19.7,14.3,14.1,75.3,12.0,3.9,9.6,8.0,5.0,13359.0,214.0,409.0,4877.0,152.0,305.0,2875.0,116.0,244.0,1.0,2.0,2.0,1.0,1.0,1.0
08009,6.1,6.2,92.3,83.9,0.3,6.8,7.4,12.1,16.4,5.5,28.5,0.1,0.4,8.6,40.6,3428.0,43.0,29.4,23.5,24.7,24.6,46215.0,Baca,CO,Colorado,2023.0,Crude prevalence,11.9,84.9,10.7,13.4,9.6,29.9,26.0,17.7,17.2,74.1,16.9,5.0,12.8,8.0,2.0,3506.0,91.0,353.0,1211.0,60.0,220.0,996.0,55.0,200.0,0.0,2.0,1.0,0.0,1.0,0.0
08011,5.3,11.8,94.9,83.3,2.2,4.9,7.4,22.2,13.8,3.1,34.8,2.3,0.7,8.1,50.8,5549.0,40.6,40.5,17.3,15.7,28.4,50179.0,Bent,CO,Colorado,2023.0,Crude prevalence,10.8,79.2,10.1,14.7,9.2,33.7,29.9,18.3,17.8,69.5,20.0,4.9,22.1,8.0,2.0,5650.0,58.0,402.0,434.0,45.0,318.0,258.0,43.0,203.0,0.0,2.0,0.0,0.0,0.0,0.0
08013,2.0,2.2,98.3,95.7,3.2,2.4,4.4,22.3,5.3,5.2,38.0,1.1,0.5,9.9,50.0,328961.0,37.7,11.3,14.7,64.2,11.2,103994.0,Boulder,CO,Colorado,2023.0,Crude prevalence,10.3,85.0,4.7,7.1,4.8,16.7,12.1,15.2,10.5,69.3,8.8,2.5,7.8,8.0,78.0,330758.0,7080.0,8034.0,86005.0,1162.0,2178.0,41004.0,578.0,1324.0,64.0,20.0,2.0,7.0,0.0,3.0
08014,1.0,2.5,98.6,96.7,2.7,1.7,4.4,25.5,4.3,3.8,37.3,0.5,0.7,8.9,35.3,76304.0,38.6,12.3,15.4,60.3,6.2,123874.0,Broomfield,CO,Colorado,2023.0,Crude prevalence,10.3,87.0,4.2,7.1,4.4,22.3,13.5,14.4,10.0,71.6,8.7,2.3,7.8,8.0,24.0,74112.0,1197.0,1212.0,26837.0,333.0,214.0,12252.0,115.0,82.0,22.0,1.0,1.0,1.0,0.0,1.0
08015,1.2,4.1,96.4,89.7,2.7,2.3,6.5,18.1,14.1,1.7,25.9,0.1,0.0,14.1,45.6,20178.0,48.7,20.6,20.2,47.0,8.3,84132.0,Chaffee,CO,Colorado,2023.0,Crude prevalence,10.8,87.3,7.1,10.2,7.1,25.7,18.0,14.9,13.1,73.8,12.1,3.6,9.3,8.0,6.0,19476.0,163.0,695.0,3913.0,102.0,328.0,3009.0,86.0,254.0,2.0,2.0,1.0,0.0,1.0,0.0
08017,4.0,3.7,97.5,90.6,0.3,1.4,5.3,15.1,20.4,0.3,27.4,0.8,0.0,1.3,39.0,1741.0,42.9,27.1,28.2,26.1,8.2,70865.0,Cheyenne,CO,Colorado,2023.0,Crude prevalence,11.3,86.4,8.0,11.3,7.6,28.8,21.2,16.5,14.6,73.8,13.9,3.9,11.1,8.0,1.0,1748.0,2.0,69.0,531.0,1.0,44.0,443.0,1.0,39.0,0.0,1.0,1.0,0.0,0.0,0.0
08019,2.0,4.5,97.4,90.2,3.2,1.7,5.7,28.4,19.6,4.4,18.4,0.5,1.1,22.3,36.5,9262.0,49.1,15.1,14.3,57.5,6.4,94577.0,Clear Creek,CO,Colorado,2023.0,Crude prevalence,10.6,88.8,5.7,9.0,6.1,23.9,15.2,13.9,11.7,74.4,10.1,3.0,7.3,8.0,4.0,9397.0,206.0,281.0,621.0,112.0,172.0,0.0,110.0,168.0,0.0,2.0,0.0,0.0,0.0,0.0
08021,4.5,4.8,89.2,83.6,2.9,2.8,13.6,23.4,22.9,4.8,23.5,4.6,0.6,9.0,33.5,7530.0,40.6,31.6,23.5,25.7,11.7,50978.0,Conejos,CO,Colorado,2023.0,Crude prevalence,10.4,84.7,6.9,13.8,7.5,30.3,26.0,16.0,15.6,72.7,13.0,3.9,18.8,8.0,2.0,7461.0,152.0,514.0,1206.0,118.0,384.0,1043.0,110.0,359.0,0.0,2.0,1.0,0.0,1.0,0.0
08023,2.7,7.3,92.8,88.1,1.5,6.6,8.5,26.1,32.1,5.4,21.0,1.3,0.7,4.4,45.8,3607.0,50.5,28.2,25.4,24.9,21.0,36861.0,Costilla,CO,Colorado,2023.0,Crude prevalence,10.4,86.7,8.4,17.0,9.4,31.6,28.7,15.0,17.1,75.1,13.5,4.8,19.6,8.0,2.0,3499.0,89.0,481.0,646.0,68.0,371.0,389.0,65.0,351.0,0.0,2.0,0.0,0.0,0.0,0.0
08025,7.5,11.1,90.1,84.0,1.2,5.1,8.1,28.9,14.1,4.7,30.5,0.8,0.0,6.2,46.3,5647.0,40.8,46.2,18.1,12.4,19.4,48826.0,Crowley,CO,Colorado,2023.0,Crude prevalence,10.1,78.2,7.1,11.0,6.4,31.7,25.2,17.9,15.0,66.3,18.0,3.5,21.1,8.0,2.0,5922.0,63.0,300.0,183.0,45.0,228.0,155.0,44.0,225.0,0.0,2.0,0.0,0.0,0.0,0.0
08027,1.1,3.7,93.8,80.4,1.7,3.9,5.0,36.9,42.3,4.5,14.7,0.3,1.0,7.0,42.5,5247.0,58.2,20.8,21.3,43.7,12.7,72674.0,Custer,CO,Colorado,2023.0,Crude prevalence,11.2,89.9,8.6,12.4,8.8,26.6,19.6,14.4,14.6,77.8,12.2,4.4,7.6,8.0,2.0,4704.0,120.0,204.0,1846.0,98.0,164.0,682.0,97.0,162.0,0.0,2.0,2.0,0.0,1.0,0.0
08029,2.6,6.7,91.3,81.9,1.6,4.2,12.0,24.2,13.8,5.1,22.1,1.3,0.3,11.2,46.2,31598.0,48.1,35.2,22.5,26.6,14.0,57774.0,Delta,CO,Colorado,2023.0,Crude prevalence,11.4,86.4,9.2,12.4,8.8,26.7,22.9,16.2,15.8,74.1,14.5,4.5,11.9,8.0,9.0,31196.0,659.0,1467.0,1528.0,437.0,1028.0,304.0,335.0,798.0,0.0,9.0,1.0,2.0,0.0,1.0
08031,4.4,4.4,97.5,92.9,3.6,3.1,9.0,24.9,6.7,10.3,51.2,2.0,1.2,9.8,37.8,718877.0,35.3,14.4,15.0,56.5,11.2,94718.0,Denver,CO,Colorado,2023.0,Crude prevalence,10.3,84.0,4.2,7.1,4.1,21.6,17.0,15.2,10.8,69.6,10.3,2.3,12.5,8.0,178.0,715522.0,34584.0,29550.0,41233.0,614.0,1062.0,17450.0,107.0,470.0,177.0,60.0,3.0,21.0,1.0,9.0
08033,1.6,2.9,96.0,80.9,1.6,2.9,7.9,17.6,20.2,7.1,18.7,3.2,0.5,12.4,20.2,2432.0,56.7,40.3,21.4,28.1,21.6,64907.0,Dolores,CO,Colorado,2023.0,Crude prevalence,11.2,85.8,8.3,11.5,7.9,27.3,21.1,16.6,14.8,73.5,14.9,4.1,10.2,8.0,1.0,2326.0,89.0,93.0,792.0,60.0,63.0,724.0,56.0,59.0,0.0,1.0,1.0,0.0,1.0,0.0
08035,1.0,1.2,98.9,97.9,2.6,1.1,3.9,27.1,3.1,2.4,22.6,0.8,0.6,10.0,41.2,377150.0,39.6,11.3,17.2,62.0,3.8,149594.0,Douglas,CO,Colorado,2023.0,Crude prevalence,10.5,88.4,4.0,6.8,4.3,25.3,13.7,14.2,9.6,74.6,7.8,2.2,6.3,8.0,72.0,357978.0,3414.0,2951.0,144019.0,1654.0,1319.0,73833.0,923.0,681.0,55.0,1.0,1.0,6.0,0.0,5.0
08037,1.7,3.2,98.2,95.4,3.5,1.8,10.9,22.2,35.0,5.3,34.1,2.8,1.1,9.0,55.7,55135.0,39.7,19.0,15.3,50.9,8.7,104096.0,Eagle,CO,Colorado,2023.0,Crude prevalence,10.3,86.7,5.0,8.5,5.1,24.3,16.3,14.7,11.5,71.6,10.3,2.6,11.3,8.0,16.0,55731.0,1174.0,833.0,19315.0,739.0,487.0,12731.0,485.0,310.0,6.0,2.0,1.0,4.0,1.0,3.0
08039,1.9,1.7,97.8,94.5,2.2,1.0,5.1,41.3,4.8,1.3,5.0,0.8,0.1,9.0,32.5,27874.0,45.0,24.9,24.8,36.1,5.3,132685.0,Elbert,CO,Colorado,2023.0,Crude prevalence,11.1,88.0,5.9,8.9,5.9,24.8,16.2,15.2,12.2,73.8,11.2,3.0,7.9,8.0,7.0,26062.0,133.0,393.0,5419.0,125.0,362.0,2565.0,120.0,351.0,0.0,1.0,1.0,0.0,1.0,0.0
08041,1.9,3.1,97.7,94.8,3.4,2.7,7.2,23.5,4.4,3.8,33.8,1.3,0.7,10.4,44.4,742999.0,35.1,19.6,22.7,41.9,8.5,90363.0,El Paso,CO,Colorado,2023.0,Crude prevalence,11.6,84.6,5.2,8.7,4.9,28.3,18.8,17.8,12.7,73.7,10.7,2.7,9.5,8.0,167.0,730395.0,11142.0,26900.0,156650.0,2155.0,5218.0,59190.0,968.0,2452.0,137.0,65.0,18.0,11.0,5.0,8.0
08043,2.7,6.5,92.9,85.4,1.9,3.5,6.5,24.7,12.8,4.5,24.4,1.2,0.2,9.2,35.8,49634.0,44.7,39.4,21.7,22.0,13.3,62664.0,Fremont,CO,Colorado,2023.0,Crude prevalence,11.0,84.2,8.2,11.4,7.6,30.6,22.9,16.9,15.3,71.9,15.5,3.9,13.4,8.0,15.0,48939.0,817.0,2878.0,12980.0,256.0,1324.0,7475.0,156.0,920.0,8.0,10.0,5.0,1.0,4.0,0.0
08045,6.6,4.1,96.4,94.3,2.4,1.9,15.6,31.4,6.2,5.2,30.4,1.5,0.5,11.2,35.0,62479.0,37.6,24.3,21.7,33.6,8.2,91131.0,Garfield,CO,Colorado,2023.0,Crude prevalence,10.7,84.4,5.8,8.9,5.5,24.0,18.6,16.2,12.9,70.9,12.2,2.9,13.8,8.0,12.0,61685.0,1212.0,1868.0,20692.0,631.0,991.0,13529.0,466.0,715.0,7.0,2.0,2.0,3.0,1.0,2.0
08047,1.4,5.2,95.4,93.4,2.1,1.4,3.9,32.1,16.7,5.3,12.5,1.2,0.0,7.9,33.2,5901.0,47.2,11.3,18.1,52.8,11.2,95361.0,Gilpin,CO,Colorado,2023.0,Crude prevalence,11.0,88.9,6.1,9.6,6.2,25.5,16.2,14.7,12.5,74.1,11.4,3.1,7.3,8.0,2.0,5808.0,165.0,278.0,19.0,136.0,230.0,0.0,93.0,169.0,0.0,0.0,0.0,1.0,0.0,1.0
08049,1.6,2.8,95.6,91.3,2.9,1.7,11.5,24.4,57.1,1.4,26.6,0.8,0.1,6.5,36.4,15895.0,45.4,23.5,23.3,42.7,7.6,88612.0,Grand,CO,Colorado,2023.0,Crude prevalence,10.8,86.9,6.2,9.1,6.2,24.3,16.6,15.6,12.4,72.8,11.8,3.1,8.6,8.0,6.0,15717.0,105.0,228.0,4293.0,67.0,182.0,2107.0,50.0,143.0,2.0,0.0,0.0,0.0,0.0,0.0
08051,1.1,1.3,98.4,92.3,3.4,3.0,5.0,20.2,32.1,2.4,33.2,0.9,0.6,6.1,44.7,17241.0,37.5,13.9,13.5,64.7,11.3,84527.0,Gunnison,CO,Colorado,2023.0,Crude prevalence,10.8,84.0,4.6,7.1,4.6,23.8,14.2,16.1,10.4,70.2,9.6,2.3,7.4,8.0,6.0,16918.0,200.0,648.0,2852.0,139.0,211.0,1843.0,132.0,174.0,2.0,1.0,0.0,0.0,0.0,0.0
08053,0.0,0.0,98.4,94.1,0.0,8.4,9.3,7.6,62.0,1.6,23.9,2.2,0.0,0.0,5.3,1005.0,48.5,11.2,38.2,47.7,4.1,75972.0,Hinsdale,CO,Colorado,2023.0,Crude prevalence,10.4,91.1,6.0,10.0,7.5,23.5,15.0,12.5,11.8,78.1,8.4,3.5,6.0,8.0,1.0,788.0,8.0,63.0,259.0,5.0,43.0,211.0,5.0,37.0,0.0,1.0,0.0,0.0,0.0,0.0
08055,3.7,3.1,92.6,77.9,3.3,6.3,3.6,21.1,35.2,3.2,24.9,0.5,2.0,4.3,47.6,6972.0,55.3,24.5,27.6,26.4,17.3,52526.0,Huerfano,CO,Colorado,2023.0,Crude prevalence,10.8,88.3,8.6,13.9,9.1,27.5,23.7,14.7,15.7,76.0,12.9,4.6,13.4,8.0,3.0,6820.0,100.0,589.0,1956.0,40.0,276.0,1278.0,31.0,228.0,0.0,3.0,2.0,0.0,2.0,0.0
08057,2.4,6.1,87.8,79.8,5.6,2.3,7.7,12.2,40.6,3.2,28.9,0.0,0.0,9.5,49.5,1372.0,51.6,34.1,16.0,31.3,14.6,47667.0,Jackson,CO,Colorado,2023.0,Crude prevalence,11.5,86.3,10.6,13.9,9.6,30.0,25.2,16.6,17.0,74.4,16.9,4.9,13.0,8.0,1.0,1379.0,21.0,103.0,674.0,15.0,75.0,626.0,14.0,69.0,0.0,1.0,1.0,0.0,1.0,0.0
08059,1.3,2.9,97.6,95.1,2.7,1.7,5.3,26.0,4.7,4.0,29.3,0.8,0.5,10.5,42.5,579377.0,40.5,18.2,18.1,52.0,6.7,110656.0,Jefferson,CO,Colorado,2023.0,Crude prevalence,11.2,87.3,5.0,8.3,5.1,23.1,13.3,14.8,10.8,73.2,9.9,2.6,8.4,8.0,146.0,582910.0,9632.0,13200.0,98464.0,1438.0,1932.0,32085.0,491.0,734.0,127.0,28.0,3.0,10.0,1.0,3.0
08061,0.7,6.7,88.2,84.6,0.1,6.0,8.8,17.3,20.9,3.1,31.3,0.7,0.0,2.3,33.6,1376.0,45.4,26.0,34.7,20.1,11.8,58618.0,Kiowa,CO,Colorado,2023.0,Crude prevalence,11.4,87.2,8.9,11.8,8.7,27.1,21.7,16.3,15.3,75.2,13.8,4.4,10.1,8.0,1.0,1446.0,18.0,92.0,856.0,13.0,68.0,740.0,12.0,64.0,0.0,1.0,1.0,0.0,1.0,0.0
08063,3.2,5.7,93.8,88.5,1.6,1.7,12.0,16.9,15.5,5.9,27.4,1.3,0.2,11.6,27.8,7023.0,39.5,30.3,28.9,20.4,9.8,70259.0,Kit Carson,CO,Colorado,2023.0,Crude prevalence,11.5,85.0,8.3,11.4,7.7,29.4,22.9,17.3,15.4,71.9,14.5,4.0,13.2,8.0,2.0,7087.0,171.0,304.0,1893.0,100.0,179.0,1346.0,92.0,163.0,0.0,2.0,2.0,0.0,2.0,0.0
08065,3.0,3.1,92.9,89.2,1.7,1.3,13.7,25.7,24.2,4.1,24.4,1.1,0.9,13.2,48.7,7380.0,37.3,23.2,14.1,49.5,7.9,96575.0,Lake,CO,Colorado,2023.0,Crude prevalence,10.2,85.5,4.7,8.4,4.9,23.9,17.0,15.1,11.4,70.0,10.2,2.5,11.9,8.0,3.0,7436.0,124.0,231.0,1096.0,66.0,77.0,588.0,59.0,66.0,1.0,0.0,0.0,0.0,0.0,0.0
08067,1.0,2.5,97.1,90.0,2.4,2.5,8.2,20.3,15.9,2.7,29.1,1.4,0.6,8.9,43.8,56331.0,43.2,19.3,18.9,49.3,11.7,86056.0,La Plata,CO,Colorado,2023.0,Crude prevalence,11.1,86.8,6.2,9.3,6.2,20.9,16.1,15.6,12.5,73.1,11.7,3.2,8.6,8.0,12.0,55638.0,664.0,2125.0,14494.0,315.0,1558.0,8157.0,235.0,1236.0,4.0,3.0,2.0,1.0,1.0,0.0
08069,1.3,2.2,98.0,93.1,3.2,2.6,5.6,23.4,6.4,3.6,36.0,0.7,0.6,10.5,45.0,367368.0,36.8,16.1,18.5,53.0,11.2,93765.0,Larimer,CO,Colorado,2023.0,Crude prevalence,11.2,84.1,5.2,7.3,5.1,23.5,13.9,16.6,11.5,69.8,9.6,2.6,8.6,8.0,86.0,359066.0,5572.0,11813.0,79701.0,1209.0,3375.0,38532.0,564.0,1821.0,65.0,28.0,6.0,5.0,2.0,1.0
08071,3.6,6.1,92.5,87.3,2.9,4.4,8.4,19.5,20.3,7.1,31.4,2.1,0.1,12.1,39.8,14413.0,46.6,29.8,27.0,19.3,18.7,52074.0,Las Animas,CO,Colorado,2023.0,Crude prevalence,10.8,85.6,8.2,13.7,8.5,32.5,26.0,16.0,16.0,73.0,13.7,4.4,16.8,8.0,6.0,14555.0,463.0,1323.0,3757.0,212.0,530.0,2312.0,173.0,437.0,2.0,6.0,3.0,1.0,1.0,0.0
08073,2.0,11.9,91.5,81.7,0.6,1.5,7.6,22.8,17.3,4.9,28.3,1.8,0.0,8.7,26.0,5550.0,40.9,39.0,15.9,26.1,9.8,62861.0,Lincoln,CO,Colorado,2023.0,Crude prevalence,10.9,83.1,7.9,10.8,7.3,29.8,23.4,17.2,14.7,70.3,15.5,3.8,14.5,8.0,2.0,5675.0,97.0,243.0,2346.0,67.0,162.0,1995.0,63.0,151.0,0.0,2.0,1.0,0.0,1.0,0.0
08075,3.4,6.7,92.9,85.4,3.1,1.3,7.2,17.4,6.2,6.9,33.7,3.1,0.5,14.4,34.9,20892.0,39.2,37.3,21.6,20.1,15.8,51829.0,Logan,CO,Colorado,2023.0,Crude prevalence,11.4,82.0,8.4,11.2,7.5,29.7,23.5,18.1,15.2,70.5,16.0,4.0,14.7,8.0,7.0,21528.0,570.0,1478.0,4090.0,194.0,508.0,2757.0,142.0,387.0,3.0,6.0,3.0,1.0,2.0,1.0
08077,1.6,5.5,95.8,92.6,3.3,2.4,9.9,18.9,5.9,6.0,27.5,1.6,0.4,8.5,40.3,158601.0,41.3,27.8,23.9,32.3,10.7,73658.0,Mesa,CO,Colorado,2023.0,Crude prevalence,11.4,85.0,7.0,9.8,6.7,29.8,20.0,16.6,14.1,72.0,12.7,3.5,11.0,8.0,33.0,155703.0,3952.0,7468.0,39534.0,913.0,1721.0,17815.0,371.0,769.0,28.0,20.0,12.0,8.0,1.0,5.0
08079,0.0,1.6,96.6,91.2,5.2,1.8,12.9,12.4,67.3,3.6,30.3,3.4,1.3,25.2,34.0,729.0,56.4,21.1,21.6,51.7,10.0,56250.0,Mineral,CO,Colorado,2023.0,Crude prevalence,10.7,89.5,6.9,10.5,7.3,25.7,16.6,13.8,12.6,76.2,10.5,3.6,6.9,8.0,1.0,865.0,14.0,30.0,214.0,12.0,26.0,138.0,12.0,25.0,0.0,1.0,0.0,0.0,0.0,0.0
08081,1.4,7.7,96.9,89.6,3.0,2.4,9.7,20.5,12.2,4.6,30.6,1.0,2.0,5.8,27.6,13207.0,40.1,38.2,21.2,19.4,8.4,73849.0,Moffat,CO,Colorado,2023.0,Crude prevalence,11.4,83.5,7.9,10.8,7.0,28.5,22.1,17.9,15.0,70.7,15.6,3.7,12.8,8.0,4.0,13292.0,250.0,645.0,1695.0,106.0,232.0,931.0,79.0,182.0,2.0,2.0,1.0,0.0,0.0,0.0
08083,3.1,5.4,93.6,84.5,2.1,2.4,11.1,20.4,8.9,5.0,23.8,1.6,0.5,14.0,42.9,26412.0,44.5,28.1,23.1,31.3,13.3,65244.0,Montezuma,CO,Colorado,2023.0,Crude prevalence,11.8,86.4,8.3,11.8,7.8,28.4,22.0,16.6,15.0,73.6,14.7,4.1,10.8,8.0,8.0,25849.0,558.0,1336.0,5656.0,382.0,816.0,2924.0,351.0,736.0,2.0,7.0,2.0,2.0,2.0,1.0
08085,4.0,4.5,92.4,87.6,2.5,2.9,13.3,21.1,8.5,3.6,24.6,0.5,0.0,10.2,39.0,43807.0,46.1,32.1,22.4,28.7,11.5,72120.0,Montrose,CO,Colorado,2023.0,Crude prevalence,11.1,86.9,8.0,11.5,8.0,27.5,21.6,15.7,14.8,73.3,13.4,4.1,12.6,8.0,12.0,42679.0,644.0,2023.0,12200.0,315.0,1049.0,6790.0,227.0,720.0,6.0,9.0,3.0,0.0,2.0,0.0
08087,7.3,7.1,94.3,92.6,3.4,4.9,12.2,23.3,6.2,6.5,32.7,4.2,0.7,7.6,43.7,29520.0,37.5,31.7,25.7,17.8,14.3,73278.0,Morgan,CO,Colorado,2023.0,Crude prevalence,11.1,83.3,6.9,10.9,6.6,32.1,23.3,17.4,14.7,70.3,13.8,3.5,17.9,8.0,8.0,29111.0,720.0,1771.0,8101.0,126.0,648.0,5700.0,70.0,504.0,5.0,7.0,4.0,1.0,2.0,1.0
08089,3.4,7.9,91.3,84.8,3.7,5.9,6.6,21.2,13.3,7.6,31.1,2.9,0.8,12.7,33.7,18321.0,41.8,29.5,24.9,18.2,22.1,54037.0,Otero,CO,Colorado,2023.0,Crude prevalence,11.3,83.5,9.0,14.5,8.5,34.6,27.6,17.6,17.1,72.6,15.3,4.6,18.8,8.0,7.0,18690.0,576.0,1654.0,1391.0,197.0,570.0,753.0,139.0,387.0,1.0,7.0,1.0,1.0,1.0,1.0
08091,1.4,1.2,96.0,90.7,1.9,0.5,12.7,27.3,25.7,1.3,17.5,2.1,2.1,2.1,44.5,5087.0,55.4,15.4,16.3,56.5,4.3,91020.0,Ouray,CO,Colorado,2023.0,Crude prevalence,10.6,91.0,6.2,10.0,7.0,23.3,15.3,12.9,12.0,77.6,9.1,3.4,6.2,8.0,2.0,4874.0,34.0,102.0,753.0,25.0,78.0,263.0,23.0,74.0,0.0,0.0,0.0,0.0,0.0,0.0
08093,0.5,1.7,98.1,93.1,2.0,2.8,6.0,39.0,36.1,2.6,13.8,1.9,0.1,6.4,28.7,17907.0,51.2,19.8,26.4,41.6,5.0,103670.0,Park,CO,Colorado,2023.0,Crude prevalence,10.9,89.3,6.5,10.2,6.7,23.5,16.0,14.4,12.7,74.9,11.3,3.3,7.3,8.0,6.0,17390.0,233.0,334.0,3977.0,229.0,321.0,2838.0,220.0,305.0,0.0,1.0,1.0,1.0,1.0,1.0
08095,2.7,7.5,90.6,83.0,1.9,1.5,6.8,20.2,9.8,5.4,28.1,0.2,1.5,10.1,23.8,4496.0,40.9,26.6,21.3,31.5,16.8,64674.0,Phillips,CO,Colorado,2023.0,Crude prevalence,11.2,84.9,8.3,11.9,8.0,28.9,24.0,16.8,15.4,72.5,14.3,4.2,14.6,8.0,2.0,4530.0,106.0,220.0,241.0,33.0,72.0,111.0,27.0,63.0,0.0,1.0,0.0,0.0,0.0,0.0
08097,1.6,2.0,98.9,92.8,1.7,3.1,5.0,19.9,31.3,4.0,37.2,0.1,1.0,7.6,45.7,16985.0,47.2,12.6,14.0,62.8,7.8,102645.0,Pitkin,CO,Colorado,2023.0,Crude prevalence,10.2,89.2,4.9,8.4,5.8,20.7,13.7,13.3,10.7,74.2,8.3,2.8,6.9,8.0,6.0,17358.0,366.0,250.0,4821.0,168.0,154.0,2865.0,124.0,119.0,3.0,0.0,0.0,1.0,0.0,0.0
08099,7.7,5.7,87.6,85.6,2.5,7.8,9.6,11.8,13.6,7.0,32.9,1.8,1.3,19.8,39.3,11910.0,37.7,29.3,24.7,19.3,18.2,53508.0,Prowers,CO,Colorado,2023.0,Crude prevalence,11.1,82.9,8.1,12.6,7.6,29.2,26.3,17.6,15.9,70.4,15.0,4.0,18.3,8.0,5.0,11999.0,332.0,951.0,2373.0,140.0,319.0,1333.0,115.0,248.0,2.0,5.0,2.0,0.0,1.0,0.0
08101,2.8,6.3,94.9,89.1,2.6,4.4,5.2,21.9,7.0,6.9,31.1,1.7,0.5,7.5,44.9,169356.0,40.4,30.3,22.8,25.6,14.6,64010.0,Pueblo,CO,Colorado,2023.0,Crude prevalence,11.1,84.9,7.2,12.3,6.9,32.1,26.8,17.3,15.2,72.9,13.9,3.7,16.3,8.0,58.0,168162.0,4728.0,13495.0,40384.0,803.0,2514.0,23834.0,480.0,1567.0,49.0,41.0,10.0,3.0,3.0,3.0
08103,2.4,1.8,96.5,92.9,1.5,0.7,9.5,17.4,14.9,4.0,25.7,1.6,0.5,10.5,18.2,6544.0,37.8,28.9,29.8,24.7,8.5,65473.0,Rio Blanco,CO,Colorado,2023.0,Crude prevalence,11.2,85.5,6.8,9.6,6.5,26.7,18.9,16.9,13.4,72.3,13.1,3.3,9.9,8.0,2.0,6529.0,111.0,388.0,1277.0,65.0,192.0,1010.0,56.0,157.0,0.0,2.0,1.0,0.0,1.0,0.0
08105,4.9,6.6,92.2,88.2,6.3,4.4,10.7,19.2,22.4,7.2,32.9,3.6,0.6,2.6,36.2,11321.0,41.7,24.7,22.2,34.5,18.0,64411.0,Rio Grande,CO,Colorado,2023.0,Crude prevalence,10.6,85.9,7.1,12.2,7.4,27.7,23.2,15.6,14.7,73.5,12.5,3.8,15.9,8.0,4.0,11539.0,371.0,874.0,328.0,127.0,317.0,167.0,89.0,221.0,0.0,3.0,0.0,1.0,0.0,0.0
08107,0.9,1.7,96.7,93.2,1.7,1.7,7.6,20.1,34.3,1.7,24.0,1.0,0.0,10.9,46.1,25084.0,43.4,16.5,17.2,54.2,5.2,106489.0,Routt,CO,Colorado,2023.0,Crude prevalence,10.6,87.6,5.4,8.3,5.5,23.7,15.3,14.8,11.5,72.8,10.2,2.8,7.5,8.0,10.0,24829.0,192.0,575.0,12268.0,116.0,452.0,8673.0,64.0,391.0,5.0,1.0,1.0,0.0,1.0,0.0
08109,2.4,5.7,95.3,90.8,6.0,6.1,12.6,17.5,12.9,3.7,23.1,1.3,2.2,6.5,41.5,6580.0,49.6,28.2,21.6,31.3,17.8,50082.0,Saguache,CO,Colorado,2023.0,Crude prevalence,11.1,86.8,9.3,15.1,9.3,29.1,25.9,15.7,16.7,75.0,14.6,4.7,15.8,8.0,2.0,6368.0,126.0,819.0,1659.0,104.0,604.0,955.0,97.0,556.0,0.0,2.0,1.0,0.0,1.0,0.0
08111,0.0,0.0,100.0,86.7,7.2,0.0,10.1,14.8,45.9,2.5,47.1,0.0,0.0,3.9,40.4,724.0,37.5,23.4,19.9,52.1,21.3,77824.0,San Juan,CO,Colorado,2023.0,Crude prevalence,10.4,88.4,6.2,10.2,6.9,26.4,17.4,14.3,12.5,74.2,11.2,3.4,8.3,8.0,1.0,705.0,10.0,34.0,88.0,3.0,9.0,61.0,2.0,8.0,0.0,1.0,0.0,0.0,0.0,0.0
08113,0.0,1.8,97.5,84.5,2.0,2.0,15.2,16.7,30.8,12.9,37.0,0.3,3.2,3.4,50.1,7968.0,43.3,13.4,15.5,64.9,9.3,79024.0,San Miguel,CO,Colorado,2023.0,Crude prevalence,10.5,87.9,5.3,8.7,5.7,26.3,14.9,14.3,11.2,73.4,9.8,2.8,7.3,8.0,4.0,8072.0,596.0,167.0,2156.0,315.0,67.0,517.0,97.0,51.0,2.0,1.0,0.0,1.0,0.0,1.0
08115,0.7,4.1,92.8,88.0,1.9,2.8,10.0,18.2,15.8,4.5,28.2,0.1,2.2,10.9,46.9,2304.0,42.6,30.2,21.6,27.2,13.0,52386.0,Sedgwick,CO,Colorado,2023.0,Crude prevalence,11.1,87.6,9.1,13.0,9.3,28.0,23.1,15.6,15.7,75.8,13.6,4.7,12.0,8.0,1.0,2404.0,46.0,192.0,433.0,21.0,86.0,358.0,20.0,85.0,0.0,1.0,0.0,0.0,0.0,0.0
08117,1.6,2.5,99.8,97.8,3.8,1.8,10.2,20.8,61.1,2.2,27.9,1.6,1.3,7.6,44.2,31017.0,39.5,16.3,18.2,55.0,7.7,109773.0,Summit,CO,Colorado,2023.0,Crude prevalence,10.4,86.2,5.0,7.9,5.0,24.4,15.3,15.3,11.1,71.6,10.5,2.5,9.1,8.0,12.0,31055.0,275.0,213.0,11822.0,237.0,175.0,5816.0,181.0,125.0,6.0,1.0,0.0,1.0,0.0,1.0
08119,0.7,3.0,94.2,92.8,2.1,1.7,6.9,31.7,13.3,3.1,19.0,0.8,0.3,11.3,43.3,24825.0,52.2,22.1,26.9,37.9,7.6,85361.0,Teller,CO,Colorado,2023.0,Crude prevalence,11.0,89.2,6.8,10.2,6.9,24.1,17.0,14.4,12.9,75.5,11.3,3.5,7.6,8.0,8.0,24710.0,370.0,1298.0,6395.0,227.0,1031.0,3758.0,179.0,889.0,3.0,3.0,0.0,0.0,0.0,0.0
08121,3.1,6.9,93.1,86.4,1.8,4.4,6.0,22.9,9.5,5.2,26.4,0.2,0.1,13.3,22.7,4831.0,41.3,28.0,20.9,24.9,8.1,67167.0,Washington,CO,Colorado,2023.0,Crude prevalence,11.1,86.0,7.6,10.5,7.4,26.4,20.2,16.4,14.1,72.6,13.4,3.8,10.8,8.0,2.0,4817.0,107.0,230.0,2468.0,80.0,191.0,2265.0,75.0,185.0,0.0,1.0,1.0,0.0,1.0,0.0
08123,5.7,5.6,97.3,92.7,3.3,2.5,8.0,27.9,4.1,3.6,24.0,2.1,0.9,10.0,45.5,350396.0,35.3,23.6,21.9,33.2,9.6,97097.0,Weld,CO,Colorado,2023.0,Crude prevalence,10.7,83.1,5.5,9.5,5.1,33.8,20.6,17.2,12.8,67.6,12.7,2.7,13.7,8.0,83.0,328981.0,4443.0,11355.0,74440.0,1295.0,3282.0,37027.0,876.0,2107.0,58.0,30.0,8.0,2.0,3.0,0.0
08125,11.2,7.4,93.8,90.6,2.9,2.1,15.7,15.6,6.0,5.4,31.1,1.2,2.6,7.2,43.3,9979.0,40.5,24.0,19.3,25.3,17.9,60545.0,Yuma,CO,Colorado,2023.0,Crude prevalence,11.1,84.2,7.8,10.9,7.2,28.4,22.7,16.9,14.8,71.5,13.9,3.8,15.7,8.0,2.0,9988.0,221.0,541.0,3708.0,163.0,395.0,3174.0,153.0,368.0,0.0,1.0,1.0,1.0,1.0,1.0
09001,,,,,,,,,,,,,,,,,,,,,,,,,,,,,,,,,,,,,,,,,9.0,226.0,957419.0,28515.0,33341.0,304780.0,3894.0,3780.0,199439.0,2398.0,2183.0,210.0,83.0,5.0,21.0,3.0,12.0
09003,,,,,,,,,,,,,,,,,,,,,,,,,,,,,,,,,,,,,,,,,9.0,235.0,899498.0,37603.0,50808.0,237577.0,5065.0,6002.0,123369.0,2461.0,2710.0,220.0,86.0,7.0,32.0,4.0,20.0
09005,,,,,,,,,,,,,,,,,,,,,,,,,,,,,,,,,,,,,,,,,9.0,52.0,185186.0,3988.0,6463.0,37418.0,1840.0,2815.0,24188.0,1425.0,2177.0,25.0,16.0,7.0,7.0,4.0,4.0
09007,,,,,,,,,,,,,,,,,,,,,,,,,,,,,,,,,,,,,,,,,9.0,40.0,164245.0,3936.0,4971.0,61187.0,1564.0,2002.0,41853.0,1058.0,1319.0,30.0,5.0,2.0,10.0,1.0,6.0
09009,,,,,,,,,,,,,,,,,,,,,,,,,,,,,,,,,,,,,,,,,9.0,198.0,864835.0,38689.0,50677.0,227956.0,4373.0,5714.0,135965.0,2421.0,2990.0,189.0,80.0,7.0,30.0,1.0,14.0
09011,,,,,,,,,,,,,,,,,,,,,,,,,,,,,,,,,,,,,,,,,9.0,66.0,268555.0,7586.0,11865.0,64822.0,2464.0,3947.0,34503.0,1360.0,2182.0,44.0,21.0,10.0,10.0,1.0,5.0
09013,,,,,,,,,,,,,,,,,,,,,,,,,,,,,,,,,,,,,,,,,9.0,32.0,149788.0,2705.0,4481.0,21267.0,1320.0,2200.0,13698.0,907.0,1600.0,13.0,8.0,3.0,6.0,1.0,4.0
09015,,,,,,,,,,,,,,,,,,,,,,,,,,,,,,,,,,,,,,,,,9.0,30.0,116418.0,2926.0,6874.0,13665.0,1130.0,2848.0,6197.0,689.0,1871.0,11.0,11.0,6.0,5.0,3.0,0.0
09110,3.7,4.9,95.4,91.5,3.4,3.6,4.5,23.6,6.1,9.8,34.3,1.4,0.5,8.7,43.2,977290.0,40.0,25.0,16.2,42.1,10.3,93394.0,Capitol,CT,Connecticut,2023.0,Crude prevalence,11.9,89.4,5.6,11.0,5.7,31.9,25.1,16.7,12.4,81.8,11.1,3.2,9.8,,,,,,,,,,,,,,,,,
09120,7.0,5.8,94.9,91.2,4.9,2.8,8.6,31.3,5.1,11.2,34.7,1.9,1.1,9.0,49.7,329259.0,39.8,24.1,15.1,41.7,12.4,89667.0,Greater Bridgeport,CT,Connecticut,2023.0,Crude prevalence,10.5,88.6,5.4,10.3,5.5,28.1,27.6,15.7,12.6,78.0,10.7,3.4,14.1,,,,,,,,,,,,,,,,,
09130,1.6,3.0,95.4,92.5,2.5,1.8,3.3,26.0,10.7,5.4,24.2,0.9,0.3,8.9,40.7,175822.0,45.9,23.7,17.1,46.0,6.8,104428.0,Lower Connecticut River Valley,CT,Connecticut,2023.0,Crude prevalence,10.7,90.9,5.6,9.4,6.1,29.0,21.0,14.6,11.7,82.8,9.8,3.2,6.4,,,,,,,,,,,,,,,,,
09140,4.5,5.0,94.8,90.8,3.9,3.2,4.8,28.3,6.5,9.1,31.4,1.5,1.0,9.0,44.4,454969.0,41.8,29.3,18.3,33.8,11.2,86191.0,Naugatuck Valley,CT,Connecticut,2023.0,Crude prevalence,11.1,89.5,6.2,10.6,6.3,32.5,26.7,16.2,13.3,80.4,11.8,3.4,10.3,,,,,,,,,,,,,,,,,
09150,2.4,5.1,95.0,91.4,3.9,2.8,3.8,29.0,5.6,4.8,22.7,0.4,0.1,10.9,30.0,96312.0,44.1,35.2,20.7,26.1,7.5,90589.0,Northeastern Connecticut,CT,Connecticut,2023.0,Crude prevalence,11.4,89.2,6.8,10.3,6.4,33.3,26.3,17.2,13.9,80.0,13.2,3.4,7.6,,,,,,,,,,,,,,,,,
09160,2.5,3.4,95.7,93.4,3.5,1.9,3.9,26.9,14.2,5.4,23.7,0.7,0.2,7.3,36.8,113216.0,47.1,28.1,17.7,39.4,8.8,93551.0,Northwest Hills,CT,Connecticut,2023.0,Crude prevalence,11.0,91.1,6.5,10.0,6.6,28.2,23.4,15.2,13.3,81.6,10.9,3.4,7.1,,,,,,,,,,,,,,,,,
09170,3.7,4.1,95.4,92.4,3.9,3.0,4.9,23.5,7.1,11.4,39.5,1.8,0.8,9.0,44.5,570598.0,40.2,28.1,15.1,42.0,11.4,88197.0,South Central Connecticut,CT,Connecticut,2023.0,Crude prevalence,10.9,88.9,5.6,10.4,5.9,33.4,26.5,16.1,12.6,80.2,10.8,3.2,10.1,,,,,,,,,,,,,,,,,
09180,3.0,4.2,95.2,91.6,3.1,2.9,4.7,23.9,8.4,7.4,34.9,0.7,0.3,10.3,40.7,279971.0,41.1,29.0,19.2,35.8,10.7,86586.0,Southeastern Connecticut,CT,Connecticut,2023.0,Crude prevalence,11.7,88.5,6.3,10.0,6.1,32.5,26.3,16.6,13.5,80.7,10.8,3.3,9.6,,,,,,,,,,,,,,,,,
09190,4.4,3.9,96.6,94.7,3.6,2.2,7.2,30.8,6.4,6.2,33.6,1.7,1.0,9.3,43.4,627071.0,41.5,17.7,12.9,55.5,7.5,128188.0,Western Connecticut,CT,Connecticut,2023.0,Crude prevalence,9.8,90.4,4.6,8.5,5.0,24.7,22.1,13.9,10.9,78.4,8.5,2.8,9.9,,,,,,,,,,,,,,,,,
10001,3.1,5.9,94.9,91.1,3.5,3.5,6.6,26.5,6.4,6.6,27.5,1.2,0.4,9.6,42.9,187604.0,38.8,33.8,20.8,27.5,10.6,74477.0,Kent,DE,Delaware,2023.0,Crude prevalence,12.5,86.6,7.6,14.3,6.6,43.5,31.6,17.7,14.4,82.3,13.5,3.8,9.5,10.0,41.0,181851.0,4699.0,9815.0,63035.0,2265.0,5123.0,34359.0,1450.0,3284.0,29.0,15.0,8.0,15.0,2.0,13.0
10003,2.7,4.7,96.8,93.2,3.2,2.2,5.9,25.3,5.0,7.5,31.0,1.4,0.6,8.9,38.9,577961.0,39.3,26.7,18.4,39.7,10.1,91166.0,New Castle,DE,Delaware,2023.0,Crude prevalence,10.4,87.4,6.0,12.2,5.9,33.4,25.5,15.5,12.3,79.2,11.6,3.4,8.6,10.0,144.0,570719.0,16736.0,22077.0,139817.0,2311.0,3307.0,54330.0,851.0,1136.0,133.0,57.0,11.0,17.0,3.0,5.0
10005,3.6,6.2,95.7,91.5,2.9,2.2,7.0,27.3,29.9,3.3,18.4,1.8,0.7,10.7,42.8,255626.0,51.9,29.8,18.2,33.0,10.9,81497.0,Sussex,DE,Delaware,2023.0,Crude prevalence,10.5,89.9,9.1,14.2,9.1,33.8,27.9,13.8,14.8,83.7,14.0,4.4,9.4,10.0,74.0,237378.0,3532.0,11267.0,59691.0,2002.0,7141.0,39924.0,1459.0,5686.0,41.0,22.0,12.0,3.0,9.0,1.0
11001,3.0,4.3,96.5,91.2,4.5,4.4,3.6,30.0,10.1,36.0,58.5,1.8,2.2,10.0,36.6,681294.0,34.9,14.5,11.2,64.2,15.4,109870.0,District of Columbia,DC,District of Columbia,2023.0,Crude prevalence,10.2,89.3,4.0,7.8,3.8,24.7,14.9,14.1,9.2,75.8,9.4,2.8,6.5,11.0,206.0,689545.0,116851.0,46408.0,10497.0,734.0,512.0,3635.0,56.0,6.0,206.0,72.0,2.0,24.0,0.0,8.0
12001,1.6,3.9,97.1,88.0,2.6,2.3,7.4,21.8,8.6,8.4,45.9,1.3,0.7,8.2,55.2,285492.0,32.3,19.1,15.6,48.8,21.2,61949.0,Alachua,FL,Florida,2023.0,Crude prevalence,10.1,82.7,6.0,10.5,5.6,30.9,21.0,18.2,12.1,77.3,11.2,3.0,11.7,12.0,58.0,278468.0,9860.0,10714.0,79109.0,2662.0,3368.0,34429.0,1143.0,2091.0,42.0,29.0,10.0,23.0,2.0,10.0
12003,3.5,9.4,94.6,90.4,2.5,1.0,11.8,29.9,9.7,4.8,14.9,3.9,0.6,5.9,39.2,28430.0,38.1,42.3,20.3,17.8,11.8,79836.0,Baker,FL,Florida,2023.0,Crude prevalence,10.3,83.8,8.3,12.3,6.9,35.3,27.7,19.0,14.9,76.0,16.6,3.6,13.4,12.0,4.0,28259.0,439.0,1535.0,2806.0,259.0,941.0,1849.0,188.0,703.0,1.0,1.0,0.0,2.0,0.0,1.0
12005,2.8,5.8,97.3,92.8,2.4,2.0,14.4,23.9,27.3,4.3,33.2,2.4,0.7,14.4,45.7,186393.0,41.0,27.3,22.7,29.6,11.9,73533.0,Bay,FL,Florida,2023.0,Crude prevalence,10.0,85.5,7.9,11.9,7.3,33.4,25.3,17.7,14.8,76.3,14.6,3.7,12.5,12.0,49.0,175216.0,3366.0,9924.0,24902.0,782.0,2841.0,7135.0,403.0,1569.0,39.0,12.0,0.0,5.0,0.0,1.0
12007,4.6,12.0,94.2,90.4,2.3,2.4,11.6,32.4,14.8,6.2,26.7,1.1,1.0,15.2,41.2,27885.0,40.2,39.1,20.3,15.2,16.8,63050.0,Bradford,FL,Florida,2023.0,Crude prevalence,10.5,83.1,10.5,14.4,8.6,34.9,32.0,19.8,17.1,76.9,19.3,4.6,15.8,12.0,6.0,28303.0,572.0,1603.0,2976.0,400.0,1097.0,2043.0,300.0,803.0,1.0,3.0,1.0,0.0,1.0,0.0
12009,2.3,4.4,96.9,93.0,2.7,2.0,9.8,25.4,13.9,4.9,23.3,1.2,0.4,8.6,47.2,632780.0,46.7,25.8,21.1,34.2,10.2,78476.0,Brevard,FL,Florida,2023.0,Crude prevalence,9.6,88.2,7.8,13.1,7.9,34.0,23.8,15.9,14.1,79.7,12.5,3.9,11.6,12.0,147.0,606612.0,12735.0,24283.0,177271.0,3087.0,6688.0,69784.0,1170.0,2761.0,128.0,43.0,15.0,25.0,4.0,11.0
12011,4.2,5.4,96.9,92.1,3.6,2.2,12.5,29.1,12.9,6.8,36.4,3.2,1.7,9.8,55.4,1977129.0,41.3,26.4,17.5,36.7,12.2,77633.0,Broward,FL,Florida,2023.0,Crude prevalence,9.2,87.5,6.3,13.5,6.7,30.6,26.4,15.7,13.8,79.5,11.8,3.7,16.7,12.0,416.0,1944375.0,51031.0,99630.0,394320.0,7034.0,10982.0,96068.0,764.0,1228.0,415.0,123.0,24.0,69.0,0.0,24.0
12013,5.6,11.7,91.4,87.7,3.5,2.0,17.6,29.9,18.4,5.7,21.2,2.1,1.9,18.9,43.0,13492.0,42.2,42.7,18.5,13.6,20.7,50517.0,Calhoun,FL,Florida,2023.0,Crude prevalence,10.6,82.5,11.1,15.2,9.2,40.0,32.7,19.6,17.8,77.2,20.2,4.8,16.8,12.0,4.0,13648.0,266.0,929.0,339.0,225.0,773.0,52.0,194.0,700.0,0.0,4.0,0.0,1.0,0.0,1.0
12015,2.4,5.1,95.5,92.0,2.3,1.8,9.7,26.9,23.7,4.5,16.2,0.9,0.4,10.7,51.6,201064.0,59.9,32.7,22.7,27.0,9.0,69952.0,Charlotte,FL,Florida,2023.0,Crude prevalence,9.5,90.8,9.7,15.6,10.7,30.6,25.3,14.3,15.8,83.1,12.8,5.0,11.4,12.0,46.0,186847.0,4066.0,6585.0,88464.0,1704.0,2725.0,55980.0,1014.0,1557.0,41.0,14.0,11.0,14.0,7.0,6.0
12017,2.4,6.2,94.5,90.9,2.6,2.4,10.4,27.8,16.1,4.3,14.8,1.4,0.3,9.5,46.5,162472.0,56.9,38.4,22.5,20.6,15.6,56546.0,Citrus,FL,Florida,2023.0,Crude prevalence,9.7,89.0,11.1,15.8,11.1,32.3,28.8,15.9,17.1,81.9,15.2,5.3,12.4,12.0,41.0,153843.0,3079.0,8574.0,74990.0,1951.0,5695.0,52758.0,1283.0,3832.0,26.0,22.0,12.0,6.0,9.0,4.0
12019,2.3,5.2,97.2,94.6,2.3,1.7,8.2,31.3,5.9,3.6,24.1,1.0,0.7,9.2,40.7,227584.0,40.4,28.2,24.2,28.3,9.2,87820.0,Clay,FL,Florida,2023.0,Crude prevalence,9.9,86.9,7.0,12.2,6.6,34.9,25.4,17.6,13.7,78.1,13.5,3.4,11.7,12.0,45.0,218245.0,3002.0,7240.0,91009.0,1413.0,3487.0,49112.0,828.0,2099.0,34.0,12.0,2.0,5.0,2.0,4.0
12021,5.8,4.2,97.3,92.5,2.0,1.4,11.3,26.1,30.7,4.6,23.4,3.0,1.0,9.6,53.7,398291.0,53.3,24.7,15.9,40.3,10.7,90045.0,Collier,FL,Florida,2023.0,Crude prevalence,8.6,90.0,8.0,13.7,9.4,26.6,24.6,13.3,14.4,80.5,10.3,4.4,15.2,12.0,108.0,375752.0,7582.0,9273.0,163988.0,3643.0,3805.0,75583.0,1802.0,2056.0,93.0,30.0,13.0,16.0,2.0,9.0
12023,3.6,10.4,95.5,89.1,2.9,3.6,12.6,25.8,9.5,5.5,27.5,2.3,1.3,7.7,40.0,71789.0,40.7,34.8,23.0,16.8,16.7,59205.0,Columbia,FL,Florida,2023.0,Crude prevalence,10.3,84.3,10.1,15.1,8.9,39.7,31.5,18.2,16.7,77.9,18.2,4.6,15.5,12.0,13.0,69698.0,1496.0,5611.0,7330.0,867.0,3396.0,3552.0,680.0,2587.0,3.0,7.0,1.0,4.0,1.0,2.0
12027,11.4,15.1,93.0,82.0,4.7,2.7,19.9,30.5,19.2,7.5,27.5,3.9,2.9,6.3,39.7,35386.0,43.5,35.6,19.5,10.8,24.1,54417.0,DeSoto,FL,Florida,2023.0,Crude prevalence,10.0,82.5,12.1,17.6,10.7,41.0,38.6,18.9,19.5,76.6,19.6,5.5,26.1,12.0,9.0,33976.0,960.0,2870.0,5584.0,460.0,1498.0,3105.0,392.0,1314.0,3.0,8.0,3.0,4.0,2.0,2.0
12029,2.2,13.1,86.1,76.5,1.3,1.6,17.1,22.4,33.9,3.1,15.3,2.8,0.4,1.7,45.5,17058.0,46.4,50.6,17.7,10.7,20.9,50110.0,Dixie,FL,Florida,2023.0,Crude prevalence,10.3,84.0,12.2,16.1,10.6,34.7,32.4,19.2,18.5,77.0,20.0,5.3,16.2,12.0,5.0,16759.0,193.0,1075.0,126.0,147.0,884.0,0.0,118.0,712.0,0.0,4.0,0.0,0.0,0.0,0.0
12031,3.0,5.7,96.5,91.1,2.9,2.7,11.0,24.1,8.7,7.2,41.8,1.6,0.7,11.8,44.5,1023153.0,36.9,27.3,19.9,34.4,14.1,71277.0,Duval,FL,Florida,2023.0,Crude prevalence,10.3,85.3,7.0,12.8,6.3,34.3,27.1,18.2,14.0,76.4,13.9,3.5,13.6,12.0,218.0,995567.0,29711.0,59377.0,260882.0,4813.0,10392.0,92973.0,1474.0,3080.0,210.0,104.0,24.0,39.0,3.0,15.0
12033,2.8,6.3,96.1,91.9,3.4,2.4,11.7,23.5,13.5,7.0,35.2,1.5,0.6,9.0,46.7,325923.0,38.1,26.9,23.1,29.7,14.7,67500.0,Escambia,FL,Florida,2023.0,Crude prevalence,10.6,84.8,7.8,12.8,7.2,35.8,26.1,18.1,14.6,77.1,14.2,3.8,12.4,12.0,78.0,321905.0,9094.0,19304.0,82048.0,1557.0,3693.0,33398.0,575.0,1544.0,73.0,36.0,9.0,14.0,1.0,6.0
12035,2.8,3.8,96.3,88.9,2.1,1.2,10.5,27.4,13.7,4.0,17.0,0.8,0.4,6.9,53.1,126528.0,53.1,28.8,22.9,31.3,10.3,77363.0,Flagler,FL,Florida,2023.0,Crude prevalence,9.7,89.6,8.6,13.7,9.0,30.6,24.5,14.8,14.8,81.4,12.2,4.4,11.4,12.0,23.0,115378.0,2082.0,3987.0,61908.0,1563.0,2974.0,38818.0,1169.0,2081.0,19.0,2.0,1.0,3.0,1.0,2.0
12037,4.4,11.3,94.3,89.5,4.0,0.8,16.7,19.3,42.2,8.1,19.1,2.3,0.5,11.2,45.2,12553.0,50.1,30.6,19.8,27.9,16.5,64105.0,Franklin,FL,Florida,2023.0,Crude prevalence,9.9,86.5,10.8,15.3,9.8,32.3,29.4,16.8,16.9,79.4,16.6,4.9,13.9,12.0,5.0,12451.0,403.0,707.0,1008.0,254.0,505.0,0.0,232.0,458.0,0.0,2.0,0.0,1.0,0.0,1.0
12039,6.2,12.1,86.8,80.3,2.4,1.6,15.7,30.3,11.9,11.4,29.3,1.6,0.3,7.1,45.5,43710.0,42.4,36.4,17.1,21.3,27.9,48801.0,Gadsden,FL,Florida,2023.0,Crude prevalence,11.1,85.4,11.0,19.2,9.3,44.6,31.4,18.8,17.7,80.5,18.6,5.9,18.0,12.0,10.0,43826.0,1927.0,4340.0,78.0,1308.0,3075.0,0.0,1044.0,2492.0,0.0,7.0,0.0,6.0,0.0,5.0
12041,4.7,8.5,94.2,86.7,1.8,1.5,12.8,31.6,9.1,6.7,14.3,0.6,1.2,8.5,29.4,19040.0,43.2,38.5,23.8,15.3,11.5,63523.0,Gilchrist,FL,Florida,2023.0,Crude prevalence,10.2,84.5,9.7,12.8,8.3,34.5,27.4,18.3,16.2,77.1,17.0,4.2,14.0,12.0,5.0,17864.0,479.0,1223.0,96.0,421.0,1032.0,0.0,378.0,922.0,0.0,1.0,0.0,2.0,0.0,2.0
12043,10.6,14.2,94.1,80.7,2.8,2.2,22.8,32.2,32.7,2.0,14.9,4.6,0.4,12.1,41.8,12563.0,46.0,34.8,21.0,13.4,17.2,45870.0,Glades,FL,Florida,2023.0,Crude prevalence,9.8,83.4,11.7,17.7,10.9,37.1,36.1,18.2,18.8,77.2,19.7,5.5,23.7,12.0,5.0,12126.0,88.0,734.0,982.0,73.0,517.0,164.0,55.0,381.0,0.0,3.0,0.0,0.0,0.0,0.0
12045,5.1,10.0,95.4,90.9,1.1,1.7,8.3,24.1,36.5,3.7,19.2,1.4,0.2,5.8,53.0,15131.0,46.9,32.8,21.0,23.5,12.5,61179.0,Gulf,FL,Florida,2023.0,Crude prevalence,9.8,86.4,9.1,14.1,8.3,35.3,27.4,16.8,15.6,77.7,15.5,4.2,13.0,12.0,5.0,14192.0,218.0,714.0,1085.0,119.0,402.0,0.0,96.0,323.0,0.0,2.0,0.0,0.0,0.0,0.0
12047,5.0,13.4,89.3,81.4,2.5,3.2,14.5,30.0,24.3,3.6,20.2,1.4,0.4,1.0,57.1,13616.0,41.2,44.2,16.3,11.0,20.1,50144.0,Hamilton,FL,Florida,2023.0,Crude prevalence,10.9,82.4,12.1,17.6,9.9,41.5,32.9,19.8,18.7,77.9,20.6,5.5,19.4,12.0,6.0,14004.0,156.0,1225.0,162.0,124.0,982.0,78.0,115.0,896.0,0.0,6.0,0.0,0.0,0.0,0.0
12049,12.6,10.5,97.7,88.2,3.1,2.8,20.1,26.8,17.3,6.0,28.6,3.9,2.6,9.0,40.7,25675.0,35.8,40.7,16.4,12.1,25.3,60489.0,Hardee,FL,Florida,2023.0,Crude prevalence,9.7,80.9,9.5,15.6,8.6,39.9,33.9,19.0,17.3,74.9,17.6,4.4,26.1,12.0,8.0,25327.0,495.0,2048.0,4079.0,268.0,1196.0,843.0,226.0,1075.0,2.0,7.0,2.0,1.0,1.0,0.0
12051,16.5,15.4,93.1,84.9,2.6,1.4,21.7,31.4,12.5,8.1,26.4,3.3,0.9,9.1,51.3,42382.0,35.8,33.4,12.8,12.2,22.5,56393.0,Hendry,FL,Florida,2023.0,Crude prevalence,9.4,80.3,8.5,16.8,8.0,37.6,38.1,18.5,18.6,74.4,17.4,4.2,31.5,12.0,10.0,39619.0,1142.0,2575.0,4761.0,421.0,1411.0,2414.0,282.0,996.0,4.0,8.0,2.0,3.0,2.0,2.0
12053,2.8,6.7,96.0,91.9,2.7,2.5,11.2,31.4,10.9,4.5,17.5,1.4,0.4,12.8,43.0,207018.0,47.7,33.6,24.2,21.1,11.7,66058.0,Hernando,FL,Florida,2023.0,Crude prevalence,9.8,87.3,9.1,14.9,8.9,36.1,27.7,16.7,16.1,79.1,14.3,4.4,14.7,12.0,46.0,194515.0,3724.0,10208.0,62514.0,1696.0,4770.0,24277.0,748.0,2439.0,32.0,21.0,15.0,8.0,8.0,3.0
12055,5.4,7.9,94.6,86.7,2.8,2.1,13.8,23.8,20.0,5.6,21.4,1.5,0.4,13.2,42.4,105702.0,54.4,34.2,22.8,20.5,15.3,54897.0,Highlands,FL,Florida,2023.0,Crude prevalence,9.5,88.6,11.0,18.3,11.7,36.7,33.3,15.7,17.5,81.9,14.3,5.6,17.9,12.0,35.0,101235.0,2609.0,7346.0,31415.0,1160.0,3477.0,22305.0,755.0,2295.0,19.0,22.0,9.0,4.0,8.0,3.0
12057,4.5,5.8,97.4,93.9,2.9,2.0,11.1,28.8,7.5,5.8,38.5,2.0,1.1,10.2,47.7,1522748.0,37.9,25.2,17.0,38.1,12.7,79540.0,Hillsborough,FL,Florida,2023.0,Crude prevalence,9.4,85.6,6.0,12.5,6.0,31.6,23.9,16.4,13.1,76.6,12.1,3.2,16.1,12.0,333.0,1459762.0,34103.0,77704.0,398587.0,5566.0,14057.0,153565.0,2085.0,5062.0,308.0,136.0,27.0,39.0,7.0,18.0
12059,3.4,9.0,90.8,81.0,2.2,1.7,13.0,34.7,19.0,3.3,23.6,3.1,0.1,6.2,38.9,19513.0,43.7,50.4,18.0,12.5,14.0,49343.0,Holmes,FL,Florida,2023.0,Crude prevalence,10.4,83.1,10.9,14.5,9.0,36.3,29.5,19.5,17.1,76.8,19.2,4.6,15.1,12.0,7.0,19653.0,228.0,1000.0,12.0,166.0,789.0,0.0,149.0,709.0,0.0,4.0,0.0,0.0,0.0,0.0
12061,3.1,4.9,95.6,89.9,2.2,1.9,10.0,23.8,18.1,4.6,19.9,1.0,0.4,7.8,48.8,166936.0,55.3,27.5,20.5,33.8,11.1,73491.0,Indian River,FL,Florida,2023.0,Crude prevalence,9.1,90.1,8.8,14.3,9.7,26.6,25.0,14.1,14.9,82.1,11.5,4.6,12.2,12.0,44.0,159788.0,3231.0,5342.0,67756.0,1653.0,1956.0,38098.0,844.0,898.0,37.0,12.0,5.0,8.0,2.0,7.0
12063,5.4,10.8,93.3,85.0,2.0,2.1,8.6,27.4,14.2,3.7,24.1,1.1,0.6,8.3,44.6,48250.0,43.0,38.7,19.8,15.1,19.5,49149.0,Jackson,FL,Florida,2023.0,Crude prevalence,10.3,83.8,10.3,15.6,9.1,38.7,31.7,19.0,17.1,77.4,19.0,5.0,16.5,12.0,13.0,47319.0,641.0,3234.0,3191.0,448.0,2138.0,2297.0,372.0,1828.0,2.0,10.0,1.0,0.0,1.0,0.0
12065,5.2,6.4,85.3,75.4,3.9,4.1,9.7,29.4,16.5,11.1,24.1,1.2,0.1,10.6,35.2,15091.0,47.6,39.6,20.2,19.2,21.0,61212.0,Jefferson,FL,Florida,2023.0,Crude prevalence,10.3,86.7,10.3,16.3,9.3,35.1,28.3,17.2,17.0,79.5,17.1,5.2,14.1,12.0,5.0,14510.0,636.0,1184.0,631.0,476.0,914.0,49.0,439.0,843.0,0.0,2.0,0.0,2.0,0.0,2.0
12067,5.3,12.5,94.5,87.7,4.8,1.4,9.5,30.1,21.4,4.7,22.8,4.4,0.7,8.7,36.0,8161.0,42.3,49.3,16.6,9.9,17.5,62757.0,Lafayette,FL,Florida,2023.0,Crude prevalence,10.2,81.6,10.6,14.6,8.8,34.7,31.6,19.8,17.4,75.3,19.3,4.5,18.1,12.0,3.0,8226.0,123.0,437.0,103.0,111.0,392.0,0.0,95.0,343.0,0.0,3.0,0.0,0.0,0.0,0.0
12069,2.6,6.0,96.6,92.6,2.7,1.8,9.6,30.2,12.3,4.1,22.4,1.4,0.6,10.2,48.8,412924.0,46.5,30.5,21.3,27.8,8.9,73161.0,Lake,FL,Florida,2023.0,Crude prevalence,9.5,88.4,8.0,14.5,8.5,35.3,26.1,15.7,14.9,79.9,12.3,4.2,14.3,12.0,75.0,383956.0,6771.0,15818.0,122860.0,2577.0,6325.0,64987.0,1425.0,3703.0,49.0,20.0,8.0,13.0,3.0,5.0
12071,4.2,5.5,96.8,92.1,2.2,1.8,12.9,29.4,25.7,5.0,25.7,1.8,0.6,9.9,50.1,817666.0,49.0,29.9,19.4,31.2,12.0,76107.0,Lee,FL,Florida,2023.0,Crude prevalence,9.2,88.6,8.2,14.5,8.9,30.4,26.6,14.8,14.6,80.5,11.9,4.3,15.7,12.0,222.0,760822.0,16377.0,27154.0,323682.0,5476.0,10331.0,145472.0,2362.0,4684.0,204.0,63.0,32.0,29.0,16.0,11.0
12073,1.8,4.3,96.9,91.4,3.7,1.9,7.4,21.1,11.0,7.1,47.4,1.7,0.5,8.8,50.2,297542.0,32.0,18.9,16.8,48.9,18.7,66287.0,Leon,FL,Florida,2023.0,Crude prevalence,10.5,83.6,5.9,10.6,5.5,33.1,22.6,18.2,12.1,76.0,11.3,3.0,11.2,12.0,79.0,292198.0,8730.0,14294.0,69340.0,2245.0,3497.0,31567.0,1084.0,1611.0,63.0,36.0,11.0,15.0,1.0,10.0
12075,3.4,8.4,91.5,80.8,2.1,1.4,13.1,30.4,13.6,5.2,18.6,3.3,1.2,1.5,44.9,45391.0,46.7,41.8,18.7,16.5,17.4,56750.0,Levy,FL,Florida,2023.0,Crude prevalence,10.3,85.8,11.0,16.1,9.9,33.8,30.4,18.5,17.4,78.9,17.8,5.0,15.5,12.0,12.0,42915.0,970.0,3201.0,375.0,681.0,2395.0,43.0,557.0,2026.0,0.0,10.0,0.0,4.0,0.0,2.0
12077,5.7,14.5,91.5,81.7,2.8,4.8,8.2,33.2,20.8,8.7,19.9,3.0,0.1,8.5,34.5,7687.0,39.7,40.8,14.5,16.5,17.5,58671.0,Liberty,FL,Florida,2023.0,Crude prevalence,10.1,81.3,10.0,14.3,8.4,44.5,31.8,19.5,17.1,75.4,19.3,4.3,18.0,12.0,4.0,7974.0,222.0,684.0,1019.0,166.0,524.0,312.0,142.0,457.0,0.0,1.0,0.0,0.0,0.0,0.0
12079,5.1,14.7,83.0,77.1,2.4,1.1,12.3,29.8,17.1,6.7,26.6,1.6,0.3,5.2,49.9,18089.0,44.8,35.2,21.4,13.9,21.0,48485.0,Madison,FL,Florida,2023.0,Crude prevalence,10.9,85.1,11.1,16.8,9.4,38.0,32.5,18.7,17.7,79.7,18.8,5.5,16.6,12.0,5.0,17968.0,465.0,1197.0,140.0,282.0,798.0,0.0,180.0,602.0,0.0,5.0,0.0,1.0,0.0,1.0
12081,3.5,5.6,96.7,91.7,2.5,1.7,11.8,27.3,20.1,4.4,25.7,1.7,0.8,9.6,51.0,429792.0,49.6,27.4,18.8,35.4,9.8,78457.0,Manatee,FL,Florida,2023.0,Crude prevalence,9.1,88.9,8.3,14.0,8.8,32.1,25.4,15.1,14.5,80.5,12.4,4.2,13.4,12.0,93.0,399710.0,7723.0,13315.0,143726.0,1996.0,2603.0,72313.0,1007.0,1309.0,84.0,31.0,6.0,7.0,4.0,4.0
12083,3.5,6.8,94.9,91.1,2.4,1.9,12.5,26.8,12.4,4.8,22.5,1.3,0.9,9.3,43.4,400078.0,47.9,33.8,21.9,23.4,14.4,61010.0,Marion,FL,Florida,2023.0,Crude prevalence,9.8,87.6,9.8,14.9,9.7,36.4,26.6,16.6,16.4,81.1,14.8,4.8,15.6,12.0,93.0,375908.0,7858.0,21760.0,128825.0,3638.0,11176.0,67198.0,2229.0,7158.0,59.0,46.0,19.0,16.0,11.0,11.0
12085,3.5,3.5,96.8,92.2,2.5,1.6,10.5,28.4,18.4,4.3,20.4,1.2,0.5,8.1,52.5,162176.0,53.3,23.6,22.9,37.1,11.3,82943.0,Martin,FL,Florida,2023.0,Crude prevalence,9.2,89.7,8.5,13.6,9.4,27.0,23.5,14.3,14.7,80.2,11.4,4.4,12.2,12.0,42.0,158431.0,2914.0,4446.0,62600.0,1208.0,1585.0,29555.0,611.0,629.0,34.0,11.0,3.0,4.0,1.0,2.0
12086,7.8,8.3,96.7,89.7,3.0,3.8,13.6,30.9,10.9,9.8,47.8,4.3,2.9,9.5,55.0,2738356.0,40.7,26.9,13.1,34.4,14.7,71753.0,Miami-Dade,FL,Florida,2023.0,Crude prevalence,8.5,86.2,5.3,15.4,6.8,29.5,32.5,14.4,14.6,75.9,11.3,3.6,25.6,12.0,706.0,2701767.0,95885.0,222489.0,339546.0,5610.0,15356.0,95305.0,1184.0,3676.0,691.0,299.0,28.0,65.0,2.0,27.0
12087,2.4,4.4,96.9,89.9,1.8,2.0,12.8,19.5,37.3,6.1,34.2,2.9,1.7,10.4,54.1,81860.0,49.2,27.8,18.6,38.6,10.6,87738.0,Monroe,FL,Florida,2023.0,Crude prevalence,8.9,89.1,7.2,13.2,7.9,25.8,23.8,14.4,14.1,79.3,12.0,3.7,13.5,12.0,28.0,82874.0,2113.0,2573.0,15098.0,406.0,663.0,6840.0,164.0,300.0,17.0,5.0,3.0,1.0,2.0,0.0
12089,1.6,5.5,97.8,94.6,2.6,1.8,7.2,30.1,12.8,3.0,17.3,1.2,0.5,10.0,44.3,97859.0,46.5,28.0,19.7,35.6,9.7,89804.0,Nassau,FL,Florida,2023.0,Crude prevalence,9.6,88.5,7.6,11.6,7.4,33.7,20.2,15.7,13.8,79.4,12.4,3.6,9.9,12.0,23.0,90352.0,1184.0,2714.0,28627.0,672.0,1847.0,15277.0,428.0,1269.0,11.0,5.0,0.0,1.0,0.0,0.0
12091,2.9,3.8,97.4,93.2,2.2,1.7,11.8,26.3,17.8,3.6,31.6,1.7,0.7,12.7,42.2,216599.0,37.4,23.9,22.5,34.8,9.3,81998.0,Okaloosa,FL,Florida,2023.0,Crude prevalence,9.6,85.8,6.6,10.8,6.1,30.7,22.8,17.4,12.9,76.1,12.8,3.1,11.7,12.0,48.0,211668.0,3062.0,6711.0,64565.0,1118.0,2398.0,30151.0,593.0,1465.0,40.0,13.0,3.0,5.0,2.0,2.0
12093,8.3,11.5,92.4,84.4,2.2,3.2,17.2,28.4,18.6,4.7,26.1,4.2,0.6,7.9,41.5,40816.0,40.8,35.0,21.2,15.8,18.0,57984.0,Okeechobee,FL,Florida,2023.0,Crude prevalence,9.9,84.1,10.5,15.6,9.4,43.9,32.0,18.7,18.2,77.6,18.2,4.7,21.0,12.0,12.0,39644.0,703.0,2483.0,10996.0,380.0,1353.0,4808.0,223.0,772.0,5.0,6.0,4.0,1.0,2.0,0.0
12095,4.1,5.3,97.8,93.9,3.7,2.6,12.0,28.0,10.1,5.7,43.2,2.4,1.3,9.9,49.5,1471937.0,36.6,23.6,16.5,39.3,13.0,79719.0,Orange,FL,Florida,2023.0,Crude prevalence,9.1,85.7,5.5,11.7,5.6,33.5,24.5,16.3,12.9,76.2,11.9,3.0,16.1,12.0,267.0,1429908.0,30101.0,72240.0,402087.0,5581.0,15030.0,143444.0,1807.0,4652.0,255.0,108.0,42.0,52.0,6.0,25.0
12097,5.1,5.4,97.6,92.6,3.5,3.0,10.6,35.2,16.7,4.3,34.7,3.9,1.4,10.3,55.1,427415.0,37.1,28.2,20.2,29.8,12.8,72637.0,Osceola,FL,Florida,2023.0,Crude prevalence,9.0,85.1,5.5,13.4,5.9,39.8,28.2,16.7,14.1,75.6,11.8,3.1,21.8,12.0,59.0,388656.0,6147.0,24572.0,137443.0,2333.0,10315.0,65882.0,1137.0,5035.0,48.0,27.0,18.0,16.0,6.0,8.0
12099,5.7,5.1,96.8,91.4,3.3,2.3,13.2,26.5,15.8,6.0,29.9,2.3,1.0,9.4,52.9,1533806.0,45.3,22.6,17.0,40.5,11.3,83581.0,Palm Beach,FL,Florida,2023.0,Crude prevalence,9.2,87.9,7.1,13.7,7.9,26.6,25.6,14.4,13.5,79.9,11.2,4.0,14.6,12.0,372.0,1492191.0,36572.0,60523.0,541705.0,9407.0,12642.0,205613.0,2828.0,4124.0,357.0,96.0,22.0,75.0,4.0,37.0
12101,2.7,5.8,96.1,91.3,2.8,3.3,9.9,31.1,13.1,4.7,24.3,1.4,0.6,9.7,44.8,611444.0,43.4,32.6,19.7,29.2,11.1,70492.0,Pasco,FL,Florida,2023.0,Crude prevalence,9.7,87.0,7.8,12.8,7.7,31.8,26.5,16.4,14.6,77.4,13.5,3.8,14.5,12.0,130.0,561891.0,11080.0,25322.0,226216.0,3881.0,8812.0,104155.0,1808.0,3868.0,114.0,68.0,27.0,23.0,12.0,14.0
12103,2.6,4.6,95.9,90.5,2.6,2.3,10.4,25.2,17.6,6.9,30.5,1.2,0.8,10.1,49.9,963481.0,49.0,25.5,20.3,36.8,11.5,72646.0,Pinellas,FL,Florida,2023.0,Crude prevalence,9.5,88.5,8.1,13.1,8.2,31.5,23.9,15.5,14.2,79.5,12.2,4.0,11.5,12.0,273.0,959107.0,29673.0,36876.0,169468.0,3561.0,3738.0,49278.0,675.0,675.0,271.0,66.0,8.0,39.0,0.0,9.0
12105,5.2,6.9,96.1,90.7,2.8,2.7,12.4,30.5,15.1,5.4,29.5,2.6,0.8,9.3,44.9,790694.0,39.5,33.0,21.3,23.5,14.5,65978.0,Polk,FL,Florida,2023.0,Crude prevalence,10.0,85.0,8.0,13.6,7.7,40.2,28.8,17.8,16.0,77.3,14.4,4.0,19.2,12.0,174.0,725046.0,15619.0,42205.0,227204.0,4525.0,15418.0,106777.0,2176.0,8007.0,136.0,89.0,36.0,24.0,18.0,10.0
12107,4.8,12.9,91.0,85.7,3.5,2.4,14.1,29.6,15.4,6.8,24.6,2.3,0.6,13.3,42.1,75164.0,45.0,40.0,20.0,14.5,23.4,47934.0,Putnam,FL,Florida,2023.0,Crude prevalence,10.8,84.0,13.0,17.5,10.8,33.1,33.7,19.4,19.3,78.5,21.0,5.7,18.0,12.0,17.0,73321.0,2138.0,7110.0,5136.0,965.0,3987.0,2239.0,661.0,2945.0,4.0,10.0,2.0,8.0,2.0,6.0
12109,1.5,2.7,97.4,95.4,2.0,1.4,5.3,26.9,13.3,3.1,17.8,0.7,0.4,9.4,50.1,306934.0,44.2,18.4,17.0,50.9,6.5,109839.0,St. Johns,FL,Florida,2023.0,Crude prevalence,9.3,89.3,6.0,10.6,6.5,29.2,18.5,14.4,12.3,80.7,10.1,3.1,8.9,12.0,50.0,273425.0,3545.0,4890.0,118784.0,1784.0,2203.0,53040.0,780.0,977.0,38.0,5.0,1.0,9.0,0.0,6.0
12111,4.5,6.3,96.9,92.6,3.4,3.0,11.4,29.3,14.2,4.4,21.4,1.7,0.8,11.7,53.6,360500.0,45.1,29.8,21.6,26.7,12.3,71457.0,St. Lucie,FL,Florida,2023.0,Crude prevalence,9.9,87.7,8.3,14.5,8.4,31.5,27.0,16.4,15.3,78.1,13.5,4.3,16.0,12.0,67.0,329226.0,6112.0,16751.0,139318.0,1856.0,5410.0,64758.0,876.0,2399.0,62.0,22.0,12.0,10.0,6.0,6.0
12113,1.9,5.0,96.6,93.7,2.5,2.2,10.2,30.5,9.2,3.4,19.4,1.8,0.1,8.5,31.7,198472.0,40.1,26.3,22.0,32.0,8.8,91922.0,Santa Rosa,FL,Florida,2023.0,Crude prevalence,9.6,86.5,6.8,10.9,6.4,32.1,20.5,17.2,13.5,78.7,13.4,3.2,10.8,12.0,36.0,188000.0,2440.0,7071.0,64295.0,1171.0,3749.0,32773.0,680.0,2296.0,25.0,5.0,2.0,5.0,1.0,3.0
12115,1.9,3.3,96.4,92.9,1.8,1.4,9.9,24.5,20.4,4.1,23.3,1.2,0.3,9.3,49.9,459547.0,57.4,25.0,19.3,40.8,8.6,83416.0,Sarasota,FL,Florida,2023.0,Crude prevalence,9.1,90.8,8.4,13.0,9.4,29.2,23.4,13.4,14.3,82.8,10.5,4.4,10.3,12.0,122.0,434006.0,8684.0,11108.0,187279.0,3164.0,4365.0,93912.0,1545.0,2121.0,116.0,25.0,15.0,16.0,7.0,7.0
12117,2.1,3.9,98.2,94.7,2.8,2.2,9.5,26.8,6.2,3.9,33.8,1.6,0.7,9.9,48.7,481470.0,39.8,21.3,18.4,42.7,9.0,85761.0,Seminole,FL,Florida,2023.0,Crude prevalence,9.1,87.3,5.6,11.0,5.9,29.5,21.2,15.1,11.9,78.1,10.8,3.0,13.0,12.0,89.0,470856.0,7284.0,17186.0,164873.0,1975.0,3937.0,60661.0,472.0,884.0,86.0,21.0,13.0,14.0,2.0,7.0
12119,2.0,5.3,95.9,91.5,1.4,0.8,5.2,28.9,16.4,3.1,12.4,0.7,0.3,8.6,52.3,143408.0,68.5,27.4,19.6,35.3,9.7,76508.0,Sumter,FL,Florida,2023.0,Crude prevalence,8.8,93.3,10.1,16.0,12.1,29.5,25.1,11.5,15.6,87.0,9.9,5.5,10.4,12.0,28.0,129752.0,2164.0,4027.0,78166.0,1425.0,2502.0,53316.0,960.0,1758.0,16.0,7.0,1.0,7.0,0.0,6.0
12121,6.3,8.5,90.1,86.5,3.2,4.7,11.1,29.2,16.0,5.9,25.1,1.0,1.3,6.3,29.7,45342.0,42.3,38.9,21.2,16.6,15.0,56658.0,Suwannee,FL,Florida,2023.0,Crude prevalence,10.2,84.5,10.5,15.0,9.3,38.3,32.3,18.2,17.3,77.5,17.9,4.7,16.2,12.0,11.0,43474.0,953.0,2569.0,195.0,845.0,2192.0,0.0,754.0,1977.0,0.0,6.0,0.0,3.0,0.0,3.0
12123,4.4,10.4,86.7,81.2,2.3,1.0,11.2,21.3,29.2,8.0,24.0,2.1,0.3,9.6,42.6,21503.0,43.9,44.3,18.4,16.5,17.3,49073.0,Taylor,FL,Florida,2023.0,Crude prevalence,10.5,84.2,11.5,15.9,9.7,40.8,32.4,19.0,17.5,77.3,19.2,5.1,15.8,12.0,7.0,21796.0,641.0,1351.0,1934.0,454.0,860.0,627.0,315.0,586.0,1.0,7.0,1.0,3.0,0.0,2.0
12125,4.7,16.7,97.5,90.1,1.8,2.5,7.8,37.2,10.7,2.0,25.3,3.5,1.3,16.0,35.3,15701.0,39.6,39.4,19.6,11.1,19.5,64146.0,Union,FL,Florida,2023.0,Crude prevalence,10.3,81.9,10.0,14.5,8.5,41.6,30.7,19.5,17.0,74.8,20.1,4.5,17.3,12.0,4.0,16147.0,87.0,726.0,6.0,68.0,563.0,0.0,62.0,509.0,0.0,3.0,0.0,0.0,0.0,0.0
12127,2.9,5.1,96.1,91.6,2.3,2.1,10.2,27.5,14.3,5.3,26.3,1.6,0.6,9.5,48.6,579622.0,46.5,30.3,21.9,28.4,11.8,70044.0,Volusia,FL,Florida,2023.0,Crude prevalence,10.0,87.0,8.4,13.5,8.3,32.7,25.5,16.7,15.0,79.4,13.7,4.1,13.9,12.0,129.0,553543.0,12912.0,29057.0,171590.0,3364.0,8023.0,94414.0,1723.0,4112.0,116.0,48.0,11.0,22.0,6.0,12.0
12129,4.2,7.4,95.1,88.9,1.9,3.9,6.8,32.3,12.7,3.2,18.1,1.6,0.7,5.0,47.2,35387.0,42.3,36.9,19.8,23.3,6.7,81895.0,Wakulla,FL,Florida,2023.0,Crude prevalence,10.0,85.7,7.8,12.6,6.9,38.9,27.2,17.6,14.9,76.4,15.3,3.5,12.8,12.0,8.0,33764.0,409.0,1557.0,3019.0,315.0,1294.0,1428.0,246.0,1019.0,1.0,2.0,0.0,1.0,0.0,1.0
12131,2.4,5.5,97.3,92.5,2.9,1.9,14.7,29.4,43.9,3.5,21.4,1.4,1.0,12.4,43.9,82948.0,43.9,26.9,20.1,35.0,12.5,81986.0,Walton,FL,Florida,2023.0,Crude prevalence,9.5,87.3,7.7,12.3,7.4,30.1,22.0,16.4,13.9,77.1,13.8,3.6,11.4,12.0,20.0,75305.0,1204.0,3236.0,13900.0,911.0,2546.0,8575.0,715.0,1994.0,6.0,6.0,1.0,4.0,1.0,4.0
12133,4.6,11.0,93.5,87.0,1.7,1.8,14.1,36.1,15.9,2.9,20.0,1.7,1.2,20.2,35.1,25529.0,41.7,43.5,19.3,11.5,17.3,58210.0,Washington,FL,Florida,2023.0,Crude prevalence,10.5,83.0,10.7,15.1,8.9,40.1,32.3,19.7,17.5,76.3,19.5,4.6,15.7,12.0,7.0,25318.0,267.0,1154.0,122.0,222.0,947.0,0.0,191.0,762.0,0.0,5.0,0.0,0.0,0.0,0.0
13001,6.2,9.4,91.0,76.1,1.7,2.5,16.8,27.0,16.2,6.3,27.5,3.9,0.7,17.6,28.5,18493.0,39.6,43.3,22.4,11.2,22.5,46651.0,Appling,GA,Georgia,2023.0,Crude prevalence,10.8,83.9,11.0,17.4,9.1,40.6,35.1,19.6,18.4,77.4,20.3,5.2,17.9,13.0,7.0,18444.0,453.0,1406.0,486.0,253.0,944.0,0.0,207.0,776.0,0.0,6.0,0.0,1.0,0.0,1.0
13003,16.2,15.2,92.7,83.0,2.8,1.5,26.1,24.2,8.7,6.3,38.1,5.3,0.9,16.7,26.8,8337.0,35.9,33.4,19.7,8.9,25.0,42347.0,Atkinson,GA,Georgia,2023.0,Crude prevalence,10.8,81.3,11.0,18.0,8.7,44.0,39.9,20.7,19.5,75.8,22.0,5.1,25.2,13.0,3.0,8286.0,204.0,845.0,37.0,172.0,698.0,2.0,158.0,648.0,0.0,2.0,0.0,1.0,0.0,1.0
13005,4.4,9.7,92.1,84.8,1.3,2.3,14.9,26.4,13.0,7.7,31.4,2.2,0.7,6.4,34.5,11109.0,40.6,41.2,26.6,10.4,24.5,44694.0,Bacon,GA,Georgia,2023.0,Crude prevalence,10.7,84.1,9.5,14.9,7.9,36.9,32.7,19.5,16.7,77.2,18.8,4.4,15.7,13.0,3.0,11140.0,325.0,878.0,43.0,243.0,667.0,0.0,215.0,588.0,0.0,3.0,0.0,1.0,0.0,1.0
13007,3.0,7.2,80.0,64.0,3.0,2.0,19.0,24.8,19.7,6.2,23.3,0.8,0.0,14.0,39.3,2790.0,50.3,40.4,18.8,16.7,26.3,46012.0,Baker,GA,Georgia,2023.0,Crude prevalence,11.1,87.0,12.4,22.9,11.3,43.3,38.8,18.2,19.2,82.2,20.0,6.9,16.4,13.0,2.0,2876.0,69.0,168.0,502.0,61.0,146.0,158.0,57.0,136.0,0.0,2.0,1.0,0.0,0.0,0.0
13009,3.1,9.9,94.8,89.8,2.9,3.6,12.2,25.3,18.3,7.9,38.9,2.1,1.0,12.8,42.7,43642.0,36.5,33.6,20.0,24.4,21.7,54403.0,Baldwin,GA,Georgia,2023.0,Crude prevalence,10.8,83.6,8.1,15.3,7.2,38.7,29.8,19.0,15.1,79.0,15.8,4.4,13.6,13.0,14.0,43799.0,1303.0,2679.0,6166.0,520.0,1229.0,2248.0,329.0,687.0,7.0,7.0,2.0,1.0,1.0,0.0
13011,3.9,13.1,90.3,88.0,1.8,0.4,11.8,32.7,8.3,2.4,21.3,2.1,0.4,1.0,35.5,19264.0,42.1,35.4,20.6,18.6,11.3,77063.0,Banks,GA,Georgia,2023.0,Crude prevalence,10.1,85.3,8.8,13.8,7.6,34.5,29.2,18.3,15.9,76.9,17.3,4.0,14.2,13.0,4.0,18035.0,166.0,618.0,12.0,151.0,557.0,0.0,129.0,473.0,0.0,1.0,0.0,0.0,0.0,0.0
13013,5.2,6.2,97.4,94.2,2.5,1.7,15.4,33.5,4.5,3.1,21.5,1.8,0.5,9.4,37.0,89886.0,36.4,34.7,23.6,21.2,9.6,80653.0,Barrow,GA,Georgia,2023.0,Crude prevalence,9.9,85.4,6.5,12.2,5.7,35.3,28.0,17.7,13.9,76.3,15.0,3.2,14.7,13.0,18.0,83505.0,961.0,2693.0,18636.0,586.0,1762.0,7897.0,332.0,958.0,8.0,7.0,4.0,3.0,3.0,1.0
13015,3.7,7.7,95.6,87.8,3.1,2.1,14.8,29.4,9.7,2.7,27.2,1.4,0.3,8.0,39.4,113113.0,38.2,35.5,20.3,24.3,10.3,82243.0,Bartow,GA,Georgia,2023.0,Crude prevalence,10.1,86.0,7.1,12.0,6.2,38.7,26.2,17.9,14.4,77.2,15.2,3.4,13.3,13.0,28.0,108901.0,1087.0,3559.0,21356.0,463.0,1863.0,10827.0,317.0,1261.0,13.0,10.0,5.0,0.0,2.0,0.0
13017,6.3,9.8,91.6,81.1,1.7,1.7,19.0,16.8,13.0,6.3,36.7,2.7,1.3,9.1,31.6,17089.0,38.7,45.9,15.1,13.0,25.2,41758.0,Ben Hill,GA,Georgia,2023.0,Crude prevalence,11.4,84.5,11.1,19.1,9.0,41.5,37.8,19.8,18.6,79.6,21.3,5.6,17.2,13.0,6.0,17194.0,447.0,1511.0,3692.0,182.0,574.0,1601.0,104.0,333.0,3.0,5.0,3.0,0.0,2.0,0.0
13019,6.2,10.3,92.5,82.5,2.0,3.9,14.9,24.6,13.0,3.4,29.0,2.3,0.2,9.3,34.4,18352.0,40.5,36.6,20.7,15.7,20.6,52876.0,Berrien,GA,Georgia,2023.0,Crude prevalence,10.7,84.1,10.7,16.0,8.8,38.1,34.0,19.9,17.8,77.4,20.7,4.8,15.9,13.0,6.0,18160.0,239.0,1658.0,83.0,164.0,1189.0,0.0,154.0,1121.0,0.0,6.0,0.0,0.0,0.0,0.0
13021,3.5,9.0,92.7,85.8,4.6,2.4,13.6,22.2,16.7,11.3,48.6,1.5,1.0,8.5,49.5,156578.0,36.8,31.3,21.6,26.3,24.7,51234.0,Bibb,GA,Georgia,2023.0,Crude prevalence,11.2,85.9,8.4,16.9,7.3,44.7,32.2,19.1,15.8,81.0,16.8,4.8,14.5,13.0,48.0,157346.0,6749.0,13362.0,37319.0,1157.0,2534.0,14068.0,467.0,975.0,40.0,33.0,9.0,13.0,3.0,5.0
13023,5.2,8.3,90.8,73.4,3.2,4.4,7.3,25.6,15.6,8.2,27.1,0.9,0.0,3.0,50.1,12430.0,37.7,33.9,26.0,19.8,19.3,62008.0,Bleckley,GA,Georgia,2023.0,Crude prevalence,10.8,85.6,8.8,14.7,7.7,37.7,29.8,19.0,16.0,79.3,16.6,4.3,13.2,13.0,4.0,12583.0,365.0,1000.0,510.0,212.0,544.0,81.0,164.0,418.0,1.0,2.0,0.0,1.0,0.0,1.0
13025,5.3,10.9,94.8,79.6,1.5,3.8,20.1,30.5,20.5,5.3,20.1,0.4,0.2,6.8,22.9,18315.0,40.5,40.4,20.6,14.5,17.1,58239.0,Brantley,GA,Georgia,2023.0,Crude prevalence,10.6,84.4,10.3,14.4,8.4,39.0,32.6,19.7,17.4,77.0,19.6,4.4,14.4,13.0,5.0,18021.0,349.0,1249.0,41.0,296.0,1041.0,0.0,246.0,854.0,0.0,4.0,0.0,1.0,0.0,1.0
13027,5.7,9.8,87.3,74.8,2.6,2.7,16.1,24.7,17.7,8.3,28.3,1.7,0.9,2.9,54.6,16293.0,43.5,41.9,20.1,15.8,25.4,46807.0,Brooks,GA,Georgia,2023.0,Crude prevalence,11.1,86.1,11.6,20.0,10.0,40.2,36.7,18.8,18.8,80.9,19.8,5.9,16.4,13.0,6.0,16301.0,502.0,1251.0,93.0,305.0,750.0,0.0,271.0,668.0,0.0,5.0,0.0,0.0,0.0,0.0
13029,2.9,4.4,96.9,92.8,3.5,1.3,6.7,32.0,7.5,3.5,22.3,1.0,0.2,7.3,45.5,48263.0,35.0,24.0,23.9,36.1,6.7,103408.0,Bryan,GA,Georgia,2023.0,Crude prevalence,9.6,87.2,5.0,10.0,4.7,33.5,21.2,16.7,12.0,77.5,12.3,2.6,10.6,13.0,9.0,44738.0,580.0,1314.0,3339.0,424.0,878.0,0.0,306.0,569.0,1.0,2.0,0.0,1.0,0.0,1.0
13031,2.9,7.2,96.9,87.4,4.9,1.4,10.9,25.2,9.7,5.6,46.9,1.8,0.2,6.3,40.2,82683.0,30.5,27.0,21.7,32.5,23.0,58810.0,Bulloch,GA,Georgia,2023.0,Crude prevalence,10.6,82.0,6.6,11.5,5.6,38.9,25.7,20.1,13.5,76.4,14.1,3.3,12.5,13.0,20.0,81099.0,1715.0,5085.0,7170.0,651.0,2587.0,3274.0,450.0,1963.0,8.0,13.0,2.0,2.0,0.0,1.0
13033,5.1,13.0,93.7,85.6,2.9,1.7,13.8,28.0,18.7,9.0,30.0,0.2,0.6,7.4,40.0,24470.0,38.3,35.3,19.8,15.5,18.3,53014.0,Burke,GA,Georgia,2023.0,Crude prevalence,11.4,85.9,9.8,18.3,8.3,40.1,34.7,19.4,17.5,79.9,19.0,5.2,15.0,13.0,7.0,24596.0,823.0,1736.0,3116.0,584.0,1213.0,1787.0,498.0,1037.0,1.0,6.0,1.0,4.0,1.0,4.0
13035,3.8,11.7,95.7,88.2,1.8,1.6,12.3,29.0,8.0,4.3,25.7,0.4,0.9,7.3,28.7,26496.0,37.8,42.1,20.5,14.4,10.4,69241.0,Butts,GA,Georgia,2023.0,Crude prevalence,10.4,84.6,8.0,13.8,6.8,38.2,31.0,18.7,15.3,77.4,17.4,4.0,14.5,13.0,5.0,25434.0,385.0,1324.0,4232.0,271.0,945.0,2540.0,159.0,536.0,2.0,3.0,2.0,1.0,2.0,1.0
13037,7.1,14.0,83.1,77.7,2.0,1.1,14.2,24.4,21.5,10.7,40.6,1.4,0.3,5.6,36.0,5498.0,40.2,42.5,18.4,13.0,22.8,46940.0,Calhoun,GA,Georgia,2023.0,Crude prevalence,10.6,83.2,9.3,18.5,8.1,43.6,37.0,19.1,16.8,78.5,20.8,5.4,18.6,13.0,2.0,5573.0,170.0,546.0,113.0,91.0,311.0,0.0,72.0,253.0,0.0,1.0,0.0,1.0,0.0,0.0
13039,2.1,4.2,98.1,91.3,2.8,2.8,8.9,28.3,8.4,4.4,32.2,0.9,0.8,6.6,43.5,56970.0,34.7,29.7,29.4,24.6,12.9,74378.0,Camden,GA,Georgia,2023.0,Crude prevalence,10.1,84.8,6.9,12.3,6.2,37.2,27.1,18.2,13.8,76.5,14.8,3.5,12.9,13.0,16.0,54768.0,965.0,2278.0,6140.0,418.0,1087.0,754.0,207.0,497.0,4.0,4.0,2.0,3.0,0.0,0.0
13043,8.0,9.2,89.5,83.1,1.3,2.1,15.1,23.4,11.0,3.6,38.0,2.8,0.9,6.2,24.0,11043.0,40.4,35.0,24.9,16.0,16.3,49581.0,Candler,GA,Georgia,2023.0,Crude prevalence,10.8,84.7,9.8,16.5,8.4,42.2,33.4,18.9,17.4,78.5,18.6,4.9,17.2,13.0,3.0,10981.0,149.0,934.0,49.0,103.0,655.0,0.0,90.0,583.0,0.0,3.0,0.0,0.0,0.0,0.0
13045,4.6,9.6,94.7,89.7,3.7,2.2,12.0,29.7,7.8,3.9,28.7,2.0,0.6,7.1,44.9,124569.0,35.4,32.9,21.0,23.8,15.4,73714.0,Carroll,GA,Georgia,2023.0,Crude prevalence,10.4,84.3,7.3,12.8,6.3,34.2,28.1,18.7,14.6,76.1,16.1,3.5,13.9,13.0,28.0,119148.0,1734.0,6397.0,21046.0,931.0,3903.0,10875.0,583.0,2659.0,10.0,16.0,8.0,2.0,5.0,1.0
13047,3.4,6.9,93.2,88.7,2.6,1.7,11.0,24.5,6.7,4.3,25.8,1.2,1.3,5.5,37.9,68634.0,40.8,30.5,25.8,24.2,9.9,74639.0,Catoosa,GA,Georgia,2023.0,Crude prevalence,9.9,87.0,7.5,12.5,6.9,34.1,25.3,17.2,14.2,77.7,14.7,3.6,11.1,13.0,15.0,67872.0,1142.0,3146.0,16290.0,450.0,1640.0,5150.0,224.0,1010.0,10.0,3.0,2.0,2.0,0.0,1.0
13049,8.7,9.8,93.7,87.3,7.5,1.1,16.2,28.7,11.4,7.0,19.9,4.6,0.5,11.7,31.6,12818.0,37.1,37.8,24.3,12.3,18.1,61276.0,Charlton,GA,Georgia,2023.0,Crude prevalence,10.0,82.2,9.1,16.1,7.8,41.5,34.3,19.2,17.0,75.5,20.1,4.5,21.2,13.0,3.0,12518.0,294.0,1064.0,410.0,166.0,591.0,66.0,109.0,383.0,0.0,1.0,0.0,1.0,0.0,0.0
13051,3.1,5.7,96.4,92.2,3.7,1.4,12.9,23.0,12.5,7.6,43.2,1.1,0.6,8.0,45.8,300879.0,37.2,23.9,21.8,37.7,14.3,71097.0,Chatham,GA,Georgia,2023.0,Crude prevalence,10.2,86.8,6.4,13.1,6.1,33.0,25.2,16.6,13.0,79.7,13.3,3.7,12.4,13.0,87.0,295291.0,9143.0,14265.0,80325.0,1691.0,2467.0,38504.0,537.0,767.0,79.0,40.0,9.0,9.0,2.0,3.0
13053,0.5,3.0,95.9,89.7,1.6,2.5,6.1,10.5,33.7,3.0,60.7,2.3,0.0,11.2,30.2,8887.0,24.4,24.8,31.2,29.6,13.9,61042.0,Chattahoochee,GA,Georgia,2023.0,Crude prevalence,9.2,74.7,4.3,7.5,3.4,35.8,24.7,20.6,11.3,69.4,13.5,2.0,17.2,13.0,5.0,9565.0,56.0,419.0,6518.0,46.0,339.0,5365.0,34.0,258.0,3.0,3.0,2.0,0.0,2.0,0.0
13055,8.8,15.8,91.2,85.2,2.7,8.9,13.1,28.1,15.9,7.6,33.2,2.8,0.7,7.6,44.3,25036.0,41.1,34.8,20.9,12.0,21.2,50285.0,Chattooga,GA,Georgia,2023.0,Crude prevalence,10.7,83.4,11.3,16.0,8.9,35.2,35.1,20.0,18.5,76.6,21.3,4.9,17.2,13.0,9.0,24965.0,700.0,1724.0,2518.0,317.0,890.0,1133.0,217.0,653.0,2.0,7.0,2.0,2.0,1.0,1.0
13057,3.4,4.2,98.2,95.9,2.2,1.1,10.4,31.3,4.6,2.4,22.7,1.0,0.2,9.5,47.1,281032.0,40.2,22.0,20.8,41.1,7.0,108115.0,Cherokee,GA,Georgia,2023.0,Crude prevalence,9.5,88.1,5.6,11.0,5.7,33.5,23.7,16.0,12.2,77.1,11.7,2.9,10.7,13.0,56.0,266620.0,2400.0,3534.0,118560.0,1259.0,1690.0,66076.0,739.0,849.0,42.0,8.0,5.0,4.0,2.0,0.0
13059,4.7,5.6,96.8,92.6,3.3,1.9,11.2,20.7,6.0,6.3,58.6,0.9,0.5,8.3,51.3,129609.0,29.6,19.4,16.4,47.4,26.0,53625.0,Clarke,GA,Georgia,2023.0,Crude prevalence,10.6,81.4,5.8,10.9,5.1,30.2,25.0,19.4,12.5,75.3,12.3,3.0,12.7,13.0,34.0,128671.0,3441.0,5127.0,30941.0,808.0,1271.0,14406.0,309.0,522.0,30.0,19.0,3.0,6.0,1.0,3.0
13061,4.0,9.7,92.1,80.6,2.2,0.0,7.8,23.2,37.9,8.4,21.7,0.9,0.0,7.6,19.8,2850.0,45.3,31.0,23.5,23.4,21.0,49147.0,Clay,GA,Georgia,2023.0,Crude prevalence,11.2,88.5,11.0,21.5,10.5,41.2,37.3,17.4,17.9,83.7,17.2,6.6,14.5,13.0,1.0,2848.0,104.0,322.0,226.0,84.0,259.0,10.0,72.0,224.0,0.0,1.0,0.0,0.0,0.0,0.0
13063,6.3,8.2,96.2,91.3,4.8,2.4,17.0,31.6,8.3,7.1,45.5,2.3,1.0,10.2,52.7,298924.0,33.7,32.0,21.6,22.5,17.9,59806.0,Clayton,GA,Georgia,2023.0,Crude prevalence,11.4,85.8,6.5,16.2,5.7,45.2,32.5,19.2,14.8,80.0,16.0,4.3,16.8,13.0,70.0,297595.0,7486.0,20461.0,96601.0,1358.0,5096.0,38519.0,395.0,1855.0,70.0,56.0,28.0,15.0,10.0,8.0
13065,10.4,11.4,85.6,71.3,1.0,2.6,22.0,27.8,20.1,14.6,29.2,0.6,0.0,3.8,33.7,6759.0,37.7,49.6,13.2,9.1,26.1,45847.0,Clinch,GA,Georgia,2023.0,Crude prevalence,11.1,83.7,11.0,17.3,8.8,41.9,35.6,20.1,18.4,78.0,21.2,5.2,16.7,13.0,2.0,6749.0,354.0,616.0,190.0,185.0,333.0,59.0,146.0,266.0,0.0,2.0,0.0,1.0,0.0,1.0
13067,3.8,3.3,98.4,96.1,3.2,1.5,12.0,29.4,5.9,3.9,33.0,1.5,0.5,9.5,40.6,775208.0,37.5,17.8,17.2,50.8,8.7,102738.0,Cobb,GA,Georgia,2023.0,Crude prevalence,9.4,88.5,4.8,10.9,4.9,29.9,21.6,15.0,11.2,77.6,10.4,2.8,10.7,13.0,186.0,766149.0,11512.0,18374.0,326717.0,2939.0,5842.0,148751.0,1046.0,1807.0,186.0,41.0,23.0,16.0,2.0,6.0
13069,7.6,12.0,95.2,86.8,2.3,1.5,17.9,18.7,12.3,6.9,35.3,2.3,0.5,7.6,38.9,43347.0,36.0,38.1,20.3,13.9,23.1,50683.0,Coffee,GA,Georgia,2023.0,Crude prevalence,10.9,82.8,9.8,16.1,7.8,39.3,35.0,20.4,17.5,77.4,20.7,4.7,19.0,13.0,12.0,43092.0,1056.0,3067.0,3056.0,626.0,1880.0,409.0,443.0,1286.0,2.0,10.0,2.0,2.0,0.0,2.0
13071,7.5,11.9,92.9,84.9,2.5,2.1,20.5,21.1,13.4,6.2,36.3,3.9,1.0,8.7,35.6,46224.0,37.2,38.2,18.1,15.5,22.9,49341.0,Colquitt,GA,Georgia,2023.0,Crude prevalence,10.7,84.0,9.6,16.7,8.1,35.7,35.0,19.6,17.6,77.8,19.2,4.7,19.9,13.0,15.0,45898.0,1040.0,3304.0,5379.0,427.0,1618.0,3119.0,331.0,1289.0,6.0,10.0,2.0,2.0,2.0,1.0
13073,2.5,5.0,96.4,91.6,3.0,1.8,9.3,24.9,10.6,3.1,21.9,0.8,0.2,12.2,37.4,162434.0,37.9,21.9,19.8,38.5,7.5,95592.0,Columbia,GA,Georgia,2023.0,Crude prevalence,9.6,88.0,5.5,11.9,5.4,33.1,24.3,16.1,12.4,79.3,11.9,3.0,10.1,13.0,25.0,156010.0,1710.0,3669.0,76473.0,996.0,1996.0,41684.0,618.0,1219.0,20.0,2.0,1.0,2.0,1.0,1.0
13075,6.2,10.1,90.0,79.2,2.1,1.4,15.3,25.6,15.8,5.2,34.0,0.2,0.1,2.3,51.3,17532.0,37.5,36.1,18.1,17.9,17.7,53651.0,Cook,GA,Georgia,2023.0,Crude prevalence,11.0,84.2,10.1,16.5,8.3,37.6,32.6,19.9,17.7,78.1,19.7,4.9,16.2,13.0,5.0,17229.0,326.0,964.0,36.0,232.0,683.0,0.0,196.0,580.0,0.0,4.0,0.0,0.0,0.0,0.0
13077,2.3,5.6,97.2,93.7,2.0,2.4,8.5,29.8,4.9,3.2,21.6,0.8,0.5,9.9,45.2,152852.0,39.2,25.7,20.2,36.2,7.4,95548.0,Coweta,GA,Georgia,2023.0,Crude prevalence,9.9,88.0,5.9,12.4,5.7,35.7,24.9,16.1,12.9,78.3,12.3,3.2,10.8,13.0,27.0,146158.0,1774.0,3861.0,35959.0,802.0,2066.0,21351.0,497.0,1379.0,14.0,7.0,3.0,3.0,1.0,0.0
13079,4.4,10.6,89.5,79.1,1.4,1.7,11.9,33.0,15.3,4.6,18.6,1.6,0.5,2.0,31.3,12225.0,45.1,42.6,19.1,14.5,11.6,67116.0,Crawford,GA,Georgia,2023.0,Crude prevalence,10.4,86.8,9.0,15.5,7.9,37.3,30.4,17.7,16.1,78.8,17.1,4.5,13.3,13.0,3.0,12130.0,203.0,640.0,146.0,164.0,566.0,0.0,149.0,518.0,0.0,1.0,0.0,1.0,0.0,1.0
13081,4.4,11.7,91.5,75.5,4.2,2.1,14.5,20.6,20.2,15.7,44.5,0.6,0.1,4.9,45.9,19790.0,38.8,38.7,20.2,15.3,23.3,45105.0,Crisp,GA,Georgia,2023.0,Crude prevalence,11.6,85.8,11.0,19.4,9.4,44.6,36.9,19.4,18.1,80.4,19.9,5.7,15.8,13.0,6.0,20128.0,1241.0,2125.0,1365.0,734.0,1183.0,1273.0,605.0,994.0,1.0,5.0,1.0,4.0,1.0,4.0
13083,3.3,8.2,91.7,87.4,1.8,2.4,9.6,27.2,18.1,2.8,20.0,1.7,0.2,3.4,25.6,16165.0,42.1,37.3,22.7,18.4,8.2,64568.0,Dade,GA,Georgia,2023.0,Crude prevalence,10.1,86.6,8.2,12.6,7.4,35.1,26.4,17.6,14.9,78.2,15.2,3.8,11.5,13.0,5.0,16251.0,168.0,640.0,308.0,137.0,523.0,0.0,105.0,405.0,0.0,3.0,0.0,0.0,0.0,0.0
13085,2.9,7.1,96.3,92.6,2.2,0.8,11.8,30.8,10.9,1.6,21.3,2.2,0.3,19.3,32.6,30242.0,42.7,25.9,20.5,36.4,8.5,92991.0,Dawson,GA,Georgia,2023.0,Crude prevalence,9.5,87.7,6.8,11.6,6.6,31.6,23.5,16.1,13.5,78.2,12.6,3.3,10.9,13.0,7.0,26798.0,181.0,824.0,2926.0,146.0,705.0,1649.0,100.0,542.0,1.0,0.0,0.0,0.0,0.0,0.0
13087,5.1,11.3,87.3,77.0,3.3,2.2,13.8,21.4,19.6,6.9,37.9,2.1,1.1,6.2,33.2,29195.0,38.9,33.4,20.8,15.1,22.0,53317.0,Decatur,GA,Georgia,2023.0,Crude prevalence,11.1,85.3,9.7,17.8,8.3,42.2,34.6,19.5,17.5,79.9,18.9,5.2,16.4,13.0,8.0,29367.0,734.0,2417.0,7222.0,354.0,1305.0,3129.0,224.0,877.0,3.0,6.0,2.0,1.0,1.0,0.0
13089,4.6,4.6,96.9,93.7,4.4,2.3,12.7,30.4,13.2,7.3,41.2,1.9,1.0,9.6,48.9,765351.0,36.4,19.6,16.1,47.4,13.7,80644.0,DeKalb,GA,Georgia,2023.0,Crude prevalence,10.4,88.3,5.2,13.0,5.1,31.8,22.5,15.8,11.9,79.1,11.5,3.5,11.9,13.0,203.0,764382.0,21100.0,36708.0,207437.0,3615.0,8925.0,57324.0,714.0,2277.0,202.0,85.0,39.0,30.0,7.0,9.0
13091,3.8,12.0,93.1,77.0,2.8,5.2,14.6,26.3,19.9,4.2,29.4,1.2,0.0,6.6,32.9,19805.0,42.6,37.5,23.7,17.2,21.5,51587.0,Dodge,GA,Georgia,2023.0,Crude prevalence,10.6,85.5,9.8,16.7,8.6,40.4,33.8,18.8,17.0,79.1,18.7,5.0,14.9,13.0,7.0,19925.0,292.0,1531.0,4130.0,195.0,1028.0,3154.0,163.0,851.0,2.0,6.0,2.0,0.0,1.0,0.0
13093,4.6,11.3,89.4,76.6,1.6,0.9,11.9,23.1,15.6,7.3,35.3,1.3,0.3,2.1,18.6,10984.0,46.3,37.4,21.6,14.8,15.7,60987.0,Dooly,GA,Georgia,2023.0,Crude prevalence,10.5,86.1,9.2,18.3,8.6,41.0,34.4,17.5,16.5,79.8,18.1,5.3,16.9,13.0,3.0,11208.0,295.0,709.0,43.0,199.0,465.0,0.0,180.0,418.0,0.0,2.0,0.0,1.0,0.0,1.0
13095,4.2,9.8,91.6,82.3,5.6,2.0,13.1,20.0,15.7,10.9,54.7,1.4,0.3,6.5,43.2,83091.0,36.6,31.9,22.0,22.8,25.0,49044.0,Dougherty,GA,Georgia,2023.0,Crude prevalence,11.9,85.7,9.1,19.0,7.8,41.9,34.1,19.2,16.7,82.0,17.7,5.5,15.5,13.0,29.0,85790.0,3729.0,9925.0,14105.0,589.0,1854.0,5752.0,272.0,874.0,24.0,25.0,9.0,4.0,1.0,1.0
13097,3.2,5.5,96.6,94.9,4.1,1.9,12.3,33.2,7.3,3.1,33.1,1.9,0.8,13.5,36.8,147888.0,36.9,29.7,21.8,30.8,10.9,82984.0,Douglas,GA,Georgia,2023.0,Crude prevalence,10.8,87.5,5.8,13.6,5.4,36.3,27.0,17.2,12.9,79.4,13.7,3.5,13.0,13.0,31.0,144237.0,1633.0,6682.0,46717.0,764.0,3156.0,16245.0,300.0,1343.0,22.0,12.0,9.0,5.0,2.0,3.0
13099,4.3,12.4,84.1,70.7,3.6,2.4,13.7,21.0,17.0,9.1,33.4,0.5,2.4,10.9,42.6,10603.0,41.1,37.7,22.0,14.7,23.6,54083.0,Early,GA,Georgia,2023.0,Crude prevalence,11.6,86.4,10.3,18.9,8.8,40.7,36.2,19.0,17.8,81.1,18.8,5.6,15.4,13.0,5.0,10854.0,374.0,1077.0,81.0,237.0,693.0,0.0,215.0,632.0,0.0,5.0,0.0,1.0,0.0,1.0
13101,8.6,8.8,88.2,68.5,1.1,2.4,21.1,29.2,15.5,1.9,24.1,5.3,1.0,7.3,32.7,3709.0,30.5,42.0,18.6,15.7,14.2,59489.0,Echols,GA,Georgia,2023.0,Crude prevalence,9.8,84.7,7.4,13.6,6.6,38.3,30.6,17.9,15.5,75.1,16.3,3.6,19.4,13.0,2.0,3697.0,22.0,232.0,240.0,22.0,181.0,118.0,22.0,151.0,0.0,1.0,0.0,0.0,0.0,0.0
13103,2.0,7.4,96.1,87.3,3.7,1.6,9.7,32.3,6.4,2.8,21.6,0.8,0.5,5.4,26.8,69143.0,37.0,32.5,20.9,27.2,6.8,88438.0,Effingham,GA,Georgia,2023.0,Crude prevalence,10.0,86.5,6.1,11.3,5.4,37.9,24.5,17.3,13.2,76.7,14.1,3.0,11.5,13.0,16.0,64769.0,686.0,1892.0,7211.0,463.0,1324.0,3810.0,371.0,1020.0,4.0,0.0,0.0,1.0,0.0,1.0
13105,3.8,10.4,88.6,82.3,2.7,1.3,12.2,24.1,11.1,7.2,29.1,3.2,1.2,7.5,31.8,19849.0,43.2,36.9,25.5,16.3,18.0,58450.0,Elbert,GA,Georgia,2023.0,Crude prevalence,10.7,86.6,9.6,16.6,8.6,38.2,32.7,18.1,16.8,79.8,17.8,4.9,14.5,13.0,6.0,19637.0,603.0,1292.0,606.0,424.0,886.0,164.0,362.0,752.0,1.0,3.0,0.0,2.0,0.0,1.0
13107,5.9,14.4,90.7,85.5,5.0,2.1,16.0,28.5,17.2,8.2,39.2,1.6,0.2,7.0,22.5,23026.0,38.3,38.8,20.2,13.5,25.7,52772.0,Emanuel,GA,Georgia,2023.0,Crude prevalence,11.1,83.8,10.0,16.4,8.0,42.7,35.9,19.8,17.5,77.9,20.3,4.8,16.7,13.0,9.0,22768.0,684.0,2246.0,1817.0,479.0,1619.0,1389.0,393.0,1345.0,1.0,9.0,1.0,2.0,1.0,1.0
13109,6.7,11.1,91.7,82.9,2.4,4.5,15.7,28.0,13.3,6.5,34.6,3.9,0.6,8.3,33.5,10757.0,38.3,39.5,19.8,14.5,19.1,53259.0,Evans,GA,Georgia,2023.0,Crude prevalence,10.9,84.4,9.6,16.8,8.0,42.4,35.2,19.4,17.2,78.6,19.2,4.8,17.6,13.0,3.0,10774.0,267.0,801.0,0.0,171.0,512.0,0.0,127.0,386.0,0.0,3.0,0.0,0.0,0.0,0.0
13111,4.3,7.1,91.4,88.9,1.9,1.8,14.4,26.0,35.7,3.0,21.4,1.7,0.7,16.7,24.3,25742.0,54.0,34.9,20.9,24.2,13.7,57073.0,Fannin,GA,Georgia,2023.0,Crude prevalence,10.0,89.0,10.6,16.5,10.2,38.2,30.1,15.9,17.0,80.9,16.1,5.0,11.5,13.0,5.0,25319.0,351.0,1595.0,1286.0,287.0,1262.0,11.0,243.0,1040.0,0.0,4.0,1.0,2.0,0.0,1.0
13113,2.5,2.6,98.1,94.8,2.3,1.2,8.6,31.4,4.0,3.2,19.9,1.0,0.1,9.5,49.1,122244.0,43.4,19.0,17.7,49.9,5.6,111978.0,Fayette,GA,Georgia,2023.0,Crude prevalence,9.3,90.4,5.3,12.6,6.0,30.7,21.2,13.9,11.6,81.1,9.6,3.3,9.0,13.0,24.0,119194.0,1420.0,2145.0,67645.0,963.0,1458.0,42360.0,565.0,944.0,20.0,2.0,2.0,4.0,1.0,3.0
13115,5.9,9.4,93.5,87.8,2.5,2.2,13.5,23.3,9.9,7.3,36.4,1.8,1.0,8.2,40.3,99693.0,38.2,29.4,21.7,25.9,16.0,65565.0,Floyd,GA,Georgia,2023.0,Crude prevalence,10.3,85.0,8.1,14.1,7.1,37.3,28.6,18.6,15.3,77.6,16.0,3.9,14.8,13.0,26.0,98584.0,2695.0,5482.0,17500.0,770.0,2008.0,5984.0,396.0,1073.0,16.0,11.0,5.0,5.0,1.0,3.0
13117,2.4,3.2,98.6,97.7,2.4,0.8,7.9,30.6,3.8,2.0,15.6,0.8,0.5,7.9,37.8,267287.0,39.7,14.9,15.5,57.1,4.3,143784.0,Forsyth,GA,Georgia,2023.0,Crude prevalence,8.4,89.5,4.2,9.9,4.6,27.7,20.2,13.2,10.4,79.2,9.2,2.4,8.5,13.0,48.0,251283.0,1738.0,1927.0,160062.0,1174.0,1359.0,92896.0,680.0,771.0,41.0,0.0,0.0,1.0,0.0,1.0
13119,5.1,11.9,90.9,82.0,3.1,2.1,18.3,27.0,17.5,5.6,22.8,2.2,0.5,10.6,26.7,24234.0,40.1,33.7,21.6,17.8,19.5,53046.0,Franklin,GA,Georgia,2023.0,Crude prevalence,10.6,84.5,9.6,14.7,8.2,39.0,30.8,19.0,16.8,77.6,17.9,4.4,14.1,13.0,8.0,23424.0,501.0,1320.0,1.0,368.0,1021.0,0.0,284.0,840.0,0.0,5.0,0.0,1.0,0.0,1.0
13121,2.2,4.0,97.3,93.5,3.7,1.7,9.5,27.7,8.8,10.0,45.7,1.2,0.9,8.7,41.8,1076561.0,36.4,15.2,14.2,58.5,12.3,95292.0,Fulton,GA,Georgia,2023.0,Crude prevalence,9.4,87.9,4.5,10.9,4.6,28.2,20.0,15.4,10.8,77.7,9.9,2.9,10.1,13.0,327.0,1066710.0,46458.0,53763.0,342559.0,6780.0,10690.0,153048.0,1911.0,3894.0,325.0,115.0,27.0,72.0,6.0,36.0
13123,6.0,6.8,95.1,90.7,1.4,1.1,14.6,28.9,29.7,2.9,19.3,3.1,1.2,2.7,37.0,32426.0,50.0,33.5,18.8,24.9,16.0,74499.0,Gilmer,GA,Georgia,2023.0,Crude prevalence,9.7,88.4,9.5,15.2,9.1,34.2,28.8,16.0,16.5,79.8,15.0,4.5,13.6,13.0,8.0,31353.0,380.0,1247.0,5611.0,318.0,1081.0,3176.0,231.0,834.0,2.0,3.0,0.0,1.0,0.0,1.0
13125,5.7,13.5,86.0,66.0,0.8,3.8,12.0,49.6,26.5,8.6,32.4,2.3,5.2,8.1,11.4,2932.0,41.6,33.3,20.1,17.0,12.6,54934.0,Glascock,GA,Georgia,2023.0,Crude prevalence,10.5,85.5,9.4,14.5,7.9,37.6,30.5,18.8,16.5,77.5,18.1,4.3,13.1,13.0,1.0,2884.0,89.0,199.0,6.0,73.0,164.0,0.0,69.0,155.0,0.0,1.0,0.0,0.0,0.0,0.0
13127,3.6,6.4,95.0,88.8,2.1,2.3,13.3,20.0,18.3,4.5,33.3,1.6,0.7,5.6,41.1,85447.0,43.4,28.0,19.8,32.4,16.1,69799.0,Glynn,GA,Georgia,2023.0,Crude prevalence,10.1,88.1,8.2,15.3,7.9,35.1,28.2,16.4,15.0,80.7,14.4,4.4,12.5,13.0,25.0,84499.0,1593.0,4403.0,17394.0,297.0,798.0,9621.0,148.0,437.0,18.0,9.0,3.0,1.0,2.0,0.0
13129,8.0,11.3,95.0,85.2,2.2,1.4,15.4,25.3,9.4,3.6,26.1,1.6,0.4,7.1,34.6,59100.0,38.9,34.7,19.3,18.8,12.0,63650.0,Gordon,GA,Georgia,2023.0,Crude prevalence,10.2,84.6,8.7,13.9,7.3,35.3,31.6,18.7,16.4,75.9,17.3,3.9,16.6,13.0,15.0,57544.0,776.0,2182.0,9407.0,404.0,1340.0,4412.0,269.0,903.0,5.0,7.0,3.0,0.0,2.0,0.0
13131,7.5,12.0,91.5,85.2,2.1,1.5,18.1,26.2,13.2,5.3,33.9,3.5,0.4,8.7,32.9,26108.0,39.4,34.9,20.0,16.4,20.3,58980.0,Grady,GA,Georgia,2023.0,Crude prevalence,10.7,86.0,9.7,17.2,8.6,38.5,35.8,18.5,17.3,79.5,17.9,5.0,16.8,13.0,8.0,26236.0,535.0,2054.0,2873.0,366.0,1491.0,1811.0,279.0,1192.0,1.0,6.0,1.0,2.0,1.0,1.0
13133,2.7,8.9,92.7,86.6,1.7,0.5,13.9,28.4,24.3,4.4,22.1,1.0,0.2,5.2,27.4,20109.0,53.1,26.8,16.0,37.8,9.8,86272.0,Greene,GA,Georgia,2023.0,Crude prevalence,9.7,90.9,7.9,15.6,8.6,33.7,26.8,14.1,14.4,83.4,12.1,4.6,11.0,13.0,8.0,18915.0,364.0,590.0,159.0,262.0,425.0,0.0,222.0,375.0,0.0,3.0,0.0,0.0,0.0,0.0
13135,6.6,5.6,98.4,94.6,2.9,2.0,15.2,32.8,4.1,3.8,33.7,2.6,1.1,10.5,51.3,979864.0,36.0,22.8,16.8,39.0,10.8,87890.0,Gwinnett,GA,Georgia,2023.0,Crude prevalence,9.2,87.0,5.0,12.6,5.1,34.9,27.3,15.5,12.0,76.9,11.7,3.0,15.6,13.0,220.0,957062.0,12268.0,25467.0,441979.0,3858.0,9773.0,178099.0,1237.0,3266.0,218.0,76.0,35.0,15.0,7.0,5.0
13137,8.3,9.1,92.6,89.4,1.5,1.6,14.5,27.7,12.2,4.2,27.2,3.1,0.4,6.6,36.4,47793.0,39.4,32.1,18.6,24.6,14.1,67309.0,Habersham,GA,Georgia,2023.0,Crude prevalence,9.9,85.6,8.0,12.9,7.2,32.2,27.9,17.6,15.0,77.5,15.0,3.8,15.2,13.0,11.0,46031.0,696.0,2250.0,14881.0,320.0,1350.0,8260.0,182.0,866.0,6.0,3.0,3.0,0.0,1.0,0.0
13139,10.4,8.6,96.2,93.6,2.2,1.9,16.5,27.3,9.1,6.3,31.4,3.9,1.3,9.0,44.0,212705.0,38.4,27.5,18.6,27.3,11.8,80901.0,Hall,GA,Georgia,2023.0,Crude prevalence,9.6,86.0,7.1,13.2,6.7,32.3,28.3,16.7,14.6,76.8,14.0,3.5,18.0,13.0,50.0,203136.0,4613.0,7051.0,66814.0,1674.0,3647.0,33969.0,814.0,1979.0,32.0,15.0,4.0,9.0,1.0,6.0
13141,11.0,12.8,82.3,71.3,1.9,1.2,9.8,35.4,41.2,8.4,20.7,0.4,0.0,0.0,72.2,8650.0,47.3,42.0,17.8,10.3,30.6,40082.0,Hancock,GA,Georgia,2023.0,Crude prevalence,11.4,85.5,11.9,22.8,10.5,44.8,40.0,18.8,19.2,81.5,21.9,7.0,18.7,13.0,2.0,8735.0,246.0,871.0,525.0,198.0,690.0,5.0,180.0,623.0,0.0,2.0,0.0,1.0,0.0,1.0
13143,4.1,11.2,94.4,85.3,2.7,1.6,11.1,33.8,8.4,3.4,28.4,2.3,0.9,8.1,33.1,31285.0,38.6,39.8,20.6,17.0,15.4,72127.0,Haralson,GA,Georgia,2023.0,Crude prevalence,10.3,85.2,8.2,12.6,6.8,36.2,26.9,19.0,15.4,77.0,17.4,3.7,12.6,13.0,8.0,29919.0,396.0,1653.0,0.0,256.0,1011.0,0.0,198.0,742.0,0.0,4.0,0.0,0.0,0.0,0.0
13145,1.5,4.5,97.0,88.9,3.4,1.1,6.8,26.1,11.4,1.4,11.2,0.5,0.0,3.8,44.7,36086.0,43.5,23.8,23.3,38.0,9.0,97302.0,Harris,GA,Georgia,2023.0,Crude prevalence,9.7,89.1,6.3,12.6,6.4,33.0,22.8,15.3,13.0,80.2,12.2,3.5,9.6,13.0,7.0,34668.0,176.0,1317.0,24.0,149.0,1058.0,0.0,119.0,840.0,0.0,0.0,0.0,0.0,0.0,0.0
13147,2.6,12.0,93.1,85.8,1.9,0.8,10.8,26.8,16.4,6.2,22.2,1.5,0.4,6.7,39.0,26939.0,44.8,34.6,20.2,20.8,11.9,59385.0,Hart,GA,Georgia,2023.0,Crude prevalence,10.2,87.3,9.0,15.3,8.3,35.1,29.4,17.2,15.8,79.5,16.0,4.5,12.9,13.0,10.0,25828.0,680.0,1146.0,2215.0,461.0,814.0,1269.0,343.0,616.0,2.0,6.0,1.0,1.0,1.0,1.0
13149,2.7,9.4,87.6,73.5,2.3,1.8,13.8,34.9,10.6,5.5,27.7,1.4,0.5,2.3,41.0,11773.0,41.1,44.3,24.7,12.8,17.9,65868.0,Heard,GA,Georgia,2023.0,Crude prevalence,10.5,85.2,9.2,14.3,7.8,35.6,30.6,19.1,16.4,77.5,18.3,4.2,13.5,13.0,3.0,11412.0,235.0,1092.0,114.0,181.0,929.0,0.0,144.0,799.0,0.0,2.0,0.0,1.0,0.0,1.0
13151,2.3,4.7,97.8,94.3,4.2,1.8,9.8,33.1,5.2,2.4,25.1,1.4,0.5,13.6,43.9,249960.0,37.1,29.7,22.2,29.5,9.2,83146.0,Henry,GA,Georgia,2023.0,Crude prevalence,10.6,88.1,5.5,13.4,5.2,45.2,25.2,16.9,12.6,79.9,12.9,3.5,11.7,13.0,59.0,240712.0,2048.0,9110.0,88404.0,770.0,4143.0,42496.0,422.0,2063.0,42.0,24.0,16.0,1.0,6.0,0.0
13153,2.9,4.6,96.6,93.1,3.1,1.3,10.2,22.8,8.6,4.2,33.1,1.7,0.4,7.8,40.6,169649.0,36.3,26.0,22.7,32.5,11.1,80698.0,Houston,GA,Georgia,2023.0,Crude prevalence,10.1,87.4,5.9,13.1,5.5,39.7,24.8,17.1,13.1,79.6,13.0,3.3,11.3,13.0,38.0,163633.0,2711.0,6588.0,45694.0,625.0,1495.0,19600.0,295.0,693.0,32.0,16.0,1.0,2.0,0.0,0.0
13155,5.3,9.5,91.2,83.5,2.2,1.3,19.5,23.5,15.0,3.4,29.6,1.6,0.2,7.3,23.9,9285.0,40.3,36.9,24.3,15.2,22.4,51384.0,Irwin,GA,Georgia,2023.0,Crude prevalence,10.7,85.3,9.6,16.2,8.3,40.3,33.4,18.8,17.0,78.9,18.3,4.8,15.2,13.0,3.0,9666.0,121.0,531.0,104.0,74.0,372.0,0.0,70.0,350.0,0.0,3.0,0.0,0.0,0.0,0.0
13157,4.2,7.2,97.5,94.0,2.2,2.8,11.6,31.3,7.6,2.3,20.7,1.7,0.6,5.9,34.9,84757.0,38.1,30.7,21.1,27.8,7.3,89544.0,Jackson,GA,Georgia,2023.0,Crude prevalence,9.7,86.3,6.6,11.6,6.0,33.0,25.6,17.0,13.8,77.1,14.6,3.2,12.9,13.0,17.0,75907.0,656.0,2125.0,19121.0,528.0,1605.0,10702.0,415.0,1179.0,7.0,2.0,1.0,2.0,1.0,2.0
13159,3.1,7.3,88.8,81.2,4.3,1.0,12.9,39.2,9.2,4.3,14.4,2.2,0.4,9.3,33.1,15929.0,41.8,43.2,21.0,19.5,16.0,60134.0,Jasper,GA,Georgia,2023.0,Crude prevalence,10.4,86.1,8.6,14.6,7.5,37.1,30.4,18.2,15.7,78.4,17.3,4.2,13.2,13.0,5.0,14588.0,254.0,696.0,183.0,205.0,559.0,10.0,191.0,519.0,0.0,4.0,0.0,0.0,0.0,0.0
13161,6.1,16.6,90.7,76.6,3.7,2.3,21.9,22.1,14.3,9.2,28.7,1.1,1.1,9.4,31.0,14924.0,39.9,40.8,18.0,13.2,21.8,40283.0,Jeff Davis,GA,Georgia,2023.0,Crude prevalence,10.8,83.1,10.6,16.4,8.5,40.4,35.7,20.1,18.1,76.5,20.6,4.8,18.6,13.0,5.0,14779.0,506.0,940.0,41.0,384.0,723.0,0.0,353.0,660.0,0.0,4.0,0.0,2.0,0.0,2.0
13163,6.4,9.9,93.4,83.7,3.3,2.6,17.0,28.2,19.8,8.1,31.9,0.4,0.1,6.6,27.0,15341.0,40.9,41.4,22.9,13.5,16.9,53014.0,Jefferson,GA,Georgia,2023.0,Crude prevalence,11.5,85.2,10.1,18.5,8.5,41.3,36.7,19.4,17.7,80.3,19.9,5.5,16.8,13.0,4.0,15709.0,467.0,1281.0,151.0,277.0,767.0,0.0,246.0,685.0,0.0,4.0,0.0,1.0,0.0,1.0
13165,8.6,11.2,87.1,77.4,1.7,1.2,14.6,29.8,26.7,6.3,17.8,0.3,0.4,0.0,19.9,8711.0,41.8,42.0,21.2,10.3,22.9,44389.0,Jenkins,GA,Georgia,2023.0,Crude prevalence,11.2,83.0,10.9,18.2,8.7,42.5,37.4,20.4,18.3,78.5,21.9,5.5,18.2,13.0,2.0,8674.0,203.0,686.0,230.0,149.0,566.0,0.0,144.0,554.0,0.0,2.0,0.0,1.0,0.0,1.0
13167,4.6,18.7,89.4,83.0,3.2,1.8,13.8,28.1,9.6,6.8,24.1,1.7,0.3,3.2,57.0,9190.0,43.7,44.0,16.4,8.4,24.2,51028.0,Johnson,GA,Georgia,2023.0,Crude prevalence,10.6,83.8,10.7,18.0,9.3,43.5,35.7,19.2,18.1,78.5,21.5,5.4,17.4,13.0,4.0,9189.0,219.0,804.0,155.0,162.0,588.0,45.0,112.0,461.0,0.0,4.0,0.0,0.0,0.0,0.0
13169,3.0,5.0,94.1,89.5,2.3,5.0,8.6,29.8,9.1,4.5,16.4,3.3,0.1,5.5,37.3,28673.0,41.4,38.7,20.8,19.9,12.1,75500.0,Jones,GA,Georgia,2023.0,Crude prevalence,10.6,87.0,7.9,14.4,7.1,39.8,30.0,17.9,15.2,79.2,15.9,4.2,11.8,13.0,9.0,28347.0,480.0,1599.0,2351.0,346.0,1271.0,1121.0,265.0,967.0,1.0,3.0,1.0,1.0,1.0,1.0
13171,2.8,7.6,93.2,85.2,2.3,3.5,10.7,31.8,9.3,4.3,24.3,0.5,0.0,4.3,24.5,19571.0,39.2,38.4,22.2,19.2,9.6,67062.0,Lamar,GA,Georgia,2023.0,Crude prevalence,10.7,85.6,7.6,13.6,6.8,36.6,28.6,18.5,14.6,78.6,15.5,3.9,12.4,13.0,4.0,18500.0,309.0,961.0,3456.0,249.0,706.0,2385.0,210.0,589.0,2.0,1.0,1.0,1.0,1.0,1.0
13173,4.5,7.5,93.6,86.8,2.0,1.3,17.1,24.7,16.5,7.2,26.8,3.0,0.6,18.0,37.2,10221.0,36.8,43.4,17.9,19.3,26.1,47186.0,Lanier,GA,Georgia,2023.0,Crude prevalence,10.8,83.4,9.7,15.9,7.9,40.9,33.7,19.8,17.1,77.2,19.7,4.6,16.4,13.0,3.0,9877.0,252.0,669.0,173.0,145.0,424.0,3.0,124.0,370.0,0.0,2.0,0.0,1.0,0.0,0.0
13175,2.9,10.2,92.7,86.2,2.9,3.9,12.1,24.6,15.7,6.3,35.7,2.1,0.5,7.7,41.7,49798.0,39.2,38.8,20.8,19.1,22.6,55010.0,Laurens,GA,Georgia,2023.0,Crude prevalence,11.1,85.8,9.4,16.4,8.2,44.0,34.3,18.8,16.4,80.1,18.1,4.9,14.3,13.0,14.0,49570.0,1163.0,3814.0,2042.0,520.0,1632.0,893.0,395.0,1243.0,4.0,7.0,1.0,1.0,1.0,1.0
13177,2.6,5.0,96.0,90.7,2.1,0.6,8.2,23.1,5.6,2.8,25.8,1.1,0.1,7.1,34.5,33626.0,37.7,28.6,18.4,34.1,5.7,89168.0,Lee,GA,Georgia,2023.0,Crude prevalence,10.0,87.6,5.9,11.8,5.5,39.2,23.4,16.7,12.6,78.4,13.1,3.2,10.5,13.0,8.0,33163.0,338.0,1170.0,8760.0,225.0,696.0,4270.0,183.0,489.0,3.0,2.0,0.0,1.0,0.0,1.0
13179,2.1,5.3,96.4,93.3,4.1,2.0,10.8,23.9,13.3,4.5,49.1,2.0,0.2,9.6,39.7,67397.0,29.0,32.1,29.7,20.5,15.3,60456.0,Liberty,GA,Georgia,2023.0,Crude prevalence,10.3,82.2,5.5,11.6,4.8,32.3,27.9,19.4,12.8,76.4,14.3,3.1,15.4,13.0,17.0,65256.0,1074.0,3845.0,15561.0,390.0,1735.0,8087.0,194.0,1024.0,10.0,13.0,6.0,1.0,3.0,0.0
13181,3.6,8.5,81.5,64.5,1.5,0.1,12.3,31.2,33.8,7.1,23.4,2.1,0.0,18.7,39.5,7854.0,48.1,41.8,21.2,15.5,17.0,56907.0,Lincoln,GA,Georgia,2023.0,Crude prevalence,10.7,87.9,10.7,18.2,9.8,38.0,33.1,17.5,17.5,81.3,18.0,5.5,13.1,13.0,2.0,7690.0,213.0,349.0,764.0,170.0,297.0,76.0,151.0,265.0,0.0,2.0,1.0,1.0,0.0,1.0
13183,3.5,11.1,97.8,90.8,3.7,2.3,11.0,29.8,10.2,6.6,34.8,4.0,2.0,8.5,40.1,18374.0,34.0,41.6,21.1,13.3,17.3,68808.0,Long,GA,Georgia,2023.0,Crude prevalence,10.6,83.4,6.7,12.4,5.4,38.4,29.7,19.8,14.5,76.0,17.2,3.3,16.5,13.0,5.0,16168.0,405.0,1123.0,35.0,216.0,811.0,0.0,136.0,616.0,0.0,2.0,0.0,1.0,0.0,1.0
13185,3.6,6.3,95.3,84.7,2.9,1.9,14.3,19.5,10.4,6.5,43.1,2.2,0.5,8.1,45.5,119965.0,31.8,31.1,21.0,27.9,19.2,58541.0,Lowndes,GA,Georgia,2023.0,Crude prevalence,10.7,83.3,7.0,12.9,6.0,38.7,29.1,19.3,14.3,77.8,15.0,3.7,14.2,13.0,29.0,118251.0,3012.0,7456.0,22513.0,679.0,1992.0,12119.0,459.0,1355.0,19.0,15.0,2.0,3.0,0.0,1.0
13187,1.8,8.5,95.1,91.7,3.2,2.2,11.8,28.3,13.8,2.3,23.7,1.5,0.7,3.7,47.8,34505.0,36.5,31.6,19.0,31.6,14.1,77448.0,Lumpkin,GA,Georgia,2023.0,Crude prevalence,10.0,83.6,7.2,11.5,6.5,28.9,24.8,18.3,13.8,76.8,13.5,3.3,11.4,13.0,8.0,33488.0,272.0,1072.0,719.0,232.0,837.0,0.0,176.0,623.0,1.0,3.0,1.0,0.0,0.0,0.0
13189,2.8,10.2,89.8,75.1,1.1,1.7,9.6,22.7,14.3,4.8,35.0,0.9,0.2,11.3,43.6,21718.0,38.9,42.2,17.3,17.8,20.3,56733.0,McDuffie,GA,Georgia,2023.0,Crude prevalence,11.0,86.6,9.2,16.7,8.0,38.9,32.3,18.5,16.3,80.0,17.3,4.9,14.2,13.0,6.0,21632.0,388.0,1389.0,1280.0,278.0,914.0,585.0,235.0,737.0,1.0,3.0,0.0,2.0,0.0,1.0
13191,5.2,11.3,94.3,87.1,1.6,1.5,9.3,37.5,26.0,6.5,20.0,3.1,0.5,4.8,61.8,11312.0,51.8,30.9,24.6,20.0,23.0,50273.0,McIntosh,GA,Georgia,2023.0,Crude prevalence,11.1,87.7,12.3,20.4,11.2,40.7,36.9,17.7,19.0,81.8,19.2,6.4,14.9,13.0,7.0,10975.0,327.0,1107.0,413.0,274.0,892.0,203.0,249.0,758.0,0.0,4.0,0.0,1.0,0.0,1.0
13193,9.0,13.6,85.2,76.5,3.0,3.3,24.7,22.6,19.3,13.7,34.6,2.4,0.3,21.4,33.4,11864.0,40.4,42.5,18.1,11.0,25.1,41031.0,Macon,GA,Georgia,2023.0,Crude prevalence,11.2,83.3,11.3,21.1,9.5,43.8,41.4,19.6,18.9,79.9,22.7,6.3,20.2,13.0,4.0,12082.0,566.0,1121.0,41.0,414.0,857.0,0.0,323.0,667.0,0.0,4.0,0.0,3.0,0.0,3.0
13195,8.4,8.2,91.0,87.4,2.3,2.3,15.6,29.5,10.3,3.3,23.1,1.8,0.6,9.9,43.9,31528.0,39.9,33.3,19.6,21.1,17.2,61963.0,Madison,GA,Georgia,2023.0,Crude prevalence,10.5,85.0,9.5,14.7,8.0,38.1,31.8,18.8,16.6,77.6,18.2,4.3,14.9,13.0,7.0,30120.0,371.0,1372.0,13.0,307.0,1159.0,0.0,244.0,941.0,0.0,2.0,0.0,0.0,0.0,0.0
13197,7.2,14.5,88.3,74.7,2.6,2.3,17.3,32.3,16.3,4.7,21.1,0.7,0.9,7.5,35.1,7509.0,41.9,30.9,22.0,17.7,20.9,51667.0,Marion,GA,Georgia,2023.0,Crude prevalence,10.8,86.6,10.5,18.7,9.4,38.6,34.5,18.0,17.9,80.1,18.5,5.5,16.2,13.0,2.0,7498.0,138.0,637.0,256.0,98.0,482.0,0.0,88.0,440.0,0.0,2.0,0.0,0.0,0.0,0.0
13199,5.1,11.9,90.7,82.1,3.5,2.4,12.4,34.3,14.6,6.4,27.0,2.4,0.1,17.2,31.3,20929.0,43.5,40.8,21.7,14.5,18.9,57340.0,Meriwether,GA,Georgia,2023.0,Crude prevalence,11.0,86.3,9.9,17.6,8.6,41.4,34.8,18.5,17.1,79.8,18.6,5.2,14.7,13.0,7.0,20613.0,534.0,1934.0,18.0,356.0,1263.0,0.0,303.0,1063.0,0.0,7.0,0.0,1.0,0.0,1.0
13201,6.7,9.1,80.7,70.7,2.1,1.5,9.6,24.1,9.9,10.5,29.5,0.5,0.7,10.2,43.6,5850.0,43.6,30.5,16.7,21.3,23.8,51425.0,Miller,GA,Georgia,2023.0,Crude prevalence,11.0,86.8,10.7,17.8,9.6,41.8,34.4,18.2,17.7,80.6,17.8,5.5,14.2,13.0,3.0,6000.0,271.0,453.0,385.0,222.0,286.0,20.0,215.0,260.0,0.0,3.0,0.0,1.0,0.0,1.0
13205,4.9,12.2,90.8,81.2,3.0,1.7,17.9,25.5,13.5,12.1,34.8,1.1,0.4,11.8,39.7,21058.0,40.3,34.7,24.8,14.3,23.4,57613.0,Mitchell,GA,Georgia,2023.0,Crude prevalence,11.2,85.6,9.8,18.4,8.4,45.1,34.9,19.3,17.3,79.9,19.3,5.3,16.0,13.0,7.0,21755.0,942.0,2143.0,3868.0,546.0,1360.0,3314.0,473.0,1181.0,2.0,5.0,2.0,2.0,2.0,2.0
13207,3.2,5.7,95.1,90.4,1.6,1.1,9.4,25.4,8.8,3.6,16.2,1.4,0.7,6.2,22.3,29664.0,41.8,35.0,21.0,27.0,12.3,83183.0,Monroe,GA,Georgia,2023.0,Crude prevalence,10.1,87.5,7.1,13.1,6.7,34.9,25.9,16.8,13.9,79.2,14.2,3.8,11.2,13.0,5.0,27957.0,384.0,627.0,183.0,305.0,520.0,0.0,257.0,441.0,0.0,2.0,0.0,2.0,0.0,2.0
13209,6.6,6.6,90.7,83.6,4.1,3.3,13.7,25.2,17.2,4.8,23.8,2.1,0.0,10.3,39.7,8640.0,40.6,36.5,19.0,19.9,20.6,51941.0,Montgomery,GA,Georgia,2023.0,Crude prevalence,10.5,84.9,8.7,15.4,7.7,39.4,31.5,18.5,15.8,78.7,17.0,4.4,14.6,13.0,3.0,8610.0,150.0,563.0,19.0,111.0,427.0,0.0,90.0,356.0,0.0,2.0,0.0,0.0,0.0,0.0
13211,3.1,5.5,95.3,87.1,1.4,2.1,11.1,28.5,9.0,2.2,21.8,0.6,1.5,4.0,40.0,21078.0,42.4,38.1,15.6,29.7,8.8,78111.0,Morgan,GA,Georgia,2023.0,Crude prevalence,9.9,88.7,6.8,12.9,6.7,31.7,24.9,16.0,13.5,79.4,13.0,3.7,10.6,13.0,6.0,20097.0,178.0,914.0,2578.0,148.0,659.0,1665.0,132.0,548.0,1.0,2.0,0.0,0.0,0.0,0.0
13213,9.0,12.2,92.9,86.8,2.8,1.3,13.8,28.4,6.1,5.2,26.2,2.4,0.5,5.1,38.3,40562.0,39.4,36.0,19.7,15.0,14.4,69253.0,Murray,GA,Georgia,2023.0,Crude prevalence,10.2,84.7,8.4,13.3,7.1,41.5,29.1,18.5,16.0,76.0,17.0,3.7,16.4,13.0,10.0,39973.0,793.0,1878.0,7118.0,615.0,1421.0,2826.0,419.0,908.0,3.0,7.0,2.0,4.0,1.0,3.0
13215,3.6,6.9,94.2,89.2,3.5,2.2,11.1,20.9,11.5,10.9,49.2,1.8,0.5,8.8,41.6,203711.0,35.4,27.3,22.3,30.5,19.0,58073.0,Muscogee,GA,Georgia,2023.0,Crude prevalence,10.9,86.1,7.1,15.0,6.3,40.3,29.8,18.7,14.2,79.3,15.1,4.1,14.2,13.0,59.0,206922.0,8857.0,13700.0,56623.0,996.0,2138.0,27987.0,376.0,873.0,58.0,38.0,10.0,10.0,6.0,5.0
13217,3.1,6.7,97.0,94.2,4.3,2.9,11.3,35.9,5.5,3.4,26.2,0.8,0.4,6.6,49.0,118152.0,36.8,31.8,24.4,25.0,12.3,77179.0,Newton,GA,Georgia,2023.0,Crude prevalence,11.0,86.6,6.6,14.4,5.9,42.4,30.3,18.3,14.1,79.9,14.8,3.8,13.0,13.0,22.0,112483.0,1391.0,5614.0,46636.0,922.0,3568.0,23722.0,512.0,1978.0,14.0,7.0,6.0,6.0,3.0,5.0
13219,1.3,2.4,97.4,94.5,1.9,1.6,6.8,24.7,4.4,0.8,18.7,1.1,0.2,4.1,25.1,43551.0,41.1,14.9,18.3,55.9,6.2,121217.0,Oconee,GA,Georgia,2023.0,Crude prevalence,8.9,90.0,4.8,10.1,5.4,28.8,18.3,13.9,10.9,79.8,9.3,2.7,7.5,13.0,11.0,41799.0,118.0,424.0,10640.0,101.0,362.0,6012.0,63.0,246.0,3.0,0.0,0.0,0.0,0.0,0.0
13221,4.3,7.4,93.0,83.6,1.8,0.6,10.8,32.8,16.9,3.3,16.2,3.0,0.4,18.3,30.9,15509.0,43.2,36.7,18.9,25.3,11.6,75034.0,Oglethorpe,GA,Georgia,2023.0,Crude prevalence,10.1,87.2,8.0,14.1,7.4,36.4,28.3,17.2,15.2,79.0,15.3,4.1,12.8,13.0,6.0,14825.0,181.0,653.0,126.0,161.0,572.0,0.0,146.0,516.0,0.0,0.0,0.0,0.0,0.0,0.0
13223,2.4,5.2,98.5,95.7,3.0,2.2,10.1,39.6,4.9,2.5,19.2,1.5,0.3,10.0,35.7,178909.0,36.9,29.4,24.3,29.5,6.6,98031.0,Paulding,GA,Georgia,2023.0,Crude prevalence,10.1,87.3,5.5,11.6,5.0,38.4,23.0,17.1,12.8,77.7,12.7,2.9,11.5,13.0,33.0,168661.0,1495.0,4821.0,81370.0,858.0,3021.0,47926.0,524.0,2043.0,26.0,9.0,5.0,2.0,4.0,1.0
13225,5.0,6.0,95.0,87.1,4.0,2.5,12.1,24.5,13.5,5.0,30.4,2.5,0.5,6.9,38.3,28560.0,38.5,33.0,19.3,22.8,17.3,71293.0,Peach,GA,Georgia,2023.0,Crude prevalence,10.6,86.3,7.1,14.9,6.6,39.3,29.3,18.0,14.4,79.9,14.3,4.1,13.7,13.0,8.0,27981.0,525.0,1989.0,5037.0,255.0,886.0,1905.0,194.0,584.0,3.0,2.0,0.0,2.0,0.0,1.0
13227,2.9,7.2,96.2,92.1,1.8,1.5,12.0,33.5,13.7,2.8,18.8,2.8,0.4,9.8,44.0,34951.0,46.7,32.4,22.9,26.7,12.0,78930.0,Pickens,GA,Georgia,2023.0,Crude prevalence,10.0,87.7,8.5,13.6,7.9,35.0,26.6,17.1,15.2,79.1,15.1,4.0,11.3,13.0,9.0,33216.0,379.0,1306.0,3296.0,335.0,1043.0,1934.0,263.0,802.0,2.0,4.0,2.0,2.0,2.0,2.0
13229,4.2,7.7,94.8,82.9,1.6,1.7,12.5,26.4,11.0,5.1,23.5,1.4,0.5,22.8,23.1,20202.0,40.2,39.6,19.1,20.2,13.8,60517.0,Pierce,GA,Georgia,2023.0,Crude prevalence,10.5,85.0,9.3,14.3,7.9,36.4,30.6,18.8,16.3,77.4,18.2,4.2,14.0,13.0,6.0,19716.0,390.0,883.0,210.0,287.0,680.0,0.0,247.0,607.0,0.0,3.0,0.0,1.0,0.0,1.0
13231,2.0,8.8,94.4,84.6,2.0,1.5,13.3,35.7,8.9,2.6,15.4,2.0,0.1,8.3,35.2,19903.0,39.9,36.6,21.3,21.5,9.3,86719.0,Pike,GA,Georgia,2023.0,Crude prevalence,10.1,86.8,7.1,11.9,6.3,36.0,25.4,17.6,14.1,77.7,14.9,3.4,10.9,13.0,5.0,18889.0,173.0,350.0,23.0,157.0,322.0,0.0,137.0,285.0,0.0,0.0,0.0,0.0,0.0,0.0
13233,5.3,10.3,93.5,87.4,3.4,4.3,12.0,30.5,8.4,5.0,34.0,2.2,1.2,9.0,45.1,43785.0,38.0,40.7,19.6,15.4,16.4,58515.0,Polk,GA,Georgia,2023.0,Crude prevalence,10.5,84.1,8.9,14.1,7.3,40.4,31.4,19.0,16.3,76.4,17.9,4.1,16.6,13.0,8.0,42853.0,791.0,2743.0,12063.0,409.0,1644.0,7517.0,248.0,1174.0,4.0,5.0,2.0,2.0,2.0,1.0
13235,7.7,7.6,94.6,73.9,1.4,2.7,9.7,25.6,22.0,5.9,29.2,0.8,2.6,1.9,55.1,9939.0,45.2,35.5,26.0,14.5,16.5,50406.0,Pulaski,GA,Georgia,2023.0,Crude prevalence,11.5,86.2,10.2,16.8,8.7,40.8,34.2,19.6,17.6,80.3,18.9,5.1,15.2,13.0,4.0,9855.0,212.0,533.0,72.0,95.0,202.0,0.0,83.0,167.0,0.0,2.0,0.0,0.0,0.0,0.0
13237,4.6,8.8,92.1,86.6,2.0,0.9,10.3,31.1,22.7,4.6,19.1,2.6,1.4,11.0,52.7,22855.0,47.8,27.7,18.5,31.1,17.6,72096.0,Putnam,GA,Georgia,2023.0,Crude prevalence,10.4,88.5,9.5,17.1,9.1,39.4,30.6,16.7,16.3,81.5,15.5,4.9,12.9,13.0,8.0,22047.0,482.0,1151.0,34.0,357.0,791.0,0.0,265.0,616.0,0.0,4.0,0.0,1.0,0.0,1.0
13239,5.0,14.1,67.6,66.5,11.5,0.1,14.8,25.0,39.6,13.1,15.7,1.6,0.9,0.0,0.0,2264.0,58.4,41.1,21.5,12.4,15.7,40179.0,Quitman,GA,Georgia,2023.0,Crude prevalence,11.1,88.9,13.1,23.6,12.1,42.3,39.2,17.3,19.8,83.9,19.3,7.3,15.3,13.0,1.0,2235.0,140.0,242.0,31.0,108.0,186.0,0.0,99.0,172.0,0.0,1.0,0.0,1.0,0.0,1.0
13241,2.9,6.8,95.0,90.8,0.7,1.9,13.9,23.1,37.9,4.5,22.9,1.3,1.0,4.3,43.3,17312.0,50.1,30.2,19.5,31.3,13.1,67493.0,Rabun,GA,Georgia,2023.0,Crude prevalence,9.7,88.9,9.4,15.5,9.3,34.2,28.9,15.6,15.9,80.6,14.6,4.6,12.2,13.0,8.0,16883.0,340.0,550.0,655.0,310.0,480.0,0.0,264.0,404.0,0.0,1.0,0.0,1.0,0.0,1.0
13243,4.8,8.5,82.7,81.5,6.1,1.1,8.0,24.8,23.5,25.0,48.5,1.5,0.0,6.1,43.4,6196.0,34.9,34.7,25.1,16.4,30.0,28380.0,Randolph,GA,Georgia,2023.0,Crude prevalence,12.0,86.8,13.7,24.9,12.0,45.6,42.6,19.2,20.6,83.5,21.1,7.9,16.8,13.0,2.0,6425.0,671.0,1059.0,210.0,385.0,632.0,6.0,329.0,539.0,0.0,2.0,0.0,1.0,0.0,1.0
13245,3.2,8.9,94.7,87.6,5.0,3.2,11.8,21.4,17.7,9.9,48.8,1.4,0.3,10.1,45.5,206069.0,35.2,31.1,22.5,24.5,20.0,55637.0,Richmond,GA,Georgia,2023.0,Crude prevalence,11.5,85.0,7.5,16.7,6.6,36.6,30.5,19.4,14.8,79.8,16.2,4.4,14.5,13.0,56.0,206607.0,7558.0,16177.0,49405.0,1077.0,3377.0,12184.0,231.0,1010.0,51.0,39.0,11.0,13.0,2.0,4.0
13247,3.4,5.3,97.2,93.2,3.8,2.2,13.1,33.7,4.9,3.2,30.4,2.0,1.3,8.2,45.0,95281.0,39.3,27.1,23.3,32.4,10.8,77247.0,Rockdale,GA,Georgia,2023.0,Crude prevalence,11.1,87.9,6.8,17.0,6.5,39.0,30.2,17.1,14.3,80.9,14.1,4.4,13.6,13.0,24.0,93570.0,1089.0,4187.0,38650.0,540.0,1906.0,17076.0,240.0,889.0,19.0,13.0,9.0,1.0,5.0,0.0
13249,2.7,10.9,92.8,84.7,4.3,2.1,10.1,29.3,13.1,5.8,20.0,1.1,0.7,8.2,44.2,4513.0,41.5,30.4,19.4,22.2,13.9,56875.0,Schley,GA,Georgia,2023.0,Crude prevalence,10.5,87.0,8.5,15.1,7.8,37.4,29.5,17.7,15.8,79.0,16.0,4.4,12.8,13.0,2.0,4547.0,95.0,253.0,86.0,72.0,202.0,0.0,63.0,181.0,0.0,2.0,0.0,0.0,0.0,0.0
13251,3.1,10.7,91.5,85.5,2.5,0.7,12.9,30.7,24.9,6.4,30.2,1.1,0.0,2.5,28.5,14130.0,42.8,41.8,21.4,14.7,17.2,52792.0,Screven,GA,Georgia,2023.0,Crude prevalence,11.0,86.7,9.7,17.8,8.5,40.0,33.1,18.5,17.1,80.6,18.2,5.2,14.3,13.0,6.0,14067.0,318.0,674.0,222.0,244.0,534.0,6.0,208.0,474.0,0.0,5.0,0.0,1.0,0.0,1.0
13253,3.9,7.8,84.3,68.9,2.8,1.2,14.8,24.1,25.9,10.5,19.8,0.6,1.0,9.7,18.2,9156.0,46.0,41.0,23.1,13.4,20.1,49495.0,Seminole,GA,Georgia,2023.0,Crude prevalence,10.8,87.9,10.2,18.0,9.5,39.4,33.3,17.4,17.1,81.4,17.0,5.4,13.3,13.0,3.0,9147.0,395.0,802.0,21.0,346.0,490.0,0.0,325.0,376.0,0.0,2.0,0.0,2.0,0.0,2.0
13255,3.4,11.1,93.7,88.3,4.1,2.2,13.3,25.7,7.8,6.2,37.3,1.6,0.6,6.8,46.8,68892.0,39.5,39.7,17.8,18.5,18.9,62071.0,Spalding,GA,Georgia,2023.0,Crude prevalence,10.8,86.0,8.8,16.0,7.7,39.7,31.2,18.3,15.8,79.0,17.0,4.6,15.0,13.0,17.0,67306.0,1647.0,4900.0,11794.0,641.0,2017.0,6756.0,422.0,1385.0,9.0,12.0,4.0,2.0,3.0,1.0
13257,7.3,7.6,95.2,86.4,3.1,1.9,14.6,23.8,14.8,5.3,26.4,1.4,0.2,9.6,34.3,27012.0,40.8,40.5,23.7,15.1,15.8,54754.0,Stephens,GA,Georgia,2023.0,Crude prevalence,10.5,85.4,9.6,14.9,8.3,38.5,30.8,18.7,16.5,78.1,17.8,4.5,13.7,13.0,8.0,26784.0,558.0,1528.0,5275.0,275.0,755.0,2714.0,181.0,442.0,4.0,4.0,3.0,1.0,1.0,1.0
13259,5.4,14.6,80.2,67.7,2.0,0.3,22.6,25.8,15.9,18.4,41.1,0.0,0.0,40.7,25.6,4869.0,42.8,48.8,13.1,12.7,26.4,33250.0,Stewart,GA,Georgia,2023.0,Crude prevalence,10.0,80.0,9.3,17.9,7.9,41.6,39.2,18.8,17.4,75.1,20.7,5.2,28.1,13.0,2.0,5314.0,326.0,597.0,210.0,210.0,373.0,17.0,189.0,327.0,0.0,2.0,0.0,2.0,0.0,1.0
13261,5.4,9.8,92.5,84.7,2.7,3.0,14.0,19.9,18.7,11.6,43.4,1.7,0.9,13.9,35.6,29061.0,37.9,36.1,17.8,21.4,23.7,42653.0,Sumter,GA,Georgia,2023.0,Crude prevalence,11.3,84.9,8.6,16.7,7.7,39.5,32.9,19.1,15.8,80.0,16.4,4.8,14.9,13.0,8.0,29616.0,1279.0,2406.0,1723.0,590.0,1193.0,831.0,441.0,942.0,2.0,7.0,1.0,3.0,1.0,2.0
13263,4.6,13.0,82.3,74.8,1.5,1.5,11.8,42.9,17.3,9.6,20.4,4.0,0.0,9.6,46.5,5742.0,51.0,43.3,17.6,12.1,25.2,41597.0,Talbot,GA,Georgia,2023.0,Crude prevalence,11.3,88.4,11.3,22.1,10.4,43.1,37.7,17.6,18.6,82.8,18.7,6.6,15.1,13.0,3.0,5733.0,244.0,585.0,150.0,204.0,493.0,0.0,172.0,406.0,0.0,3.0,0.0,1.0,0.0,0.0
13265,5.6,7.1,81.0,70.1,2.5,3.6,10.6,32.8,36.6,5.8,17.9,3.4,0.3,15.9,36.5,1558.0,47.1,45.5,27.2,12.0,20.4,52500.0,Taliaferro,GA,Georgia,2023.0,Crude prevalence,10.9,88.5,10.8,21.7,10.4,41.7,37.6,17.0,18.1,82.8,18.1,6.6,15.8,13.0,1.0,1559.0,34.0,152.0,55.0,31.0,138.0,0.0,27.0,122.0,0.0,1.0,0.0,0.0,0.0,0.0
13267,6.3,10.9,89.7,83.3,3.1,3.5,13.9,28.1,18.9,6.3,29.0,2.7,0.5,12.5,27.5,24208.0,37.7,41.5,18.0,15.4,23.4,50747.0,Tattnall,GA,Georgia,2023.0,Crude prevalence,10.4,82.4,9.5,16.0,7.9,40.7,34.9,19.5,17.0,76.9,20.2,4.6,18.7,13.0,7.0,22842.0,481.0,1694.0,2.0,279.0,1291.0,0.0,225.0,1160.0,0.0,7.0,0.0,1.0,0.0,1.0
13269,6.1,14.4,88.5,76.3,1.2,2.5,10.3,32.7,19.3,15.5,37.1,2.5,0.2,8.3,46.5,7786.0,44.0,41.8,13.7,17.5,32.1,41788.0,Taylor,GA,Georgia,2023.0,Crude prevalence,11.5,85.1,12.6,20.2,10.3,42.4,38.3,19.6,19.6,80.2,21.7,6.3,16.9,13.0,4.0,7816.0,494.0,1085.0,329.0,334.0,807.0,0.0,294.0,740.0,0.0,4.0,0.0,2.0,0.0,1.0
13271,10.0,12.1,85.2,79.3,1.9,3.6,20.7,27.2,28.8,14.1,35.1,4.4,3.0,2.8,45.0,11831.0,43.2,42.0,18.6,10.1,24.1,50929.0,Telfair,GA,Georgia,2023.0,Crude prevalence,10.7,83.0,12.0,20.5,10.1,43.0,40.6,19.7,19.7,77.9,22.7,6.1,22.8,13.0,5.0,12477.0,474.0,935.0,224.0,291.0,581.0,0.0,261.0,518.0,0.0,5.0,0.0,1.0,0.0,1.0
13273,7.4,12.6,87.6,83.4,2.1,1.2,14.5,22.6,20.4,11.8,38.4,1.8,0.1,8.1,45.3,8850.0,42.3,34.9,27.0,13.1,33.3,46171.0,Terrell,GA,Georgia,2023.0,Crude prevalence,11.9,85.6,11.6,21.2,9.9,43.6,39.7,19.5,19.0,81.3,21.1,6.4,17.6,13.0,4.0,9185.0,399.0,825.0,36.0,157.0,385.0,0.0,135.0,327.0,0.0,2.0,0.0,1.0,0.0,0.0
13275,3.0,7.9,92.5,87.4,3.5,1.7,11.8,20.1,11.6,5.9,36.2,1.1,0.7,8.0,42.2,45777.0,39.8,32.2,20.5,22.7,17.9,60736.0,Thomas,GA,Georgia,2023.0,Crude prevalence,10.7,87.2,8.5,16.0,7.8,39.2,29.1,17.4,15.4,80.7,15.9,4.6,12.8,13.0,14.0,45798.0,1096.0,3820.0,8374.0,445.0,2067.0,3919.0,292.0,1519.0,6.0,5.0,0.0,2.0,0.0,1.0
13277,4.9,8.5,89.0,78.3,1.6,1.1,14.5,21.6,11.9,7.3,39.0,1.4,1.0,11.7,31.7,41438.0,37.6,33.2,17.2,21.0,20.8,53255.0,Tift,GA,Georgia,2023.0,Crude prevalence,10.7,84.9,8.6,15.8,7.4,39.4,33.0,19.1,16.2,78.6,17.5,4.4,16.1,13.0,12.0,41344.0,1148.0,2763.0,1411.0,300.0,974.0,526.0,195.0,759.0,5.0,7.0,0.0,2.0,0.0,0.0
13279,6.4,9.1,93.0,83.2,2.5,2.9,16.0,21.2,14.0,10.4,39.5,2.7,1.1,10.0,32.7,27102.0,37.3,35.8,21.0,18.4,22.5,52621.0,Toombs,GA,Georgia,2023.0,Crude prevalence,10.8,84.7,9.1,15.5,7.7,40.6,32.9,19.0,16.6,78.4,17.5,4.5,16.6,13.0,9.0,27030.0,1082.0,2337.0,5994.0,723.0,1549.0,3461.0,591.0,1306.0,4.0,7.0,3.0,3.0,3.0,3.0
13281,1.8,5.8,93.2,89.1,1.9,1.5,11.5,23.7,32.7,3.7,17.7,1.1,0.2,7.6,50.4,12913.0,57.4,27.7,22.7,31.0,13.3,59135.0,Towns,GA,Georgia,2023.0,Crude prevalence,9.6,90.1,9.7,15.9,10.1,31.9,27.5,14.7,15.9,82.6,12.8,4.9,9.8,13.0,4.0,12493.0,222.0,445.0,71.0,160.0,350.0,0.0,95.0,239.0,0.0,1.0,0.0,0.0,0.0,0.0
13283,7.5,18.0,83.7,76.3,4.1,0.7,12.8,30.0,16.8,5.4,34.7,0.3,0.0,4.6,26.3,6376.0,40.8,44.5,10.0,11.9,13.8,55518.0,Treutlen,GA,Georgia,2023.0,Crude prevalence,11.3,82.2,11.9,18.3,9.2,41.2,37.8,20.8,19.2,77.9,22.5,5.5,18.5,13.0,2.0,6406.0,123.0,504.0,59.0,70.0,301.0,0.0,61.0,264.0,0.0,1.0,0.0,0.0,0.0,0.0
13285,2.8,8.1,93.2,88.5,3.3,1.7,9.5,23.1,9.7,9.4,39.4,2.0,0.5,10.6,45.7,70330.0,37.0,35.1,20.4,23.8,16.9,56776.0,Troup,GA,Georgia,2023.0,Crude prevalence,10.8,85.9,8.2,15.0,7.1,36.0,32.0,18.8,15.5,78.8,16.9,4.3,13.8,13.0,18.0,69426.0,2533.0,5189.0,10265.0,877.0,2104.0,5269.0,563.0,1339.0,7.0,9.0,3.0,5.0,1.0,4.0
13287,6.5,16.9,85.6,72.6,6.6,1.6,13.2,24.5,16.1,7.9,36.2,0.0,0.5,8.1,28.6,8939.0,36.6,34.9,21.5,9.8,20.3,36799.0,Turner,GA,Georgia,2023.0,Crude prevalence,11.4,84.6,11.1,18.5,9.2,44.4,37.8,19.9,18.4,79.6,20.2,5.6,17.0,13.0,3.0,9006.0,261.0,1071.0,741.0,124.0,534.0,464.0,93.0,409.0,1.0,2.0,1.0,0.0,0.0,0.0
13289,4.7,17.1,90.2,76.2,1.7,3.3,14.6,27.9,28.8,8.1,11.8,1.4,0.8,15.5,35.5,7803.0,48.1,43.3,17.8,10.5,18.2,56324.0,Twiggs,GA,Georgia,2023.0,Crude prevalence,11.0,87.6,10.3,18.6,9.3,39.7,33.9,18.1,17.7,81.2,18.4,5.7,14.6,13.0,3.0,8022.0,234.0,631.0,29.0,198.0,572.0,0.0,174.0,521.0,0.0,2.0,0.0,1.0,0.0,1.0
13291,3.2,8.5,93.6,90.8,1.2,1.8,13.7,21.8,24.2,5.4,15.6,3.5,0.8,8.1,31.9,26304.0,55.9,32.5,19.1,26.9,10.9,66176.0,Union,GA,Georgia,2023.0,Crude prevalence,9.6,90.0,9.9,15.7,9.9,34.5,28.4,15.1,16.3,81.8,14.2,4.8,10.7,13.0,8.0,24632.0,623.0,852.0,20.0,535.0,741.0,0.0,455.0,637.0,0.0,0.0,0.0,2.0,0.0,1.0
13293,3.5,10.8,90.1,84.5,2.1,2.0,12.4,26.3,14.8,11.7,39.0,0.5,0.3,4.2,46.8,28029.0,41.1,39.5,20.6,15.5,19.3,55429.0,Upson,GA,Georgia,2023.0,Crude prevalence,10.9,85.8,9.5,16.3,8.1,39.2,32.8,19.0,16.8,78.7,18.8,4.7,14.1,13.0,8.0,27700.0,1241.0,2400.0,3692.0,513.0,1048.0,1550.0,297.0,640.0,3.0,4.0,2.0,3.0,1.0,3.0
13295,4.4,8.6,94.1,88.3,2.3,1.9,12.6,29.4,11.2,3.7,22.8,1.3,0.3,10.1,36.9,68762.0,42.1,35.7,22.3,21.3,13.3,59469.0,Walker,GA,Georgia,2023.0,Crude prevalence,10.2,86.1,8.8,13.5,7.7,38.0,29.9,18.0,15.8,78.0,16.7,4.0,12.7,13.0,18.0,67654.0,965.0,3154.0,12727.0,352.0,1653.0,3964.0,153.0,1001.0,9.0,9.0,5.0,0.0,3.0,0.0
13297,3.6,8.7,96.0,91.2,3.4,2.1,10.7,34.4,4.6,2.7,20.7,2.4,0.4,7.0,45.2,103313.0,40.0,32.9,21.3,24.5,11.9,84945.0,Walton,GA,Georgia,2023.0,Crude prevalence,10.3,86.6,7.3,13.0,6.6,38.3,28.0,17.3,14.3,78.0,14.9,3.7,12.9,13.0,20.0,96673.0,964.0,4106.0,17091.0,601.0,2411.0,9473.0,408.0,1566.0,7.0,4.0,2.0,1.0,1.0,1.0
13299,5.6,11.5,92.9,77.9,2.9,1.8,16.8,20.6,18.7,16.0,36.9,1.1,0.7,12.0,40.3,35976.0,37.9,41.6,20.4,14.4,21.5,47448.0,Ware,GA,Georgia,2023.0,Crude prevalence,10.9,84.1,10.0,16.8,8.4,41.3,36.6,19.8,17.7,78.8,19.6,4.9,16.4,13.0,10.0,36251.0,2069.0,2835.0,3956.0,608.0,846.0,1554.0,363.0,541.0,6.0,8.0,1.0,4.0,0.0,4.0
13301,5.6,17.9,82.9,63.2,5.5,3.8,7.7,28.1,19.3,7.6,27.8,1.0,0.6,13.5,34.4,5170.0,44.3,36.8,18.1,12.3,21.4,44289.0,Warren,GA,Georgia,2023.0,Crude prevalence,11.4,87.4,10.5,20.2,9.4,43.5,37.0,18.2,17.7,81.7,18.6,6.1,15.3,13.0,2.0,5215.0,159.0,468.0,109.0,90.0,298.0,0.0,75.0,264.0,0.0,2.0,0.0,0.0,0.0,0.0
13303,5.4,10.4,89.5,83.0,4.2,2.1,13.5,23.3,16.4,6.8,35.5,2.1,1.0,7.5,48.8,19849.0,40.3,43.8,16.6,16.9,17.2,46023.0,Washington,GA,Georgia,2023.0,Crude prevalence,11.1,85.5,9.7,18.7,8.3,43.1,34.9,18.8,17.1,80.3,19.3,5.4,15.7,13.0,5.0,19988.0,495.0,2157.0,843.0,326.0,1422.0,1.0,271.0,1147.0,0.0,5.0,0.0,2.0,0.0,1.0
13305,3.6,9.7,93.1,84.3,3.7,1.5,20.0,28.0,12.9,10.2,32.7,1.8,0.7,4.2,38.7,30949.0,38.3,41.5,20.1,16.2,21.3,53427.0,Wayne,GA,Georgia,2023.0,Crude prevalence,10.8,83.8,10.0,15.8,8.0,43.3,33.5,19.7,17.3,77.9,20.0,4.6,16.3,13.0,7.0,30144.0,1127.0,2235.0,6482.0,670.0,1338.0,4276.0,510.0,975.0,3.0,6.0,2.0,4.0,2.0,3.0
13307,3.7,7.5,83.4,72.4,2.4,4.7,21.5,33.8,26.2,7.7,23.0,0.0,0.0,0.0,28.1,2381.0,42.9,47.1,23.1,8.9,22.3,46792.0,Webster,GA,Georgia,2023.0,Crude prevalence,11.2,87.7,11.4,21.0,10.7,42.2,36.4,17.9,18.5,82.2,18.5,6.4,14.6,13.0,2.0,2348.0,65.0,242.0,42.0,53.0,209.0,0.0,48.0,192.0,0.0,2.0,0.0,0.0,0.0,0.0
13309,3.9,17.0,90.9,83.5,2.0,1.0,23.6,25.5,33.7,9.3,34.4,3.0,0.1,7.0,33.6,7335.0,32.0,44.4,15.1,10.0,32.7,40539.0,Wheeler,GA,Georgia,2023.0,Crude prevalence,10.0,81.7,9.6,16.0,8.1,41.3,35.5,19.2,16.8,76.6,21.0,4.8,19.2,13.0,2.0,7471.0,150.0,380.0,46.0,126.0,316.0,0.0,76.0,206.0,0.0,2.0,0.0,0.0,0.0,0.0
13311,5.3,10.0,96.1,89.4,2.1,0.9,11.6,30.4,23.1,2.6,21.2,1.3,1.3,10.7,32.4,28810.0,45.6,30.6,22.3,24.0,12.4,70666.0,White,GA,Georgia,2023.0,Crude prevalence,9.9,87.3,8.4,13.2,7.9,35.0,26.3,16.7,15.0,78.5,14.7,4.0,11.5,13.0,9.0,28003.0,282.0,1045.0,9.0,221.0,885.0,0.0,192.0,757.0,0.0,4.0,0.0,0.0,0.0,0.0
13313,13.2,11.2,93.8,88.3,3.3,1.7,18.1,21.8,7.5,6.1,33.0,3.0,1.0,7.2,36.3,103598.0,36.6,31.2,18.0,20.2,14.8,67070.0,Whitfield,GA,Georgia,2023.0,Crude prevalence,9.6,84.3,7.5,14.1,6.9,37.9,31.9,17.7,15.8,76.4,15.6,3.7,22.1,13.0,22.0,102864.0,2229.0,4110.0,14437.0,804.0,1715.0,5329.0,413.0,844.0,10.0,13.0,3.0,4.0,2.0,3.0
13315,6.1,14.7,89.9,76.9,2.1,4.3,13.7,35.0,24.5,9.1,25.3,0.8,0.2,6.9,41.7,8798.0,41.5,37.6,20.0,15.4,21.9,54138.0,Wilcox,GA,Georgia,2023.0,Crude prevalence,10.2,83.7,10.3,17.4,9.1,42.6,35.0,18.5,17.3,78.3,20.2,5.3,17.8,13.0,4.0,8766.0,239.0,527.0,21.0,167.0,374.0,0.0,131.0,301.0,0.0,4.0,0.0,0.0,0.0,0.0
13317,6.7,10.9,83.6,67.1,0.7,2.7,15.3,32.6,21.3,6.2,33.9,0.2,0.9,4.9,36.6,9549.0,46.0,41.2,19.0,16.9,17.8,52043.0,Wilkes,GA,Georgia,2023.0,Crude prevalence,10.8,87.3,10.2,18.9,9.3,40.6,35.4,17.6,17.5,81.2,17.8,5.6,15.1,13.0,4.0,9565.0,255.0,726.0,87.0,155.0,474.0,0.0,127.0,398.0,0.0,4.0,0.0,1.0,0.0,1.0
13319,4.4,7.2,92.0,78.5,2.5,1.0,10.0,26.9,19.3,6.6,19.5,0.9,0.2,1.4,39.1,8747.0,42.5,46.1,21.7,12.3,21.6,45465.0,Wilkinson,GA,Georgia,2023.0,Crude prevalence,10.9,86.6,9.7,17.7,8.5,41.0,34.0,18.4,16.9,80.4,18.0,5.2,13.9,13.0,3.0,8877.0,229.0,530.0,104.0,160.0,363.0,0.0,131.0,294.0,0.0,2.0,0.0,1.0,0.0,1.0
13321,3.4,11.1,91.4,74.5,3.8,0.9,12.5,28.4,17.0,6.5,26.3,1.7,0.3,9.1,41.2,20451.0,42.4,43.3,19.9,11.7,24.0,58694.0,Worth,GA,Georgia,2023.0,Crude prevalence,10.9,86.1,10.1,16.9,8.6,38.9,33.9,19.0,17.4,79.5,18.9,5.0,14.2,13.0,6.0,20784.0,500.0,1659.0,338.0,339.0,1204.0,0.0,288.0,1034.0,0.0,5.0,0.0,1.0,0.0,1.0
15001,2.2,4.7,95.5,91.1,3.4,4.7,4.5,27.4,18.4,4.8,26.0,5.0,3.4,11.3,40.3,205769.0,44.3,29.5,20.4,31.4,14.9,78639.0,Hawaii,HI,Hawaii,2023.0,Crude prevalence,11.0,82.2,7.1,12.5,7.6,27.2,22.3,15.6,14.8,75.5,14.5,4.4,6.6,15.0,43.0,200629.0,3567.0,13197.0,37166.0,1918.0,8922.0,18922.0,1470.0,7168.0,16.0,23.0,8.0,7.0,4.0,4.0
15003,3.1,3.7,96.4,92.4,2.8,4.1,3.3,26.7,9.5,9.7,40.2,4.9,4.0,10.4,47.2,1001146.0,39.8,25.1,18.8,38.5,9.2,106195.0,Honolulu,HI,Hawaii,2023.0,Crude prevalence,9.5,82.7,4.7,12.4,5.8,25.3,23.7,14.2,11.6,78.3,9.8,3.5,5.2,15.0,329.0,1016508.0,32791.0,34575.0,286188.0,4300.0,7757.0,144116.0,2013.0,3730.0,309.0,92.0,28.0,19.0,15.0,9.0
15005,9.0,10.4,100.0,90.0,0.0,7.5,4.5,16.8,62.6,15.0,100.0,0.0,0.0,4.2,16.7,67.0,39.5,31.3,23.9,22.4,22.7,73750.0,Kalawao,HI,Hawaii,2023.0,Crude prevalence,10.2,86.4,9.8,22.1,12.8,38.5,29.8,13.6,18.1,78.5,16.6,7.3,10.9,15.0,1.0,82.0,6.0,3.0,82.0,6.0,3.0,0.0,6.0,3.0,0.0,1.0,1.0,0.0,0.0,0.0
15007,3.1,3.9,97.0,94.3,2.5,4.6,4.0,22.4,22.4,4.0,31.4,4.1,2.6,10.1,41.9,73731.0,43.1,29.2,22.2,30.1,9.1,97668.0,Kauai,HI,Hawaii,2023.0,Crude prevalence,10.0,83.1,6.0,12.0,6.8,23.9,21.2,14.6,13.0,75.3,12.0,3.9,6.3,15.0,18.0,73298.0,937.0,2680.0,12612.0,317.0,1003.0,4980.0,131.0,493.0,7.0,1.0,1.0,0.0,0.0,0.0
15009,2.8,4.0,95.8,90.2,3.5,4.4,4.1,23.0,22.7,5.4,34.4,6.2,3.9,10.1,45.8,164522.0,43.2,30.2,22.1,31.0,9.2,97161.0,Maui,HI,Hawaii,2023.0,Crude prevalence,10.3,83.9,5.9,12.2,6.6,26.2,20.5,14.9,12.8,74.2,13.2,3.8,6.3,15.0,45.0,164754.0,3029.0,5781.0,39541.0,1026.0,2502.0,16664.0,518.0,1491.0,29.0,12.0,5.0,5.0,3.0,2.0
16001,1.8,3.1,98.0,94.7,2.1,2.8,6.4,21.2,4.2,3.8,29.2,1.4,0.5,10.5,38.5,518935.0,38.4,20.1,22.2,44.6,8.3,91502.0,Ada,ID,Idaho,2023.0,Crude prevalence,10.3,83.1,5.3,9.0,5.4,29.0,18.4,15.2,12.2,76.4,10.4,2.8,8.5,16.0,129.0,494967.0,7664.0,10389.0,99378.0,1428.0,1670.0,39785.0,626.0,713.0,119.0,21.0,2.0,6.0,1.0,2.0
16003,0.8,6.3,91.7,76.8,3.5,0.2,11.9,19.7,33.6,2.0,15.3,0.7,0.1,13.9,42.4,4744.0,53.9,38.5,25.8,21.6,17.9,61808.0,Adams,ID,Idaho,2023.0,Crude prevalence,10.8,84.9,10.0,13.9,9.6,34.2,28.0,14.8,16.2,77.6,14.3,4.9,9.8,16.0,2.0,4379.0,36.0,82.0,555.0,29.0,67.0,225.0,26.0,60.0,0.0,2.0,0.0,0.0,0.0,0.0
16005,1.4,4.8,95.6,88.7,2.7,3.9,6.5,17.6,7.1,5.0,30.5,1.7,0.3,6.5,41.7,89454.0,35.2,26.7,26.1,30.6,12.3,66499.0,Bannock,ID,Idaho,2023.0,Crude prevalence,11.2,79.0,6.6,9.7,5.9,33.0,21.8,17.0,14.1,74.2,12.9,3.1,10.1,16.0,24.0,87018.0,1671.0,4916.0,26930.0,472.0,1383.0,12282.0,217.0,589.0,18.0,10.0,1.0,1.0,1.0,0.0
16007,1.2,6.4,95.3,89.6,1.5,2.0,6.9,30.0,43.3,1.7,10.5,0.7,0.2,30.7,23.9,6650.0,40.5,33.5,26.4,21.6,7.0,75260.0,Bear Lake,ID,Idaho,2023.0,Crude prevalence,10.9,81.9,8.1,11.6,7.6,31.0,24.7,15.9,14.9,74.9,13.3,3.9,9.4,16.0,2.0,6372.0,39.0,107.0,1606.0,26.0,57.0,1140.0,26.0,54.0,0.0,0.0,0.0,0.0,0.0,0.0
16009,2.4,9.9,92.4,84.4,2.0,2.5,14.3,23.8,14.4,3.0,26.8,3.0,1.5,14.5,35.0,10142.0,45.5,33.6,24.2,19.7,12.9,59794.0,Benewah,ID,Idaho,2023.0,Crude prevalence,11.6,81.4,10.2,13.5,9.1,36.3,29.5,16.6,16.9,75.2,16.8,4.8,11.3,16.0,2.0,9530.0,121.0,432.0,1247.0,92.0,311.0,240.0,85.0,280.0,0.0,0.0,0.0,0.0,0.0,0.0
16011,5.8,5.3,95.2,89.4,3.4,3.0,8.9,22.2,8.0,4.5,19.5,2.5,0.4,6.6,33.3,49664.0,35.0,30.5,26.0,21.8,11.7,77878.0,Bingham,ID,Idaho,2023.0,Crude prevalence,11.0,79.2,7.1,11.2,6.5,39.0,24.4,17.1,14.6,73.6,14.0,3.4,12.4,16.0,10.0,47992.0,725.0,1665.0,1697.0,425.0,1021.0,973.0,339.0,871.0,1.0,2.0,1.0,1.0,1.0,1.0
16013,5.7,2.8,98.5,95.8,1.4,0.8,9.0,18.7,34.9,1.3,26.5,2.8,0.5,9.2,21.3,24951.0,45.6,17.4,19.5,48.0,6.6,92566.0,Blaine,ID,Idaho,2023.0,Crude prevalence,9.9,85.4,6.1,10.2,6.6,23.1,20.2,13.1,12.7,76.3,9.6,3.3,10.5,16.0,8.0,24272.0,137.0,425.0,7180.0,90.0,301.0,5582.0,81.0,271.0,4.0,2.0,0.0,0.0,0.0,0.0
16015,0.8,3.3,95.4,90.0,1.8,1.2,9.3,38.0,36.8,2.6,9.7,1.2,0.3,4.7,25.0,8273.0,53.4,27.5,26.0,31.2,7.7,78774.0,Boise,ID,Idaho,2023.0,Crude prevalence,10.5,86.6,7.7,12.1,8.1,31.9,22.6,13.6,14.3,78.1,11.7,4.0,7.7,16.0,3.0,7610.0,93.0,243.0,2371.0,86.0,191.0,532.0,81.0,167.0,0.0,1.0,0.0,0.0,0.0,0.0
16017,2.1,5.6,95.5,90.4,2.5,2.3,11.1,24.2,24.5,4.8,21.7,2.6,2.4,13.9,31.3,51049.0,48.1,29.8,25.7,28.6,11.1,66979.0,Bonner,ID,Idaho,2023.0,Crude prevalence,10.7,84.5,8.4,11.8,8.4,32.2,23.3,14.5,14.7,75.6,12.9,4.2,8.8,16.0,16.0,47110.0,983.0,1302.0,8732.0,754.0,949.0,3774.0,664.0,801.0,3.0,5.0,1.0,3.0,0.0,3.0
16019,2.9,5.2,96.3,92.9,3.0,3.4,8.4,20.8,7.0,3.1,28.3,2.4,0.8,6.2,33.2,129523.0,33.6,23.6,24.0,33.1,9.8,79068.0,Bonneville,ID,Idaho,2023.0,Crude prevalence,10.6,81.0,6.0,9.4,5.6,33.3,21.4,16.5,12.5,74.6,11.4,3.0,10.7,16.0,24.0,123964.0,1362.0,4007.0,19233.0,253.0,798.0,7778.0,136.0,415.0,18.0,6.0,0.0,2.0,0.0,0.0
16021,6.7,7.2,95.3,90.8,1.3,4.3,14.0,18.2,10.1,2.1,24.7,1.3,0.3,9.4,26.8,13172.0,43.7,30.5,22.8,24.0,13.6,67237.0,Boundary,ID,Idaho,2023.0,Crude prevalence,11.2,82.1,9.3,12.6,8.5,33.3,26.0,15.8,16.2,75.4,14.7,4.4,11.2,16.0,2.0,12056.0,106.0,543.0,1174.0,93.0,457.0,851.0,82.0,400.0,0.0,1.0,0.0,0.0,0.0,0.0
16023,3.6,7.3,92.6,89.2,2.4,2.3,7.8,22.0,19.7,5.7,22.5,0.7,0.0,13.2,30.8,2684.0,41.3,29.4,21.5,17.5,19.3,53015.0,Butte,ID,Idaho,2023.0,Crude prevalence,11.5,81.0,11.8,15.2,10.5,35.5,29.8,17.2,18.4,75.5,17.3,5.4,13.1,16.0,1.0,2574.0,61.0,117.0,1433.0,52.0,99.0,1406.0,50.0,95.0,0.0,0.0,0.0,0.0,0.0,0.0
16025,9.6,3.4,94.9,93.0,0.0,0.0,11.9,42.7,47.4,4.1,20.0,7.0,0.0,15.6,37.5,1124.0,36.8,22.5,23.4,34.4,5.9,57955.0,Camas,ID,Idaho,2023.0,Crude prevalence,10.5,84.8,7.8,11.8,7.9,29.7,23.3,14.4,14.4,76.3,12.4,4.0,10.0,16.0,1.0,1077.0,15.0,1.0,1077.0,15.0,1.0,1077.0,15.0,1.0,0.0,0.0,0.0,0.0,0.0,0.0
16027,5.3,7.0,96.8,93.4,2.4,3.4,12.3,25.3,3.4,3.4,24.5,3.7,0.7,12.5,36.1,250790.0,34.9,30.4,24.7,23.2,10.5,76488.0,Canyon,ID,Idaho,2023.0,Crude prevalence,10.8,80.5,6.6,11.2,5.9,35.3,25.1,16.6,14.2,72.4,12.4,3.2,13.6,16.0,54.0,231105.0,2952.0,7423.0,64299.0,1024.0,2496.0,28502.0,575.0,1583.0,41.0,19.0,5.0,4.0,1.0,2.0
16029,2.3,6.7,97.3,93.6,1.2,1.6,7.8,21.1,21.6,2.3,18.4,0.9,0.0,1.0,38.8,7162.0,38.5,35.0,29.4,16.8,9.2,68782.0,Caribou,ID,Idaho,2023.0,Crude prevalence,10.7,81.1,7.3,10.5,6.8,34.8,24.0,16.4,14.2,73.6,13.6,3.6,9.9,16.0,2.0,7027.0,57.0,190.0,1482.0,42.0,139.0,782.0,37.0,125.0,0.0,0.0,0.0,0.0,0.0,0.0
16031,6.6,8.1,93.3,88.1,1.5,3.7,11.7,17.9,6.6,4.6,31.4,4.9,0.8,8.5,34.8,25483.0,33.2,25.3,27.4,21.3,12.4,70830.0,Cassia,ID,Idaho,2023.0,Crude prevalence,10.6,78.8,6.9,11.0,6.5,37.5,26.7,16.6,14.6,71.5,13.0,3.4,15.8,16.0,6.0,24655.0,394.0,779.0,6094.0,94.0,358.0,4885.0,77.0,311.0,2.0,3.0,1.0,0.0,1.0,0.0
16033,8.3,17.3,98.6,92.8,1.3,0.4,17.1,24.0,38.8,0.0,38.7,1.4,1.8,42.3,15.4,849.0,31.1,26.8,23.9,20.5,11.7,55208.0,Clark,ID,Idaho,2023.0,Crude prevalence,10.4,80.2,8.3,13.8,8.5,36.0,30.3,15.7,16.3,74.2,13.9,4.3,19.5,16.0,1.0,790.0,0.0,12.0,327.0,0.0,7.0,289.0,0.0,6.0,0.0,1.0,1.0,0.0,1.0,0.0
16035,1.4,6.7,90.2,83.6,2.2,1.4,11.2,22.5,21.4,3.6,17.1,1.4,0.5,6.6,39.3,9012.0,52.2,37.3,29.1,17.5,13.2,60000.0,Clearwater,ID,Idaho,2023.0,Crude prevalence,10.5,84.0,9.3,13.1,9.1,31.8,25.4,14.9,16.1,77.1,14.1,4.7,10.1,16.0,3.0,8734.0,130.0,305.0,1249.0,93.0,210.0,296.0,77.0,170.0,0.0,0.0,0.0,0.0,0.0,0.0
16037,0.3,5.8,91.4,85.9,1.0,1.2,12.1,17.3,38.1,3.7,23.2,0.3,0.0,6.8,35.7,4470.0,60.0,30.0,23.1,29.3,15.8,67574.0,Custer,ID,Idaho,2023.0,Crude prevalence,10.5,85.6,9.1,13.4,9.4,31.5,24.3,14.2,15.6,78.3,12.7,4.7,8.9,16.0,1.0,4275.0,71.0,90.0,1670.0,57.0,72.0,1532.0,54.0,68.0,0.0,0.0,0.0,0.0,0.0,0.0
16039,6.5,5.5,95.3,91.2,3.0,3.3,9.1,22.0,9.8,4.2,34.4,2.7,1.0,9.8,34.4,29321.0,33.1,30.7,22.5,22.4,10.5,65359.0,Elmore,ID,Idaho,2023.0,Crude prevalence,10.7,77.1,7.1,10.4,6.2,34.2,24.4,17.5,14.2,70.3,13.8,3.3,13.6,16.0,7.0,28666.0,468.0,858.0,2797.0,116.0,290.0,1461.0,95.0,225.0,3.0,4.0,2.0,0.0,1.0,0.0
16041,1.0,3.3,98.4,96.5,1.5,0.5,8.4,24.9,5.4,2.5,21.9,2.8,1.3,9.8,26.5,15056.0,33.3,40.1,26.4,23.9,7.9,71950.0,Franklin,ID,Idaho,2023.0,Crude prevalence,10.7,79.6,6.6,9.4,6.0,35.7,22.6,16.7,13.5,72.0,12.9,3.2,10.1,16.0,2.0,14194.0,124.0,301.0,1858.0,95.0,226.0,1326.0,88.0,207.0,0.0,0.0,0.0,0.0,0.0,0.0
16043,4.2,5.0,97.2,93.3,2.2,1.4,10.6,24.1,47.2,1.8,17.4,3.6,0.8,3.9,30.8,13943.0,40.0,32.0,24.8,22.8,10.1,72683.0,Fremont,ID,Idaho,2023.0,Crude prevalence,10.5,80.8,7.1,10.5,6.6,32.7,23.5,16.2,14.0,73.4,12.9,3.4,11.3,16.0,4.0,13388.0,83.0,409.0,1775.0,67.0,329.0,1450.0,65.0,318.0,0.0,1.0,0.0,0.0,0.0,0.0
16045,3.1,7.4,93.7,90.2,1.6,3.4,11.1,30.3,3.9,2.9,24.0,5.6,0.7,11.0,29.6,20614.0,44.2,33.8,27.2,20.7,12.0,64605.0,Gem,ID,Idaho,2023.0,Crude prevalence,10.7,83.0,7.8,11.5,7.5,32.9,24.5,15.3,14.9,76.1,12.9,3.9,10.6,16.0,4.0,19123.0,224.0,520.0,4377.0,134.0,356.0,2202.0,104.0,300.0,2.0,2.0,1.0,1.0,1.0,0.0
16047,7.1,12.2,91.0,87.9,2.4,2.8,19.1,21.7,7.1,2.9,29.2,3.5,1.0,1.1,42.6,15931.0,38.1,31.0,26.1,16.2,13.0,63559.0,Gooding,ID,Idaho,2023.0,Crude prevalence,10.7,79.3,8.7,13.0,8.0,34.1,29.7,16.7,16.4,73.6,15.0,4.2,17.9,16.0,4.0,15598.0,163.0,475.0,199.0,50.0,177.0,0.0,38.0,139.0,0.0,1.0,0.0,0.0,0.0,0.0
16049,2.2,5.9,94.4,87.4,1.8,2.6,14.2,19.9,23.9,3.0,19.1,0.8,1.5,5.4,26.8,17432.0,49.4,34.0,24.1,22.6,11.1,66325.0,Idaho,ID,Idaho,2023.0,Crude prevalence,10.6,83.9,9.1,12.8,9.2,31.8,25.0,14.7,15.5,76.2,13.1,4.6,9.7,16.0,6.0,16541.0,205.0,311.0,2914.0,166.0,254.0,862.0,155.0,238.0,0.0,2.0,2.0,0.0,0.0,0.0
16051,2.4,4.4,97.4,95.0,1.8,3.5,7.8,25.1,5.4,1.3,17.0,3.9,0.3,3.6,24.8,33154.0,32.8,28.1,24.9,27.4,9.7,86679.0,Jefferson,ID,Idaho,2023.0,Crude prevalence,10.7,80.2,6.0,9.1,5.5,33.1,21.4,16.3,12.8,72.2,12.2,2.9,10.2,16.0,6.0,30891.0,136.0,762.0,14041.0,107.0,612.0,12361.0,100.0,571.0,3.0,1.0,1.0,0.0,1.0,0.0
16053,13.9,12.6,95.1,89.4,2.3,2.6,14.8,21.7,6.0,3.2,24.8,5.1,1.1,7.7,27.0,25173.0,34.0,26.5,22.9,14.0,12.6,71724.0,Jerome,ID,Idaho,2023.0,Crude prevalence,10.8,77.6,8.0,12.6,7.0,35.8,30.1,17.2,16.2,71.8,15.7,3.8,20.4,16.0,6.0,24237.0,268.0,626.0,2684.0,112.0,357.0,1532.0,91.0,296.0,2.0,4.0,1.0,0.0,1.0,0.0
16055,1.5,3.8,96.7,92.2,2.0,2.8,9.4,22.8,11.3,4.2,28.7,1.5,0.6,12.1,41.1,181996.0,40.9,26.5,27.1,30.0,9.0,81861.0,Kootenai,ID,Idaho,2023.0,Crude prevalence,10.7,83.0,7.2,9.9,6.7,31.7,19.6,16.1,14.3,73.8,12.1,3.5,8.8,16.0,39.0,171362.0,2959.0,4783.0,44327.0,942.0,1716.0,26392.0,721.0,1324.0,25.0,6.0,0.0,4.0,0.0,1.0
16057,1.2,2.3,96.6,90.1,4.2,2.4,8.1,18.7,7.5,4.0,41.3,0.9,0.8,7.2,45.9,41049.0,30.6,21.2,23.7,43.0,17.6,65424.0,Latah,ID,Idaho,2023.0,Crude prevalence,10.7,76.2,5.5,7.8,5.3,29.0,18.0,17.2,11.9,72.0,10.0,2.7,8.2,16.0,9.0,39517.0,657.0,880.0,10085.0,261.0,426.0,6578.0,190.0,331.0,5.0,4.0,3.0,1.0,2.0,0.0
16059,1.2,8.0,93.1,88.8,1.1,3.5,6.1,15.5,26.0,5.4,20.7,0.2,1.1,10.6,46.2,8249.0,53.3,34.4,21.6,24.1,12.8,53202.0,Lemhi,ID,Idaho,2023.0,Crude prevalence,10.8,84.9,9.2,12.7,9.3,30.4,26.3,14.8,15.7,77.1,13.4,4.7,9.3,16.0,3.0,7974.0,186.0,345.0,2409.0,137.0,247.0,2236.0,122.0,224.0,0.0,1.0,1.0,1.0,1.0,1.0
16061,2.4,6.2,88.8,81.9,1.2,2.2,11.1,21.4,13.8,3.4,23.6,2.0,0.3,11.9,18.6,3682.0,49.0,31.0,27.9,21.3,15.3,51615.0,Lewis,ID,Idaho,2023.0,Crude prevalence,11.3,83.5,10.9,15.1,10.4,35.2,29.7,15.8,17.2,77.3,15.5,5.3,10.5,16.0,3.0,3533.0,54.0,155.0,217.0,23.0,85.0,12.0,17.0,70.0,0.0,3.0,1.0,0.0,0.0,0.0
16063,9.4,6.5,93.6,86.4,3.3,2.8,11.9,33.6,7.1,1.1,21.1,1.8,1.6,11.7,31.7,5358.0,37.2,35.8,24.1,11.1,10.5,71453.0,Lincoln,ID,Idaho,2023.0,Crude prevalence,10.6,78.8,7.3,11.5,6.7,34.2,27.9,16.7,15.3,72.2,14.2,3.5,17.2,16.0,1.0,5127.0,20.0,111.0,968.0,17.0,93.0,459.0,15.0,86.0,0.0,0.0,0.0,0.0,0.0,0.0
16065,1.3,1.4,98.8,78.8,5.7,3.2,4.9,16.4,12.0,2.1,59.8,6.3,5.6,14.3,34.4,54618.0,21.4,14.5,26.4,41.8,24.5,60160.0,Madison,ID,Idaho,2023.0,Crude prevalence,12.1,63.7,4.4,4.9,3.0,26.2,19.4,22.7,11.2,67.3,10.0,1.7,10.9,16.0,11.0,52913.0,278.0,1266.0,15772.0,119.0,564.0,10855.0,85.0,433.0,6.0,4.0,2.0,0.0,1.0,0.0
16067,8.0,9.0,92.1,86.7,2.2,4.0,13.4,17.4,6.2,5.6,30.8,4.4,0.8,7.3,28.7,22208.0,34.9,34.4,23.1,15.7,14.5,70377.0,Minidoka,ID,Idaho,2023.0,Crude prevalence,10.3,79.0,7.3,12.3,6.9,36.4,28.9,16.6,15.4,71.6,13.5,3.7,18.1,16.0,5.0,21613.0,453.0,900.0,6718.0,244.0,489.0,3759.0,193.0,373.0,2.0,1.0,1.0,1.0,1.0,0.0
16069,2.4,3.8,94.9,89.4,1.5,3.2,7.7,16.7,7.0,5.7,29.6,1.2,0.6,7.8,36.6,42697.0,41.2,30.4,24.0,27.1,12.2,72599.0,Nez Perce,ID,Idaho,2023.0,Crude prevalence,11.4,82.2,7.9,10.8,7.4,37.7,25.2,16.3,14.7,76.2,13.5,3.9,9.5,16.0,10.0,42090.0,978.0,1267.0,12090.0,339.0,537.0,7380.0,272.0,447.0,7.0,1.0,0.0,2.0,0.0,2.0
16071,0.7,3.6,93.9,86.0,0.9,2.2,6.7,26.6,8.6,1.2,11.7,2.5,1.7,0.0,54.4,4768.0,40.8,37.7,23.5,26.7,10.8,74954.0,Oneida,ID,Idaho,2023.0,Crude prevalence,10.5,82.3,7.2,10.5,7.0,31.9,22.4,15.8,13.8,74.5,12.4,3.6,8.9,16.0,1.0,4564.0,24.0,93.0,717.0,19.0,73.0,607.0,17.0,65.0,0.0,0.0,0.0,0.0,0.0,0.0
16073,13.3,8.5,91.7,86.5,1.2,3.4,21.9,27.7,10.9,3.5,27.4,4.7,2.6,10.5,26.3,12503.0,39.0,39.5,22.5,12.4,12.2,64406.0,Owyhee,ID,Idaho,2023.0,Crude prevalence,11.0,78.9,9.3,13.4,8.2,33.4,30.7,17.1,17.0,73.0,16.4,4.4,17.4,16.0,3.0,11913.0,151.0,511.0,2199.0,111.0,401.0,1492.0,101.0,362.0,0.0,2.0,1.0,0.0,1.0,0.0
16075,4.8,8.9,95.5,87.1,1.9,5.6,7.1,23.1,4.4,3.7,25.5,3.2,1.9,5.5,29.7,26771.0,38.9,35.7,22.7,17.3,10.2,67673.0,Payette,ID,Idaho,2023.0,Crude prevalence,10.9,80.5,8.4,11.8,7.7,31.4,26.7,16.4,15.4,73.6,14.3,4.0,13.5,16.0,5.0,25386.0,362.0,1516.0,8123.0,180.0,699.0,4625.0,114.0,422.0,3.0,3.0,3.0,2.0,3.0,0.0
16077,6.6,5.7,96.8,90.0,3.6,3.3,14.9,16.3,5.1,3.2,26.3,7.6,0.1,5.1,27.0,8133.0,34.6,32.6,34.1,15.3,9.5,61146.0,Power,ID,Idaho,2023.0,Crude prevalence,10.5,79.2,7.9,12.1,7.4,37.5,28.1,16.5,15.6,73.1,13.8,3.9,17.2,16.0,2.0,7878.0,90.0,250.0,1247.0,43.0,127.0,1079.0,41.0,120.0,0.0,2.0,1.0,0.0,1.0,0.0
16079,1.4,8.7,91.0,88.2,2.9,2.8,9.2,21.6,18.2,4.5,26.0,1.4,1.1,6.0,35.5,13785.0,44.8,38.4,30.4,12.7,13.1,55527.0,Shoshone,ID,Idaho,2023.0,Crude prevalence,11.3,81.1,9.9,13.5,8.7,36.1,28.1,17.3,16.9,75.5,15.9,4.6,11.3,16.0,3.0,13169.0,260.0,595.0,591.0,129.0,268.0,433.0,115.0,232.0,0.0,2.0,0.0,1.0,0.0,1.0
16081,4.1,3.4,98.7,94.9,0.9,1.7,14.5,33.9,27.8,1.4,19.2,1.5,3.0,4.2,35.3,12425.0,39.6,16.6,18.5,49.9,9.1,99805.0,Teton,ID,Idaho,2023.0,Crude prevalence,10.0,83.6,5.4,9.2,5.3,32.0,19.0,14.1,11.9,74.4,10.7,2.7,9.6,16.0,7.0,11630.0,64.0,143.0,916.0,57.0,126.0,570.0,50.0,113.0,0.0,1.0,0.0,0.0,0.0,0.0
16083,4.5,6.2,95.9,91.1,2.0,2.9,10.2,17.8,4.6,2.9,29.5,2.2,0.9,12.2,39.6,93734.0,36.1,29.5,23.7,23.5,11.5,67409.0,Twin Falls,ID,Idaho,2023.0,Crude prevalence,11.1,80.2,7.3,11.0,6.5,33.3,27.8,16.6,14.2,72.6,13.3,3.5,13.0,16.0,17.0,90046.0,999.0,3320.0,18254.0,264.0,886.0,12350.0,200.0,663.0,12.0,6.0,2.0,1.0,0.0,0.0
16085,1.1,7.9,97.6,93.9,2.4,0.7,8.8,18.7,66.5,4.2,18.1,0.8,0.5,1.9,20.4,12389.0,46.9,20.0,23.6,40.1,11.7,76078.0,Valley,ID,Idaho,2023.0,Crude prevalence,10.7,85.2,8.6,13.1,8.5,34.0,24.9,14.4,15.0,77.1,13.2,4.3,9.0,16.0,4.0,11746.0,180.0,134.0,2845.0,148.0,113.0,1936.0,130.0,99.0,1.0,0.0,0.0,0.0,0.0,0.0
16087,4.2,6.2,92.7,88.5,2.5,5.6,9.0,18.6,9.2,4.9,25.4,2.5,0.1,4.7,43.6,11142.0,45.0,30.4,27.3,20.6,15.3,54000.0,Washington,ID,Idaho,2023.0,Crude prevalence,11.1,82.1,10.0,14.5,9.6,33.4,29.1,16.1,17.1,76.1,15.2,4.9,13.3,16.0,3.0,10500.0,206.0,467.0,827.0,128.0,274.0,223.0,115.0,238.0,0.0,2.0,0.0,0.0,0.0,0.0
17001,1.6,4.6,91.7,86.5,2.5,1.9,4.4,16.9,7.9,7.5,27.9,0.7,0.6,6.0,34.6,64754.0,41.4,34.0,22.4,27.5,12.8,66220.0,Adams,IL,Illinois,2023.0,Crude prevalence,10.3,87.0,8.1,12.0,7.3,37.8,24.1,16.7,13.5,78.7,14.4,3.7,7.3,17.0,19.0,65737.0,2083.0,3448.0,9267.0,382.0,835.0,4238.0,206.0,554.0,13.0,9.0,0.0,1.0,0.0,1.0
17003,4.3,8.2,76.9,61.9,3.2,14.0,9.5,30.6,35.2,10.1,22.4,1.4,0.6,2.5,18.0,4875.0,48.0,44.3,22.0,12.6,19.0,47043.0,Alexander,IL,Illinois,2023.0,Crude prevalence,11.7,87.3,12.1,19.0,10.2,45.3,33.3,18.2,17.8,81.6,19.6,6.0,10.1,17.0,4.0,5240.0,192.0,511.0,85.0,72.0,250.0,0.0,62.0,210.0,0.0,3.0,0.0,0.0,0.0,0.0
17005,2.3,7.6,93.1,86.5,2.4,1.5,3.6,23.6,10.9,6.8,23.4,1.4,0.3,4.5,28.8,16716.0,39.7,33.7,27.0,21.6,10.9,65959.0,Bond,IL,Illinois,2023.0,Crude prevalence,10.5,84.8,8.0,11.6,6.9,39.0,24.2,17.9,13.8,77.2,15.1,3.6,8.8,17.0,4.0,16725.0,416.0,793.0,1659.0,282.0,566.0,1512.0,264.0,541.0,1.0,1.0,0.0,1.0,0.0,1.0
17007,6.2,7.6,95.7,91.2,4.8,4.6,5.6,26.6,4.1,4.2,18.2,1.5,0.6,8.6,37.0,53230.0,39.7,29.2,24.0,23.6,9.9,84571.0,Boone,IL,Illinois,2023.0,Crude prevalence,10.0,86.4,7.4,12.2,6.7,36.8,25.6,16.7,13.9,77.3,14.1,3.5,11.8,17.0,10.0,53448.0,823.0,2781.0,16415.0,191.0,885.0,14539.0,167.0,765.0,7.0,5.0,2.0,0.0,2.0,0.0
17009,4.0,19.2,92.4,84.6,1.3,2.1,2.1,15.9,12.1,8.5,28.2,0.7,0.2,14.7,24.8,6322.0,41.0,38.7,17.6,12.6,9.2,67917.0,Brown,IL,Illinois,2023.0,Crude prevalence,10.0,82.5,8.0,11.7,6.5,41.5,26.4,18.1,14.0,75.2,17.8,3.5,12.1,17.0,2.0,6244.0,174.0,247.0,264.0,99.0,163.0,34.0,97.0,160.0,0.0,1.0,0.0,0.0,0.0,0.0
17011,2.9,5.7,93.7,86.3,2.7,1.8,5.4,21.1,10.2,6.7,23.9,0.9,0.4,7.9,25.7,32866.0,44.1,34.9,24.0,21.7,10.8,69257.0,Bureau,IL,Illinois,2023.0,Crude prevalence,10.2,87.2,8.9,13.2,8.0,38.1,25.8,16.6,14.7,79.3,14.8,4.1,9.1,17.0,10.0,33244.0,935.0,1889.0,3230.0,415.0,867.0,1391.0,302.0,701.0,3.0,7.0,2.0,1.0,1.0,1.0
17013,0.7,4.9,88.9,86.1,1.8,1.4,2.4,47.7,46.1,2.7,11.3,1.9,0.2,18.6,9.3,4330.0,48.8,35.4,19.0,20.1,6.3,93203.0,Calhoun,IL,Illinois,2023.0,Crude prevalence,10.1,89.5,7.8,11.9,7.5,35.3,22.0,15.4,13.5,80.2,12.9,3.7,6.4,17.0,2.0,4437.0,34.0,95.0,666.0,30.0,81.0,59.0,29.0,78.0,0.0,0.0,0.0,0.0,0.0,0.0
17015,3.6,7.4,92.0,86.1,1.5,2.7,5.8,24.6,19.8,3.3,22.8,1.0,0.5,8.3,28.9,15576.0,45.4,37.4,23.4,17.8,14.2,60758.0,Carroll,IL,Illinois,2023.0,Crude prevalence,10.1,86.6,9.0,13.3,8.2,38.8,25.8,16.6,14.6,78.6,15.3,4.1,9.1,17.0,6.0,15702.0,220.0,996.0,7.0,127.0,620.0,0.0,100.0,502.0,0.0,2.0,0.0,0.0,0.0,0.0
17017,6.5,7.2,92.9,86.7,2.5,2.5,7.7,21.0,9.7,4.5,24.1,1.3,0.9,8.4,20.2,12784.0,38.3,40.7,19.3,20.8,11.1,68125.0,Cass,IL,Illinois,2023.0,Crude prevalence,10.2,85.7,8.6,13.4,7.4,40.6,27.8,17.2,15.0,77.6,15.8,3.9,12.6,17.0,5.0,13042.0,233.0,755.0,151.0,53.0,195.0,0.0,46.0,169.0,2.0,4.0,0.0,0.0,0.0,0.0
17019,1.9,3.0,96.8,90.5,2.6,2.2,5.2,16.9,10.1,12.8,46.0,0.6,0.4,7.0,47.2,208741.0,30.7,22.5,18.0,46.2,19.1,63683.0,Champaign,IL,Illinois,2023.0,Crude prevalence,10.1,82.9,5.6,9.6,5.0,31.1,20.1,17.3,11.1,75.0,11.1,2.7,7.5,17.0,48.0,205865.0,10950.0,7764.0,28530.0,1016.0,1575.0,15976.0,582.0,921.0,39.0,21.0,4.0,14.0,3.0,6.0
17021,2.5,6.6,93.6,87.7,2.6,2.1,3.9,22.0,10.5,6.1,24.8,0.6,0.2,8.5,27.4,33538.0,43.2,45.0,18.9,17.1,10.2,62611.0,Christian,IL,Illinois,2023.0,Crude prevalence,10.3,85.9,8.6,12.3,7.4,38.1,25.5,17.4,14.5,77.4,16.1,3.8,8.7,17.0,10.0,34032.0,822.0,2076.0,1381.0,221.0,667.0,375.0,178.0,551.0,5.0,5.0,0.0,0.0,0.0,0.0
17023,1.4,6.1,91.2,87.6,2.3,1.7,4.7,25.2,10.3,5.2,19.7,0.5,0.1,10.6,36.5,15266.0,42.6,34.4,18.7,24.9,9.1,72927.0,Clark,IL,Illinois,2023.0,Crude prevalence,10.3,87.2,8.3,12.0,7.3,37.3,23.2,16.8,13.9,78.5,14.9,3.7,7.3,17.0,4.0,15455.0,338.0,879.0,75.0,136.0,471.0,3.0,94.0,383.0,0.0,1.0,0.0,0.0,0.0,0.0
17025,3.8,5.7,90.9,85.9,2.7,2.5,5.1,25.0,13.9,4.9,20.7,1.9,0.2,4.5,18.7,13052.0,40.4,38.9,20.9,13.1,17.5,60417.0,Clay,IL,Illinois,2023.0,Crude prevalence,10.8,85.8,10.3,13.9,8.5,41.5,27.8,18.2,15.9,78.3,17.8,4.4,9.0,17.0,4.0,13288.0,259.0,983.0,1421.0,147.0,511.0,603.0,134.0,465.0,1.0,2.0,1.0,0.0,0.0,0.0
17027,2.7,5.1,94.2,90.8,2.1,1.5,4.8,25.9,7.6,3.2,19.7,1.2,0.9,8.9,27.7,36954.0,41.5,31.2,18.9,25.9,7.4,86588.0,Clinton,IL,Illinois,2023.0,Crude prevalence,10.3,87.1,7.4,11.3,6.6,40.2,22.2,16.5,13.1,78.3,14.0,3.4,7.5,17.0,9.0,36899.0,461.0,1311.0,159.0,273.0,803.0,0.0,243.0,717.0,0.0,2.0,0.0,1.0,0.0,1.0
17029,3.0,5.9,94.2,85.8,3.7,2.3,7.1,18.2,8.2,8.7,39.6,1.7,1.5,6.7,36.5,46777.0,37.5,30.7,20.2,26.9,18.7,56478.0,Coles,IL,Illinois,2023.0,Crude prevalence,10.8,83.8,8.2,11.4,6.9,37.7,24.2,18.7,13.8,77.1,14.8,3.6,8.2,17.0,13.0,46863.0,1802.0,3947.0,11931.0,578.0,962.0,8603.0,454.0,676.0,11.0,8.0,4.0,4.0,1.0,2.0
17031,6.2,5.2,95.2,90.6,4.6,3.2,8.9,31.5,7.7,18.0,42.3,2.1,1.2,9.0,39.9,5182090.0,38.0,22.0,17.1,42.7,13.5,83498.0,Cook,IL,Illinois,2023.0,Crude prevalence,9.8,87.9,5.7,11.8,5.3,31.0,23.3,14.9,11.6,77.5,11.1,3.2,11.8,17.0,1331.0,5275541.0,378260.0,329128.0,291621.0,6387.0,7780.0,89168.0,1768.0,2045.0,1327.0,593.0,20.0,89.0,2.0,37.0
17033,3.3,6.1,93.5,88.5,1.7,1.8,5.3,18.1,11.4,6.1,18.1,0.7,0.0,2.8,33.4,18511.0,42.6,29.6,22.0,20.6,12.1,71674.0,Crawford,IL,Illinois,2023.0,Crude prevalence,10.4,86.4,8.4,12.1,7.2,40.1,24.3,17.2,14.1,78.0,15.4,3.7,8.3,17.0,6.0,18679.0,454.0,1030.0,1465.0,312.0,563.0,314.0,279.0,495.0,2.0,2.0,0.0,1.0,0.0,1.0
17035,1.7,4.2,91.5,87.0,0.9,1.2,5.3,23.5,11.6,4.8,15.8,1.1,0.0,11.1,24.9,10334.0,43.1,37.3,21.3,19.6,9.1,73327.0,Cumberland,IL,Illinois,2023.0,Crude prevalence,10.3,87.6,8.1,11.9,7.3,38.7,23.3,16.8,13.7,78.8,14.5,3.7,7.1,17.0,3.0,10450.0,199.0,385.0,25.0,158.0,301.0,0.0,152.0,291.0,0.0,1.0,0.0,0.0,0.0,0.0
17037,3.3,4.5,96.4,92.7,4.7,3.5,5.1,26.7,5.1,6.4,38.6,1.5,0.5,10.9,46.3,100703.0,32.7,26.2,23.4,33.0,14.8,70724.0,DeKalb,IL,Illinois,2023.0,Crude prevalence,10.4,83.4,6.3,10.3,5.5,35.1,22.5,18.3,12.2,75.6,12.6,2.9,9.2,17.0,23.0,100420.0,2525.0,5827.0,22187.0,706.0,1711.0,12462.0,487.0,1208.0,15.0,9.0,5.0,3.0,3.0,1.0
17039,2.1,4.0,93.7,86.0,2.4,2.3,3.2,23.3,9.9,3.8,21.5,1.0,0.0,12.8,21.7,15373.0,43.7,40.1,22.5,23.2,10.0,71678.0,De Witt,IL,Illinois,2023.0,Crude prevalence,10.4,87.1,8.4,12.2,7.3,38.2,24.2,17.0,14.2,78.5,15.3,3.7,7.7,17.0,5.0,15516.0,253.0,863.0,210.0,51.0,285.0,15.0,44.0,261.0,2.0,1.0,0.0,0.0,0.0,0.0
17041,8.5,4.0,89.5,82.8,1.6,1.8,15.4,20.4,8.7,10.8,23.1,2.5,0.3,4.5,28.0,19751.0,38.7,34.0,19.3,20.9,8.5,77320.0,Douglas,IL,Illinois,2023.0,Crude prevalence,10.4,85.8,8.0,11.7,6.9,38.5,24.7,17.4,14.0,77.3,15.1,3.5,9.4,17.0,5.0,19740.0,840.0,965.0,1127.0,562.0,525.0,636.0,429.0,403.0,1.0,1.0,0.0,1.0,0.0,1.0
17043,3.7,3.3,97.5,94.8,3.4,1.9,5.2,27.7,4.5,4.6,26.9,1.8,0.9,9.0,36.1,930024.0,40.2,17.9,16.0,51.8,6.6,112096.0,DuPage,IL,Illinois,2023.0,Crude prevalence,8.9,88.8,5.0,10.0,5.3,29.2,19.0,13.4,10.2,78.5,9.5,2.7,7.2,17.0,219.0,932877.0,16003.0,26030.0,173480.0,3381.0,4118.0,46464.0,868.0,1058.0,215.0,21.0,5.0,24.0,0.0,15.0
17045,3.1,7.7,93.3,87.1,2.5,1.5,5.4,17.9,7.9,8.0,27.3,0.8,0.7,18.4,15.2,16535.0,46.6,40.1,18.6,20.4,12.0,59941.0,Edgar,IL,Illinois,2023.0,Crude prevalence,10.5,87.1,9.8,13.6,8.6,37.5,26.8,17.2,15.4,79.3,16.4,4.4,8.1,17.0,5.0,16866.0,604.0,1460.0,1798.0,177.0,500.0,465.0,110.0,357.0,2.0,3.0,2.0,2.0,0.0,1.0
17047,1.6,6.4,91.7,85.1,3.3,3.0,6.0,23.4,12.4,3.9,20.7,1.2,0.5,11.7,33.4,6075.0,44.7,34.2,21.6,13.9,16.5,60519.0,Edwards,IL,Illinois,2023.0,Crude prevalence,10.8,86.7,10.3,14.1,8.7,40.3,27.3,17.9,16.0,78.9,17.3,4.5,8.3,17.0,3.0,6245.0,104.0,457.0,0.0,72.0,232.0,0.0,67.0,199.0,0.0,3.0,0.0,0.0,0.0,0.0
17049,2.8,4.2,95.6,90.6,1.4,2.9,5.3,18.1,9.5,5.7,21.8,1.4,1.8,6.4,27.1,34522.0,40.0,30.3,20.3,26.9,10.1,80404.0,Effingham,IL,Illinois,2023.0,Crude prevalence,10.2,86.8,7.7,11.3,6.8,34.3,22.8,16.7,13.2,77.9,14.1,3.5,7.3,17.0,8.0,34668.0,793.0,1696.0,2668.0,309.0,714.0,730.0,214.0,526.0,3.0,1.0,0.0,3.0,0.0,1.0
17051,4.1,8.6,90.1,83.9,2.1,2.6,7.3,25.5,11.3,5.5,19.4,2.1,1.0,9.5,42.4,21315.0,41.9,40.8,18.3,17.2,15.5,60944.0,Fayette,IL,Illinois,2023.0,Crude prevalence,10.4,84.4,9.2,12.7,7.6,39.8,26.7,18.1,14.9,76.9,17.4,4.0,9.8,17.0,7.0,21488.0,433.0,909.0,2825.0,265.0,599.0,1959.0,240.0,551.0,2.0,6.0,1.0,0.0,1.0,0.0
17053,3.1,5.3,92.7,86.9,3.4,4.8,5.7,24.6,6.9,9.1,27.7,0.6,0.6,8.5,35.5,13406.0,41.9,37.1,24.9,18.9,12.4,62439.0,Ford,IL,Illinois,2023.0,Crude prevalence,10.6,86.3,8.7,12.4,7.5,37.7,25.6,17.5,14.5,78.1,15.8,3.8,8.5,17.0,5.0,13534.0,528.0,842.0,617.0,154.0,309.0,166.0,114.0,256.0,1.0,1.0,0.0,1.0,0.0,1.0
17055,3.2,7.2,92.3,83.4,4.3,4.8,7.3,26.9,12.6,6.3,25.9,1.3,0.5,12.8,39.3,37323.0,43.4,32.8,27.4,15.8,17.5,56740.0,Franklin,IL,Illinois,2023.0,Crude prevalence,10.9,85.8,10.2,13.9,8.4,41.6,27.6,18.4,16.0,78.8,17.7,4.4,8.7,17.0,12.0,37804.0,1014.0,4171.0,5976.0,337.0,1525.0,4736.0,275.0,1238.0,6.0,11.0,2.0,0.0,2.0,0.0
17057,1.5,7.9,93.5,87.9,3.6,2.5,3.7,25.8,13.0,5.3,23.4,0.3,0.3,11.4,34.5,33020.0,43.9,37.3,22.6,18.5,13.2,60599.0,Fulton,IL,Illinois,2023.0,Crude prevalence,10.5,86.1,9.2,13.0,7.9,39.9,25.8,17.6,14.9,78.3,16.8,4.1,8.8,17.0,12.0,33609.0,735.0,2393.0,1831.0,245.0,835.0,213.0,196.0,667.0,3.0,7.0,1.0,0.0,0.0,0.0
17059,4.3,8.9,86.1,82.3,5.1,3.6,4.6,26.1,16.2,7.7,22.6,1.2,0.0,6.2,28.8,4819.0,46.7,36.5,23.4,13.6,13.6,59219.0,Gallatin,IL,Illinois,2023.0,Crude prevalence,10.8,87.1,10.9,14.6,9.3,40.8,28.2,17.5,16.4,79.5,17.4,4.8,8.7,17.0,2.0,4946.0,161.0,458.0,462.0,117.0,337.0,41.0,111.0,320.0,0.0,2.0,0.0,0.0,0.0,0.0
17061,1.8,7.0,93.9,88.3,2.8,2.4,4.1,29.0,23.0,4.6,21.8,0.3,0.1,9.7,28.1,11683.0,43.4,43.6,16.9,19.0,14.3,62192.0,Greene,IL,Illinois,2023.0,Crude prevalence,10.7,86.4,9.7,13.2,8.1,40.2,26.7,17.8,15.4,78.3,17.2,4.1,8.1,17.0,5.0,11985.0,207.0,689.0,115.0,56.0,196.0,0.0,43.0,156.0,0.0,4.0,0.0,0.0,0.0,0.0
17063,2.1,4.1,95.6,91.8,3.1,1.5,3.4,26.8,3.7,4.0,25.6,2.0,0.3,5.1,35.0,53219.0,38.3,33.9,25.5,23.6,6.0,92235.0,Grundy,IL,Illinois,2023.0,Crude prevalence,10.1,86.7,6.4,10.3,5.7,36.4,22.3,16.8,12.4,77.2,13.3,3.0,8.3,17.0,10.0,52533.0,824.0,2251.0,17506.0,307.0,1026.0,10942.0,219.0,786.0,6.0,1.0,1.0,1.0,1.0,1.0
17065,4.1,4.2,85.1,80.7,3.0,1.8,7.6,26.8,10.9,5.4,23.6,0.2,0.1,1.9,19.0,7916.0,43.9,31.2,21.7,21.0,12.1,65746.0,Hamilton,IL,Illinois,2023.0,Crude prevalence,10.7,86.4,10.1,13.9,8.7,40.0,26.8,17.8,15.7,78.8,17.0,4.4,8.3,17.0,3.0,7993.0,183.0,516.0,218.0,88.0,272.0,21.0,74.0,236.0,0.0,2.0,0.0,0.0,0.0,0.0
17067,2.1,4.3,90.7,82.4,2.5,2.3,5.7,24.1,14.8,5.4,18.7,0.3,0.2,5.7,34.6,17281.0,46.9,33.1,22.0,25.1,12.3,65865.0,Hancock,IL,Illinois,2023.0,Crude prevalence,10.3,88.1,9.0,13.2,8.2,38.8,25.2,16.3,14.5,79.7,14.7,4.1,7.3,17.0,7.0,17620.0,409.0,1010.0,1657.0,238.0,649.0,631.0,202.0,574.0,1.0,4.0,1.0,0.0,1.0,0.0
17069,3.5,4.6,83.8,78.6,1.1,3.0,3.7,28.2,33.9,9.0,20.5,0.6,1.4,2.1,5.9,3605.0,53.6,43.4,22.6,13.3,11.0,54271.0,Hardin,IL,Illinois,2023.0,Crude prevalence,10.6,87.7,10.5,14.7,9.3,39.7,27.4,17.1,16.0,79.9,16.9,4.7,8.4,17.0,2.0,3649.0,139.0,286.0,850.0,117.0,223.0,38.0,113.0,212.0,0.0,2.0,0.0,0.0,0.0,0.0
17071,1.5,7.6,87.4,84.0,4.3,2.7,2.6,26.1,19.7,4.4,18.9,1.3,0.4,1.0,31.3,6193.0,50.2,41.5,20.2,20.6,13.9,62227.0,Henderson,IL,Illinois,2023.0,Crude prevalence,10.2,88.6,9.6,14.1,8.9,38.6,25.8,15.9,15.1,80.6,15.1,4.5,7.6,17.0,3.0,6387.0,118.0,374.0,185.0,81.0,267.0,0.0,74.0,246.0,0.0,2.0,0.0,0.0,0.0,0.0
17073,2.6,5.0,93.2,86.7,3.0,2.2,4.0,22.2,8.7,6.6,20.1,0.6,0.2,7.6,32.5,48643.0,43.6,33.8,22.2,24.7,8.9,71911.0,Henry,IL,Illinois,2023.0,Crude prevalence,10.2,88.0,7.8,11.9,7.2,36.9,23.6,16.2,13.5,78.5,13.8,3.6,7.9,17.0,14.0,49284.0,1338.0,2696.0,9200.0,547.0,1112.0,6022.0,410.0,861.0,7.0,7.0,4.0,3.0,4.0,2.0
17075,3.7,7.2,93.3,86.5,2.7,2.3,6.0,25.0,10.5,4.5,20.0,0.8,0.1,13.7,29.0,26449.0,44.4,37.4,23.4,18.2,12.5,66255.0,Iroquois,IL,Illinois,2023.0,Crude prevalence,10.5,86.7,9.7,13.9,8.4,40.6,27.0,17.4,15.4,78.6,16.4,4.3,9.6,17.0,9.0,27077.0,515.0,1623.0,391.0,271.0,872.0,19.0,250.0,805.0,1.0,4.0,0.0,0.0,0.0,0.0
17077,2.6,4.5,94.6,86.5,4.2,3.2,6.3,20.3,17.2,11.5,50.0,1.6,0.6,9.2,41.0,53064.0,32.4,23.2,25.0,36.3,21.0,48763.0,Jackson,IL,Illinois,2023.0,Crude prevalence,10.8,82.3,7.7,11.6,6.5,39.8,24.4,18.8,13.3,77.7,13.8,3.5,8.4,17.0,17.0,52974.0,2647.0,4243.0,8736.0,961.0,1811.0,4054.0,622.0,1355.0,8.0,9.0,4.0,5.0,2.0,4.0
17079,2.0,6.3,95.0,88.4,2.8,1.0,5.0,28.1,11.2,4.5,14.8,1.1,0.3,7.1,21.1,9180.0,44.3,32.7,20.2,20.9,11.1,74755.0,Jasper,IL,Illinois,2023.0,Crude prevalence,10.2,88.0,8.1,12.0,7.3,38.2,23.2,16.4,13.7,78.9,14.3,3.7,6.9,17.0,3.0,9287.0,167.0,525.0,987.0,73.0,304.0,270.0,71.0,291.0,0.0,1.0,0.0,0.0,0.0,0.0
17081,2.2,5.5,92.6,85.7,3.4,2.5,7.2,19.6,10.9,6.3,28.3,0.7,0.5,11.2,32.1,36550.0,41.2,34.5,25.7,18.2,13.5,63118.0,Jefferson,IL,Illinois,2023.0,Crude prevalence,10.6,86.3,8.8,13.0,7.6,39.8,25.2,17.6,14.6,78.2,16.1,4.0,8.4,17.0,11.0,37113.0,932.0,2537.0,7743.0,461.0,1197.0,5106.0,383.0,1004.0,7.0,7.0,2.0,2.0,2.0,2.0
17083,1.7,4.2,89.4,86.4,2.1,2.6,5.0,27.1,20.0,4.7,19.5,1.1,0.7,10.4,29.6,21274.0,43.7,37.1,21.3,22.6,8.8,80361.0,Jersey,IL,Illinois,2023.0,Crude prevalence,10.3,87.3,7.9,11.7,7.1,39.0,23.2,16.8,13.5,78.7,14.0,3.6,6.9,17.0,6.0,21512.0,371.0,945.0,2506.0,206.0,591.0,1846.0,183.0,530.0,1.0,1.0,0.0,1.0,0.0,0.0
17085,2.6,4.2,91.8,87.2,2.1,2.2,4.7,22.1,22.7,7.0,19.6,0.5,0.1,12.8,28.4,21851.0,51.5,30.7,21.2,28.9,7.8,73993.0,Jo Daviess,IL,Illinois,2023.0,Crude prevalence,9.9,89.7,8.6,13.2,8.5,36.1,23.8,14.8,13.8,81.1,13.0,4.2,6.8,17.0,7.0,22035.0,729.0,874.0,980.0,616.0,732.0,0.0,528.0,673.0,0.0,1.0,0.0,2.0,0.0,2.0
17087,2.7,11.9,88.0,80.1,1.5,3.0,8.1,28.4,26.0,4.3,18.0,0.4,0.7,9.0,34.3,13376.0,41.4,32.4,23.2,19.6,17.6,62528.0,Johnson,IL,Illinois,2023.0,Crude prevalence,10.2,84.6,8.9,12.9,7.7,41.4,26.4,17.5,14.7,77.2,16.8,4.0,10.4,17.0,4.0,13308.0,177.0,530.0,168.0,148.0,450.0,10.0,137.0,419.0,0.0,3.0,0.0,1.0,0.0,1.0
17089,7.0,5.6,97.1,93.3,3.3,2.2,7.8,27.8,3.3,4.7,24.0,2.2,0.8,9.4,40.3,517255.0,38.8,23.0,19.0,38.1,7.9,103163.0,Kane,IL,Illinois,2023.0,Crude prevalence,9.3,87.0,5.7,11.5,5.7,35.1,23.1,15.0,12.1,76.2,11.0,3.0,11.6,17.0,104.0,516522.0,8597.0,20253.0,154863.0,2110.0,3700.0,86692.0,1127.0,2034.0,95.0,35.0,5.0,13.0,1.0,5.0
17091,3.5,5.0,94.7,89.0,3.0,2.5,5.7,24.9,9.7,6.6,30.1,1.8,0.2,7.7,39.4,106635.0,39.0,34.9,25.3,21.2,12.2,71281.0,Kankakee,IL,Illinois,2023.0,Crude prevalence,10.7,85.9,7.9,13.0,7.0,39.8,25.0,17.8,14.1,78.2,14.7,3.8,9.9,17.0,30.0,107502.0,2700.0,6532.0,18165.0,706.0,2040.0,7333.0,457.0,1344.0,19.0,16.0,3.0,3.0,2.0,1.0
17093,2.3,3.7,98.3,95.6,3.2,1.9,4.0,31.6,2.6,2.2,16.0,1.2,0.5,16.3,36.1,137675.0,36.3,23.2,23.4,36.9,5.4,111601.0,Kendall,IL,Illinois,2023.0,Crude prevalence,9.5,87.5,4.7,9.4,4.4,39.7,19.5,15.4,10.8,76.8,11.0,2.4,8.8,17.0,21.0,131869.0,978.0,3907.0,40831.0,453.0,1909.0,17299.0,226.0,896.0,15.0,2.0,0.0,2.0,0.0,1.0
17095,2.8,7.2,90.6,84.0,2.8,3.0,5.0,20.4,11.7,8.6,29.2,0.5,0.3,11.9,40.3,49046.0,42.6,33.6,21.8,21.0,14.6,57030.0,Knox,IL,Illinois,2023.0,Crude prevalence,10.6,85.9,9.4,13.5,8.2,39.2,27.5,17.5,15.2,79.0,16.0,4.3,9.3,17.0,16.0,49967.0,1802.0,3235.0,8768.0,539.0,1059.0,5469.0,398.0,798.0,10.0,8.0,2.0,4.0,2.0,2.0
17097,5.0,4.4,97.2,94.3,3.4,2.7,6.9,28.5,4.5,4.6,25.2,2.0,0.9,9.2,40.1,714223.0,39.1,19.6,16.7,47.7,8.3,110416.0,Lake,IL,Illinois,2023.0,Crude prevalence,9.1,88.2,5.4,11.2,5.4,32.9,19.9,14.1,11.0,76.9,10.4,2.9,9.2,17.0,159.0,714342.0,11807.0,24166.0,233743.0,3349.0,5545.0,111226.0,1572.0,2749.0,149.0,38.0,5.0,18.0,2.0,10.0
17099,2.7,5.5,93.4,87.4,3.3,2.7,4.0,26.0,9.0,6.0,25.6,1.3,0.5,6.7,36.4,108714.0,42.2,35.0,24.8,20.5,13.9,73045.0,LaSalle,IL,Illinois,2023.0,Crude prevalence,10.3,86.5,8.2,12.4,7.3,37.8,24.9,17.0,14.2,78.3,15.0,3.7,9.3,17.0,28.0,109658.0,2716.0,6729.0,11267.0,686.0,1748.0,5260.0,487.0,1226.0,17.0,14.0,2.0,0.0,2.0,0.0
17101,3.8,9.2,94.1,90.3,4.1,2.6,6.6,20.8,14.6,5.7,28.2,0.2,0.6,19.7,14.8,15031.0,40.7,38.0,21.0,14.9,14.5,55324.0,Lawrence,IL,Illinois,2023.0,Crude prevalence,10.5,84.3,9.2,12.8,7.5,40.7,27.0,18.2,15.1,76.8,17.6,4.0,10.6,17.0,5.0,15280.0,313.0,805.0,1487.0,141.0,373.0,831.0,99.0,234.0,2.0,3.0,1.0,1.0,1.0,0.0
17103,2.4,6.4,92.2,87.4,2.9,2.7,3.8,24.6,11.1,6.6,26.4,0.3,0.1,12.0,30.4,33869.0,43.1,37.7,23.9,19.4,11.8,70292.0,Lee,IL,Illinois,2023.0,Crude prevalence,10.2,86.9,8.4,12.8,7.6,38.9,25.6,16.6,14.2,78.6,15.3,3.9,9.1,17.0,9.0,34145.0,875.0,2048.0,4664.0,329.0,777.0,3322.0,269.0,644.0,3.0,3.0,0.0,1.0,0.0,1.0
17105,3.4,8.0,93.9,88.5,2.1,2.2,5.2,21.6,8.3,5.5,25.7,1.1,0.5,8.6,26.7,35565.0,41.8,39.0,21.1,19.0,10.5,73790.0,Livingston,IL,Illinois,2023.0,Crude prevalence,10.5,86.3,8.4,12.2,7.3,35.9,25.4,17.2,14.2,77.9,15.3,3.8,8.8,17.0,10.0,35815.0,811.0,2146.0,2813.0,339.0,1086.0,128.0,206.0,733.0,2.0,2.0,0.0,1.0,0.0,0.0
17107,1.8,5.5,94.1,89.5,2.2,1.7,2.6,21.0,5.9,6.8,31.5,1.5,0.3,11.6,35.7,27713.0,41.1,40.8,22.6,20.9,13.1,66358.0,Logan,IL,Illinois,2023.0,Crude prevalence,10.4,85.9,7.9,11.6,6.9,38.5,24.4,17.5,13.6,77.7,15.1,3.6,8.5,17.0,8.0,27987.0,768.0,2068.0,2336.0,204.0,744.0,1320.0,164.0,642.0,4.0,3.0,1.0,1.0,1.0,0.0
17109,2.1,3.7,92.0,84.0,4.9,1.9,7.4,18.6,12.7,9.4,36.5,0.2,0.9,7.1,41.1,26920.0,34.9,32.8,19.5,31.4,17.2,52795.0,McDonough,IL,Illinois,2023.0,Crude prevalence,10.6,82.9,7.9,11.4,6.8,36.3,23.4,18.6,13.5,76.9,13.8,3.5,8.0,17.0,11.0,27238.0,1112.0,1680.0,3814.0,390.0,645.0,1948.0,264.0,406.0,6.0,7.0,2.0,2.0,0.0,2.0
17111,2.8,3.6,97.7,95.4,3.3,2.1,4.5,30.1,3.1,3.5,17.3,1.2,0.3,12.5,38.1,312591.0,40.7,26.7,22.4,35.2,6.2,104802.0,McHenry,IL,Illinois,2023.0,Crude prevalence,9.6,88.0,5.9,10.5,5.6,32.1,20.9,15.4,11.7,77.4,11.5,2.9,7.9,17.0,64.0,310229.0,4076.0,8679.0,103251.0,1784.0,4240.0,58168.0,993.0,2689.0,45.0,8.0,4.0,4.0,1.0,3.0
17113,1.4,2.7,96.6,90.0,2.0,1.9,4.6,18.3,6.8,5.9,34.9,0.7,0.6,5.9,39.1,171556.0,34.3,22.4,17.5,47.2,12.9,79905.0,McLean,IL,Illinois,2023.0,Crude prevalence,10.3,85.1,5.6,9.5,5.2,34.5,19.4,16.7,11.1,77.1,11.2,2.7,6.8,17.0,47.0,170954.0,4165.0,7245.0,31246.0,706.0,1707.0,14348.0,443.0,1140.0,36.0,19.0,3.0,4.0,1.0,1.0
17115,1.8,5.1,93.8,89.4,3.9,2.8,4.1,19.4,12.4,9.5,29.8,0.9,0.3,8.6,31.8,101849.0,40.6,37.9,21.9,24.4,15.0,62666.0,Macon,IL,Illinois,2023.0,Crude prevalence,10.8,86.9,8.5,13.3,7.5,42.1,25.9,17.3,14.4,79.3,15.0,4.1,8.1,17.0,37.0,103998.0,4124.0,8595.0,25355.0,670.0,1345.0,13431.0,346.0,752.0,32.0,23.0,2.0,8.0,1.0,3.0
17117,2.2,6.4,92.0,88.6,2.1,2.7,4.1,27.5,16.9,4.5,21.5,0.7,0.0,3.6,34.8,44350.0,44.2,39.6,19.6,20.3,13.1,70805.0,Macoupin,IL,Illinois,2023.0,Crude prevalence,10.6,86.9,9.1,12.8,7.7,37.0,25.0,17.3,14.7,78.7,15.9,4.0,7.8,17.0,13.0,44967.0,783.0,2712.0,682.0,274.0,809.0,92.0,218.0,643.0,3.0,7.0,0.0,0.0,0.0,0.0
17119,1.6,4.5,94.9,91.0,2.9,2.3,4.7,24.9,7.6,5.7,25.8,0.7,0.3,8.8,37.8,264238.0,40.2,28.5,23.5,31.0,11.1,75793.0,Madison,IL,Illinois,2023.0,Crude prevalence,10.5,87.0,7.2,11.2,6.4,38.7,22.1,17.1,13.4,78.3,13.3,3.4,7.3,17.0,63.0,265859.0,6229.0,15129.0,57064.0,1366.0,3092.0,26616.0,659.0,1644.0,50.0,30.0,5.0,7.0,0.0,5.0
17121,2.3,7.0,90.8,86.0,3.5,2.8,6.4,21.1,10.5,7.0,25.3,0.6,0.5,8.6,34.0,37000.0,41.5,36.8,24.7,16.8,15.4,61240.0,Marion,IL,Illinois,2023.0,Crude prevalence,10.8,86.0,9.5,13.3,7.9,39.5,27.0,18.1,15.3,78.5,17.0,4.1,8.3,17.0,12.0,37729.0,1083.0,3073.0,2673.0,252.0,995.0,711.0,166.0,756.0,6.0,7.0,0.0,1.0,0.0,0.0
17123,1.1,7.3,93.2,85.6,2.1,3.4,3.5,28.9,12.4,3.6,20.8,1.4,0.1,7.7,33.2,11647.0,46.1,39.2,22.8,18.0,11.4,71585.0,Marshall,IL,Illinois,2023.0,Crude prevalence,10.4,87.7,8.9,13.0,8.1,38.6,25.1,16.7,14.6,79.3,15.2,4.1,8.1,17.0,5.0,11742.0,184.0,687.0,49.0,75.0,328.0,0.0,68.0,301.0,0.0,2.0,0.0,0.0,0.0,0.0
17125,2.1,4.9,91.6,87.0,2.6,3.4,3.9,30.4,12.7,7.9,18.2,0.9,0.5,1.8,54.8,12745.0,45.4,38.0,25.3,17.1,14.8,62845.0,Mason,IL,Illinois,2023.0,Crude prevalence,10.5,87.2,9.4,13.3,8.3,37.3,25.7,17.2,15.0,79.2,16.0,4.2,7.7,17.0,6.0,13086.0,455.0,898.0,379.0,99.0,318.0,10.0,85.0,290.0,0.0,3.0,0.0,0.0,0.0,0.0
17127,4.0,5.3,85.4,77.8,2.1,3.7,7.8,20.3,20.0,5.1,23.6,2.0,0.0,17.9,32.7,13865.0,44.7,32.7,28.0,17.0,16.3,65116.0,Massac,IL,Illinois,2023.0,Crude prevalence,10.9,86.9,9.7,14.1,8.3,40.8,26.8,17.7,15.5,79.0,16.6,4.4,8.4,17.0,4.0,14169.0,279.0,931.0,991.0,82.0,374.0,172.0,69.0,312.0,2.0,2.0,0.0,0.0,0.0,0.0
17129,1.2,3.9,95.4,90.2,2.1,1.8,2.2,26.1,6.6,5.5,20.5,1.6,0.0,14.2,40.7,12095.0,42.8,34.3,21.9,28.3,10.1,82176.0,Menard,IL,Illinois,2023.0,Crude prevalence,10.4,88.1,7.9,11.7,7.0,37.9,22.5,16.4,13.5,79.0,14.1,3.6,6.7,17.0,3.0,12297.0,288.0,759.0,4.0,164.0,477.0,0.0,145.0,431.0,0.0,0.0,0.0,1.0,0.0,1.0
17131,1.7,4.5,92.9,90.5,1.9,2.0,4.6,28.1,9.9,2.8,16.2,0.3,0.3,11.6,26.0,15495.0,44.7,38.5,22.1,20.9,8.9,74182.0,Mercer,IL,Illinois,2023.0,Crude prevalence,10.3,87.3,8.6,12.4,7.6,38.6,24.4,16.9,14.3,78.8,15.3,3.9,7.8,17.0,4.0,15699.0,187.0,652.0,103.0,120.0,364.0,0.0,108.0,333.0,0.0,0.0,0.0,0.0,0.0,0.0
17133,0.6,3.4,94.7,92.7,1.3,2.3,2.5,28.3,6.2,4.0,15.3,0.2,0.0,7.3,39.5,35036.0,43.2,24.3,22.4,38.7,5.0,102880.0,Monroe,IL,Illinois,2023.0,Crude prevalence,9.9,89.4,6.2,10.1,5.9,35.5,18.6,14.9,11.7,79.4,11.3,3.0,5.6,17.0,7.0,34962.0,558.0,615.0,7599.0,206.0,319.0,5172.0,158.0,275.0,3.0,0.0,0.0,2.0,0.0,1.0
17135,2.2,7.6,89.9,84.5,2.5,3.0,4.5,22.8,9.4,6.6,22.6,1.0,0.9,11.6,34.0,27942.0,42.8,42.1,20.5,18.3,12.6,63620.0,Montgomery,IL,Illinois,2023.0,Crude prevalence,10.3,86.1,8.9,12.6,7.6,39.1,25.6,17.4,14.7,78.0,16.1,3.9,8.6,17.0,8.0,28288.0,742.0,1747.0,1744.0,254.0,736.0,842.0,216.0,629.0,3.0,3.0,0.0,1.0,0.0,0.0
17137,2.7,7.8,92.0,85.3,3.0,2.6,4.4,18.7,12.9,5.5,27.2,0.4,0.1,11.3,21.9,33021.0,41.1,39.4,20.1,22.6,13.4,66306.0,Morgan,IL,Illinois,2023.0,Crude prevalence,10.5,86.0,8.8,12.6,7.6,39.9,24.9,17.4,14.4,78.5,15.6,3.9,8.6,17.0,10.0,32915.0,724.0,2124.0,2408.0,113.0,523.0,1396.0,85.0,425.0,6.0,4.0,1.0,0.0,1.0,0.0
17139,8.0,6.5,90.1,82.6,1.3,1.1,14.1,20.9,6.8,13.3,24.0,2.1,0.3,12.6,21.2,14424.0,40.1,35.4,22.6,19.0,9.2,71784.0,Moultrie,IL,Illinois,2023.0,Crude prevalence,10.7,86.0,8.6,11.6,7.1,38.4,24.7,17.9,14.4,77.3,16.0,3.7,8.4,17.0,4.0,14526.0,775.0,688.0,100.0,471.0,292.0,3.0,444.0,266.0,1.0,1.0,0.0,1.0,0.0,1.0
17141,3.4,5.5,92.8,88.4,3.1,2.9,4.1,26.0,8.2,5.5,24.6,1.2,0.3,9.0,29.0,51495.0,42.2,33.7,21.7,24.3,8.4,82132.0,Ogle,IL,Illinois,2023.0,Crude prevalence,10.1,87.3,7.8,12.2,7.1,40.9,24.0,16.4,13.7,78.4,14.0,3.6,8.9,17.0,13.0,51788.0,1144.0,2231.0,3478.0,409.0,938.0,2494.0,310.0,761.0,2.0,4.0,1.0,1.0,0.0,1.0
17143,2.1,4.4,94.5,89.5,3.8,3.8,5.8,19.2,8.4,8.1,33.0,1.3,0.4,6.8,40.4,179645.0,38.1,27.7,21.4,34.9,15.7,65108.0,Peoria,IL,Illinois,2023.0,Crude prevalence,10.6,86.7,7.5,12.6,6.7,34.8,23.5,16.9,13.2,78.5,13.8,3.7,8.0,17.0,49.0,181830.0,6264.0,13992.0,21542.0,1106.0,1995.0,8156.0,604.0,1045.0,39.0,32.0,5.0,9.0,1.0,6.0
17145,2.0,12.1,92.9,86.5,2.2,3.0,3.5,24.3,14.0,6.5,19.1,0.4,0.3,10.7,38.6,20639.0,42.0,34.3,24.6,13.7,16.9,62118.0,Perry,IL,Illinois,2023.0,Crude prevalence,10.5,84.7,9.5,13.2,7.9,40.7,27.1,18.2,15.3,77.6,17.4,4.2,10.2,17.0,6.0,20945.0,513.0,1494.0,722.0,224.0,680.0,351.0,186.0,573.0,1.0,5.0,1.0,1.0,0.0,0.0
17147,0.4,3.3,95.3,91.3,1.8,1.1,3.3,24.0,6.6,2.1,15.2,0.3,0.0,5.8,25.5,16695.0,42.8,34.0,19.9,32.9,6.1,94811.0,Piatt,IL,Illinois,2023.0,Crude prevalence,10.0,88.6,6.9,10.9,6.6,35.1,20.8,15.5,12.4,79.1,12.5,3.3,6.2,17.0,4.0,16673.0,142.0,433.0,1906.0,70.0,245.0,1154.0,57.0,213.0,1.0,0.0,0.0,0.0,0.0,0.0
17149,3.0,5.6,88.0,83.2,2.4,1.8,5.7,23.4,18.0,3.4,22.3,1.3,0.2,10.1,30.7,14469.0,43.0,43.6,20.0,18.5,14.8,59777.0,Pike,IL,Illinois,2023.0,Crude prevalence,10.6,86.2,9.7,13.3,8.2,40.6,27.1,17.7,15.3,78.7,16.8,4.2,8.5,17.0,5.0,14739.0,204.0,951.0,464.0,122.0,614.0,112.0,108.0,551.0,0.0,4.0,0.0,0.0,0.0,0.0
17151,3.1,4.2,83.8,74.9,1.2,2.9,3.1,29.3,37.8,5.5,13.7,0.0,0.1,19.7,13.9,3739.0,53.9,38.8,26.0,15.7,13.3,60050.0,Pope,IL,Illinois,2023.0,Crude prevalence,10.3,89.8,9.9,14.9,9.4,39.6,26.1,15.7,15.5,81.6,15.0,4.7,7.1,17.0,2.0,3763.0,76.0,126.0,1262.0,65.0,109.0,136.0,64.0,107.0,0.0,1.0,1.0,0.0,0.0,0.0
17153,3.3,9.1,69.8,61.1,1.8,14.4,4.7,29.4,32.0,7.4,31.8,1.0,0.2,7.1,22.9,5015.0,43.0,42.8,22.2,13.0,25.0,42463.0,Pulaski,IL,Illinois,2023.0,Crude prevalence,11.6,85.3,11.6,18.4,9.5,45.6,32.9,18.9,17.5,80.0,20.0,5.7,11.1,17.0,2.0,5193.0,143.0,444.0,0.0,98.0,304.0,0.0,87.0,270.0,0.0,2.0,0.0,0.0,0.0,0.0
17155,1.0,4.9,96.7,86.8,2.5,2.0,3.0,28.1,20.2,3.2,18.5,0.8,0.2,1.2,27.6,5601.0,47.4,35.6,21.9,22.9,8.1,75590.0,Putnam,IL,Illinois,2023.0,Crude prevalence,9.9,88.7,7.8,12.1,7.6,36.1,22.7,15.5,13.4,79.6,13.1,3.7,7.4,17.0,2.0,5637.0,80.0,205.0,7.0,62.0,143.0,0.0,60.0,136.0,0.0,1.0,0.0,0.0,0.0,0.0
17157,3.6,9.3,91.8,86.9,2.7,1.9,5.3,23.1,11.0,6.7,23.4,0.6,0.7,12.0,32.2,30058.0,43.7,38.7,22.6,15.2,14.6,68131.0,Randolph,IL,Illinois,2023.0,Crude prevalence,10.4,86.1,8.9,12.9,7.7,38.8,26.2,17.5,14.8,78.1,16.3,4.0,9.3,17.0,10.0,30163.0,804.0,1538.0,1342.0,271.0,521.0,760.0,152.0,322.0,2.0,4.0,0.0,1.0,0.0,1.0
17159,2.7,5.8,92.2,86.6,1.9,1.3,6.1,19.7,12.5,8.4,26.2,2.1,0.5,16.4,29.8,15598.0,42.3,34.4,20.8,19.1,12.1,62455.0,Richland,IL,Illinois,2023.0,Crude prevalence,10.5,86.9,8.9,12.5,7.7,39.4,24.9,17.4,14.5,78.6,15.5,4.0,7.7,17.0,5.0,15813.0,544.0,1014.0,1234.0,132.0,353.0,393.0,94.0,288.0,3.0,4.0,1.0,1.0,0.0,1.0
17161,3.6,5.7,94.9,90.5,3.4,3.3,6.1,19.7,7.5,8.6,30.3,1.2,0.4,8.4,39.3,142757.0,40.3,30.9,24.6,24.7,15.5,67159.0,Rock Island,IL,Illinois,2023.0,Crude prevalence,10.5,86.6,8.1,13.1,7.3,39.6,24.9,16.9,14.0,78.3,14.5,3.9,10.0,17.0,43.0,144672.0,5286.0,9845.0,12838.0,728.0,1469.0,3241.0,354.0,748.0,36.0,27.0,5.0,5.0,2.0,2.0
17163,2.2,4.4,94.2,89.7,3.7,2.6,5.1,24.0,12.8,7.5,31.6,1.1,0.7,7.9,39.8,253694.0,39.9,27.0,23.5,31.8,13.6,73854.0,St. Clair,IL,Illinois,2023.0,Crude prevalence,11.1,87.5,7.2,13.1,6.5,38.8,25.0,16.9,13.2,80.2,14.2,3.8,7.8,17.0,68.0,257400.0,7567.0,16293.0,42545.0,1546.0,3681.0,17452.0,687.0,1690.0,55.0,32.0,6.0,14.0,3.0,7.0
17165,4.6,5.6,84.8,76.5,4.2,3.1,5.4,23.1,13.2,9.6,27.5,0.8,0.9,5.1,45.4,23213.0,43.8,31.7,23.8,19.6,18.9,53117.0,Saline,IL,Illinois,2023.0,Crude prevalence,10.9,86.5,9.7,13.5,8.2,40.3,26.3,17.9,15.4,78.8,16.7,4.3,8.3,17.0,9.0,23768.0,963.0,2622.0,3028.0,337.0,1217.0,1507.0,198.0,833.0,3.0,7.0,2.0,1.0,1.0,1.0
17167,1.5,4.3,95.4,90.6,3.3,2.3,3.6,19.7,9.2,7.6,28.7,1.2,0.3,8.7,37.1,194947.0,41.0,28.1,20.5,36.6,13.1,75357.0,Sangamon,IL,Illinois,2023.0,Crude prevalence,10.5,87.7,7.3,11.9,6.6,39.6,22.2,16.3,13.0,79.6,13.2,3.5,7.1,17.0,54.0,196343.0,6438.0,13108.0,29770.0,926.0,1896.0,14803.0,586.0,1182.0,41.0,25.0,1.0,7.0,1.0,3.0
17169,2.6,4.6,93.1,88.3,2.6,1.6,10.4,19.7,17.3,5.0,20.6,1.2,0.0,10.1,23.9,6787.0,49.1,39.2,25.0,19.1,20.8,65948.0,Schuyler,IL,Illinois,2023.0,Crude prevalence,10.3,87.0,9.8,14.4,8.7,40.4,27.3,17.0,15.5,79.3,17.2,4.5,8.7,17.0,3.0,6902.0,136.0,318.0,268.0,74.0,175.0,0.0,62.0,146.0,0.0,2.0,0.0,0.0,0.0,0.0
17171,1.1,6.5,88.3,83.1,1.5,3.4,5.5,24.2,14.2,4.8,21.0,1.0,0.1,6.2,17.6,4937.0,46.0,45.6,15.6,21.5,11.5,66705.0,Scott,IL,Illinois,2023.0,Crude prevalence,10.4,87.3,8.6,12.3,7.5,38.4,24.2,16.8,14.2,79.0,15.1,3.8,7.3,17.0,2.0,4949.0,99.0,332.0,11.0,72.0,241.0,0.0,68.0,228.0,0.0,1.0,0.0,0.0,0.0,0.0
17173,1.6,3.5,91.7,88.6,1.9,2.9,4.4,20.8,11.4,4.9,21.6,2.4,0.3,10.1,21.8,20720.0,45.3,40.7,22.6,18.3,9.2,72095.0,Shelby,IL,Illinois,2023.0,Crude prevalence,10.4,87.8,9.0,13.0,8.1,37.6,24.8,16.7,14.5,79.4,15.2,4.1,7.4,17.0,6.0,20990.0,438.0,1245.0,450.0,186.0,631.0,94.0,163.0,569.0,1.0,2.0,0.0,0.0,0.0,0.0
17175,2.3,4.9,93.4,85.2,1.4,2.1,5.8,25.7,11.2,2.5,19.9,0.3,0.3,10.6,32.3,5308.0,44.4,38.5,22.0,21.4,11.1,62878.0,Stark,IL,Illinois,2023.0,Crude prevalence,10.3,87.2,8.8,12.7,7.9,38.2,24.9,16.8,14.4,78.9,15.1,4.0,7.8,17.0,2.0,5400.0,56.0,264.0,4.0,40.0,197.0,0.0,37.0,184.0,0.0,0.0,0.0,0.0,0.0,0.0
17177,2.0,5.4,91.7,86.5,2.6,4.2,5.2,20.7,9.2,7.9,29.1,0.8,0.3,13.2,30.2,43768.0,45.3,33.0,25.5,20.7,13.9,64043.0,Stephenson,IL,Illinois,2023.0,Crude prevalence,10.6,88.0,9.1,13.9,8.3,40.6,26.8,16.9,14.8,80.2,15.0,4.3,8.2,17.0,13.0,44630.0,1526.0,3291.0,6430.0,485.0,941.0,2801.0,274.0,500.0,6.0,8.0,3.0,3.0,1.0,1.0
17179,1.9,3.8,95.7,90.2,2.2,2.1,5.1,20.8,8.0,5.5,21.6,0.7,0.2,7.4,35.4,130290.0,41.9,30.5,23.5,28.4,9.0,77982.0,Tazewell,IL,Illinois,2023.0,Crude prevalence,10.3,87.5,7.3,11.2,6.6,36.3,22.4,16.3,13.0,78.7,13.5,3.4,6.9,17.0,30.0,131343.0,2978.0,5605.0,29767.0,1088.0,1728.0,11141.0,623.0,833.0,22.0,7.0,3.0,5.0,0.0,4.0
17181,3.9,8.7,81.5,72.6,2.0,5.9,6.4,24.4,12.5,9.6,22.6,0.1,0.3,3.6,44.5,16997.0,44.3,34.7,21.9,20.9,20.2,55728.0,Union,IL,Illinois,2023.0,Crude prevalence,10.7,86.3,10.1,14.1,8.7,39.8,28.0,17.5,15.7,78.8,17.1,4.4,9.3,17.0,5.0,17244.0,656.0,1191.0,1900.0,270.0,556.0,971.0,229.0,473.0,2.0,2.0,1.0,2.0,1.0,2.0
17183,2.6,6.4,91.6,87.6,3.5,2.7,4.9,20.1,12.4,9.1,29.8,0.8,0.3,9.3,36.9,72386.0,41.3,39.2,20.7,19.2,17.7,56877.0,Vermilion,IL,Illinois,2023.0,Crude prevalence,10.9,85.9,9.7,14.4,8.2,43.8,29.0,18.2,15.7,79.6,17.2,4.4,9.7,17.0,24.0,74188.0,2748.0,5877.0,12639.0,1081.0,2342.0,5050.0,392.0,1052.0,13.0,17.0,6.0,5.0,1.0,5.0
17185,2.3,4.9,92.7,84.5,2.4,1.0,4.2,23.7,12.4,11.0,23.7,0.6,0.7,5.9,34.1,11119.0,43.2,33.0,21.5,18.6,16.7,57086.0,Wabash,IL,Illinois,2023.0,Crude prevalence,10.6,86.3,9.4,13.3,8.2,39.8,25.6,17.5,14.9,78.7,15.8,4.2,7.9,17.0,4.0,11361.0,521.0,966.0,2368.0,208.0,392.0,1259.0,142.0,271.0,3.0,3.0,2.0,2.0,2.0,1.0
17187,5.9,7.0,93.0,84.7,2.2,1.7,5.0,18.8,10.5,6.9,24.8,1.1,0.3,8.5,26.5,16447.0,38.5,34.5,19.6,22.0,14.6,67385.0,Warren,IL,Illinois,2023.0,Crude prevalence,10.4,85.7,8.2,12.3,7.3,37.0,25.0,17.3,14.1,77.7,14.5,3.7,9.5,17.0,5.0,16835.0,470.0,1083.0,2257.0,157.0,401.0,1033.0,126.0,331.0,2.0,3.0,2.0,1.0,1.0,1.0
17189,2.9,4.2,92.4,87.4,2.8,1.6,3.4,26.7,9.7,2.6,15.9,0.5,0.4,6.1,22.5,13627.0,44.2,31.1,23.1,23.5,7.5,78224.0,Washington,IL,Illinois,2023.0,Crude prevalence,10.2,88.1,7.8,11.7,7.2,36.8,22.4,16.3,13.5,79.0,13.8,3.6,6.7,17.0,4.0,13761.0,152.0,549.0,73.0,117.0,390.0,0.0,107.0,336.0,0.0,1.0,0.0,0.0,0.0,0.0
17191,4.8,5.5,89.0,83.0,2.0,2.1,12.1,24.2,10.6,7.2,21.6,1.5,0.8,11.0,30.2,15973.0,42.8,35.4,21.5,16.3,16.1,55521.0,Wayne,IL,Illinois,2023.0,Crude prevalence,10.7,86.4,10.0,13.6,8.5,39.9,27.4,17.8,15.7,78.8,17.0,4.3,8.5,17.0,5.0,16179.0,494.0,961.0,2523.0,265.0,508.0,1034.0,234.0,440.0,2.0,3.0,1.0,2.0,0.0,1.0
17193,3.6,7.5,89.2,78.6,2.1,2.8,4.9,24.4,15.7,9.5,22.9,0.8,0.1,6.8,33.9,13619.0,44.3,33.7,23.9,18.3,16.4,54813.0,White,IL,Illinois,2023.0,Crude prevalence,10.9,86.2,11.0,14.5,9.2,39.2,28.8,18.1,16.5,79.1,18.1,4.7,8.9,17.0,5.0,13877.0,537.0,1061.0,1456.0,217.0,469.0,387.0,188.0,420.0,2.0,5.0,1.0,0.0,0.0,0.0
17195,3.2,4.9,93.3,86.7,2.7,1.6,5.0,20.3,10.5,5.8,23.1,0.9,0.2,8.4,37.1,54947.0,43.0,37.4,22.9,20.5,12.0,67500.0,Whiteside,IL,Illinois,2023.0,Crude prevalence,10.2,87.1,8.3,13.0,7.6,36.2,25.4,16.6,14.4,78.5,14.6,3.8,9.6,17.0,19.0,55691.0,1344.0,3252.0,6608.0,332.0,973.0,4191.0,267.0,806.0,11.0,9.0,3.0,3.0,1.0,2.0
17197,4.0,4.2,97.0,94.1,3.4,2.1,5.2,31.4,3.9,3.9,17.2,1.6,0.5,8.1,43.4,701462.0,39.1,25.2,20.6,37.5,7.3,109984.0,Will,IL,Illinois,2023.0,Crude prevalence,9.7,87.7,5.6,10.7,5.3,38.0,24.0,15.7,11.7,77.5,11.6,2.9,9.1,17.0,172.0,696355.0,9521.0,24658.0,234362.0,2562.0,6888.0,108333.0,1203.0,3602.0,153.0,37.0,8.0,12.0,3.0,4.0
17199,1.8,5.4,92.9,87.6,2.9,3.0,4.6,23.5,9.7,6.0,29.3,0.4,0.1,11.2,35.2,66876.0,41.6,28.7,25.9,26.2,13.8,65604.0,Williamson,IL,Illinois,2023.0,Crude prevalence,10.5,87.2,8.2,12.4,7.2,40.1,24.3,16.9,14.0,78.4,14.7,3.7,7.5,17.0,18.0,67153.0,1735.0,4817.0,10401.0,603.0,1941.0,5931.0,437.0,1460.0,10.0,8.0,2.0,2.0,2.0,2.0
17201,3.6,7.6,93.9,88.8,4.5,3.5,6.2,23.0,7.2,8.6,34.1,1.2,0.7,9.2,40.6,283292.0,39.6,30.6,23.1,25.2,15.6,65837.0,Winnebago,IL,Illinois,2023.0,Crude prevalence,10.6,86.2,8.3,13.9,7.3,42.0,27.0,17.6,14.9,78.9,15.5,4.0,10.7,17.0,80.0,285350.0,9962.0,23722.0,49462.0,1169.0,2962.0,19998.0,476.0,1338.0,72.0,42.0,6.0,10.0,1.0,3.0
17203,1.5,3.7,94.4,87.7,2.2,1.7,5.2,25.0,6.8,3.3,14.3,0.3,0.1,13.0,31.2,38312.0,40.4,27.0,19.5,35.9,7.0,91483.0,Woodford,IL,Illinois,2023.0,Crude prevalence,10.1,88.0,6.8,10.6,6.4,37.3,20.6,15.8,12.3,78.8,12.4,3.2,6.1,17.0,9.0,38467.0,479.0,801.0,8730.0,292.0,481.0,5350.0,227.0,383.0,2.0,1.0,0.0,1.0,0.0,0.0
18001,7.2,3.9,82.9,78.4,1.7,2.2,20.7,24.6,6.8,13.1,16.5,2.3,1.4,9.2,32.1,36227.0,33.2,45.3,16.0,16.2,11.2,65289.0,Adams,IN,Indiana,2023.0,Crude prevalence,11.7,83.7,10.4,14.1,8.1,41.7,28.2,19.2,16.1,79.4,19.4,4.1,10.1,18.0,7.0,35809.0,1626.0,816.0,3972.0,1265.0,376.0,2524.0,1122.0,280.0,2.0,2.0,1.0,4.0,1.0,4.0
18003,4.8,4.9,95.1,91.1,3.1,1.7,8.3,21.9,5.8,6.8,31.1,1.3,0.5,8.9,37.5,392378.0,36.2,28.1,20.4,31.6,12.5,70737.0,Allen,IN,Indiana,2023.0,Crude prevalence,11.2,85.4,7.6,12.9,6.4,39.4,22.9,17.4,12.8,79.3,14.4,3.4,8.9,18.0,96.0,385410.0,10665.0,14273.0,106107.0,2433.0,2414.0,47711.0,1355.0,1091.0,83.0,40.0,7.0,14.0,3.0,7.0
18005,2.5,5.5,95.8,92.9,2.7,1.9,5.5,21.5,6.5,5.2,30.7,1.2,0.6,9.0,33.6,83536.0,37.5,32.6,17.3,34.1,10.5,79901.0,Bartholomew,IN,Indiana,2023.0,Crude prevalence,10.6,86.2,7.6,12.4,6.6,38.9,24.0,17.2,13.2,80.5,14.8,3.3,8.4,18.0,16.0,82208.0,1740.0,2474.0,16546.0,527.0,785.0,10988.0,413.0,617.0,10.0,4.0,0.0,3.0,0.0,2.0
18007,3.2,7.9,92.4,88.5,2.4,1.4,7.1,25.4,8.2,4.8,20.2,1.2,0.9,6.3,37.4,8735.0,39.9,41.0,19.7,19.8,13.9,65875.0,Benton,IN,Indiana,2023.0,Crude prevalence,11.5,84.9,10.0,14.2,8.0,42.4,28.1,18.7,15.7,79.4,18.8,4.0,9.7,18.0,3.0,8719.0,165.0,403.0,89.0,106.0,253.0,0.0,94.0,233.0,0.0,1.0,0.0,0.0,0.0,0.0
18009,2.5,7.2,90.5,84.7,2.1,1.7,7.5,27.1,11.6,9.5,26.1,0.1,0.2,20.8,25.5,11950.0,43.1,45.9,21.1,14.5,16.2,51326.0,Blackford,IN,Indiana,2023.0,Crude prevalence,11.7,85.3,12.1,16.4,9.6,44.3,30.9,18.9,17.2,80.0,20.8,4.8,9.5,18.0,4.0,12112.0,492.0,754.0,288.0,105.0,219.0,30.0,83.0,183.0,2.0,2.0,0.0,0.0,0.0,0.0
18011,1.7,3.3,97.2,93.5,1.9,1.0,4.5,23.6,3.4,2.4,21.2,0.4,0.0,9.3,30.6,74718.0,38.8,20.4,14.1,51.7,4.5,111250.0,Boone,IN,Indiana,2023.0,Crude prevalence,10.4,88.5,5.9,10.5,5.4,32.9,18.9,15.0,11.3,80.6,11.6,2.6,5.9,18.0,11.0,70812.0,685.0,1067.0,19490.0,272.0,541.0,12427.0,134.0,413.0,6.0,1.0,1.0,1.0,0.0,1.0
18013,1.3,4.5,93.8,88.1,1.3,1.6,4.3,36.0,20.9,3.5,13.4,2.0,0.1,1.9,48.7,15606.0,51.0,38.4,17.5,26.4,7.8,78528.0,Brown,IN,Indiana,2023.0,Crude prevalence,10.9,89.2,9.5,14.7,8.5,36.1,25.3,15.8,14.7,82.4,15.9,4.1,6.8,18.0,5.0,15475.0,237.0,332.0,377.0,210.0,298.0,4.0,198.0,281.0,0.0,1.0,0.0,0.0,0.0,0.0
18015,3.6,6.8,93.4,83.6,2.0,1.5,12.2,25.2,15.4,4.6,17.8,0.4,0.0,8.3,19.6,20535.0,43.2,43.7,17.4,17.2,8.8,65645.0,Carroll,IN,Indiana,2023.0,Crude prevalence,11.1,86.7,9.5,13.9,8.0,41.6,27.4,17.7,15.2,80.7,17.5,3.9,8.7,18.0,7.0,20306.0,368.0,423.0,11.0,200.0,211.0,0.0,166.0,166.0,0.0,1.0,0.0,0.0,0.0,0.0
18017,5.9,8.5,92.2,83.5,2.8,1.9,6.6,22.3,8.2,5.0,25.7,0.7,0.1,6.7,33.8,37680.0,41.8,41.9,18.2,16.5,13.2,56403.0,Cass,IN,Indiana,2023.0,Crude prevalence,11.1,85.0,10.0,15.3,8.1,47.4,31.2,18.0,16.0,78.8,18.5,4.1,12.3,18.0,11.0,37870.0,745.0,1420.0,507.0,246.0,367.0,60.0,206.0,299.0,5.0,5.0,0.0,0.0,0.0,0.0
18019,3.0,5.8,95.7,90.9,2.6,1.6,6.7,22.2,6.9,5.0,25.3,1.6,0.4,9.9,35.5,124354.0,39.9,32.4,21.5,27.7,10.2,74214.0,Clark,IN,Indiana,2023.0,Crude prevalence,11.3,86.4,8.1,12.5,6.7,43.9,24.8,17.3,13.8,80.1,16.4,3.4,8.3,18.0,27.0,121093.0,2584.0,3939.0,26076.0,799.0,1059.0,9606.0,480.0,583.0,20.0,7.0,1.0,4.0,0.0,2.0
18021,2.5,7.3,93.4,87.7,1.9,1.1,6.0,29.1,9.4,4.2,19.1,1.8,0.6,6.5,25.7,26409.0,41.4,38.8,17.4,20.3,11.7,70010.0,Clay,IN,Indiana,2023.0,Crude prevalence,11.4,86.1,9.6,14.2,7.8,43.3,27.6,18.0,15.3,80.4,18.0,3.8,8.1,18.0,6.0,26466.0,440.0,820.0,9693.0,168.0,351.0,7961.0,133.0,278.0,4.0,1.0,1.0,0.0,1.0,0.0
18023,5.8,7.4,94.8,88.3,1.7,1.1,7.7,21.7,7.6,4.1,25.8,1.2,0.4,15.1,22.9,32944.0,36.7,44.2,16.8,16.5,9.8,65019.0,Clinton,IN,Indiana,2023.0,Crude prevalence,11.0,84.8,8.9,13.4,7.2,40.2,28.1,17.9,14.9,79.0,17.5,3.6,11.6,18.0,8.0,33190.0,508.0,861.0,775.0,166.0,253.0,28.0,136.0,208.0,4.0,2.0,0.0,0.0,0.0,0.0
18025,3.9,10.0,89.9,74.4,1.8,0.8,7.0,37.4,22.5,5.2,18.7,0.5,0.7,4.4,40.6,10499.0,45.7,48.7,16.1,11.4,22.9,49640.0,Crawford,IN,Indiana,2023.0,Crude prevalence,11.9,84.7,13.8,17.8,10.4,43.6,33.2,19.5,18.7,80.4,23.5,5.2,10.3,18.0,3.0,10526.0,238.0,536.0,228.0,192.0,469.0,0.0,175.0,439.0,0.0,3.0,0.0,1.0,0.0,1.0
18027,14.8,8.7,86.9,82.3,1.0,1.1,21.9,21.4,8.3,13.6,27.6,3.5,1.0,12.4,31.2,33658.0,34.5,33.3,14.4,16.5,11.7,68503.0,Daviess,IN,Indiana,2023.0,Crude prevalence,11.7,83.1,10.2,13.8,7.8,41.4,30.3,19.6,16.2,77.9,19.7,3.9,10.8,18.0,8.0,33381.0,1612.0,1220.0,1128.0,1130.0,333.0,248.0,1061.0,254.0,3.0,2.0,0.0,3.0,0.0,3.0
18029,1.6,5.7,94.1,89.1,1.2,2.2,4.8,29.8,3.9,4.1,14.8,0.4,0.1,7.1,30.1,51094.0,42.1,39.5,17.8,25.3,7.6,84735.0,Dearborn,IN,Indiana,2023.0,Crude prevalence,10.9,87.3,8.3,12.4,7.2,35.8,24.0,16.8,13.8,80.5,16.3,3.5,7.1,18.0,13.0,50679.0,832.0,1571.0,12002.0,471.0,1018.0,8594.0,310.0,780.0,4.0,1.0,0.0,1.0,0.0,1.0
18031,3.6,5.7,93.3,88.0,1.7,0.6,3.9,24.0,8.3,3.2,23.9,0.9,0.0,8.9,26.8,26422.0,39.8,43.2,17.7,20.0,10.2,69783.0,Decatur,IN,Indiana,2023.0,Crude prevalence,11.1,86.0,8.5,12.4,7.1,37.6,26.5,17.9,14.1,79.0,16.4,3.5,7.9,18.0,6.0,26472.0,347.0,597.0,1858.0,209.0,372.0,1182.0,183.0,328.0,2.0,0.0,0.0,0.0,0.0,0.0
18033,2.3,4.8,93.3,88.1,3.0,1.2,6.5,21.3,7.0,5.8,17.9,1.0,0.0,10.2,29.3,43807.0,38.4,41.6,20.5,20.2,9.5,74331.0,DeKalb,IN,Indiana,2023.0,Crude prevalence,11.2,85.8,8.6,12.8,7.1,43.7,25.7,18.1,14.3,79.4,16.8,3.5,8.1,18.0,9.0,43265.0,995.0,1082.0,8414.0,527.0,620.0,3983.0,409.0,424.0,3.0,1.0,0.0,3.0,0.0,3.0
18035,2.5,7.1,94.8,88.4,3.5,2.1,6.8,21.2,10.4,7.2,33.5,1.3,0.5,6.7,43.5,112280.0,35.8,33.7,21.2,26.2,19.6,58127.0,Delaware,IN,Indiana,2023.0,Crude prevalence,12.0,82.5,9.1,13.5,7.2,36.6,25.3,20.2,14.7,79.1,16.8,3.7,8.3,18.0,34.0,111903.0,3308.0,6562.0,21975.0,592.0,1395.0,11460.0,357.0,829.0,26.0,20.0,5.0,2.0,2.0,1.0
18037,4.2,6.3,92.6,86.4,1.5,2.2,5.2,19.8,6.7,4.2,25.3,0.7,0.6,4.2,27.3,43614.0,40.3,35.7,17.5,25.7,11.0,75979.0,Dubois,IN,Indiana,2023.0,Crude prevalence,10.9,86.8,8.5,13.2,7.4,40.0,25.0,16.6,14.2,80.1,15.4,3.6,8.8,18.0,9.0,43637.0,736.0,746.0,8312.0,237.0,212.0,5923.0,155.0,122.0,4.0,3.0,3.0,1.0,0.0,1.0
18039,9.5,8.3,92.3,88.6,2.3,1.9,14.2,20.0,10.2,7.8,28.4,2.1,0.6,8.4,39.4,207132.0,35.6,36.9,18.3,20.1,12.4,68561.0,Elkhart,IN,Indiana,2023.0,Crude prevalence,11.3,84.1,8.8,13.6,7.1,43.8,26.5,18.9,15.2,79.2,17.0,3.7,12.6,18.0,45.0,207047.0,5618.0,5087.0,48254.0,3106.0,1711.0,21461.0,2368.0,867.0,32.0,14.0,7.0,13.0,3.0,13.0
18041,4.6,9.6,93.2,86.9,1.9,2.5,6.3,26.8,13.6,7.3,27.9,1.4,0.0,7.6,45.2,23334.0,44.0,42.5,19.0,16.0,17.9,59321.0,Fayette,IN,Indiana,2023.0,Crude prevalence,11.8,84.9,11.4,15.4,8.9,44.9,29.6,19.1,16.6,80.1,20.2,4.4,9.4,18.0,7.0,23398.0,690.0,1326.0,1911.0,130.0,353.0,617.0,70.0,235.0,4.0,4.0,1.0,2.0,0.0,1.0
18043,2.8,4.4,94.8,89.7,2.6,1.8,4.6,23.1,8.4,5.8,26.8,0.5,0.2,8.5,38.0,80918.0,40.9,29.3,21.8,32.9,10.3,79704.0,Floyd,IN,Indiana,2023.0,Crude prevalence,11.3,87.1,7.8,12.5,6.7,37.6,24.9,17.6,13.5,80.3,14.9,3.3,7.3,18.0,20.0,80484.0,1841.0,2417.0,12989.0,359.0,462.0,5145.0,171.0,249.0,14.0,7.0,1.0,2.0,0.0,1.0
18045,2.8,6.1,94.6,89.6,3.0,1.6,6.6,25.1,11.9,3.2,25.4,0.4,0.9,10.1,18.6,16617.0,42.7,42.4,22.2,14.7,12.4,62542.0,Fountain,IN,Indiana,2023.0,Crude prevalence,11.5,85.9,10.0,14.1,8.2,42.6,28.2,18.2,15.8,80.0,18.5,4.0,8.6,18.0,5.0,16479.0,223.0,610.0,5.0,127.0,356.0,0.0,113.0,312.0,0.0,3.0,0.0,0.0,0.0,0.0
18047,3.1,6.7,90.8,83.0,2.4,1.3,6.7,36.0,6.0,6.5,18.5,1.7,0.0,6.4,33.9,23020.0,42.4,42.6,18.4,19.5,6.9,78074.0,Franklin,IN,Indiana,2023.0,Crude prevalence,11.2,86.8,9.1,13.7,7.6,40.8,26.0,17.3,14.6,80.6,16.8,3.7,7.5,18.0,5.0,22785.0,598.0,420.0,24.0,410.0,300.0,0.0,365.0,271.0,0.0,2.0,0.0,1.0,0.0,1.0
18049,3.5,8.4,93.1,87.6,4.0,1.2,8.9,23.8,16.0,6.0,19.9,2.7,0.3,6.2,34.5,20312.0,42.3,43.5,19.3,16.9,15.3,61360.0,Fulton,IN,Indiana,2023.0,Crude prevalence,11.4,85.8,10.2,14.6,8.5,41.7,28.7,18.0,16.0,80.1,18.6,4.2,9.4,18.0,6.0,20480.0,482.0,996.0,722.0,276.0,450.0,8.0,231.0,346.0,1.0,2.0,1.0,1.0,0.0,1.0
18051,2.0,7.4,94.2,88.9,1.4,1.1,3.7,20.6,9.8,4.0,23.3,2.2,0.4,8.5,27.3,33000.0,40.2,40.7,18.9,18.5,10.8,67573.0,Gibson,IN,Indiana,2023.0,Crude prevalence,11.2,85.7,9.0,13.0,7.5,39.4,25.8,18.1,14.7,80.1,17.6,3.7,8.0,18.0,8.0,33011.0,544.0,1096.0,870.0,196.0,437.0,250.0,149.0,339.0,2.0,2.0,1.0,0.0,0.0,0.0
18053,2.6,8.1,92.7,88.2,3.7,2.3,6.8,22.0,10.5,6.4,27.3,0.9,0.9,5.8,36.6,66295.0,38.7,37.4,20.5,20.3,19.8,53522.0,Grant,IN,Indiana,2023.0,Crude prevalence,11.7,84.4,10.1,15.2,8.1,41.1,29.1,19.1,15.8,80.9,17.8,4.1,9.1,18.0,16.0,66674.0,1707.0,3698.0,4681.0,516.0,792.0,2484.0,389.0,571.0,10.0,11.0,3.0,3.0,1.0,2.0
18055,2.7,7.9,91.3,83.3,3.5,2.5,7.4,30.0,8.7,6.2,23.0,0.5,1.8,10.8,32.2,31021.0,42.9,40.1,21.1,16.1,12.8,62094.0,Greene,IN,Indiana,2023.0,Crude prevalence,11.5,85.7,10.5,14.7,8.5,40.7,28.4,18.5,15.9,79.7,19.4,4.2,8.7,18.0,9.0,30803.0,813.0,1404.0,495.0,465.0,755.0,154.0,412.0,664.0,2.0,4.0,0.0,2.0,0.0,2.0
18057,0.9,1.8,98.5,96.3,2.0,1.0,4.1,25.9,5.2,2.4,23.9,0.7,0.3,9.9,32.5,365056.0,38.4,14.2,14.3,61.9,4.4,121530.0,Hamilton,IN,Indiana,2023.0,Crude prevalence,10.2,89.4,4.7,9.6,4.9,32.5,16.1,13.7,9.6,80.9,9.5,2.3,5.2,18.0,57.0,347467.0,3260.0,3433.0,184355.0,1540.0,1800.0,91408.0,652.0,1022.0,50.0,2.0,1.0,6.0,1.0,5.0
18059,1.9,3.9,96.8,93.6,1.9,1.4,5.5,27.7,2.6,3.0,20.5,0.4,0.6,11.4,29.0,84037.0,40.0,29.7,20.6,34.9,4.7,93186.0,Hancock,IN,Indiana,2023.0,Crude prevalence,11.0,87.9,6.7,11.3,6.1,39.9,20.7,16.2,12.5,79.0,13.6,3.0,6.7,18.0,15.0,79840.0,995.0,1517.0,12904.0,468.0,663.0,7997.0,344.0,441.0,7.0,1.0,0.0,1.0,0.0,1.0
18061,2.0,6.0,90.8,85.2,2.1,1.7,5.0,30.5,8.6,4.0,16.4,1.0,0.1,5.6,30.8,39859.0,43.0,39.1,21.3,21.7,7.2,74475.0,Harrison,IN,Indiana,2023.0,Crude prevalence,11.2,87.3,8.7,12.8,7.3,42.7,24.6,17.4,14.0,80.1,16.2,3.6,7.4,18.0,9.0,39654.0,617.0,935.0,317.0,483.0,660.0,0.0,407.0,544.0,0.0,1.0,0.0,2.0,0.0,2.0
18063,1.9,4.8,97.5,94.1,1.7,1.2,5.2,25.3,3.7,3.3,21.8,0.9,0.4,9.4,38.0,183344.0,38.5,26.4,18.6,39.5,5.3,101144.0,Hendricks,IN,Indiana,2023.0,Crude prevalence,10.7,88.0,6.1,11.1,5.6,36.4,19.8,15.4,11.8,79.2,12.8,2.8,6.9,18.0,31.0,174788.0,2217.0,2220.0,75658.0,1071.0,1188.0,47134.0,639.0,814.0,23.0,1.0,0.0,3.0,0.0,2.0
18065,2.6,6.9,93.7,88.7,2.0,1.9,5.7,25.8,11.2,5.7,23.8,0.8,0.3,7.2,33.5,48970.0,42.2,42.0,22.1,17.5,13.6,63150.0,Henry,IN,Indiana,2023.0,Crude prevalence,11.4,85.5,9.6,13.5,7.9,43.7,29.1,18.4,15.2,79.3,18.0,3.9,8.5,18.0,13.0,48914.0,1064.0,1889.0,3823.0,328.0,618.0,2372.0,263.0,507.0,7.0,7.0,1.0,1.0,0.0,0.0
18067,2.8,5.4,93.7,89.0,3.4,2.6,5.7,20.4,10.7,7.3,29.4,1.1,0.2,9.3,42.0,83752.0,40.7,37.7,22.7,20.8,13.4,64027.0,Howard,IN,Indiana,2023.0,Crude prevalence,11.6,86.2,9.4,14.4,7.7,36.5,27.8,17.8,15.0,79.9,17.9,4.0,8.4,18.0,21.0,83658.0,2597.0,4070.0,8357.0,288.0,353.0,3831.0,150.0,248.0,15.0,9.0,1.0,3.0,0.0,1.0
18069,1.3,6.0,94.0,87.4,2.2,2.6,5.5,22.0,5.7,4.7,22.6,0.8,0.2,9.4,30.1,36798.0,40.4,44.2,16.9,21.3,9.9,66301.0,Huntington,IN,Indiana,2023.0,Crude prevalence,11.2,85.9,8.8,13.3,7.3,39.9,25.2,17.9,14.4,80.4,16.6,3.6,7.9,18.0,9.0,36662.0,719.0,1692.0,5664.0,298.0,817.0,3405.0,201.0,614.0,4.0,3.0,2.0,2.0,1.0,1.0
18071,5.5,6.6,92.1,85.7,1.7,3.0,8.5,22.6,6.3,5.7,26.8,0.9,0.6,11.7,27.4,46660.0,38.4,38.9,20.2,20.3,12.3,70262.0,Jackson,IN,Indiana,2023.0,Crude prevalence,10.8,85.5,8.8,13.6,7.3,39.6,26.9,17.5,14.4,78.9,17.3,3.6,10.1,18.0,11.0,46428.0,1034.0,1571.0,4851.0,384.0,621.0,1243.0,242.0,390.0,5.0,4.0,2.0,2.0,0.0,1.0
18073,3.6,3.8,96.2,91.1,2.9,1.7,5.5,28.8,7.5,2.3,16.4,0.6,0.4,13.2,30.7,33234.0,41.2,42.7,22.1,19.2,8.4,77314.0,Jasper,IN,Indiana,2023.0,Crude prevalence,10.9,86.7,8.4,12.7,7.2,40.2,25.3,17.3,14.4,78.5,15.8,3.5,8.4,18.0,8.0,32918.0,295.0,685.0,7.0,178.0,420.0,0.0,144.0,340.0,0.0,3.0,0.0,1.0,0.0,0.0
18075,5.2,8.8,89.2,82.8,2.6,2.2,10.8,22.5,12.3,8.2,20.1,1.2,0.1,14.8,36.9,20229.0,39.5,45.7,17.3,13.3,14.4,54969.0,Jay,IN,Indiana,2023.0,Crude prevalence,11.6,84.5,11.0,15.0,8.6,43.6,30.6,19.2,16.6,79.3,20.2,4.3,10.0,18.0,7.0,20478.0,639.0,757.0,793.0,357.0,299.0,312.0,336.0,266.0,2.0,4.0,0.0,1.0,0.0,1.0
18077,3.0,7.1,91.9,86.9,2.5,2.5,7.6,22.2,11.9,3.4,28.2,1.6,0.6,12.1,27.2,32998.0,41.8,37.8,20.6,19.8,12.3,64577.0,Jefferson,IN,Indiana,2023.0,Crude prevalence,11.5,85.7,9.2,13.5,7.5,36.6,25.3,18.2,15.0,80.5,17.2,3.7,8.4,18.0,7.0,33147.0,435.0,1274.0,1697.0,221.0,634.0,1006.0,188.0,483.0,2.0,2.0,0.0,0.0,0.0,0.0
18079,3.3,9.0,93.2,87.9,2.8,3.1,9.1,26.1,6.7,5.5,21.2,2.6,1.2,3.4,40.3,27562.0,40.3,43.8,21.8,14.8,12.6,69322.0,Jennings,IN,Indiana,2023.0,Crude prevalence,11.5,85.2,9.9,14.3,7.8,41.2,28.1,19.0,15.8,79.8,19.5,3.9,8.9,18.0,6.0,27613.0,599.0,873.0,257.0,410.0,625.0,78.0,329.0,478.0,1.0,2.0,0.0,2.0,0.0,2.0
18081,3.0,4.7,96.1,93.0,2.0,1.3,4.7,26.4,5.1,3.3,27.3,1.2,0.4,7.7,35.0,166315.0,38.0,29.1,19.3,34.7,7.4,90454.0,Johnson,IN,Indiana,2023.0,Crude prevalence,10.9,87.0,6.9,11.9,6.0,38.8,22.5,16.7,12.5,80.8,14.1,2.9,7.1,18.0,28.0,161765.0,2083.0,4075.0,42818.0,694.0,1292.0,19514.0,371.0,678.0,22.0,4.0,2.0,3.0,1.0,0.0
18083,3.2,7.2,93.4,88.2,1.9,3.3,6.0,19.7,10.6,7.5,32.2,1.4,0.2,8.7,29.1,36007.0,39.0,35.5,19.8,19.1,13.7,61237.0,Knox,IN,Indiana,2023.0,Crude prevalence,11.3,84.7,9.3,13.2,7.6,36.8,25.4,18.6,15.1,79.7,17.5,3.8,8.3,18.0,11.0,36282.0,1143.0,1963.0,6154.0,389.0,754.0,4111.0,298.0,577.0,6.0,6.0,0.0,1.0,0.0,1.0
18085,5.8,6.3,93.1,87.1,1.8,1.3,11.7,20.3,17.8,5.5,23.0,1.7,0.3,7.9,38.3,80442.0,39.1,35.3,20.1,25.1,9.8,75317.0,Kosciusko,IN,Indiana,2023.0,Crude prevalence,11.0,85.5,8.5,13.0,7.2,38.7,27.2,17.4,14.2,78.8,16.6,3.5,9.2,18.0,21.0,80240.0,1772.0,1652.0,11540.0,1082.0,1094.0,7434.0,927.0,912.0,8.0,3.0,1.0,4.0,1.0,2.0
18087,34.3,6.8,72.5,66.9,2.7,1.6,44.4,21.8,14.9,29.2,17.0,3.1,0.6,7.1,25.3,40805.0,32.7,29.0,12.5,11.5,5.9,84487.0,LaGrange,IN,Indiana,2023.0,Crude prevalence,11.9,82.0,9.8,12.4,7.2,39.6,29.1,19.9,15.9,76.2,19.6,3.6,12.0,18.0,9.0,40446.0,3764.0,597.0,0.0,3388.0,468.0,0.0,3147.0,416.0,0.0,0.0,0.0,8.0,0.0,8.0
18089,3.7,6.1,94.1,89.7,3.7,2.3,6.6,28.5,10.3,7.2,28.3,1.7,0.6,7.4,44.8,500379.0,39.7,34.2,21.1,25.8,14.3,71493.0,Lake,IN,Indiana,2023.0,Crude prevalence,11.5,86.7,8.4,15.1,7.1,39.9,27.9,17.0,14.9,79.6,17.0,4.0,10.7,18.0,131.0,498700.0,14036.0,25127.0,93920.0,1581.0,2311.0,36168.0,629.0,877.0,124.0,79.0,11.0,8.0,1.0,3.0
18091,3.0,6.2,94.5,90.2,2.7,2.0,5.9,25.0,12.8,4.8,25.3,1.5,0.3,10.4,36.7,111917.0,41.1,39.5,19.9,22.7,13.6,71055.0,LaPorte,IN,Indiana,2023.0,Crude prevalence,11.0,86.2,9.2,15.0,7.7,37.0,28.1,17.7,15.2,79.8,17.6,3.9,9.5,18.0,30.0,112417.0,2079.0,4318.0,17370.0,638.0,1624.0,8282.0,395.0,1104.0,19.0,14.0,5.0,2.0,4.0,1.0
18093,3.0,7.0,89.7,84.1,2.1,1.8,6.1,27.2,6.9,4.8,19.3,1.1,0.5,11.3,36.1,45102.0,43.3,39.8,19.7,20.4,12.2,66468.0,Lawrence,IN,Indiana,2023.0,Crude prevalence,11.4,86.1,9.5,13.9,7.9,42.0,26.8,17.5,15.1,80.2,16.9,3.9,8.0,18.0,13.0,45011.0,927.0,1583.0,3315.0,378.0,704.0,1133.0,187.0,474.0,4.0,3.0,1.0,1.0,0.0,1.0
18095,2.7,6.5,94.4,89.6,3.6,2.2,7.4,26.3,9.9,6.1,29.8,0.8,0.3,10.2,38.8,131900.0,40.9,39.1,20.8,20.5,13.4,63037.0,Madison,IN,Indiana,2023.0,Crude prevalence,11.5,85.6,9.2,14.0,7.5,36.4,29.1,18.3,14.9,80.1,18.5,3.8,9.0,18.0,39.0,130129.0,3244.0,7365.0,17719.0,560.0,1414.0,9342.0,335.0,906.0,28.0,22.0,2.0,3.0,0.0,0.0
18097,4.9,7.0,95.9,91.8,3.5,2.7,8.8,24.5,9.2,8.3,43.5,1.8,1.0,9.2,41.7,975809.0,34.4,26.9,18.9,34.8,15.3,66346.0,Marion,IN,Indiana,2023.0,Crude prevalence,11.8,85.1,7.3,13.0,5.9,38.3,24.3,17.9,13.5,79.1,15.0,3.5,10.7,18.0,253.0,977203.0,33157.0,49932.0,196313.0,4091.0,6179.0,51656.0,787.0,1527.0,249.0,140.0,26.0,43.0,5.0,21.0
18099,6.8,7.7,90.3,84.3,1.6,0.7,12.9,22.3,11.7,6.6,23.6,1.1,0.7,6.7,26.3,46284.0,39.8,37.1,18.2,20.9,11.7,71808.0,Marshall,IN,Indiana,2023.0,Crude prevalence,11.1,85.5,9.4,14.0,7.9,43.2,28.8,18.0,15.2,78.6,17.4,3.9,10.3,18.0,12.0,46095.0,1175.0,1133.0,2121.0,788.0,587.0,295.0,715.0,494.0,3.0,4.0,0.0,1.0,0.0,1.0
18101,3.0,7.5,93.1,85.6,1.5,1.5,7.7,28.5,14.8,4.5,21.5,3.8,0.8,1.4,35.2,9830.0,42.7,43.1,17.3,13.3,16.3,68594.0,Martin,IN,Indiana,2023.0,Crude prevalence,11.5,85.9,10.3,14.6,8.6,39.1,27.5,18.2,15.8,80.1,18.7,4.2,8.5,18.0,3.0,9812.0,176.0,284.0,52.0,90.0,161.0,0.0,69.0,129.0,0.0,1.0,0.0,0.0,0.0,0.0
18103,3.8,7.6,93.9,87.5,3.6,2.6,6.9,25.6,10.9,5.1,23.8,1.2,0.1,9.1,31.2,35712.0,41.5,41.8,20.8,16.1,15.1,61139.0,Miami,IN,Indiana,2023.0,Crude prevalence,11.2,84.5,9.9,14.6,8.1,44.3,28.4,18.6,15.6,79.5,19.2,4.0,9.8,18.0,10.0,35962.0,685.0,1539.0,6219.0,231.0,752.0,4950.0,195.0,661.0,4.0,5.0,1.0,1.0,1.0,1.0
18105,1.2,4.0,96.7,90.0,3.4,1.6,5.3,19.6,9.8,8.4,46.0,1.0,0.5,8.0,52.7,140965.0,31.2,20.8,17.4,49.5,19.7,65868.0,Monroe,IN,Indiana,2023.0,Crude prevalence,11.0,82.2,6.4,9.9,5.4,32.5,20.6,18.9,11.7,78.1,12.2,2.7,7.0,18.0,33.0,139718.0,4954.0,3564.0,29169.0,1101.0,1200.0,13966.0,625.0,697.0,24.0,15.0,2.0,9.0,0.0,6.0
18107,2.9,7.5,94.7,90.1,2.1,1.6,8.2,22.8,5.9,5.6,19.7,1.0,0.4,10.0,33.1,38312.0,40.4,42.4,17.8,20.4,10.5,71479.0,Montgomery,IN,Indiana,2023.0,Crude prevalence,11.1,85.1,9.6,13.5,7.8,39.2,28.5,17.8,15.1,80.3,17.5,3.9,9.1,18.0,9.0,37936.0,867.0,1442.0,1351.0,326.0,473.0,374.0,254.0,351.0,3.0,1.0,0.0,0.0,0.0,0.0
18109,2.1,7.6,95.9,90.3,2.6,1.3,5.1,31.5,5.9,3.6,17.9,0.6,0.4,7.7,40.1,72659.0,41.7,39.5,19.9,21.1,9.3,79429.0,Morgan,IN,Indiana,2023.0,Crude prevalence,11.1,86.6,8.7,13.4,7.2,37.8,24.4,17.4,14.4,79.2,16.3,3.5,7.6,18.0,17.0,71780.0,1027.0,2209.0,11999.0,507.0,1193.0,8166.0,410.0,940.0,6.0,7.0,1.0,1.0,0.0,0.0
18111,2.9,7.0,91.0,87.3,3.9,0.9,5.0,33.0,6.0,3.0,18.9,0.6,0.3,7.7,32.0,13922.0,42.9,49.1,17.3,15.3,14.0,75481.0,Newton,IN,Indiana,2023.0,Crude prevalence,11.2,85.8,10.0,14.4,8.3,43.5,28.3,17.8,15.9,79.4,18.3,4.1,9.9,18.0,4.0,13830.0,173.0,486.0,11.0,117.0,295.0,0.0,102.0,262.0,0.0,4.0,0.0,0.0,0.0,0.0
18113,9.1,7.7,90.5,86.3,2.0,1.4,12.6,26.1,10.4,10.1,22.9,1.6,0.3,18.1,25.3,47495.0,39.4,39.2,17.5,18.8,9.2,71723.0,Noble,IN,Indiana,2023.0,Crude prevalence,11.2,85.2,8.9,13.2,7.2,39.6,26.9,17.9,14.9,79.0,17.0,3.6,10.5,18.0,10.0,47457.0,1837.0,923.0,2252.0,925.0,503.0,1562.0,787.0,427.0,2.0,2.0,1.0,4.0,1.0,4.0
18115,0.8,5.3,90.8,86.3,0.8,0.7,5.9,34.3,5.4,5.3,18.7,1.6,0.0,15.7,50.5,5999.0,47.2,44.8,19.5,17.8,8.1,70392.0,Ohio,IN,Indiana,2023.0,Crude prevalence,11.1,88.1,9.6,14.3,8.4,39.5,26.2,16.7,15.0,81.6,16.6,4.1,7.3,18.0,2.0,5940.0,140.0,90.0,2.0,94.0,51.0,0.0,87.0,47.0,0.0,1.0,0.0,0.0,0.0,0.0
18117,4.0,10.2,90.4,84.9,1.9,1.9,7.4,25.3,12.4,6.7,21.3,2.3,0.8,14.5,33.1,19767.0,42.7,44.2,17.5,16.1,13.4,65873.0,Orange,IN,Indiana,2023.0,Crude prevalence,11.5,85.7,10.5,14.7,8.5,39.7,28.8,18.6,16.0,80.4,19.1,4.2,8.9,18.0,6.0,19867.0,535.0,920.0,170.0,341.0,507.0,0.0,305.0,444.0,0.0,1.0,0.0,1.0,0.0,1.0
18119,3.1,9.3,90.5,81.2,1.8,2.0,6.3,35.5,13.1,3.1,18.6,0.7,0.3,2.4,35.0,21604.0,45.0,42.8,18.0,16.8,12.3,62464.0,Owen,IN,Indiana,2023.0,Crude prevalence,11.5,86.2,10.3,14.5,8.4,41.7,27.5,18.0,15.8,80.4,18.5,4.1,8.4,18.0,6.0,21321.0,269.0,838.0,25.0,189.0,653.0,0.0,160.0,569.0,0.0,3.0,0.0,1.0,0.0,0.0
18121,7.3,9.7,85.8,79.3,2.3,2.2,14.9,30.4,19.7,8.5,17.6,2.7,0.4,7.8,29.7,16406.0,41.6,39.9,19.5,15.4,16.2,68485.0,Parke,IN,Indiana,2023.0,Crude prevalence,12.2,85.1,11.8,15.4,9.1,42.3,31.0,19.3,17.1,80.3,20.7,4.5,9.7,18.0,5.0,16156.0,524.0,781.0,80.0,420.0,536.0,0.0,391.0,469.0,0.0,2.0,0.0,1.0,0.0,1.0
18123,1.8,6.5,90.2,84.4,2.5,4.7,5.8,23.9,9.8,5.5,24.5,1.0,1.3,3.2,40.7,19270.0,41.9,45.6,19.8,16.6,15.0,61151.0,Perry,IN,Indiana,2023.0,Crude prevalence,11.0,85.4,9.2,13.4,7.7,37.6,25.8,17.9,14.7,79.2,18.3,3.8,8.5,18.0,5.0,19170.0,429.0,801.0,3174.0,143.0,324.0,1300.0,101.0,247.0,2.0,3.0,2.0,1.0,1.0,0.0
18125,3.0,6.5,91.0,83.8,1.9,3.7,3.8,26.6,10.2,4.2,13.3,0.9,0.4,6.8,35.5,12154.0,43.7,47.1,16.9,16.0,10.7,71334.0,Pike,IN,Indiana,2023.0,Crude prevalence,11.2,86.3,10.2,14.5,8.4,37.9,27.7,17.8,15.6,80.3,18.6,4.1,8.3,18.0,4.0,12250.0,209.0,478.0,52.0,142.0,308.0,0.0,123.0,267.0,0.0,1.0,0.0,0.0,0.0,0.0
18127,2.1,4.0,96.3,93.0,2.9,1.5,5.0,28.4,5.5,3.4,22.3,0.9,0.5,12.7,37.9,174818.0,40.8,33.1,20.9,31.1,9.6,87972.0,Porter,IN,Indiana,2023.0,Crude prevalence,10.9,87.1,7.4,12.5,6.6,39.9,25.5,16.6,13.4,79.8,14.5,3.2,8.3,18.0,42.0,173215.0,2320.0,3825.0,48602.0,955.0,1560.0,23035.0,543.0,799.0,30.0,10.0,4.0,4.0,1.0,3.0
18129,1.4,5.6,95.4,90.4,1.1,1.6,3.2,23.4,5.2,3.1,17.7,1.1,0.1,2.7,37.7,25116.0,43.0,35.5,19.9,25.2,10.1,78129.0,Posey,IN,Indiana,2023.0,Crude prevalence,10.9,87.8,8.5,12.9,7.4,40.4,23.0,16.5,13.8,81.2,15.3,3.6,6.8,18.0,7.0,25222.0,326.0,735.0,709.0,140.0,309.0,44.0,116.0,245.0,2.0,2.0,0.0,0.0,0.0,0.0
18131,2.0,9.4,93.5,90.5,1.1,1.3,7.0,25.9,15.4,6.0,25.4,1.1,0.1,10.3,34.1,12441.0,42.6,47.3,20.3,14.1,12.1,62792.0,Pulaski,IN,Indiana,2023.0,Crude prevalence,11.2,86.2,10.2,14.5,8.6,38.7,28.6,17.9,15.7,80.2,18.3,4.2,8.9,18.0,4.0,12514.0,298.0,401.0,9.0,180.0,265.0,0.0,142.0,225.0,0.0,1.0,0.0,0.0,0.0,0.0
18133,2.0,5.4,95.7,88.7,1.7,1.0,4.6,27.5,7.4,3.5,24.6,0.9,0.5,11.5,38.8,37280.0,38.4,40.0,22.3,20.2,8.7,78378.0,Putnam,IN,Indiana,2023.0,Crude prevalence,11.3,84.8,8.3,12.4,6.9,38.4,24.7,18.1,13.8,78.8,16.4,3.4,8.0,18.0,9.0,36726.0,499.0,1150.0,3683.0,304.0,750.0,2193.0,270.0,666.0,3.0,1.0,1.0,0.0,0.0,0.0
18135,2.8,6.3,93.0,86.3,2.6,1.7,7.2,24.3,9.2,6.6,22.7,2.0,0.9,12.7,36.4,24387.0,42.3,44.7,21.4,15.1,15.8,60791.0,Randolph,IN,Indiana,2023.0,Crude prevalence,11.3,85.7,10.3,14.4,8.5,38.7,29.0,18.2,15.9,79.7,18.7,4.2,9.2,18.0,8.0,24502.0,684.0,1552.0,2238.0,338.0,725.0,1206.0,292.0,615.0,3.0,3.0,3.0,0.0,1.0,0.0
18137,2.7,6.6,92.3,87.9,1.9,1.3,5.2,26.8,7.5,4.4,23.2,1.2,0.2,10.3,33.7,29095.0,41.2,40.8,17.9,20.7,10.1,70573.0,Ripley,IN,Indiana,2023.0,Crude prevalence,11.2,86.1,8.7,12.5,7.3,36.2,25.0,17.6,14.2,80.1,16.9,3.6,7.7,18.0,7.0,28995.0,504.0,845.0,2280.0,350.0,529.0,1846.0,292.0,446.0,1.0,0.0,0.0,0.0,0.0,0.0
18139,3.4,5.6,92.6,85.8,2.6,1.3,7.5,26.3,8.7,5.2,25.1,1.1,0.2,6.5,38.1,16739.0,42.4,43.2,19.3,18.6,11.9,66473.0,Rush,IN,Indiana,2023.0,Crude prevalence,11.6,85.7,10.1,14.3,8.2,39.1,27.7,18.4,15.6,80.3,18.6,4.0,8.4,18.0,5.0,16752.0,353.0,674.0,998.0,130.0,299.0,341.0,100.0,246.0,2.0,1.0,0.0,0.0,0.0,0.0
18141,2.2,6.2,95.1,90.3,3.3,2.2,7.1,21.1,9.6,6.7,31.0,1.1,0.5,9.1,39.9,273040.0,36.7,29.3,19.8,33.5,14.2,66868.0,St. Joseph,IN,Indiana,2023.0,Crude prevalence,11.1,85.3,7.8,12.9,6.5,35.3,26.5,18.6,13.4,80.0,14.9,3.4,9.0,18.0,82.0,272912.0,7204.0,10469.0,61823.0,1228.0,1186.0,31037.0,678.0,627.0,73.0,35.0,2.0,7.0,0.0,2.0
18143,3.7,11.2,91.4,89.6,2.0,1.3,3.3,24.7,9.2,3.5,29.1,2.5,1.7,15.7,27.5,24526.0,40.8,44.4,18.3,12.7,16.6,56352.0,Scott,IN,Indiana,2023.0,Crude prevalence,11.7,84.5,10.4,14.1,7.8,42.3,29.9,19.5,16.1,79.0,20.0,3.9,9.4,18.0,5.0,24384.0,349.0,1400.0,1045.0,188.0,633.0,249.0,159.0,523.0,1.0,2.0,1.0,1.0,0.0,1.0
18145,2.6,6.6,94.7,89.1,2.3,2.6,5.6,23.9,6.2,5.4,27.5,0.5,1.1,4.5,36.0,45265.0,41.5,39.4,19.3,21.9,13.0,72190.0,Shelby,IN,Indiana,2023.0,Crude prevalence,11.2,86.1,9.2,13.9,7.6,41.2,26.2,18.0,15.0,80.1,17.9,3.7,8.5,18.0,10.0,45055.0,999.0,1486.0,3472.0,356.0,588.0,1540.0,260.0,491.0,4.0,5.0,2.0,1.0,1.0,1.0
18147,2.4,4.5,93.3,84.1,2.1,3.0,4.7,26.0,7.4,2.7,18.7,0.3,0.4,13.2,25.1,19955.0,44.4,36.4,20.9,22.0,7.5,74506.0,Spencer,IN,Indiana,2023.0,Crude prevalence,10.9,87.6,8.6,13.4,7.6,39.9,24.0,16.9,14.2,80.8,16.0,3.6,7.3,18.0,6.0,19810.0,221.0,540.0,0.0,155.0,381.0,0.0,133.0,328.0,0.0,2.0,0.0,0.0,0.0,0.0
18149,4.3,8.6,90.0,84.5,1.9,2.1,7.8,29.8,20.3,6.6,17.0,1.0,0.0,12.7,24.2,23365.0,42.1,44.6,22.4,12.5,13.4,63960.0,Starke,IN,Indiana,2023.0,Crude prevalence,11.4,85.3,10.9,15.0,8.6,42.4,29.3,18.6,16.3,79.3,19.9,4.3,9.6,18.0,7.0,23371.0,595.0,1121.0,0.0,351.0,640.0,0.0,266.0,517.0,0.0,4.0,0.0,2.0,0.0,2.0
18151,2.0,5.5,94.7,87.3,4.4,0.8,5.7,21.0,26.7,5.4,20.5,1.2,0.4,12.3,33.2,34726.0,43.5,36.5,20.3,25.6,9.3,74911.0,Steuben,IN,Indiana,2023.0,Crude prevalence,11.1,86.4,8.8,13.5,7.8,34.8,24.7,17.0,14.4,80.3,15.4,3.7,7.8,18.0,9.0,34435.0,757.0,999.0,7249.0,478.0,580.0,5189.0,369.0,438.0,3.0,1.0,1.0,2.0,0.0,2.0
18153,3.0,8.0,91.1,83.1,2.4,1.4,6.8,25.2,10.9,4.9,23.6,0.5,1.6,3.8,35.8,20780.0,41.7,41.8,18.0,14.6,13.9,56204.0,Sullivan,IN,Indiana,2023.0,Crude prevalence,11.3,84.3,10.3,14.1,8.1,43.6,28.4,18.5,15.7,79.1,19.9,4.0,9.5,18.0,8.0,20817.0,385.0,863.0,494.0,206.0,480.0,198.0,172.0,405.0,1.0,5.0,0.0,0.0,0.0,0.0
18155,9.0,10.7,86.1,81.3,2.4,3.2,13.0,32.9,13.0,6.5,21.5,2.6,1.0,11.2,24.4,9909.0,42.5,48.6,16.8,8.9,12.6,65343.0,Switzerland,IN,Indiana,2023.0,Crude prevalence,11.5,85.4,10.9,14.9,8.7,40.4,29.8,18.6,16.5,79.7,20.4,4.3,9.5,18.0,3.0,9737.0,252.0,502.0,24.0,188.0,377.0,0.0,150.0,300.0,0.0,1.0,0.0,0.0,0.0,0.0
18157,3.1,4.6,97.2,91.3,2.0,1.4,5.3,17.9,6.0,9.7,46.6,1.1,0.7,12.2,47.1,189071.0,28.8,27.7,16.0,40.5,19.2,60636.0,Tippecanoe,IN,Indiana,2023.0,Crude prevalence,10.7,81.2,6.4,10.0,5.3,27.9,20.9,18.4,11.8,77.4,13.0,2.7,8.6,18.0,43.0,186251.0,7328.0,5470.0,42804.0,1241.0,1511.0,23343.0,649.0,905.0,38.0,23.0,5.0,13.0,4.0,6.0
18159,2.7,6.5,96.0,89.5,1.4,1.4,8.4,28.1,8.5,2.4,18.6,1.1,0.7,4.9,22.0,15346.0,44.4,36.5,20.8,23.5,11.2,76156.0,Tipton,IN,Indiana,2023.0,Crude prevalence,11.0,87.5,8.9,13.5,7.8,36.5,24.7,16.6,14.4,80.9,15.7,3.8,7.4,18.0,5.0,15359.0,149.0,421.0,1992.0,56.0,213.0,1784.0,52.0,199.0,2.0,2.0,1.0,0.0,1.0,0.0
18161,2.5,9.7,96.2,89.5,2.7,0.5,6.8,26.6,9.7,4.4,20.2,1.5,0.0,8.3,34.5,6985.0,43.9,36.9,20.9,18.4,8.5,76424.0,Union,IN,Indiana,2023.0,Crude prevalence,11.2,87.5,8.6,13.0,7.5,37.6,24.2,17.0,14.1,80.7,15.9,3.6,7.1,18.0,2.0,7087.0,130.0,182.0,11.0,95.0,128.0,0.0,87.0,116.0,0.0,0.0,0.0,0.0,0.0,0.0
18163,2.5,6.0,94.7,90.5,2.6,2.8,6.9,19.7,8.3,8.0,35.0,1.1,0.3,8.6,39.3,180117.0,38.7,31.7,20.7,27.8,14.3,61648.0,Vanderburgh,IN,Indiana,2023.0,Crude prevalence,11.5,85.6,8.6,12.8,7.3,38.2,26.2,18.3,14.3,81.9,16.2,3.7,8.2,18.0,59.0,180136.0,6246.0,8778.0,39354.0,674.0,738.0,18262.0,356.0,315.0,53.0,30.0,4.0,6.0,1.0,2.0
18165,1.3,5.6,95.3,87.1,2.5,1.1,4.3,27.3,10.1,5.1,24.8,2.2,1.2,16.9,31.5,15421.0,42.7,44.6,16.7,17.6,15.3,60200.0,Vermillion,IN,Indiana,2023.0,Crude prevalence,11.5,85.8,10.1,14.3,8.2,40.6,27.6,18.4,15.6,80.6,18.6,4.0,8.1,18.0,5.0,15439.0,337.0,757.0,409.0,115.0,359.0,212.0,99.0,317.0,1.0,2.0,0.0,0.0,0.0,0.0
18167,2.3,7.1,93.6,86.2,3.3,2.3,7.9,19.9,9.6,7.9,38.3,1.3,1.4,11.4,45.1,106109.0,36.3,33.4,21.2,26.3,19.2,52976.0,Vigo,IN,Indiana,2023.0,Crude prevalence,11.6,83.1,9.5,13.7,7.4,41.0,25.7,19.6,14.8,79.2,17.6,3.8,8.9,18.0,32.0,106153.0,3365.0,5726.0,13931.0,641.0,947.0,7706.0,416.0,598.0,25.0,19.0,2.0,3.0,0.0,2.0
18169,2.4,6.0,95.3,89.1,2.1,2.3,4.8,21.5,10.1,4.5,19.5,0.9,0.2,10.2,29.3,30844.0,42.7,42.3,17.4,23.1,11.1,66806.0,Wabash,IN,Indiana,2023.0,Crude prevalence,11.3,86.4,9.7,13.8,8.1,38.1,26.7,17.5,14.8,80.6,16.8,4.0,8.0,18.0,8.0,30976.0,571.0,898.0,2433.0,191.0,305.0,874.0,141.0,233.0,4.0,2.0,0.0,0.0,0.0,0.0
18171,1.0,6.2,95.6,90.2,2.8,0.9,3.9,25.6,9.4,2.1,17.6,0.7,0.1,8.0,30.6,8464.0,43.5,43.2,18.1,17.5,11.0,82425.0,Warren,IN,Indiana,2023.0,Crude prevalence,11.2,86.9,9.6,14.1,8.2,41.6,26.7,17.5,15.1,80.4,17.4,4.0,7.9,18.0,3.0,8440.0,69.0,250.0,186.0,47.0,191.0,0.0,37.0,159.0,0.0,0.0,0.0,0.0,0.0,0.0
18173,1.2,3.7,96.4,91.8,2.0,1.0,3.5,23.3,6.4,3.0,17.6,0.9,0.4,5.9,33.8,65261.0,41.1,28.6,19.5,35.2,7.0,89844.0,Warrick,IN,Indiana,2023.0,Crude prevalence,10.7,88.3,6.8,11.6,6.3,34.0,21.2,16.0,12.1,81.1,13.0,3.1,6.1,18.0,16.0,63898.0,756.0,911.0,14516.0,315.0,371.0,6780.0,198.0,231.0,10.0,1.0,0.0,1.0,0.0,1.0
18175,3.9,8.3,90.3,84.8,1.9,2.4,7.8,31.5,8.1,4.3,17.9,1.7,0.3,5.4,38.2,28212.0,41.5,42.3,20.5,14.5,14.4,64641.0,Washington,IN,Indiana,2023.0,Crude prevalence,11.7,85.2,10.6,14.7,8.3,41.5,28.6,18.7,16.2,79.9,19.8,4.1,9.0,18.0,7.0,28182.0,478.0,1235.0,347.0,344.0,896.0,0.0,320.0,816.0,1.0,3.0,0.0,1.0,0.0,0.0
18177,4.4,7.8,92.4,88.1,3.2,2.4,10.8,21.8,12.2,8.9,30.8,0.7,0.4,8.0,43.3,66397.0,41.0,35.8,22.2,20.5,17.9,55692.0,Wayne,IN,Indiana,2023.0,Crude prevalence,11.8,85.2,10.3,14.7,8.3,37.9,28.7,19.3,15.8,80.1,19.1,4.2,9.0,18.0,18.0,66553.0,2403.0,4080.0,6848.0,651.0,1012.0,2596.0,427.0,635.0,10.0,6.0,2.0,5.0,0.0,3.0
18179,2.4,4.7,93.2,85.2,1.7,1.7,6.9,24.2,4.4,4.1,24.4,1.5,0.1,7.2,27.8,28420.0,39.8,43.5,17.6,19.9,7.2,71957.0,Wells,IN,Indiana,2023.0,Crude prevalence,11.0,86.3,8.5,12.7,7.2,41.9,25.6,17.4,14.1,79.5,16.4,3.5,8.0,18.0,7.0,28180.0,471.0,666.0,3745.0,176.0,370.0,1443.0,107.0,276.0,3.0,1.0,1.0,0.0,0.0,0.0
18181,3.5,5.8,93.3,88.5,2.1,1.2,7.2,23.4,20.9,3.2,19.0,1.2,0.2,10.7,30.5,24717.0,42.8,41.8,20.3,19.2,10.2,67303.0,White,IN,Indiana,2023.0,Crude prevalence,11.0,86.7,9.5,14.6,8.1,44.6,27.9,17.1,15.0,80.8,16.4,4.0,9.4,18.0,9.0,24688.0,330.0,637.0,456.0,133.0,266.0,22.0,103.0,209.0,1.0,3.0,0.0,0.0,0.0,0.0
18183,2.3,4.7,94.7,89.5,2.2,1.1,6.0,22.6,6.7,3.9,18.2,1.1,0.5,8.1,32.8,34618.0,41.3,36.7,20.7,23.6,9.9,78083.0,Whitley,IN,Indiana,2023.0,Crude prevalence,11.0,86.7,8.5,12.6,7.3,39.7,24.0,17.1,14.0,80.1,15.8,3.5,7.6,18.0,8.0,34191.0,553.0,906.0,3142.0,373.0,573.0,1951.0,323.0,490.0,2.0,1.0,0.0,1.0,0.0,1.0
19001,1.2,3.9,91.5,84.3,2.6,2.6,5.3,20.4,9.3,4.4,26.1,0.4,0.2,3.3,29.9,7460.0,42.4,41.6,19.8,19.9,9.5,68092.0,Adair,IA,Iowa,2023.0,Crude prevalence,10.0,85.2,8.7,13.1,8.3,39.9,28.2,16.2,14.2,78.3,16.7,4.1,7.2,19.0,3.0,7496.0,141.0,318.0,339.0,56.0,181.0,78.0,39.0,149.0,0.0,0.0,0.0,0.0,0.0,0.0
19003,1.1,5.0,90.8,84.8,2.4,2.4,3.3,19.1,18.5,5.5,22.9,0.3,0.5,13.7,25.5,3622.0,46.3,32.9,19.0,27.0,9.1,71875.0,Adams,IA,Iowa,2023.0,Crude prevalence,9.9,86.7,8.4,13.2,8.4,39.1,27.6,15.4,14.1,80.1,15.6,4.1,6.5,19.0,2.0,3704.0,84.0,146.0,378.0,48.0,94.0,98.0,40.0,84.0,0.0,0.0,0.0,0.0,0.0,0.0
19005,2.7,4.7,91.1,86.0,1.6,2.5,7.0,22.2,23.3,3.7,20.4,1.4,0.2,6.5,29.7,14092.0,43.1,40.8,17.0,22.2,10.1,70694.0,Allamakee,IA,Iowa,2023.0,Crude prevalence,9.8,85.6,8.6,13.1,8.5,42.3,27.4,16.0,14.3,77.8,16.2,4.1,8.2,19.0,5.0,14061.0,222.0,494.0,795.0,140.0,260.0,75.0,119.0,195.0,0.0,0.0,0.0,0.0,0.0,0.0
19007,5.8,4.4,91.1,83.9,2.2,1.6,9.0,20.6,17.6,6.9,31.2,2.1,1.0,6.8,39.7,12184.0,43.5,36.5,20.3,20.5,17.5,54934.0,Appanoose,IA,Iowa,2023.0,Crude prevalence,10.7,84.3,10.8,15.4,9.6,43.4,31.5,17.2,16.2,79.4,19.6,4.8,8.2,19.0,5.0,12317.0,360.0,689.0,2487.0,150.0,314.0,926.0,123.0,264.0,2.0,4.0,1.0,0.0,0.0,0.0
19009,3.1,4.6,91.3,83.7,0.8,1.5,3.7,19.0,7.0,7.6,23.8,0.5,0.0,2.2,48.7,5599.0,47.0,36.1,21.9,20.8,11.8,58229.0,Audubon,IA,Iowa,2023.0,Crude prevalence,10.0,86.3,9.0,13.6,8.8,37.6,27.9,15.8,14.6,79.4,16.3,4.3,7.2,19.0,3.0,5674.0,196.0,218.0,119.0,69.0,118.0,0.0,48.0,102.0,0.0,0.0,0.0,1.0,0.0,0.0
19011,1.3,3.4,93.1,88.5,1.3,1.4,3.0,24.9,8.2,3.3,15.0,0.3,0.3,7.9,27.3,25724.0,43.1,34.3,19.3,25.6,7.4,86962.0,Benton,IA,Iowa,2023.0,Crude prevalence,9.8,86.1,7.1,11.1,7.0,40.8,23.9,15.6,12.8,78.9,14.9,3.4,6.1,19.0,7.0,25575.0,340.0,491.0,910.0,128.0,255.0,301.0,98.0,220.0,1.0,1.0,1.0,0.0,0.0,0.0
19013,3.2,3.8,95.2,89.4,3.0,1.7,5.1,15.9,7.5,6.3,33.8,1.4,0.8,7.9,41.0,131049.0,35.7,30.4,20.2,30.3,14.9,66417.0,Black Hawk,IA,Iowa,2023.0,Crude prevalence,10.4,83.0,7.0,11.6,6.5,40.4,23.6,16.8,12.2,78.7,15.6,3.3,7.2,19.0,39.0,131144.0,3455.0,6077.0,14081.0,433.0,813.0,5724.0,166.0,410.0,32.0,20.0,2.0,3.0,0.0,0.0
19015,1.0,3.9,96.0,89.1,1.0,1.2,3.3,22.5,9.2,5.5,20.0,0.9,0.0,9.5,28.1,26668.0,42.4,31.5,20.1,28.5,6.2,83531.0,Boone,IA,Iowa,2023.0,Crude prevalence,9.8,85.9,6.8,11.2,6.6,43.4,24.8,15.6,12.5,78.3,14.3,3.3,6.2,19.0,7.0,26715.0,598.0,524.0,1900.0,258.0,184.0,252.0,216.0,135.0,3.0,1.0,1.0,0.0,0.0,0.0
19017,1.0,2.8,95.2,92.6,2.2,0.9,2.2,20.1,8.2,2.6,20.3,0.4,0.1,8.0,25.1,25204.0,39.0,29.4,17.4,36.2,7.3,86784.0,Bremer,IA,Iowa,2023.0,Crude prevalence,9.6,85.1,6.3,9.9,6.4,37.6,22.4,15.4,11.7,77.8,13.2,3.1,5.8,19.0,8.0,24988.0,250.0,518.0,3857.0,105.0,257.0,2177.0,80.0,201.0,3.0,1.0,0.0,0.0,0.0,0.0
19019,2.2,3.7,91.9,87.1,1.9,2.3,6.7,23.5,7.7,6.6,17.9,1.3,0.2,5.9,30.9,20694.0,40.3,35.8,20.8,22.4,8.6,78236.0,Buchanan,IA,Iowa,2023.0,Crude prevalence,10.0,85.2,7.0,11.1,6.7,37.6,24.0,15.9,12.7,77.8,15.3,3.3,6.4,19.0,6.0,20565.0,546.0,544.0,1070.0,293.0,326.0,363.0,242.0,282.0,1.0,0.0,0.0,1.0,0.0,1.0
19021,11.4,7.2,96.4,92.1,3.8,2.3,6.2,14.0,9.0,1.7,26.8,2.0,1.9,4.1,25.8,20753.0,35.6,32.7,15.2,22.2,7.8,71719.0,Buena Vista,IA,Iowa,2023.0,Crude prevalence,9.4,82.1,7.2,13.0,7.1,38.1,30.1,16.3,13.8,77.0,15.6,3.6,12.8,19.0,6.0,20823.0,126.0,754.0,4222.0,70.0,379.0,3113.0,62.0,332.0,2.0,0.0,0.0,0.0,0.0,0.0
19023,2.0,4.1,91.5,86.5,2.0,1.9,3.2,24.7,10.8,3.6,15.9,1.4,0.0,5.5,32.4,14268.0,43.7,37.4,20.2,21.4,9.2,73715.0,Butler,IA,Iowa,2023.0,Crude prevalence,9.9,85.6,8.3,12.6,8.0,39.3,28.0,15.9,14.0,79.3,15.7,4.0,6.9,19.0,5.0,14334.0,209.0,411.0,22.0,122.0,259.0,0.0,102.0,225.0,0.0,0.0,0.0,0.0,0.0,0.0
19025,2.0,5.0,93.1,87.2,1.4,3.5,4.4,22.3,16.8,3.4,19.5,1.3,0.0,9.3,25.8,9803.0,42.8,34.8,22.0,21.8,9.3,64964.0,Calhoun,IA,Iowa,2023.0,Crude prevalence,9.8,85.2,8.0,12.3,7.8,39.8,26.5,15.8,13.5,78.5,15.6,3.8,7.1,19.0,4.0,9927.0,137.0,378.0,200.0,91.0,254.0,11.0,81.0,225.0,0.0,1.0,0.0,0.0,0.0,0.0
19027,1.6,3.2,93.3,87.3,1.2,1.2,2.8,15.7,7.9,4.9,22.9,0.5,0.3,10.6,25.4,20594.0,41.1,38.4,18.9,24.0,7.9,72930.0,Carroll,IA,Iowa,2023.0,Crude prevalence,9.8,85.6,7.7,12.0,7.5,39.7,27.2,15.8,13.6,79.0,15.2,3.7,6.9,19.0,6.0,20760.0,429.0,522.0,2954.0,194.0,216.0,1482.0,159.0,169.0,2.0,0.0,0.0,0.0,0.0,0.0
19029,1.1,4.3,92.0,83.9,0.9,1.8,4.1,15.1,8.6,5.7,28.4,0.7,0.4,9.6,39.3,13096.0,43.5,38.7,23.3,22.1,14.3,63013.0,Cass,IA,Iowa,2023.0,Crude prevalence,10.2,85.1,9.2,13.9,8.7,40.7,28.6,16.4,14.9,79.4,17.5,4.3,7.6,19.0,5.0,13127.0,335.0,699.0,2824.0,164.0,346.0,891.0,95.0,227.0,2.0,1.0,1.0,1.0,0.0,0.0
19031,1.2,3.0,93.0,88.6,1.5,1.8,4.2,26.7,8.2,2.6,18.5,0.2,0.2,5.9,43.9,18349.0,44.0,38.7,19.4,23.7,7.3,80602.0,Cedar,IA,Iowa,2023.0,Crude prevalence,10.0,86.1,7.4,11.9,7.2,40.8,25.5,15.9,13.2,78.7,15.2,3.6,6.5,19.0,5.0,18505.0,195.0,497.0,61.0,104.0,323.0,0.0,95.0,295.0,0.0,0.0,0.0,0.0,0.0,0.0
19033,1.4,3.9,94.7,89.2,1.7,2.0,4.5,15.6,14.3,5.0,29.6,0.8,0.1,6.1,28.5,42632.0,44.0,35.0,20.8,24.0,10.6,68189.0,Cerro Gordo,IA,Iowa,2023.0,Crude prevalence,10.0,85.6,8.0,12.5,7.9,40.1,27.0,15.9,13.5,78.5,15.5,3.9,7.1,19.0,12.0,43127.0,979.0,1760.0,8433.0,317.0,477.0,3254.0,217.0,346.0,8.0,3.0,1.0,1.0,0.0,1.0
19035,2.4,4.4,90.2,87.1,1.6,3.8,4.8,16.7,9.2,5.7,24.5,0.2,0.0,8.7,39.6,11600.0,44.0,37.3,19.5,23.4,12.1,71269.0,Cherokee,IA,Iowa,2023.0,Crude prevalence,10.0,85.6,9.0,13.7,8.7,40.6,30.0,15.9,14.5,79.4,16.4,4.3,7.9,19.0,5.0,11658.0,289.0,353.0,2613.0,158.0,180.0,1113.0,130.0,141.0,2.0,0.0,0.0,0.0,0.0,0.0
19037,2.2,4.1,92.9,86.9,1.1,1.3,7.8,19.4,9.8,3.0,19.1,2.1,0.2,13.0,16.7,11807.0,43.1,42.7,17.2,21.2,8.8,75675.0,Chickasaw,IA,Iowa,2023.0,Crude prevalence,9.7,85.6,8.0,12.6,7.9,39.4,27.5,15.6,13.7,77.7,15.5,3.9,7.7,19.0,4.0,12012.0,148.0,249.0,800.0,100.0,148.0,137.0,85.0,109.0,0.0,0.0,0.0,0.0,0.0,0.0
19039,2.5,8.3,92.4,86.8,2.7,1.8,4.9,24.3,10.0,12.5,27.7,1.9,0.5,15.1,29.3,9662.0,37.9,44.0,15.1,16.0,9.7,71641.0,Clarke,IA,Iowa,2023.0,Crude prevalence,10.2,82.6,9.4,14.2,8.4,43.1,31.8,17.4,15.6,77.0,18.8,4.3,11.3,19.0,3.0,9748.0,510.0,469.0,1307.0,100.0,123.0,242.0,52.0,82.0,1.0,2.0,1.0,1.0,0.0,1.0
19041,2.1,4.5,95.8,89.5,2.3,3.4,5.5,17.8,10.7,5.5,26.7,0.6,0.4,7.2,29.2,16461.0,42.3,29.3,20.2,27.5,11.4,65428.0,Clay,IA,Iowa,2023.0,Crude prevalence,9.9,85.5,7.8,12.3,7.6,35.2,26.5,15.7,13.4,78.3,15.3,3.8,6.9,19.0,5.0,16384.0,401.0,683.0,4307.0,142.0,265.0,1753.0,91.0,192.0,3.0,1.0,1.0,1.0,0.0,0.0
19043,3.3,4.2,89.5,84.4,1.6,1.4,8.4,23.1,14.6,6.9,22.0,0.5,0.5,9.7,36.3,17013.0,46.4,44.1,21.9,14.5,10.9,67242.0,Clayton,IA,Iowa,2023.0,Crude prevalence,10.0,85.4,9.7,13.9,9.1,41.0,30.7,16.1,15.2,79.8,17.8,4.5,7.7,19.0,6.0,17043.0,516.0,504.0,935.0,425.0,404.0,7.0,393.0,372.0,0.0,2.0,1.0,1.0,0.0,1.0
19045,1.3,5.3,91.9,87.2,2.1,2.4,5.1,21.7,9.6,7.2,25.5,0.5,0.0,9.4,38.2,46268.0,42.4,35.7,22.1,22.4,13.2,66981.0,Clinton,IA,Iowa,2023.0,Crude prevalence,10.2,84.8,8.5,12.7,7.8,39.3,27.5,16.6,14.2,78.0,16.9,3.9,7.4,19.0,12.0,46460.0,1404.0,2491.0,12876.0,389.0,706.0,6123.0,241.0,467.0,9.0,4.0,2.0,1.0,0.0,0.0
19047,7.6,8.8,94.3,87.1,2.5,2.4,8.8,17.2,7.8,3.4,24.0,1.0,0.2,5.1,28.5,16277.0,37.9,36.4,21.0,17.7,14.8,67027.0,Crawford,IA,Iowa,2023.0,Crude prevalence,9.6,83.1,8.4,14.3,8.0,42.6,32.5,16.5,14.9,77.6,16.7,4.0,13.5,19.0,6.0,16525.0,215.0,666.0,5059.0,136.0,389.0,2503.0,104.0,281.0,2.0,3.0,3.0,0.0,2.0,0.0
19049,1.9,2.7,97.8,92.4,1.7,1.3,3.9,21.2,5.2,2.9,31.0,1.5,0.3,7.6,29.1,107968.0,36.1,17.4,17.5,51.5,6.3,102379.0,Dallas,IA,Iowa,2023.0,Crude prevalence,9.2,85.8,4.5,8.8,4.6,32.8,19.4,14.4,10.0,75.9,10.9,2.3,5.5,19.0,19.0,99678.0,1211.0,2337.0,19205.0,377.0,756.0,6199.0,216.0,447.0,14.0,3.0,2.0,1.0,0.0,1.0
19051,14.6,4.5,79.5,73.2,1.7,2.6,25.1,25.8,11.4,15.6,16.7,4.7,1.0,7.0,18.1,9157.0,36.3,33.4,17.6,17.1,7.2,77194.0,Davis,IA,Iowa,2023.0,Crude prevalence,10.3,83.2,8.5,12.0,7.6,37.5,28.4,17.3,14.4,77.1,17.5,3.8,8.8,19.0,2.0,9110.0,500.0,215.0,1017.0,440.0,190.0,301.0,434.0,187.0,0.0,0.0,0.0,1.0,0.0,1.0
19053,4.7,5.6,91.5,83.8,1.2,2.4,7.6,22.5,16.5,7.5,30.3,0.3,1.2,5.6,24.8,7759.0,36.1,39.0,18.4,23.5,14.6,59044.0,Decatur,IA,Iowa,2023.0,Crude prevalence,10.2,81.8,8.5,12.4,7.9,39.6,27.6,17.4,14.2,76.5,15.9,3.9,8.1,19.0,3.0,7645.0,229.0,297.0,1135.0,146.0,197.0,477.0,120.0,166.0,0.0,2.0,1.0,0.0,0.0,0.0
19055,2.6,3.7,90.2,85.9,1.4,2.5,3.3,20.3,9.8,8.5,20.4,0.6,0.5,9.9,36.8,17558.0,43.4,40.8,15.6,22.6,7.8,74989.0,Delaware,IA,Iowa,2023.0,Crude prevalence,9.9,85.2,8.3,12.5,7.9,39.7,27.9,16.1,13.8,78.5,16.3,3.9,7.0,19.0,4.0,17488.0,630.0,630.0,1566.0,410.0,323.0,388.0,355.0,251.0,1.0,0.0,0.0,2.0,0.0,2.0
19057,1.2,5.0,94.2,87.3,1.9,1.8,3.9,18.0,8.6,7.3,25.4,0.7,0.5,8.0,43.4,38487.0,42.3,35.0,21.1,23.8,12.8,62928.0,Des Moines,IA,Iowa,2023.0,Crude prevalence,10.0,84.8,7.9,12.3,7.5,34.6,28.2,16.5,13.8,79.8,15.9,3.8,7.4,19.0,11.0,38910.0,1253.0,1955.0,6837.0,316.0,614.0,1946.0,115.0,328.0,8.0,4.0,2.0,1.0,0.0,0.0
19059,0.7,2.4,96.2,90.8,1.9,3.3,2.6,16.7,37.7,4.4,22.5,0.3,0.2,5.0,34.5,17990.0,48.7,28.7,23.8,31.2,7.6,75432.0,Dickinson,IA,Iowa,2023.0,Crude prevalence,9.7,88.0,7.5,12.1,7.9,37.2,24.2,14.1,12.6,79.9,13.1,3.8,5.6,19.0,6.0,17703.0,386.0,397.0,1921.0,165.0,184.0,656.0,113.0,143.0,2.0,1.0,0.0,1.0,0.0,1.0
19061,1.8,4.3,94.8,90.0,2.4,1.6,3.5,16.7,5.3,6.1,26.7,0.8,0.7,5.2,40.6,99030.0,39.1,32.1,17.7,33.4,9.7,77630.0,Dubuque,IA,Iowa,2023.0,Crude prevalence,9.9,84.6,6.8,10.4,6.5,34.3,22.8,15.7,11.9,78.1,13.6,3.3,6.4,19.0,27.0,99266.0,2481.0,3275.0,15286.0,418.0,620.0,4703.0,244.0,427.0,19.0,9.0,1.0,0.0,0.0,0.0
19063,3.4,6.5,95.9,86.9,1.1,2.5,5.8,20.9,10.1,6.1,20.6,0.2,0.5,2.2,36.1,9262.0,42.9,36.1,18.9,17.1,9.9,63730.0,Emmet,IA,Iowa,2023.0,Crude prevalence,9.9,84.3,8.4,12.7,8.0,42.5,27.9,16.3,14.2,78.2,16.2,4.0,8.9,19.0,4.0,9388.0,247.0,344.0,1518.0,60.0,110.0,198.0,26.0,66.0,2.0,2.0,1.0,0.0,0.0,0.0
19065,2.9,4.0,90.7,85.3,1.9,2.8,5.6,22.5,10.5,5.7,23.5,0.6,0.0,8.0,36.1,19288.0,43.9,41.8,18.4,20.7,12.0,60165.0,Fayette,IA,Iowa,2023.0,Crude prevalence,9.9,84.5,8.6,13.1,8.2,38.5,29.4,16.3,14.4,79.4,16.9,4.1,7.4,19.0,7.0,19509.0,479.0,695.0,1385.0,160.0,282.0,501.0,107.0,225.0,2.0,3.0,1.0,0.0,0.0,0.0
19067,2.5,2.5,89.4,83.4,2.0,1.3,3.6,18.9,11.0,6.7,23.4,0.9,0.0,9.6,34.3,15328.0,43.5,41.8,20.0,18.3,11.6,68557.0,Floyd,IA,Iowa,2023.0,Crude prevalence,10.0,85.1,8.3,12.9,8.0,39.8,27.5,16.3,13.9,78.2,16.2,4.0,7.4,19.0,5.0,15627.0,433.0,540.0,2644.0,224.0,237.0,1254.0,178.0,190.0,2.0,1.0,0.0,1.0,0.0,0.0
19069,5.2,4.3,89.1,84.1,2.3,1.1,10.0,20.5,9.9,4.1,27.6,1.3,0.0,8.5,24.5,9956.0,42.7,34.5,21.6,19.4,13.6,59894.0,Franklin,IA,Iowa,2023.0,Crude prevalence,10.0,85.0,9.0,14.1,8.6,40.7,30.1,16.4,15.0,78.4,17.0,4.2,10.0,19.0,3.0,10019.0,173.0,289.0,75.0,80.0,154.0,11.0,59.0,121.0,0.0,1.0,0.0,0.0,0.0,0.0
19071,2.1,4.8,92.6,87.5,0.5,3.8,3.5,22.3,9.7,2.4,21.7,0.9,0.2,7.4,17.2,6514.0,46.8,36.0,22.5,20.8,7.7,71621.0,Fremont,IA,Iowa,2023.0,Crude prevalence,10.0,86.6,8.1,12.7,8.0,39.9,25.7,15.5,13.7,79.5,15.2,3.9,6.6,19.0,3.0,6605.0,67.0,329.0,315.0,42.0,235.0,66.0,37.0,214.0,0.0,0.0,0.0,0.0,0.0,0.0
19073,1.4,5.0,94.1,89.8,1.4,2.4,4.1,23.0,9.2,3.2,23.6,0.3,0.3,9.7,22.7,8688.0,44.6,31.1,23.7,21.2,9.8,63409.0,Greene,IA,Iowa,2023.0,Crude prevalence,10.1,85.7,8.6,13.1,8.3,35.8,28.2,16.1,14.5,79.1,16.5,4.1,7.1,19.0,4.0,8771.0,126.0,321.0,577.0,87.0,223.0,0.0,79.0,205.0,0.0,1.0,0.0,0.0,0.0,0.0
19075,0.6,2.5,93.2,88.7,1.3,1.9,3.8,23.5,6.9,3.2,15.5,0.3,0.2,3.2,24.2,12384.0,41.9,33.3,19.6,27.8,6.5,87205.0,Grundy,IA,Iowa,2023.0,Crude prevalence,9.7,86.5,6.8,11.1,6.9,37.5,23.9,15.4,12.4,78.7,13.9,3.4,5.9,19.0,4.0,12329.0,166.0,226.0,14.0,105.0,117.0,0.0,96.0,106.0,0.0,0.0,0.0,0.0,0.0,0.0
19077,0.8,3.3,94.7,89.3,2.0,1.6,3.1,27.1,20.8,4.0,16.0,1.1,1.1,9.1,34.0,10688.0,46.7,33.9,23.2,25.0,9.9,77711.0,Guthrie,IA,Iowa,2023.0,Crude prevalence,9.8,86.6,7.6,12.4,7.7,37.2,26.1,15.2,13.3,78.2,14.6,3.8,6.4,19.0,3.0,10623.0,186.0,365.0,155.0,128.0,260.0,41.0,122.0,248.0,0.0,0.0,0.0,0.0,0.0,0.0
19079,1.4,4.3,90.1,84.7,3.2,1.6,5.7,21.4,8.6,4.7,26.6,0.7,0.7,8.5,23.1,14886.0,41.7,30.4,23.8,22.8,7.4,72432.0,Hamilton,IA,Iowa,2023.0,Crude prevalence,9.8,85.9,7.3,12.1,7.3,36.5,25.6,15.2,13.1,79.4,14.7,3.6,7.5,19.0,5.0,15039.0,300.0,517.0,1134.0,113.0,208.0,279.0,76.0,142.0,1.0,0.0,0.0,0.0,0.0,0.0
19081,2.1,6.5,92.0,88.4,1.2,1.4,5.8,19.1,8.7,5.1,17.5,0.9,0.1,4.8,34.8,10671.0,44.6,33.2,21.0,20.5,12.2,70601.0,Hancock,IA,Iowa,2023.0,Crude prevalence,9.8,85.7,8.1,12.6,7.9,42.2,28.7,15.6,13.9,79.3,15.5,3.9,7.5,19.0,4.0,10795.0,237.0,306.0,273.0,159.0,216.0,3.0,143.0,199.0,0.0,1.0,0.0,1.0,0.0,1.0
19083,1.8,5.2,89.6,85.4,2.7,3.0,5.0,21.6,12.1,5.3,26.4,1.1,0.1,7.6,33.9,16639.0,45.4,33.2,21.6,21.9,9.7,65069.0,Hardin,IA,Iowa,2023.0,Crude prevalence,10.0,85.3,8.3,12.9,7.9,38.9,27.3,16.0,13.8,78.8,16.2,4.0,7.5,19.0,6.0,16878.0,370.0,588.0,2394.0,189.0,298.0,1454.0,144.0,230.0,2.0,1.0,1.0,1.0,1.0,0.0
19085,2.0,4.2,95.2,86.0,1.5,1.5,4.7,26.2,9.1,4.1,22.9,1.2,0.4,6.6,25.0,14632.0,42.1,36.9,24.8,22.0,7.1,79535.0,Harrison,IA,Iowa,2023.0,Crude prevalence,9.9,85.6,7.8,12.5,7.4,35.2,25.8,16.0,13.5,79.0,15.8,3.7,6.7,19.0,5.0,14582.0,248.0,393.0,309.0,127.0,209.0,0.0,98.0,166.0,0.0,2.0,0.0,0.0,0.0,0.0
19087,2.5,5.8,94.1,87.9,0.9,2.9,4.7,19.6,9.5,4.8,25.9,0.2,0.2,6.1,32.8,20004.0,41.1,35.6,20.9,23.0,12.0,67436.0,Henry,IA,Iowa,2023.0,Crude prevalence,9.7,84.1,7.8,12.5,7.5,38.8,26.4,16.3,13.5,77.4,16.1,3.7,7.8,19.0,5.0,20482.0,369.0,689.0,3751.0,196.0,401.0,1264.0,122.0,278.0,2.0,1.0,1.0,1.0,1.0,1.0
19089,4.4,3.1,88.8,85.7,1.2,2.3,10.2,23.2,12.7,4.9,22.6,0.9,0.2,1.1,26.3,9445.0,39.2,41.2,18.5,19.5,8.9,67446.0,Howard,IA,Iowa,2023.0,Crude prevalence,10.0,84.6,8.3,12.4,7.7,38.0,26.5,16.4,13.9,77.8,16.6,3.8,7.5,19.0,3.0,9469.0,183.0,245.0,456.0,146.0,132.0,117.0,130.0,97.0,0.0,2.0,0.0,0.0,0.0,0.0
19091,3.1,3.7,94.2,87.0,3.2,2.5,5.8,19.7,8.3,4.8,22.8,2.0,0.7,5.8,28.6,9591.0,42.1,33.3,20.8,19.4,12.9,71946.0,Humboldt,IA,Iowa,2023.0,Crude prevalence,10.1,85.0,8.7,13.2,8.3,41.4,27.5,16.4,14.3,78.5,16.8,4.1,7.7,19.0,4.0,9597.0,203.0,476.0,1507.0,70.0,240.0,391.0,44.0,197.0,2.0,1.0,0.0,0.0,0.0,0.0
19093,1.0,4.5,92.6,86.4,1.6,1.8,5.9,16.1,9.5,4.6,27.1,0.0,0.7,8.4,16.3,6911.0,42.0,39.3,19.5,21.6,11.3,63073.0,Ida,IA,Iowa,2023.0,Crude prevalence,10.0,85.1,8.2,12.4,7.9,41.0,27.8,16.0,13.7,77.8,16.0,3.9,7.4,19.0,3.0,7005.0,141.0,232.0,1.0,86.0,139.0,0.0,71.0,116.0,0.0,1.0,0.0,0.0,0.0,0.0
19095,1.5,3.0,94.4,88.5,1.3,1.2,3.2,22.2,6.2,3.5,23.4,0.8,0.7,3.5,23.4,16507.0,42.4,35.7,22.2,24.8,8.9,71223.0,Iowa,IA,Iowa,2023.0,Crude prevalence,9.9,86.1,7.3,11.7,7.1,43.4,24.8,15.9,13.0,79.1,14.8,3.5,6.6,19.0,4.0,16662.0,242.0,450.0,513.0,170.0,324.0,34.0,153.0,293.0,0.0,1.0,0.0,1.0,0.0,0.0
19097,2.4,3.5,90.1,86.0,3.2,1.7,5.7,24.8,11.2,5.2,19.3,0.7,0.8,4.8,39.8,19390.0,44.7,41.9,20.7,19.5,9.7,74186.0,Jackson,IA,Iowa,2023.0,Crude prevalence,10.1,85.5,8.4,12.7,7.9,40.3,27.1,16.2,14.0,78.6,16.3,3.9,6.9,19.0,6.0,19485.0,427.0,865.0,2175.0,182.0,415.0,114.0,127.0,311.0,2.0,1.0,0.0,0.0,0.0,0.0
19099,1.7,4.3,94.1,90.4,3.5,2.7,4.5,23.3,7.6,4.4,27.7,1.1,0.3,13.1,33.8,37954.0,41.3,41.5,19.5,20.0,8.3,71311.0,Jasper,IA,Iowa,2023.0,Crude prevalence,10.0,84.6,7.6,11.9,7.1,38.3,25.6,16.5,13.4,78.3,16.5,3.6,7.2,19.0,10.0,37813.0,660.0,1105.0,1587.0,143.0,428.0,521.0,109.0,355.0,4.0,6.0,1.0,0.0,1.0,0.0
19101,2.0,2.9,96.3,88.4,4.7,3.0,6.7,15.9,9.8,7.5,32.3,1.4,1.3,4.9,45.8,15705.0,43.7,22.5,16.9,43.2,15.2,61620.0,Jefferson,IA,Iowa,2023.0,Crude prevalence,9.6,85.6,8.1,13.2,8.3,39.6,25.9,14.7,13.3,79.5,14.0,4.0,6.8,19.0,5.0,15663.0,523.0,899.0,3581.0,195.0,445.0,1372.0,90.0,295.0,3.0,2.0,1.0,2.0,1.0,1.0
19103,1.8,1.9,97.0,89.2,2.6,2.1,4.7,19.4,7.1,7.1,40.6,1.1,0.8,10.0,46.3,156639.0,31.0,15.6,16.4,55.2,17.1,74935.0,Johnson,IA,Iowa,2023.0,Crude prevalence,9.8,81.2,5.0,8.8,4.8,30.4,18.1,16.5,10.0,76.4,10.9,2.5,6.3,19.0,36.0,152854.0,4518.0,3824.0,26473.0,1092.0,1001.0,6045.0,506.0,474.0,27.0,17.0,6.0,8.0,1.0,4.0
19105,1.2,3.7,91.4,87.1,2.1,1.9,3.5,24.7,7.8,3.0,19.4,1.0,0.3,6.5,28.9,20896.0,42.8,39.2,20.5,22.0,12.0,73531.0,Jones,IA,Iowa,2023.0,Crude prevalence,9.8,85.2,7.7,11.9,7.4,39.7,25.8,16.0,13.4,79.0,16.0,3.7,6.9,19.0,7.0,20646.0,242.0,868.0,1105.0,135.0,447.0,342.0,108.0,361.0,2.0,4.0,1.0,0.0,0.0,0.0
19107,1.2,4.4,91.8,83.8,2.7,3.3,4.0,26.5,12.5,4.3,18.7,2.0,0.2,10.3,27.5,9924.0,43.4,44.7,20.0,17.0,12.1,62329.0,Keokuk,IA,Iowa,2023.0,Crude prevalence,10.2,84.5,8.9,13.4,8.2,41.4,28.7,16.9,14.5,78.0,17.6,4.1,7.3,19.0,4.0,10033.0,173.0,381.0,254.0,125.0,296.0,0.0,110.0,274.0,0.0,2.0,0.0,0.0,0.0,0.0
19109,1.3,3.6,92.5,87.6,1.2,1.6,3.8,16.3,9.2,6.1,21.4,0.5,0.0,3.8,27.2,14516.0,44.2,32.9,24.2,22.8,8.2,67697.0,Kossuth,IA,Iowa,2023.0,Crude prevalence,9.8,86.3,8.2,13.1,8.4,38.2,26.8,15.6,13.8,79.7,14.9,4.1,7.0,19.0,6.0,14828.0,400.0,304.0,2473.0,183.0,199.0,1071.0,148.0,181.0,2.0,1.0,1.0,1.0,0.0,0.0
19111,2.7,4.8,92.9,86.6,2.6,2.6,5.4,20.4,9.3,5.0,23.7,0.3,0.2,18.4,30.9,32893.0,43.6,35.3,21.2,21.7,13.1,62382.0,Lee,IA,Iowa,2023.0,Crude prevalence,10.2,84.9,8.6,12.9,8.0,37.6,28.1,16.5,14.7,78.2,17.5,4.0,7.4,19.0,11.0,33555.0,711.0,1939.0,3650.0,171.0,596.0,1812.0,113.0,450.0,6.0,6.0,3.0,0.0,2.0,0.0
19113,1.3,3.5,96.3,91.6,2.3,1.8,4.1,19.3,7.3,4.9,26.5,0.7,0.4,9.6,35.2,230004.0,39.0,26.4,20.9,34.7,9.4,77649.0,Linn,IA,Iowa,2023.0,Crude prevalence,10.3,84.8,6.5,11.2,6.2,35.4,22.6,16.3,12.2,78.0,13.5,3.1,6.4,19.0,54.0,230299.0,4658.0,7780.0,53645.0,841.0,1388.0,25830.0,474.0,703.0,45.0,19.0,3.0,7.0,0.0,2.0
19115,4.9,9.4,92.6,87.8,1.9,1.9,4.8,27.3,10.6,5.5,19.7,1.2,0.8,9.1,21.7,10678.0,41.9,37.0,20.1,16.8,9.8,77354.0,Louisa,IA,Iowa,2023.0,Crude prevalence,9.8,85.1,7.7,12.8,7.4,40.2,28.9,15.8,13.7,78.4,15.7,3.7,9.8,19.0,3.0,10837.0,231.0,581.0,153.0,165.0,425.0,0.0,145.0,375.0,0.0,0.0,0.0,0.0,0.0,0.0
19117,4.0,4.3,88.2,80.4,3.1,1.3,8.0,22.8,9.0,7.7,21.2,1.1,1.6,3.4,15.5,8716.0,41.9,44.6,20.9,15.8,14.9,61793.0,Lucas,IA,Iowa,2023.0,Crude prevalence,10.3,84.3,9.6,13.9,8.7,39.8,29.1,16.9,15.2,78.8,18.4,4.3,8.1,19.0,4.0,8634.0,287.0,367.0,930.0,94.0,193.0,296.0,79.0,176.0,0.0,3.0,0.0,0.0,0.0,0.0
19119,2.2,2.5,94.4,90.2,1.6,2.6,4.0,18.9,8.0,3.6,19.1,0.9,0.0,6.5,22.3,12162.0,38.2,40.1,18.5,20.4,5.3,76746.0,Lyon,IA,Iowa,2023.0,Crude prevalence,10.3,85.3,7.3,11.8,7.2,42.2,27.5,17.0,13.5,79.1,16.0,3.5,7.5,19.0,3.0,11934.0,160.0,144.0,122.0,135.0,101.0,0.0,128.0,92.0,0.0,0.0,0.0,0.0,0.0,0.0
19121,1.6,1.8,94.6,89.7,2.4,0.9,4.9,28.7,5.7,6.6,19.9,0.8,0.1,5.0,31.3,16926.0,40.6,32.0,25.2,27.1,7.0,90855.0,Madison,IA,Iowa,2023.0,Crude prevalence,9.8,86.0,6.4,10.5,6.2,37.2,22.8,15.8,12.3,77.8,14.2,3.1,5.9,19.0,4.0,16548.0,445.0,408.0,1015.0,139.0,235.0,506.0,123.0,220.0,1.0,1.0,0.0,1.0,0.0,0.0
19123,2.6,3.9,94.5,89.7,2.3,3.0,4.7,18.0,10.1,4.0,32.0,1.0,0.1,7.0,25.8,22021.0,39.0,36.4,19.3,24.1,12.6,70940.0,Mahaska,IA,Iowa,2023.0,Crude prevalence,10.1,83.4,7.8,11.7,7.2,38.6,28.4,16.9,13.6,76.8,16.3,3.6,7.1,19.0,7.0,22190.0,346.0,1134.0,1843.0,92.0,363.0,535.0,64.0,271.0,4.0,1.0,0.0,0.0,0.0,0.0
19125,1.6,3.5,94.7,88.4,1.4,1.5,2.5,21.0,7.4,3.4,22.3,1.3,0.3,7.0,31.2,33642.0,39.9,33.7,18.5,32.1,8.2,78680.0,Marion,IA,Iowa,2023.0,Crude prevalence,9.6,85.4,6.4,10.5,6.5,39.4,22.6,15.7,12.0,78.1,13.3,3.2,5.9,19.0,10.0,33414.0,453.0,1057.0,5222.0,240.0,528.0,3096.0,205.0,445.0,5.0,1.0,0.0,0.0,0.0,0.0
19127,7.7,5.4,93.3,87.6,2.9,2.0,5.8,19.9,8.5,5.5,25.0,2.8,0.9,6.0,26.3,40114.0,38.5,33.4,19.7,22.6,11.2,73315.0,Marshall,IA,Iowa,2023.0,Crude prevalence,9.5,84.0,7.2,12.7,7.1,44.1,28.4,15.8,13.8,78.8,15.2,3.6,11.0,19.0,11.0,40105.0,858.0,1425.0,4339.0,193.0,480.0,1131.0,127.0,330.0,6.0,4.0,0.0,1.0,0.0,0.0
19129,1.1,2.3,95.6,88.7,1.2,0.2,2.7,25.6,12.1,4.8,16.5,0.1,0.0,8.6,26.7,14568.0,42.1,27.6,24.3,31.0,8.2,90753.0,Mills,IA,Iowa,2023.0,Crude prevalence,9.8,86.7,6.7,11.3,6.7,39.2,23.0,15.2,12.2,78.6,13.8,3.3,5.9,19.0,5.0,14484.0,261.0,350.0,2778.0,135.0,195.0,1406.0,109.0,164.0,2.0,0.0,0.0,1.0,0.0,0.0
19131,3.2,3.7,92.7,89.9,0.8,2.1,7.4,18.5,7.1,3.0,20.0,1.1,0.1,4.6,31.1,10575.0,41.9,31.8,21.1,24.9,9.5,71365.0,Mitchell,IA,Iowa,2023.0,Crude prevalence,9.9,85.6,7.9,12.2,7.8,40.1,26.4,15.7,13.5,78.7,15.3,3.8,6.8,19.0,3.0,10565.0,140.0,352.0,383.0,75.0,220.0,0.0,48.0,166.0,0.0,1.0,0.0,0.0,0.0,0.0
19133,2.6,4.8,90.2,84.9,1.0,1.0,3.9,22.6,11.3,4.2,24.3,1.1,0.0,6.3,33.7,8557.0,43.7,38.5,22.1,19.6,10.6,68377.0,Monona,IA,Iowa,2023.0,Crude prevalence,10.1,85.3,8.8,13.1,8.3,42.2,28.3,16.5,14.3,79.4,16.3,4.1,7.3,19.0,4.0,8751.0,163.0,340.0,1144.0,48.0,176.0,369.0,36.0,156.0,0.0,2.0,1.0,0.0,0.0,0.0
19135,2.6,2.0,95.9,86.2,1.9,0.6,3.6,29.4,15.5,5.6,18.7,1.8,0.0,14.0,40.3,7513.0,41.8,41.2,17.9,21.4,9.2,70996.0,Monroe,IA,Iowa,2023.0,Crude prevalence,10.0,85.4,7.5,11.7,7.2,38.2,25.4,16.1,13.3,78.4,15.5,3.6,6.6,19.0,3.0,7577.0,173.0,241.0,701.0,116.0,171.0,439.0,104.0,152.0,0.0,0.0,0.0,0.0,0.0,0.0
19137,2.7,5.6,90.9,85.9,1.5,3.5,3.7,22.3,8.4,4.0,30.9,1.2,0.2,6.6,46.7,10214.0,43.5,37.4,20.0,20.4,15.3,63666.0,Montgomery,IA,Iowa,2023.0,Crude prevalence,10.2,84.9,8.6,12.9,8.1,39.5,28.4,16.5,14.3,78.7,16.5,4.1,7.4,19.0,4.0,10330.0,183.0,667.0,1767.0,44.0,261.0,841.0,33.0,187.0,2.0,1.0,1.0,0.0,1.0,0.0
19139,3.3,7.0,94.5,90.4,2.1,2.4,4.3,19.0,6.0,3.8,26.1,1.0,0.7,7.2,38.1,42559.0,39.6,34.9,20.2,23.1,13.7,69396.0,Muscatine,IA,Iowa,2023.0,Crude prevalence,9.8,84.1,7.4,12.3,7.0,41.4,29.3,16.8,13.6,76.8,15.9,3.5,10.0,19.0,10.0,43235.0,662.0,2093.0,5896.0,231.0,524.0,2035.0,140.0,338.0,6.0,3.0,0.0,1.0,0.0,0.0
19141,2.6,6.9,94.1,90.1,0.7,1.7,3.0,19.0,11.5,4.7,23.9,1.3,0.0,5.3,26.7,14126.0,39.5,33.8,18.8,22.0,13.3,68356.0,O'Brien,IA,Iowa,2023.0,Crude prevalence,10.1,83.9,8.4,12.4,7.9,38.8,27.9,16.7,14.1,77.6,16.4,3.9,8.4,19.0,4.0,14182.0,275.0,450.0,677.0,171.0,227.0,214.0,154.0,200.0,1.0,0.0,0.0,0.0,0.0,0.0
19143,5.7,7.0,92.0,85.5,2.2,2.4,8.0,18.2,8.2,1.4,22.1,0.9,0.0,2.8,50.5,6100.0,43.1,37.8,20.2,16.7,16.0,69239.0,Osceola,IA,Iowa,2023.0,Crude prevalence,10.0,84.4,9.3,14.0,8.8,39.5,30.1,16.2,15.2,78.2,17.1,4.4,9.6,19.0,2.0,6192.0,38.0,228.0,899.0,19.0,107.0,60.0,15.0,80.0,0.0,1.0,0.0,0.0,0.0,0.0
19145,2.1,4.5,90.8,86.8,2.7,3.3,4.8,17.8,10.7,7.5,29.5,0.7,0.1,13.3,27.3,15131.0,45.1,41.1,20.8,19.2,13.8,57953.0,Page,IA,Iowa,2023.0,Crude prevalence,10.0,84.5,9.1,13.6,8.5,42.9,29.3,16.4,14.7,78.5,18.0,4.3,8.3,19.0,6.0,15211.0,471.0,798.0,2030.0,113.0,222.0,986.0,80.0,169.0,3.0,3.0,0.0,1.0,0.0,1.0
19147,2.7,3.9,95.5,89.8,1.5,2.5,4.8,17.2,16.6,3.4,22.9,1.1,0.0,10.1,32.3,8863.0,41.9,30.9,27.6,19.0,11.6,72781.0,Palo Alto,IA,Iowa,2023.0,Crude prevalence,9.9,85.2,7.8,12.1,7.7,40.0,25.8,15.8,13.4,78.6,15.1,3.8,6.9,19.0,4.0,8996.0,130.0,380.0,481.0,64.0,207.0,192.0,49.0,166.0,0.0,0.0,0.0,0.0,0.0,0.0
19149,2.3,2.9,94.4,89.8,1.5,1.2,5.3,19.2,5.3,3.8,26.4,0.8,0.1,10.0,20.6,25747.0,41.3,37.3,20.3,21.7,6.9,83251.0,Plymouth,IA,Iowa,2023.0,Crude prevalence,9.7,85.7,6.8,11.2,6.8,39.4,24.6,15.5,12.4,77.8,14.5,3.3,7.0,19.0,6.0,25698.0,389.0,683.0,5666.0,220.0,384.0,2351.0,164.0,291.0,2.0,0.0,0.0,1.0,0.0,1.0
19151,1.4,8.0,92.9,85.9,3.3,4.7,7.6,20.7,17.8,4.6,22.7,0.8,0.2,15.9,25.0,7046.0,43.7,33.9,24.1,18.7,10.3,61875.0,Pocahontas,IA,Iowa,2023.0,Crude prevalence,10.0,85.9,8.6,13.3,8.4,36.2,28.2,15.8,14.3,79.6,15.9,4.2,7.8,19.0,3.0,7078.0,139.0,229.0,2.0,87.0,144.0,0.0,79.0,132.0,0.0,1.0,0.0,0.0,0.0,0.0
19153,3.9,3.6,96.9,91.9,3.1,2.0,5.3,20.0,6.0,5.8,32.6,1.8,0.6,10.7,35.5,503175.0,36.2,23.7,18.5,40.3,10.3,83576.0,Polk,IA,Iowa,2023.0,Crude prevalence,9.8,83.5,5.8,10.1,5.5,37.0,23.7,17.2,12.5,75.3,13.3,2.8,7.5,19.0,112.0,492401.0,12002.0,20165.0,65295.0,1122.0,2397.0,19886.0,360.0,922.0,105.0,46.0,6.0,8.0,1.0,6.0
19155,2.8,6.5,93.4,86.2,2.4,2.1,5.0,19.8,6.1,6.3,30.1,1.1,0.6,11.2,33.6,93424.0,40.1,34.7,21.1,23.6,12.1,73602.0,Pottawattamie,IA,Iowa,2023.0,Crude prevalence,10.4,84.0,7.8,11.7,7.0,39.1,27.4,17.0,13.6,77.3,17.0,3.6,8.2,19.0,30.0,93667.0,2383.0,3693.0,16840.0,713.0,966.0,7411.0,391.0,474.0,20.0,13.0,2.0,3.0,0.0,2.0
19157,1.6,3.5,95.3,86.6,2.3,2.4,3.9,18.6,13.0,7.2,28.8,0.5,0.1,9.4,30.6,18545.0,41.0,40.9,16.9,27.3,10.7,67391.0,Poweshiek,IA,Iowa,2023.0,Crude prevalence,9.9,83.5,7.5,11.4,7.2,40.5,25.8,16.5,13.0,77.3,14.7,3.6,7.0,19.0,5.0,18662.0,563.0,735.0,1923.0,166.0,312.0,872.0,125.0,264.0,2.0,0.0,0.0,1.0,0.0,0.0
19159,1.5,4.5,92.3,86.6,2.0,2.8,6.6,22.9,29.1,6.0,21.5,0.5,0.2,6.3,35.1,4645.0,44.5,34.9,22.4,24.6,8.8,73346.0,Ringgold,IA,Iowa,2023.0,Crude prevalence,9.9,86.4,7.7,12.2,7.7,42.7,25.9,15.4,13.4,79.6,14.8,3.8,6.4,19.0,2.0,4663.0,114.0,249.0,1416.0,79.0,175.0,797.0,70.0,157.0,0.0,0.0,0.0,0.0,0.0,0.0
19161,2.4,4.9,90.1,84.6,3.0,1.5,4.8,21.7,15.9,5.3,22.0,1.6,1.2,4.5,27.9,9689.0,46.2,32.4,22.0,22.3,9.2,73838.0,Sac,IA,Iowa,2023.0,Crude prevalence,9.9,86.2,8.1,12.5,8.1,41.3,26.3,15.6,13.7,79.1,15.1,3.9,7.0,19.0,4.0,9814.0,227.0,321.0,0.0,132.0,207.0,0.0,119.0,185.0,0.0,0.0,0.0,0.0,0.0,0.0
19163,2.2,3.7,94.9,90.5,2.4,2.6,5.2,20.3,6.9,6.7,30.0,0.8,0.4,8.8,38.5,174608.0,39.4,25.7,20.2,36.6,11.5,78277.0,Scott,IA,Iowa,2023.0,Crude prevalence,10.5,84.9,6.7,11.0,6.3,40.6,24.1,16.2,12.6,78.8,14.0,3.3,6.9,19.0,48.0,174669.0,4911.0,7544.0,19619.0,597.0,858.0,5433.0,266.0,447.0,41.0,18.0,1.0,8.0,1.0,3.0
19165,1.7,2.9,91.3,88.3,2.0,1.9,2.3,18.5,10.3,3.2,22.2,0.1,0.0,11.7,39.4,11778.0,44.3,35.9,21.6,24.1,7.6,72738.0,Shelby,IA,Iowa,2023.0,Crude prevalence,10.0,86.2,7.9,12.5,7.9,37.8,26.7,15.5,13.8,79.3,15.2,3.9,7.0,19.0,4.0,11746.0,156.0,356.0,2086.0,88.0,209.0,811.0,82.0,200.0,1.0,1.0,0.0,0.0,0.0,0.0
19167,5.5,3.6,95.2,92.4,1.1,0.4,5.8,13.5,4.5,2.9,23.9,0.9,1.0,5.2,24.8,36212.0,33.8,27.9,17.2,30.6,6.7,86098.0,Sioux,IA,Iowa,2023.0,Crude prevalence,9.6,83.3,6.0,9.8,5.9,33.0,23.3,15.9,11.8,76.9,12.9,2.9,7.9,19.0,9.0,35872.0,372.0,360.0,3994.0,265.0,246.0,461.0,234.0,215.0,4.0,0.0,0.0,1.0,0.0,1.0
19169,0.6,2.0,97.7,80.4,3.2,1.5,4.2,17.8,7.1,5.8,44.5,0.5,0.2,8.5,40.1,100466.0,26.9,16.0,16.2,54.8,18.2,69685.0,Story,IA,Iowa,2023.0,Crude prevalence,9.7,78.3,4.8,8.1,4.7,30.8,20.1,17.1,10.1,74.6,11.1,2.3,6.1,19.0,27.0,98537.0,2256.0,1780.0,17373.0,557.0,543.0,7561.0,319.0,345.0,19.0,9.0,3.0,3.0,1.0,2.0
19171,3.0,5.5,94.9,87.5,2.4,1.0,6.2,22.7,11.5,2.5,24.0,2.4,0.7,2.7,33.4,16868.0,41.5,39.4,19.0,20.5,14.8,70781.0,Tama,IA,Iowa,2023.0,Crude prevalence,10.2,84.3,8.8,13.6,8.2,40.2,29.6,16.6,14.9,77.9,17.4,4.1,9.3,19.0,6.0,17135.0,171.0,647.0,902.0,84.0,379.0,180.0,75.0,327.0,1.0,2.0,0.0,0.0,0.0,0.0
19173,2.7,4.7,91.7,84.5,1.9,1.6,3.5,20.9,13.9,4.3,22.1,0.5,0.5,1.7,29.7,5868.0,43.8,40.3,23.1,16.0,11.0,67740.0,Taylor,IA,Iowa,2023.0,Crude prevalence,9.8,84.9,8.3,12.9,8.0,39.7,28.4,16.0,14.4,78.3,16.3,4.0,8.5,19.0,3.0,5896.0,107.0,252.0,847.0,81.0,177.0,114.0,75.0,158.0,0.0,2.0,0.0,0.0,0.0,0.0
19175,2.8,5.7,91.8,84.9,2.3,3.9,8.3,15.8,11.6,5.9,27.9,0.9,0.2,5.7,29.1,11993.0,40.5,34.6,24.0,23.3,12.4,57772.0,Union,IA,Iowa,2023.0,Crude prevalence,10.1,84.3,7.9,12.1,7.4,37.2,27.1,16.6,13.6,78.5,15.8,3.7,7.3,19.0,4.0,12138.0,303.0,890.0,1544.0,91.0,195.0,222.0,69.0,119.0,2.0,3.0,1.0,0.0,0.0,0.0
19177,11.8,2.5,83.6,72.8,2.4,1.4,17.4,22.5,17.0,10.2,18.4,1.2,0.0,9.8,37.0,7241.0,44.7,36.8,20.1,18.8,15.1,61161.0,Van Buren,IA,Iowa,2023.0,Crude prevalence,10.5,84.4,9.8,13.9,8.8,39.5,29.6,16.9,15.5,78.3,18.5,4.4,8.0,19.0,2.0,7203.0,294.0,232.0,21.0,211.0,166.0,0.0,191.0,151.0,0.0,1.0,0.0,1.0,0.0,1.0
19179,6.1,5.3,92.6,86.3,2.6,3.9,7.3,20.0,11.0,6.6,31.6,1.8,0.6,6.8,40.8,35362.0,39.2,38.3,18.6,19.6,15.8,64766.0,Wapello,IA,Iowa,2023.0,Crude prevalence,10.3,82.8,8.6,13.5,7.6,41.7,30.7,17.2,14.9,77.3,18.0,3.9,10.0,19.0,11.0,35437.0,923.0,2148.0,6129.0,252.0,506.0,2493.0,168.0,327.0,8.0,6.0,2.0,0.0,1.0,0.0
19181,0.9,2.3,96.6,91.8,2.3,2.0,2.0,24.1,5.7,3.3,17.7,1.1,0.2,10.7,31.1,54409.0,38.8,27.9,22.3,33.3,5.1,94588.0,Warren,IA,Iowa,2023.0,Crude prevalence,9.7,85.7,5.7,9.7,5.6,38.7,21.8,15.4,11.4,77.1,12.6,2.8,5.7,19.0,14.0,52403.0,686.0,1270.0,8700.0,252.0,440.0,3954.0,183.0,264.0,8.0,0.0,0.0,1.0,0.0,0.0
19183,2.9,3.6,92.9,88.7,1.5,2.2,7.6,23.5,7.1,4.8,26.0,1.2,0.3,10.8,21.3,22561.0,40.7,33.9,21.3,26.2,8.2,75647.0,Washington,IA,Iowa,2023.0,Crude prevalence,9.8,85.0,7.6,12.0,7.3,38.6,26.2,15.9,13.5,78.1,15.1,3.6,7.8,19.0,6.0,22565.0,427.0,728.0,1495.0,195.0,289.0,581.0,156.0,225.0,2.0,3.0,1.0,0.0,1.0,0.0
19185,5.9,3.2,87.3,79.4,1.8,2.7,12.8,25.4,15.0,6.7,19.1,0.9,0.6,9.0,23.6,6532.0,41.5,40.0,20.1,17.2,10.1,61964.0,Wayne,IA,Iowa,2023.0,Crude prevalence,10.2,84.5,9.1,13.1,8.6,40.6,29.3,16.7,14.8,78.6,17.2,4.3,7.8,19.0,3.0,6497.0,172.0,264.0,738.0,136.0,187.0,230.0,130.0,172.0,0.0,1.0,0.0,1.0,0.0,0.0
19187,1.3,5.6,93.8,87.3,3.0,2.4,6.3,20.2,10.0,6.7,29.7,0.8,0.2,9.2,31.0,36886.0,39.7,32.5,23.7,22.0,12.9,68975.0,Webster,IA,Iowa,2023.0,Crude prevalence,10.1,83.0,7.7,11.8,7.1,41.2,27.6,16.9,13.2,77.8,16.0,3.6,8.0,19.0,13.0,36999.0,1035.0,1691.0,7264.0,226.0,463.0,2652.0,143.0,323.0,7.0,4.0,0.0,0.0,0.0,0.0
19189,1.3,4.0,94.3,88.6,1.9,1.6,5.6,14.7,8.6,5.8,29.4,0.2,0.0,5.8,30.3,10583.0,42.7,29.8,22.1,26.1,11.2,67642.0,Winnebago,IA,Iowa,2023.0,Crude prevalence,9.9,84.8,7.4,11.6,7.2,38.4,24.8,15.8,13.0,78.5,14.3,3.6,7.0,19.0,3.0,10679.0,271.0,466.0,90.0,118.0,261.0,0.0,76.0,206.0,0.0,0.0,0.0,0.0,0.0,0.0
19191,1.6,2.2,92.6,88.0,1.5,2.4,2.7,18.1,9.9,4.5,25.8,1.1,0.2,6.9,29.6,19873.0,42.6,31.4,17.5,31.2,8.4,79066.0,Winneshiek,IA,Iowa,2023.0,Crude prevalence,9.6,85.3,6.6,10.7,7.0,34.7,22.8,15.2,11.9,79.1,12.4,3.4,5.8,19.0,5.0,20070.0,368.0,256.0,2303.0,187.0,184.0,931.0,149.0,167.0,1.0,0.0,0.0,0.0,0.0,0.0
19193,6.1,6.3,94.0,87.3,2.8,2.9,7.3,18.1,6.2,6.1,31.8,1.9,0.8,6.1,36.4,106247.0,36.1,32.5,19.4,24.3,14.0,73658.0,Woodbury,IA,Iowa,2023.0,Crude prevalence,9.8,82.5,7.3,12.1,6.6,39.1,28.9,17.5,14.1,76.9,16.1,3.4,10.6,19.0,29.0,105941.0,2489.0,5147.0,19942.0,537.0,1051.0,7270.0,262.0,453.0,25.0,12.0,5.0,4.0,1.0,2.0
19195,2.2,4.2,88.9,85.0,2.4,0.7,7.0,21.4,8.5,4.6,16.8,1.4,0.0,6.8,14.6,7350.0,44.1,34.5,22.2,19.1,8.2,78008.0,Worth,IA,Iowa,2023.0,Crude prevalence,9.8,86.1,7.8,12.4,7.7,40.5,26.0,15.6,13.4,79.2,15.5,3.8,6.8,19.0,3.0,7443.0,147.0,212.0,271.0,87.0,161.0,3.0,83.0,156.0,0.0,0.0,0.0,0.0,0.0,0.0
19197,3.9,4.4,90.9,85.8,1.1,2.2,5.8,20.2,14.7,4.4,23.0,0.6,0.0,12.0,29.1,12791.0,39.4,32.5,23.1,24.9,16.8,67190.0,Wright,IA,Iowa,2023.0,Crude prevalence,9.9,84.8,8.7,13.9,8.6,40.7,28.8,15.6,14.5,78.8,16.0,4.2,9.9,19.0,5.0,12943.0,238.0,511.0,86.0,120.0,279.0,0.0,97.0,230.0,0.0,2.0,0.0,0.0,0.0,0.0
20001,2.0,3.8,93.4,84.4,5.0,2.7,9.5,18.4,17.5,7.7,24.6,0.6,0.8,12.0,25.0,12483.0,41.2,34.3,25.4,22.4,9.9,60689.0,Allen,KS,Kansas,2023.0,Crude prevalence,10.3,84.0,8.5,12.5,7.8,37.4,29.3,17.1,14.0,77.7,16.5,3.9,9.1,20.0,5.0,12526.0,385.0,467.0,1365.0,166.0,256.0,427.0,108.0,191.0,1.0,1.0,1.0,0.0,0.0,0.0
20003,8.2,3.8,86.6,75.8,2.5,0.5,9.4,28.0,10.5,7.2,21.1,0.5,0.1,9.1,41.8,7834.0,40.0,42.2,21.3,14.0,11.0,70614.0,Anderson,KS,Kansas,2023.0,Crude prevalence,10.3,83.8,9.3,13.1,8.4,40.1,29.9,17.1,14.8,76.8,18.1,4.2,9.7,20.0,2.0,7836.0,230.0,167.0,1674.0,159.0,120.0,641.0,144.0,109.0,0.0,0.0,0.0,1.0,0.0,1.0
20005,1.9,3.6,93.4,87.6,2.9,1.8,8.8,21.2,15.9,7.7,28.1,1.3,0.2,14.6,30.0,16208.0,36.1,41.9,23.1,21.8,13.0,61112.0,Atchison,KS,Kansas,2023.0,Crude prevalence,10.4,81.6,7.6,11.2,6.9,37.0,27.7,17.8,13.0,75.2,15.3,3.4,8.8,20.0,5.0,16348.0,440.0,626.0,2654.0,100.0,225.0,1233.0,82.0,164.0,3.0,2.0,1.0,0.0,1.0,0.0
20007,0.8,3.4,95.4,85.4,0.9,0.7,7.2,15.1,26.3,3.3,19.0,1.6,0.0,32.2,9.5,4069.0,42.5,31.6,23.8,27.3,11.8,61926.0,Barber,KS,Kansas,2023.0,Crude prevalence,10.1,86.0,9.4,13.8,8.9,38.6,29.5,15.8,14.5,78.3,16.4,4.3,8.6,20.0,2.0,4228.0,60.0,52.0,1077.0,38.0,32.0,689.0,32.0,28.0,0.0,0.0,0.0,0.0,0.0,0.0
20009,3.0,6.5,92.8,87.3,2.4,1.3,11.2,15.2,16.2,4.5,34.8,0.8,0.2,9.7,28.1,25097.0,38.8,28.1,28.0,21.7,15.4,58851.0,Barton,KS,Kansas,2023.0,Crude prevalence,10.1,84.2,9.0,13.4,8.2,38.8,30.2,16.2,14.4,78.0,16.3,4.0,11.7,20.0,8.0,25493.0,464.0,724.0,4445.0,106.0,228.0,3584.0,90.0,199.0,4.0,4.0,1.0,0.0,1.0,0.0
20011,3.2,6.0,94.3,87.6,3.3,0.9,8.3,19.6,13.6,4.2,26.0,1.5,0.8,7.5,28.9,14394.0,39.1,31.9,24.8,23.9,13.6,59238.0,Bourbon,KS,Kansas,2023.0,Crude prevalence,10.4,83.4,8.9,12.7,7.9,36.7,30.9,17.1,14.5,77.9,16.9,4.0,9.0,20.0,5.0,14360.0,245.0,455.0,1419.0,97.0,227.0,610.0,73.0,194.0,1.0,1.0,0.0,0.0,0.0,0.0
20013,2.0,3.7,89.9,87.0,3.3,1.4,10.2,17.4,15.3,4.7,23.7,0.8,0.3,11.0,23.1,9343.0,41.7,38.9,25.0,19.6,13.8,62233.0,Brown,KS,Kansas,2023.0,Crude prevalence,10.5,85.3,9.0,13.5,8.4,39.6,29.3,16.7,14.5,78.7,17.7,4.2,9.0,20.0,3.0,9508.0,177.0,439.0,729.0,101.0,265.0,223.0,82.0,218.0,0.0,1.0,0.0,0.0,0.0,0.0
20015,1.6,4.0,95.9,90.3,2.1,2.5,6.0,23.8,7.8,4.0,22.4,1.2,0.1,10.6,30.8,68287.0,38.4,28.2,22.7,32.4,8.5,81610.0,Butler,KS,Kansas,2023.0,Crude prevalence,10.2,84.9,6.6,10.7,6.2,39.0,23.2,16.6,12.4,77.0,14.4,3.1,8.3,20.0,19.0,67380.0,1001.0,1641.0,11290.0,391.0,682.0,4870.0,293.0,539.0,9.0,5.0,1.0,1.0,0.0,1.0
20017,1.1,6.7,92.1,84.7,0.5,2.8,7.3,20.6,17.4,4.9,26.7,0.0,0.8,9.4,11.2,2561.0,45.5,29.0,23.6,30.2,8.4,56484.0,Chase,KS,Kansas,2023.0,Crude prevalence,10.0,84.7,9.3,13.9,8.9,38.2,29.8,15.9,14.5,78.4,16.4,4.3,10.7,20.0,1.0,2572.0,56.0,64.0,777.0,48.0,55.0,217.0,46.0,52.0,0.0,0.0,0.0,0.0,0.0,0.0
20019,3.9,6.0,90.0,82.1,2.0,2.1,11.4,22.2,31.3,4.0,18.0,2.0,0.0,2.6,27.5,3370.0,45.2,40.6,20.0,18.6,14.9,56438.0,Chautauqua,KS,Kansas,2023.0,Crude prevalence,10.6,84.5,10.9,15.2,10.1,40.4,33.3,17.1,16.3,78.1,19.1,5.0,10.7,20.0,1.0,3379.0,54.0,190.0,541.0,38.0,134.0,38.0,36.0,128.0,0.0,1.0,1.0,0.0,0.0,0.0
20021,3.4,7.2,94.0,87.0,2.0,2.7,11.4,20.0,13.6,4.9,24.5,2.5,0.2,12.1,35.5,19151.0,42.2,34.9,26.6,19.4,14.1,57668.0,Cherokee,KS,Kansas,2023.0,Crude prevalence,10.8,83.9,9.7,13.4,8.5,43.8,30.6,17.6,15.4,77.9,18.9,4.3,9.5,20.0,6.0,19362.0,390.0,1035.0,32.0,166.0,482.0,0.0,120.0,378.0,0.0,4.0,0.0,0.0,0.0,0.0
20023,3.1,7.7,93.7,82.7,1.5,1.8,12.6,13.1,16.8,2.9,22.1,1.7,0.4,5.4,23.2,2628.0,40.6,27.2,28.2,22.0,17.0,55429.0,Cheyenne,KS,Kansas,2023.0,Crude prevalence,10.1,85.1,10.3,14.8,9.8,38.0,33.5,16.2,15.5,78.6,17.7,4.7,11.4,20.0,1.0,2616.0,35.0,47.0,680.0,21.0,28.0,443.0,20.0,26.0,0.0,1.0,1.0,0.0,0.0,0.0
20025,2.7,5.5,94.9,89.2,1.7,1.3,6.8,18.2,24.2,2.9,26.4,0.0,1.1,9.2,20.8,1974.0,43.7,26.6,22.6,31.1,9.9,63043.0,Clark,KS,Kansas,2023.0,Crude prevalence,9.9,85.9,7.6,12.1,7.7,36.8,27.0,15.2,13.1,78.0,13.9,3.7,9.8,20.0,1.0,1991.0,23.0,38.0,372.0,10.0,16.0,273.0,9.0,15.0,0.0,0.0,0.0,0.0,0.0,0.0
20027,2.5,4.1,91.8,89.6,0.6,1.2,5.7,24.0,10.7,6.8,22.0,3.0,0.0,12.5,36.2,8048.0,43.7,30.8,25.9,25.5,13.4,66176.0,Clay,KS,Kansas,2023.0,Crude prevalence,10.1,85.7,8.8,12.8,8.4,39.6,28.2,15.9,14.0,78.1,16.5,4.1,8.7,20.0,2.0,8117.0,239.0,252.0,1961.0,116.0,106.0,938.0,90.0,75.0,1.0,1.0,1.0,0.0,0.0,0.0
20029,1.7,3.1,94.4,83.6,1.6,0.6,7.9,16.5,14.5,6.5,26.0,0.7,0.3,8.1,30.8,8898.0,40.2,30.5,28.3,20.8,10.0,58770.0,Cloud,KS,Kansas,2023.0,Crude prevalence,10.2,84.0,8.4,12.3,7.7,41.4,29.0,16.9,13.9,76.9,15.9,3.8,8.6,20.0,4.0,9032.0,248.0,190.0,2728.0,96.0,68.0,1832.0,75.0,51.0,2.0,4.0,3.0,0.0,2.0,0.0
20031,3.6,4.1,94.4,87.3,3.8,2.4,11.0,21.8,11.3,5.2,24.1,0.8,1.1,12.5,27.0,8308.0,44.0,34.6,27.8,19.7,10.7,70346.0,Coffey,KS,Kansas,2023.0,Crude prevalence,10.2,85.6,8.5,12.7,8.1,36.9,27.6,16.1,13.9,78.5,16.2,3.9,8.7,20.0,3.0,8360.0,186.0,306.0,1797.0,123.0,204.0,1054.0,105.0,173.0,0.0,0.0,0.0,0.0,0.0,0.0
20033,1.2,2.8,93.6,88.8,1.1,1.6,7.5,13.4,18.9,3.4,26.6,0.8,0.0,7.4,34.0,1729.0,49.6,32.0,35.2,20.1,9.2,54545.0,Comanche,KS,Kansas,2023.0,Crude prevalence,10.1,86.5,8.7,13.3,8.6,39.2,29.1,15.7,14.2,79.5,15.1,4.2,8.9,20.0,1.0,1689.0,28.0,62.0,360.0,13.0,29.0,245.0,12.0,27.0,0.0,0.0,0.0,0.0,0.0,0.0
20035,2.8,6.6,92.9,84.3,2.2,3.1,8.1,21.1,14.6,7.0,31.9,1.4,0.2,10.5,40.4,34411.0,39.2,31.3,22.6,24.5,14.3,57878.0,Cowley,KS,Kansas,2023.0,Crude prevalence,10.2,83.5,8.0,12.8,7.4,40.9,28.4,17.2,14.2,76.3,15.7,3.7,10.7,20.0,11.0,34549.0,942.0,1556.0,7300.0,269.0,559.0,3131.0,137.0,387.0,7.0,8.0,5.0,2.0,2.0,1.0
20037,3.3,4.4,95.4,88.5,2.6,1.6,13.0,17.8,12.6,7.5,39.2,0.9,3.4,10.5,40.2,39008.0,33.6,27.0,24.0,32.2,20.6,52844.0,Crawford,KS,Kansas,2023.0,Crude prevalence,10.5,80.3,7.9,11.2,6.9,36.8,27.5,18.3,14.0,75.6,16.4,3.5,9.7,20.0,12.0,38972.0,1192.0,1886.0,3688.0,330.0,581.0,2199.0,274.0,475.0,6.0,9.0,2.0,1.0,2.0,1.0
20039,1.3,4.7,93.8,88.6,2.5,1.1,5.2,17.9,18.8,3.8,22.3,0.5,0.1,3.7,17.4,2726.0,50.1,27.7,29.0,27.0,12.7,53870.0,Decatur,KS,Kansas,2023.0,Crude prevalence,9.8,87.6,8.5,13.4,8.9,36.6,27.7,14.4,13.6,78.8,14.1,4.2,8.1,20.0,1.0,2764.0,51.0,68.0,860.0,23.0,30.0,757.0,21.0,29.0,0.0,1.0,1.0,0.0,1.0,0.0
20041,2.1,4.2,95.8,89.4,1.7,1.8,8.9,22.1,8.8,4.7,21.4,0.3,0.3,7.8,37.6,18445.0,42.8,31.7,26.2,23.7,8.1,68417.0,Dickinson,KS,Kansas,2023.0,Crude prevalence,10.1,85.6,7.8,11.9,7.5,39.5,28.3,16.1,13.5,77.8,15.0,3.7,8.6,20.0,6.0,18402.0,373.0,458.0,3277.0,148.0,152.0,2064.0,133.0,135.0,2.0,0.0,0.0,0.0,0.0,0.0
20043,2.6,4.8,92.9,87.2,1.0,1.2,6.4,21.6,19.2,2.7,18.9,1.4,0.6,3.0,25.8,7503.0,41.1,34.7,26.3,21.7,9.6,74028.0,Doniphan,KS,Kansas,2023.0,Crude prevalence,10.2,84.4,7.5,11.5,7.1,37.5,26.9,16.6,13.1,77.3,15.3,3.5,8.3,20.0,3.0,7510.0,74.0,204.0,607.0,52.0,134.0,141.0,46.0,115.0,0.0,0.0,0.0,0.0,0.0,0.0
20045,1.4,3.0,97.4,92.0,2.9,1.3,8.2,20.8,6.1,7.5,49.9,1.1,0.9,9.7,41.8,120302.0,31.6,18.6,18.5,53.2,14.7,69746.0,Douglas,KS,Kansas,2023.0,Crude prevalence,10.1,80.7,5.3,8.4,4.8,30.5,18.8,17.1,10.7,76.5,11.6,2.5,7.5,20.0,27.0,118785.0,3785.0,2652.0,14752.0,640.0,440.0,4807.0,316.0,255.0,22.0,11.0,1.0,9.0,0.0,5.0
20047,6.8,6.1,91.9,83.3,3.9,0.9,10.5,19.7,25.0,6.1,20.8,0.2,0.0,10.1,32.3,2779.0,44.2,32.2,23.2,20.5,18.9,52692.0,Edwards,KS,Kansas,2023.0,Crude prevalence,10.0,84.8,8.8,14.3,8.6,39.9,32.2,15.9,14.8,77.6,16.7,4.2,13.4,20.0,2.0,2907.0,71.0,52.0,634.0,23.0,18.0,501.0,22.0,18.0,0.0,1.0,0.0,0.0,0.0,0.0
20049,2.1,7.2,88.9,86.0,1.1,0.5,7.4,33.7,33.0,7.2,21.2,0.2,0.1,12.4,32.1,2453.0,48.8,34.4,28.4,21.5,10.4,64609.0,Elk,KS,Kansas,2023.0,Crude prevalence,10.4,86.1,11.1,15.8,10.3,40.5,35.1,16.3,16.3,79.6,18.4,5.0,9.5,20.0,1.0,2483.0,72.0,73.0,545.0,60.0,60.0,282.0,58.0,59.0,0.0,1.0,1.0,0.0,0.0,0.0
20051,1.8,3.3,95.9,92.9,2.3,1.1,7.3,12.9,7.8,3.8,36.8,2.4,0.0,11.9,42.8,28920.0,33.2,26.9,20.9,38.9,18.3,63084.0,Ellis,KS,Kansas,2023.0,Crude prevalence,9.9,80.7,6.6,9.8,6.1,36.5,23.6,17.2,11.8,76.1,13.1,3.0,8.6,20.0,8.0,28934.0,468.0,736.0,3536.0,140.0,286.0,2049.0,110.0,228.0,5.0,2.0,1.0,0.0,0.0,0.0
20053,1.9,3.9,95.3,88.1,1.3,1.6,3.7,19.2,21.6,3.0,19.8,0.5,0.8,8.4,41.7,6360.0,43.5,34.3,28.4,22.7,10.4,65560.0,Ellsworth,KS,Kansas,2023.0,Crude prevalence,9.4,84.8,7.4,11.7,7.5,39.1,27.6,15.1,13.0,77.1,14.7,3.7,9.5,20.0,2.0,6376.0,74.0,164.0,1005.0,38.0,112.0,645.0,21.0,88.0,0.0,0.0,0.0,0.0,0.0,0.0
20055,17.2,11.0,97.0,91.6,2.8,1.6,12.7,14.7,7.8,5.5,35.1,3.9,3.5,9.3,23.5,38084.0,31.9,23.6,18.7,19.0,11.1,73009.0,Finney,KS,Kansas,2023.0,Crude prevalence,9.7,80.8,6.5,13.1,6.2,37.3,33.0,17.0,14.4,72.7,15.3,3.2,21.1,20.0,12.0,38470.0,724.0,1503.0,7268.0,121.0,313.0,5455.0,88.0,232.0,10.0,4.0,1.0,0.0,1.0,0.0
20057,15.6,7.9,94.8,87.0,3.6,1.8,15.9,12.7,7.4,4.2,37.5,4.3,1.9,5.5,22.5,34074.0,32.3,29.1,17.7,20.7,14.0,70781.0,Ford,KS,Kansas,2023.0,Crude prevalence,9.3,80.1,6.6,13.1,6.4,39.1,34.0,16.6,14.3,72.2,15.5,3.3,21.9,20.0,9.0,34287.0,498.0,870.0,3845.0,146.0,167.0,2345.0,112.0,116.0,4.0,2.0,1.0,0.0,0.0,0.0
20059,1.6,5.7,94.2,85.7,2.0,2.9,7.9,23.4,8.0,3.1,27.8,1.0,0.5,9.5,32.4,26106.0,39.7,36.3,23.2,24.6,8.7,77207.0,Franklin,KS,Kansas,2023.0,Crude prevalence,10.4,84.0,7.7,11.5,7.0,40.3,27.3,16.8,13.6,76.3,16.1,3.5,8.8,20.0,6.0,25996.0,324.0,594.0,3278.0,112.0,235.0,919.0,72.0,170.0,3.0,0.0,0.0,0.0,0.0,0.0
20061,3.0,4.0,97.6,94.1,3.6,2.2,7.7,17.5,11.2,6.2,56.5,1.0,0.7,9.1,31.7,35815.0,27.1,24.5,30.7,26.2,18.0,59317.0,Geary,KS,Kansas,2023.0,Crude prevalence,10.3,77.1,5.9,9.3,4.9,34.5,29.7,19.6,12.4,73.1,16.4,2.7,13.1,20.0,11.0,36739.0,876.0,1297.0,9208.0,276.0,382.0,6587.0,206.0,222.0,7.0,7.0,3.0,1.0,2.0,1.0
20063,1.1,4.3,93.9,82.4,1.8,0.0,5.8,16.5,12.2,1.5,20.6,0.0,0.0,2.2,34.6,2799.0,40.8,36.0,21.8,24.2,5.1,66029.0,Gove,KS,Kansas,2023.0,Crude prevalence,9.9,86.1,8.1,12.3,8.0,37.4,28.3,15.5,13.4,77.3,15.2,3.9,8.4,20.0,1.0,2718.0,18.0,31.0,1116.0,14.0,25.0,947.0,14.0,24.0,0.0,0.0,0.0,0.0,0.0,0.0
20065,1.9,3.3,95.4,86.7,3.1,3.6,5.0,12.3,15.8,3.4,21.2,0.3,0.0,3.9,46.9,2389.0,46.0,32.4,24.1,26.9,14.8,50650.0,Graham,KS,Kansas,2023.0,Crude prevalence,10.1,86.8,9.4,14.3,9.5,36.7,29.9,15.1,14.5,79.7,15.3,4.6,8.4,20.0,1.0,2415.0,41.0,74.0,379.0,18.0,33.0,333.0,13.0,23.0,0.0,1.0,0.0,0.0,0.0,0.0
20067,17.7,4.4,98.6,90.8,0.4,1.4,16.2,32.3,18.9,5.1,23.3,9.2,0.0,8.2,17.7,7229.0,33.4,31.1,15.5,25.1,9.3,66476.0,Grant,KS,Kansas,2023.0,Crude prevalence,9.0,83.9,5.5,11.8,5.9,35.4,29.3,14.6,12.5,74.1,12.6,2.9,17.4,20.0,2.0,7352.0,122.0,34.0,1172.0,9.0,3.0,732.0,4.0,1.0,1.0,1.0,0.0,0.0,0.0,0.0
20069,17.0,4.2,97.4,88.2,1.8,1.9,11.5,18.0,9.3,2.3,22.9,1.8,0.0,8.0,17.6,5701.0,37.9,22.9,21.5,25.9,8.5,79122.0,Gray,KS,Kansas,2023.0,Crude prevalence,10.2,82.6,7.6,11.2,7.0,39.5,29.2,16.9,13.5,74.5,15.6,3.4,12.9,20.0,2.0,5653.0,50.0,46.0,1328.0,32.0,25.0,1062.0,31.0,22.0,0.0,0.0,0.0,0.0,0.0,0.0
20071,7.9,3.5,95.2,94.6,0.1,0.0,10.3,15.4,17.9,4.4,25.0,0.0,0.0,0.0,8.5,1304.0,37.1,25.1,19.9,29.8,7.1,80565.0,Greeley,KS,Kansas,2023.0,Crude prevalence,9.6,86.7,6.9,11.7,7.1,36.8,26.5,14.6,12.6,78.1,13.4,3.4,10.0,20.0,1.0,1284.0,24.0,11.0,376.0,15.0,7.0,320.0,15.0,7.0,0.0,0.0,0.0,0.0,0.0,0.0
20073,3.5,3.5,89.8,82.1,2.0,2.3,9.0,24.1,27.3,5.6,19.5,0.9,0.0,2.5,38.7,5919.0,47.8,34.3,29.4,21.6,13.9,60042.0,Greenwood,KS,Kansas,2023.0,Crude prevalence,10.3,86.1,9.9,14.4,9.4,40.7,29.9,16.2,14.9,78.2,17.4,4.5,9.0,20.0,3.0,6016.0,150.0,324.0,750.0,87.0,124.0,424.0,78.0,96.0,0.0,2.0,0.0,0.0,0.0,0.0
20075,11.1,9.0,96.2,87.8,2.0,0.0,25.4,15.2,25.3,1.7,22.9,6.9,0.0,4.2,26.4,2471.0,32.1,30.5,23.6,20.5,7.0,70250.0,Hamilton,KS,Kansas,2023.0,Crude prevalence,9.3,83.6,6.5,11.8,6.4,40.2,30.1,15.5,13.2,74.7,14.5,3.2,17.0,20.0,1.0,2518.0,13.0,22.0,1168.0,9.0,15.0,938.0,8.0,14.0,0.0,0.0,0.0,0.0,0.0,0.0
20077,3.7,5.5,92.5,82.8,1.1,1.9,8.5,16.3,27.0,4.6,24.9,0.6,1.5,11.9,28.2,5400.0,40.6,38.5,23.4,22.8,17.3,53488.0,Harper,KS,Kansas,2023.0,Crude prevalence,10.4,83.6,10.6,14.8,9.3,41.9,33.1,17.0,15.8,77.4,19.2,4.7,11.4,20.0,3.0,5485.0,101.0,217.0,386.0,51.0,79.0,173.0,47.0,64.0,0.0,2.0,0.0,0.0,0.0,0.0
20079,3.4,4.0,96.5,86.5,3.1,1.3,8.7,20.7,6.5,4.5,30.2,2.8,0.0,8.8,28.9,33756.0,40.5,27.1,23.0,30.1,8.2,74368.0,Harvey,KS,Kansas,2023.0,Crude prevalence,10.0,85.0,7.2,12.2,7.2,36.5,28.2,15.6,12.9,78.2,13.8,3.5,9.8,20.0,7.0,34024.0,621.0,785.0,3263.0,161.0,280.0,1279.0,66.0,180.0,3.0,1.0,0.0,2.0,0.0,2.0
20081,16.6,8.1,97.4,84.4,2.2,0.0,17.4,18.1,9.2,3.4,23.7,0.7,0.0,4.8,12.5,3641.0,37.0,28.7,17.0,19.9,11.2,66162.0,Haskell,KS,Kansas,2023.0,Crude prevalence,9.9,81.8,7.9,13.2,7.4,41.8,32.9,16.8,14.5,74.6,16.2,3.7,16.4,20.0,1.0,3780.0,48.0,38.0,997.0,28.0,22.0,836.0,24.0,19.0,0.0,0.0,0.0,0.0,0.0,0.0
20083,0.6,3.8,89.0,82.5,0.4,0.7,4.5,15.1,15.3,3.6,20.9,0.0,0.0,22.1,26.0,1652.0,48.6,30.7,22.1,30.2,6.3,59955.0,Hodgeman,KS,Kansas,2023.0,Crude prevalence,9.5,86.8,6.9,11.5,7.2,36.5,25.2,14.6,12.3,78.2,13.3,3.5,8.1,20.0,1.0,1723.0,25.0,30.0,849.0,19.0,23.0,654.0,19.0,23.0,0.0,0.0,0.0,0.0,0.0,0.0
20085,3.2,3.1,93.6,86.4,1.1,1.8,7.2,28.1,11.1,6.1,22.9,0.9,1.2,6.3,36.4,13341.0,41.2,37.2,24.9,22.6,6.1,75215.0,Jackson,KS,Kansas,2023.0,Crude prevalence,10.3,85.3,7.9,12.3,7.6,37.8,27.2,16.3,13.7,77.4,15.8,3.7,8.8,20.0,3.0,13232.0,308.0,348.0,1557.0,164.0,178.0,702.0,148.0,158.0,0.0,0.0,0.0,0.0,0.0,0.0
20087,1.9,3.7,94.4,89.2,1.6,1.0,5.4,30.1,7.8,4.2,14.3,1.0,0.2,16.8,23.3,18349.0,44.2,35.9,25.4,24.6,5.6,81278.0,Jefferson,KS,Kansas,2023.0,Crude prevalence,9.9,86.4,7.3,11.3,7.1,34.7,25.3,15.4,12.7,78.9,14.6,3.4,7.5,20.0,4.0,18368.0,315.0,222.0,613.0,255.0,177.0,332.0,241.0,169.0,0.0,0.0,0.0,2.0,0.0,1.0
20089,0.9,5.1,88.5,81.9,0.8,1.4,6.3,16.5,25.2,1.8,25.9,0.0,0.0,0.7,28.1,2916.0,51.2,36.6,27.0,18.2,10.6,52634.0,Jewell,KS,Kansas,2023.0,Crude prevalence,10.1,86.5,11.0,15.8,10.8,39.1,32.6,15.5,16.0,80.5,17.3,5.1,9.2,20.0,1.0,2932.0,24.0,62.0,1334.0,21.0,53.0,700.0,20.0,52.0,0.0,1.0,1.0,0.0,1.0,0.0
20091,1.6,1.8,97.9,95.9,2.3,0.9,4.9,20.6,3.9,3.5,31.5,0.9,0.5,9.2,32.9,620631.0,38.6,14.0,17.9,57.6,5.4,109208.0,Johnson,KS,Kansas,2023.0,Crude prevalence,9.3,87.9,4.6,9.4,5.0,31.2,19.3,13.2,9.6,79.1,9.7,2.5,6.6,20.0,154.0,609863.0,8669.0,5014.0,186173.0,1924.0,1199.0,84101.0,506.0,571.0,146.0,18.0,3.0,17.0,0.0,5.0
20093,10.0,8.1,95.7,93.1,1.4,0.1,11.5,21.5,9.6,2.0,28.3,5.5,0.1,10.2,20.6,3864.0,37.1,30.2,20.3,19.4,4.5,89135.0,Kearny,KS,Kansas,2023.0,Crude prevalence,9.7,82.5,7.3,12.9,7.1,37.6,32.2,16.4,14.2,74.1,15.7,3.6,16.5,20.0,1.0,3983.0,28.0,78.0,828.0,14.0,40.0,744.0,13.0,37.0,0.0,0.0,0.0,0.0,0.0,0.0
20095,1.6,6.9,92.8,82.8,1.4,2.2,7.2,22.7,14.1,4.8,33.7,2.7,1.6,0.5,33.2,7186.0,42.1,29.1,26.8,25.3,10.3,59842.0,Kingman,KS,Kansas,2023.0,Crude prevalence,10.2,85.1,8.2,12.0,7.4,39.8,27.9,16.5,13.6,77.1,16.4,3.7,8.8,20.0,3.0,7470.0,152.0,207.0,1317.0,98.0,136.0,770.0,82.0,116.0,0.0,2.0,1.0,0.0,1.0,0.0
20097,3.3,7.9,92.8,83.5,1.4,2.4,8.4,13.1,17.2,2.7,27.0,3.2,1.3,15.5,24.2,2422.0,41.1,27.0,22.8,28.3,5.9,75539.0,Kiowa,KS,Kansas,2023.0,Crude prevalence,9.9,85.2,7.7,11.8,7.7,39.0,26.5,15.6,12.9,78.1,13.9,3.7,8.6,20.0,1.0,2460.0,26.0,41.0,771.0,17.0,28.0,624.0,17.0,26.0,0.0,0.0,0.0,0.0,0.0,0.0
20099,3.9,6.3,90.3,82.7,1.8,1.9,9.5,16.7,15.1,5.3,26.0,0.8,1.5,9.2,29.4,19869.0,41.0,31.7,24.2,20.2,16.0,56325.0,Labette,KS,Kansas,2023.0,Crude prevalence,10.7,84.0,9.4,13.4,8.4,41.3,32.2,17.1,14.9,77.1,17.9,4.3,10.2,20.0,8.0,20184.0,431.0,755.0,3345.0,206.0,256.0,1813.0,174.0,193.0,4.0,5.0,2.0,0.0,1.0,0.0
20101,4.4,0.9,92.9,84.1,0.3,0.0,10.9,12.8,19.2,1.6,11.1,0.4,0.0,0.0,19.6,1461.0,50.3,24.0,32.7,24.4,7.0,54526.0,Lane,KS,Kansas,2023.0,Crude prevalence,10.1,86.9,8.3,13.1,8.3,36.6,28.4,15.4,13.8,79.0,14.4,4.0,9.3,20.0,1.0,1574.0,11.0,20.0,523.0,7.0,12.0,368.0,6.0,12.0,0.0,0.0,0.0,0.0,0.0,0.0
20103,1.9,4.3,96.1,92.3,2.3,1.3,6.1,23.9,5.3,4.8,30.7,0.7,0.9,9.2,32.3,83123.0,38.0,28.4,21.5,36.1,8.8,89218.0,Leavenworth,KS,Kansas,2023.0,Crude prevalence,10.0,85.1,6.0,10.8,6.0,39.8,23.2,15.7,11.7,76.2,13.6,3.0,8.5,20.0,19.0,81881.0,1458.0,1698.0,22297.0,457.0,473.0,10294.0,288.0,199.0,12.0,4.0,0.0,2.0,0.0,0.0
20105,0.9,2.4,93.6,83.6,1.5,2.9,5.8,19.0,23.4,2.9,19.6,0.3,0.0,2.9,31.9,2923.0,42.9,24.9,30.8,25.9,11.3,57500.0,Lincoln,KS,Kansas,2023.0,Crude prevalence,10.1,86.3,9.6,14.2,9.4,40.2,30.0,15.8,14.8,79.5,16.2,4.5,8.5,20.0,1.0,2939.0,37.0,84.0,1399.0,29.0,65.0,1035.0,27.0,62.0,0.0,0.0,0.0,0.0,0.0,0.0
20107,1.3,4.5,93.2,83.7,2.5,2.7,9.8,34.7,16.7,5.0,18.9,2.0,0.8,9.7,20.2,9767.0,45.7,36.9,25.8,22.7,8.4,59069.0,Linn,KS,Kansas,2023.0,Crude prevalence,10.2,86.1,8.4,12.5,8.0,37.2,27.8,16.0,13.9,78.4,16.1,3.9,8.2,20.0,3.0,9591.0,218.0,360.0,1876.0,158.0,275.0,1238.0,143.0,254.0,0.0,2.0,1.0,0.0,0.0,0.0
20109,3.1,3.3,97.1,93.1,1.3,0.5,9.3,18.2,9.3,4.7,35.1,0.4,0.1,16.9,24.8,2707.0,41.9,30.4,24.1,25.7,15.0,75662.0,Logan,KS,Kansas,2023.0,Crude prevalence,10.1,84.5,8.4,12.5,7.9,39.8,29.3,16.2,13.8,77.1,15.9,3.9,9.7,20.0,1.0,2762.0,58.0,98.0,1051.0,32.0,54.0,999.0,29.0,48.0,0.0,0.0,0.0,0.0,0.0,0.0
20111,6.0,4.6,94.2,89.2,1.4,1.6,11.5,14.8,10.3,5.7,42.1,1.8,1.1,6.3,35.0,32186.0,33.1,33.7,21.4,26.3,14.6,59912.0,Lyon,KS,Kansas,2023.0,Crude prevalence,10.0,80.4,7.2,11.5,6.6,37.8,29.2,17.6,13.1,75.0,14.8,3.3,13.1,20.0,12.0,32179.0,771.0,873.0,4782.0,129.0,173.0,960.0,68.0,118.0,9.0,6.0,2.0,1.0,0.0,1.0
20113,3.6,3.8,95.7,89.3,1.2,1.9,6.2,14.8,7.7,2.9,24.5,0.7,0.6,4.7,36.1,30205.0,39.4,23.8,23.2,34.3,9.5,78851.0,McPherson,KS,Kansas,2023.0,Crude prevalence,9.9,84.7,6.8,10.5,6.7,37.0,26.5,15.8,12.3,76.8,13.6,3.3,7.9,20.0,7.0,30223.0,358.0,328.0,4974.0,141.0,173.0,1885.0,86.0,130.0,3.0,1.0,1.0,1.0,1.0,0.0
20115,3.3,4.7,91.8,85.4,2.1,1.7,6.8,22.0,16.6,3.5,18.7,1.3,0.5,6.0,30.5,11754.0,43.5,27.0,23.5,30.4,9.2,64695.0,Marion,KS,Kansas,2023.0,Crude prevalence,10.0,84.8,8.2,12.2,8.0,38.7,27.9,15.8,13.4,77.1,15.0,3.9,8.4,20.0,4.0,11823.0,164.0,290.0,1339.0,97.0,189.0,834.0,90.0,177.0,0.0,2.0,0.0,0.0,0.0,0.0
20117,3.3,4.0,90.1,84.5,1.3,1.0,5.1,16.4,12.1,4.5,20.0,3.0,0.7,19.1,30.5,9993.0,43.2,39.0,22.8,19.1,11.3,68419.0,Marshall,KS,Kansas,2023.0,Crude prevalence,10.2,85.1,9.1,13.0,8.6,37.4,29.1,16.5,14.4,77.9,17.3,4.2,9.0,20.0,4.0,10038.0,189.0,160.0,952.0,111.0,103.0,109.0,92.0,90.0,0.0,1.0,0.0,0.0,0.0,0.0
20119,5.0,6.3,96.6,88.5,0.9,3.1,10.5,17.2,20.9,4.6,26.0,0.9,0.0,7.4,23.6,3903.0,38.8,26.4,23.1,26.5,11.0,71852.0,Meade,KS,Kansas,2023.0,Crude prevalence,10.0,83.7,8.0,12.5,7.6,36.8,30.6,16.2,14.1,76.0,15.8,3.7,12.8,20.0,2.0,4055.0,69.0,97.0,516.0,30.0,47.0,366.0,28.0,45.0,0.0,0.0,0.0,0.0,0.0,0.0
20121,2.7,3.1,94.3,87.4,2.4,1.7,7.1,30.0,3.7,2.2,21.8,1.4,0.2,11.3,33.6,34938.0,41.7,31.0,22.6,31.0,7.9,89000.0,Miami,KS,Kansas,2023.0,Crude prevalence,9.8,85.8,6.7,10.8,6.5,35.0,23.9,15.6,12.0,76.5,13.8,3.2,7.7,20.0,8.0,34191.0,300.0,312.0,1454.0,150.0,172.0,913.0,125.0,150.0,1.0,1.0,0.0,0.0,0.0,0.0
20123,2.4,3.5,92.8,84.9,0.1,0.7,7.0,13.6,14.0,7.5,31.0,0.0,0.0,6.5,23.9,5779.0,43.1,25.2,30.4,26.2,12.2,64246.0,Mitchell,KS,Kansas,2023.0,Crude prevalence,10.1,85.3,8.4,12.8,8.2,39.0,28.4,16.2,13.9,77.7,15.6,3.9,8.4,20.0,2.0,5796.0,201.0,137.0,582.0,89.0,61.0,228.0,67.0,47.0,0.0,1.0,0.0,1.0,0.0,0.0
20125,2.5,6.6,93.0,87.1,2.5,2.2,10.8,18.9,17.1,6.8,27.1,1.3,0.7,8.3,39.8,30940.0,41.2,32.1,23.2,22.6,15.9,55697.0,Montgomery,KS,Kansas,2023.0,Crude prevalence,10.7,83.5,9.4,13.8,8.4,38.9,29.4,17.5,15.0,76.9,17.9,4.3,10.5,20.0,12.0,31486.0,871.0,1510.0,3158.0,298.0,439.0,1529.0,223.0,283.0,6.0,7.0,1.0,1.0,0.0,0.0
20127,2.4,3.4,94.1,85.1,1.6,0.5,6.9,22.4,14.9,5.9,19.9,0.0,1.1,6.0,19.3,5340.0,46.4,35.6,20.1,29.9,12.1,58686.0,Morris,KS,Kansas,2023.0,Crude prevalence,9.9,86.8,8.9,13.5,8.8,36.7,30.0,15.2,14.3,79.3,15.2,4.2,8.5,20.0,2.0,5386.0,150.0,100.0,1576.0,66.0,61.0,1207.0,49.0,54.0,0.0,1.0,0.0,0.0,0.0,0.0
20129,7.1,11.4,88.8,85.0,0.9,0.0,10.6,16.8,25.8,2.6,14.6,0.6,0.0,2.8,34.9,2611.0,46.1,36.9,19.0,17.1,14.8,66447.0,Morton,KS,Kansas,2023.0,Crude prevalence,10.0,84.3,8.8,14.0,8.3,37.9,32.7,16.1,15.0,77.4,16.6,4.2,14.1,20.0,1.0,2701.0,25.0,79.0,930.0,11.0,36.0,924.0,11.0,35.0,0.0,0.0,0.0,0.0,0.0,0.0
20131,2.6,3.2,93.1,87.8,1.0,2.0,5.1,14.8,10.7,4.3,22.0,0.4,0.0,11.2,24.9,10160.0,40.1,35.0,19.6,29.9,9.3,77348.0,Nemaha,KS,Kansas,2023.0,Crude prevalence,9.9,85.3,7.6,11.4,7.5,38.7,26.2,15.7,13.0,77.1,14.7,3.6,8.0,20.0,3.0,10273.0,174.0,134.0,1488.0,133.0,111.0,668.0,122.0,106.0,0.0,0.0,0.0,0.0,0.0,0.0
20133,2.1,5.2,92.3,85.6,2.0,2.3,10.4,16.2,10.5,4.6,22.8,0.8,2.3,4.9,44.2,15656.0,39.2,27.9,26.5,23.3,13.1,56618.0,Neosho,KS,Kansas,2023.0,Crude prevalence,10.3,84.0,8.9,13.1,8.1,39.5,28.6,17.0,14.1,77.4,16.6,4.0,9.4,20.0,5.0,15904.0,298.0,625.0,3750.0,159.0,262.0,2226.0,124.0,186.0,3.0,2.0,2.0,1.0,1.0,0.0
20135,2.6,5.0,91.5,89.0,0.5,0.2,8.0,15.6,19.4,2.2,18.4,0.3,1.2,2.8,16.7,2653.0,45.1,34.4,22.0,25.0,11.2,68616.0,Ness,KS,Kansas,2023.0,Crude prevalence,9.8,85.8,8.7,13.2,8.5,35.2,29.7,15.2,14.0,78.3,15.1,4.1,10.4,20.0,1.0,2687.0,25.0,38.0,1056.0,15.0,23.0,946.0,13.0,20.0,0.0,0.0,0.0,0.0,0.0,0.0
20137,1.2,3.7,96.1,93.1,0.8,1.0,10.0,11.0,18.4,2.5,23.8,0.1,0.0,3.2,34.9,5359.0,41.3,36.0,22.1,22.5,7.2,54050.0,Norton,KS,Kansas,2023.0,Crude prevalence,9.8,82.9,8.6,12.7,8.0,42.7,30.1,16.5,14.2,76.2,17.4,3.9,10.7,20.0,1.0,5459.0,49.0,162.0,1151.0,32.0,105.0,890.0,29.0,96.0,0.0,1.0,1.0,0.0,1.0,0.0
20139,2.0,4.2,91.8,84.9,1.2,1.5,8.1,28.5,12.3,3.0,17.6,1.2,0.6,7.6,34.2,15744.0,42.9,39.1,22.5,21.6,9.7,74467.0,Osage,KS,Kansas,2023.0,Crude prevalence,10.1,85.4,8.4,12.5,7.8,41.8,28.2,16.3,13.7,78.1,16.4,3.8,8.6,20.0,5.0,15766.0,191.0,464.0,75.0,119.0,304.0,0.0,100.0,263.0,0.0,1.0,0.0,0.0,0.0,0.0
20141,2.7,3.4,86.3,84.3,1.0,2.8,5.3,13.8,22.3,2.3,22.8,0.4,0.5,6.8,11.9,3452.0,46.4,30.8,21.8,23.8,8.4,63011.0,Osborne,KS,Kansas,2023.0,Crude prevalence,10.0,86.5,9.3,14.0,9.4,38.8,29.9,15.5,14.5,79.8,15.7,4.4,8.3,20.0,1.0,3500.0,37.0,129.0,1056.0,22.0,75.0,961.0,21.0,72.0,0.0,0.0,0.0,0.0,0.0,0.0
20143,1.2,3.9,94.6,88.2,1.8,0.6,6.6,23.8,10.6,3.3,22.8,0.0,0.7,7.5,36.9,5819.0,42.4,31.6,24.1,27.7,10.4,74018.0,Ottawa,KS,Kansas,2023.0,Crude prevalence,10.0,85.7,8.2,12.2,7.8,38.3,27.0,15.8,13.4,77.8,15.6,3.8,8.0,20.0,2.0,5735.0,79.0,178.0,2178.0,56.0,132.0,1543.0,52.0,123.0,0.0,0.0,0.0,0.0,0.0,0.0
20145,2.4,10.5,91.8,89.8,0.7,3.2,10.7,19.7,21.8,7.1,33.8,0.0,0.4,4.3,36.6,6144.0,46.1,28.2,29.0,18.0,11.5,63517.0,Pawnee,KS,Kansas,2023.0,Crude prevalence,9.8,85.3,8.1,12.7,8.0,38.2,29.0,15.3,13.8,77.3,16.5,3.9,10.5,20.0,2.0,6253.0,169.0,60.0,2895.0,75.0,30.0,2552.0,67.0,28.0,1.0,1.0,1.0,0.0,1.0,0.0
20147,1.9,4.1,92.5,87.5,1.9,0.7,7.2,19.4,18.5,4.5,22.0,2.2,0.0,14.5,28.4,4813.0,45.7,33.7,24.6,22.5,15.4,62123.0,Phillips,KS,Kansas,2023.0,Crude prevalence,10.1,85.7,9.3,13.6,8.9,40.5,29.9,15.8,14.6,78.6,16.2,4.3,8.9,20.0,3.0,4981.0,103.0,141.0,1139.0,57.0,81.0,782.0,45.0,64.0,0.0,1.0,1.0,0.0,0.0,0.0
20149,0.6,3.0,96.1,92.5,1.4,1.5,4.7,23.2,8.2,1.7,17.8,2.9,0.5,7.5,29.0,26204.0,36.4,26.2,19.7,38.2,6.7,92325.0,Pottawatomie,KS,Kansas,2023.0,Crude prevalence,9.7,84.7,6.1,9.7,5.9,35.8,23.8,15.7,11.4,75.4,13.6,2.9,7.7,20.0,5.0,25348.0,163.0,409.0,3311.0,122.0,272.0,1940.0,110.0,228.0,1.0,0.0,0.0,0.0,0.0,0.0
20151,4.7,4.8,91.5,84.0,2.1,3.6,9.9,12.2,20.5,5.5,26.8,0.4,0.3,9.2,38.1,9127.0,38.8,29.0,26.2,25.8,12.3,66022.0,Pratt,KS,Kansas,2023.0,Crude prevalence,9.9,84.2,7.7,12.1,7.6,36.5,28.5,16.1,13.3,77.5,14.8,3.7,9.4,20.0,3.0,9157.0,192.0,176.0,2713.0,61.0,64.0,1528.0,38.0,50.0,2.0,2.0,2.0,0.0,1.0,0.0
20153,2.0,2.8,95.7,86.2,0.9,1.3,6.5,13.7,14.6,2.1,29.3,0.8,0.3,10.6,9.1,2516.0,46.5,23.9,33.7,20.0,6.8,67742.0,Rawlins,KS,Kansas,2023.0,Crude prevalence,10.1,86.8,9.9,14.7,9.9,41.9,30.9,15.8,15.3,79.4,16.8,4.7,9.4,20.0,1.0,2561.0,25.0,109.0,1251.0,19.0,82.0,990.0,18.0,78.0,0.0,0.0,0.0,0.0,0.0,0.0
20155,2.6,7.0,94.8,84.0,2.4,1.3,9.3,17.5,9.5,4.8,30.8,1.5,0.6,7.4,36.2,61553.0,40.9,31.2,26.7,20.4,12.5,60645.0,Reno,KS,Kansas,2023.0,Crude prevalence,10.2,84.3,8.3,13.2,7.9,44.0,29.9,16.3,13.5,78.5,16.9,3.9,10.2,20.0,17.0,61898.0,1232.0,2127.0,15172.0,494.0,724.0,10235.0,347.0,513.0,10.0,10.0,3.0,2.0,2.0,1.0
20157,1.6,4.6,85.4,77.5,1.1,0.6,5.6,17.0,25.0,5.5,21.8,0.2,0.1,0.0,33.2,4646.0,44.9,29.1,28.3,21.5,10.6,56833.0,Republic,KS,Kansas,2023.0,Crude prevalence,10.1,86.3,9.9,14.3,9.6,41.2,30.6,15.7,14.9,79.6,16.3,4.6,8.5,20.0,3.0,4674.0,110.0,90.0,1133.0,69.0,66.0,866.0,64.0,63.0,0.0,2.0,0.0,0.0,0.0,0.0
20159,3.1,6.0,93.9,89.8,2.8,0.7,7.9,20.9,15.3,3.8,22.6,0.4,0.0,6.4,17.6,9350.0,38.6,28.6,25.4,25.9,7.7,63925.0,Rice,KS,Kansas,2023.0,Crude prevalence,9.9,84.0,7.4,11.9,7.1,39.5,28.5,16.1,13.3,77.5,14.5,3.5,10.0,20.0,3.0,9427.0,141.0,269.0,899.0,67.0,134.0,395.0,59.0,121.0,0.0,1.0,0.0,0.0,0.0,0.0
20161,1.2,1.8,97.6,91.9,2.3,1.2,7.0,16.3,9.9,4.0,53.9,1.5,0.6,9.3,41.5,71946.0,25.5,17.1,21.2,48.9,19.9,61098.0,Riley,KS,Kansas,2023.0,Crude prevalence,10.1,74.5,4.9,7.2,4.3,26.4,21.9,18.8,10.5,71.1,11.8,2.2,9.3,20.0,17.0,71959.0,1105.0,1843.0,30754.0,351.0,670.0,19353.0,189.0,433.0,14.0,10.0,6.0,2.0,3.0,0.0
20163,1.5,4.3,89.1,83.4,1.2,0.8,6.4,14.1,18.9,6.4,25.7,1.4,0.0,11.2,14.7,4813.0,45.7,34.1,23.0,23.2,5.5,62500.0,Rooks,KS,Kansas,2023.0,Crude prevalence,10.0,86.2,8.2,12.3,7.8,40.6,28.5,15.4,13.5,78.7,15.0,3.8,8.6,20.0,2.0,4919.0,137.0,77.0,1252.0,72.0,40.0,1066.0,68.0,38.0,0.0,0.0,0.0,0.0,0.0,0.0
20165,3.2,6.8,94.7,90.3,2.3,2.5,7.2,22.4,17.4,3.6,22.4,0.1,0.1,1.9,45.9,2947.0,45.2,29.4,29.7,21.2,11.1,59970.0,Rush,KS,Kansas,2023.0,Crude prevalence,10.1,86.3,9.4,13.9,9.1,38.7,30.7,15.6,14.8,78.8,16.3,4.4,9.0,20.0,1.0,2956.0,50.0,88.0,1073.0,32.0,57.0,928.0,30.0,53.0,0.0,1.0,1.0,0.0,1.0,0.0
20167,2.6,3.2,94.6,90.8,1.3,0.9,6.9,13.2,15.6,2.9,24.9,0.6,0.1,5.2,23.6,6679.0,44.4,33.4,26.7,19.7,14.7,62392.0,Russell,KS,Kansas,2023.0,Crude prevalence,10.5,85.7,9.8,13.9,9.2,41.5,31.0,16.5,15.1,78.6,17.1,4.5,9.6,20.0,2.0,6691.0,91.0,471.0,2157.0,37.0,128.0,1376.0,28.0,69.0,1.0,1.0,1.0,0.0,0.0,0.0
20169,2.5,4.1,95.1,90.0,3.2,3.0,11.2,15.8,6.8,7.0,32.9,0.7,0.1,3.7,37.5,53668.0,39.9,30.2,23.8,29.1,11.9,65422.0,Saline,KS,Kansas,2023.0,Crude prevalence,9.9,84.1,7.6,12.1,7.3,41.1,28.8,16.4,13.1,76.6,15.1,3.6,10.1,20.0,13.0,54303.0,1586.0,1995.0,5443.0,145.0,162.0,2175.0,67.0,103.0,11.0,7.0,0.0,1.0,0.0,0.0
20171,6.7,3.6,99.0,89.2,1.8,4.4,6.5,10.4,1.9,3.2,32.8,1.3,1.9,4.3,16.1,5027.0,38.2,21.4,35.8,28.7,6.5,68839.0,Scott,KS,Kansas,2023.0,Crude prevalence,9.5,85.1,6.9,11.4,7.1,38.1,26.4,15.0,12.6,76.9,13.3,3.4,11.1,20.0,1.0,5151.0,74.0,205.0,1203.0,35.0,97.0,922.0,32.0,89.0,0.0,0.0,0.0,0.0,0.0,0.0
20173,4.3,6.2,96.5,91.9,3.2,2.6,10.8,19.3,9.2,5.7,36.9,1.5,0.9,9.5,34.7,528226.0,36.0,25.8,22.9,32.1,13.9,69365.0,Sedgwick,KS,Kansas,2023.0,Crude prevalence,10.0,82.8,7.1,12.0,6.5,38.6,26.3,17.0,12.8,73.6,15.1,3.4,11.4,20.0,135.0,523824.0,11805.0,19278.0,66767.0,1270.0,1616.0,25809.0,548.0,740.0,121.0,70.0,8.0,11.0,2.0,6.0
20175,15.3,12.8,93.6,86.9,3.4,1.7,12.5,14.7,12.7,9.6,38.2,1.5,0.9,7.8,25.6,21486.0,31.0,29.8,19.0,11.4,12.2,63827.0,Seward,KS,Kansas,2023.0,Crude prevalence,9.2,79.5,6.0,13.4,6.0,42.7,37.5,16.9,14.4,72.2,15.0,3.2,24.8,20.0,5.0,21964.0,697.0,711.0,1549.0,49.0,45.0,322.0,27.0,15.0,4.0,3.0,1.0,1.0,0.0,0.0
20177,2.4,4.3,94.4,89.4,2.5,2.1,8.6,17.9,6.9,7.4,33.2,1.0,0.9,7.7,36.4,178025.0,39.4,29.8,22.9,32.2,12.7,67104.0,Shawnee,KS,Kansas,2023.0,Crude prevalence,10.5,86.0,7.4,12.5,7.1,38.3,25.7,15.6,13.0,79.4,15.2,3.5,9.6,20.0,46.0,178909.0,5555.0,6756.0,26470.0,665.0,993.0,13962.0,404.0,632.0,38.0,18.0,5.0,3.0,2.0,1.0
20179,1.0,3.1,95.4,91.3,0.5,0.4,7.6,15.7,14.5,2.1,23.2,0.3,0.0,13.6,12.1,2426.0,42.7,33.3,24.1,24.3,8.9,73750.0,Sheridan,KS,Kansas,2023.0,Crude prevalence,9.8,86.3,7.5,11.8,7.8,34.0,26.3,15.2,13.0,78.3,13.7,3.7,7.8,20.0,1.0,2447.0,21.0,40.0,854.0,11.0,21.0,667.0,11.0,20.0,0.0,0.0,0.0,0.0,0.0,0.0
20181,6.0,3.5,92.3,90.8,0.4,0.1,10.9,15.4,16.6,3.4,34.5,0.0,0.0,10.0,40.9,5858.0,38.5,28.8,23.7,24.1,10.2,61750.0,Sherman,KS,Kansas,2023.0,Crude prevalence,9.9,84.0,7.8,12.3,7.7,38.2,30.2,16.2,13.4,76.4,15.1,3.7,10.3,20.0,2.0,5927.0,83.0,85.0,1127.0,19.0,40.0,746.0,13.0,35.0,1.0,1.0,1.0,0.0,0.0,0.0
20183,0.9,3.4,91.2,85.5,0.4,2.1,6.6,14.3,22.0,3.9,15.2,0.4,0.1,26.4,30.2,3552.0,49.1,34.7,22.2,25.6,7.3,59135.0,Smith,KS,Kansas,2023.0,Crude prevalence,9.8,87.5,8.7,13.3,9.0,39.0,29.6,14.6,13.9,80.1,14.7,4.3,7.8,20.0,2.0,3570.0,62.0,89.0,1042.0,41.0,46.0,785.0,37.0,39.0,0.0,0.0,0.0,0.0,0.0,0.0
20185,2.1,4.9,88.5,86.6,1.6,0.1,6.9,21.9,24.6,2.0,17.7,0.3,0.2,29.8,13.2,3978.0,42.3,29.8,23.9,27.1,10.5,64226.0,Stafford,KS,Kansas,2023.0,Crude prevalence,10.1,85.5,8.4,13.1,8.1,41.0,29.4,15.7,14.1,78.0,15.3,4.0,10.3,20.0,2.0,4072.0,32.0,52.0,1505.0,21.0,37.0,1125.0,21.0,33.0,0.0,0.0,0.0,0.0,0.0,0.0
20187,13.0,7.7,98.6,90.4,1.1,0.0,25.8,12.8,16.8,6.8,23.5,0.0,0.0,0.0,11.7,2038.0,39.1,34.4,7.8,24.2,1.5,71700.0,Stanton,KS,Kansas,2023.0,Crude prevalence,9.7,82.9,8.3,14.7,8.1,39.5,35.4,16.0,15.4,75.9,16.3,4.1,19.2,20.0,1.0,2084.0,58.0,42.0,712.0,36.0,26.0,402.0,35.0,25.0,0.0,0.0,0.0,0.0,0.0,0.0
20189,6.1,18.8,96.5,89.0,1.9,2.4,14.2,16.1,16.6,3.6,25.5,1.1,0.0,10.8,18.7,5162.0,39.1,31.0,16.7,20.3,14.2,64178.0,Stevens,KS,Kansas,2023.0,Crude prevalence,10.1,81.8,9.1,14.9,8.4,41.3,36.7,17.2,16.3,76.1,18.1,4.2,19.0,20.0,2.0,5250.0,68.0,11.0,887.0,23.0,9.0,704.0,20.0,9.0,0.0,1.0,0.0,0.0,0.0,0.0
20191,1.4,3.9,93.1,84.9,3.5,2.0,8.7,24.3,13.9,6.2,24.9,1.5,0.4,11.3,29.9,22353.0,41.3,34.2,24.5,25.9,10.6,63951.0,Sumner,KS,Kansas,2023.0,Crude prevalence,10.1,84.8,8.3,12.4,7.7,39.9,27.4,16.4,13.9,78.5,16.8,3.8,8.9,20.0,6.0,22382.0,557.0,887.0,2965.0,300.0,469.0,1514.0,240.0,363.0,2.0,2.0,2.0,2.0,2.0,1.0
20193,0.5,4.2,93.4,88.3,0.4,1.0,10.4,11.7,12.2,3.8,24.8,0.0,0.4,17.2,42.0,7885.0,35.3,19.7,23.3,34.6,6.5,71325.0,Thomas,KS,Kansas,2023.0,Crude prevalence,9.9,83.9,6.5,10.2,6.4,35.0,24.9,16.4,11.9,75.7,12.7,3.1,8.3,20.0,2.0,7930.0,118.0,119.0,3881.0,65.0,60.0,2044.0,39.0,32.0,1.0,0.0,0.0,0.0,0.0,0.0
20195,1.0,2.7,95.8,91.7,0.7,1.8,4.3,16.6,20.0,2.6,17.8,0.0,0.0,2.7,33.3,2777.0,48.0,28.0,21.0,30.1,5.5,81528.0,Trego,KS,Kansas,2023.0,Crude prevalence,9.7,87.9,7.8,12.3,8.0,40.5,26.7,14.4,13.0,79.7,13.9,3.8,7.2,20.0,1.0,2808.0,36.0,73.0,762.0,22.0,45.0,534.0,21.0,43.0,0.0,0.0,0.0,0.0,0.0,0.0
20197,0.9,3.9,90.4,87.2,2.7,1.1,12.6,28.3,14.4,2.6,18.9,1.4,1.2,8.4,25.5,7009.0,43.3,37.3,21.1,25.0,8.5,76908.0,Wabaunsee,KS,Kansas,2023.0,Crude prevalence,9.9,85.9,7.3,11.5,7.3,35.1,25.6,15.5,12.8,77.6,14.2,3.5,7.9,20.0,2.0,6877.0,71.0,124.0,1102.0,61.0,106.0,646.0,59.0,102.0,0.0,0.0,0.0,0.0,0.0,0.0
20199,2.2,4.7,93.7,90.8,0.8,0.0,4.4,16.0,16.5,1.5,25.2,0.8,0.0,0.0,13.3,1417.0,47.2,29.9,24.4,24.5,12.3,63207.0,Wallace,KS,Kansas,2023.0,Crude prevalence,10.0,85.9,9.0,13.7,8.9,36.6,29.9,15.6,14.4,78.9,15.5,4.3,9.7,20.0,1.0,1512.0,9.0,43.0,706.0,6.0,29.0,628.0,6.0,28.0,0.0,0.0,0.0,0.0,0.0,0.0
20201,2.1,2.9,88.7,80.6,0.7,0.8,5.4,20.3,12.6,2.4,21.5,1.8,0.4,8.0,17.8,5533.0,43.4,33.9,21.6,25.8,9.3,65482.0,Washington,KS,Kansas,2023.0,Crude prevalence,9.7,86.1,8.0,11.9,7.9,34.0,28.4,15.2,13.1,78.3,14.9,3.8,8.3,20.0,2.0,5530.0,58.0,128.0,1450.0,49.0,101.0,590.0,49.0,98.0,0.0,1.0,1.0,0.0,0.0,0.0
20203,6.2,10.5,98.9,89.9,0.5,2.8,7.5,11.0,10.4,4.4,22.0,4.0,0.0,17.8,28.8,2091.0,38.8,26.4,27.7,20.1,16.5,79063.0,Wichita,KS,Kansas,2023.0,Crude prevalence,9.5,84.6,8.6,14.5,8.8,41.7,33.9,15.6,14.7,76.8,16.0,4.2,14.6,20.0,1.0,2152.0,36.0,47.0,420.0,13.0,17.0,345.0,12.0,16.0,0.0,0.0,0.0,0.0,0.0,0.0
20205,4.7,5.0,93.1,83.6,1.8,5.2,7.2,20.3,21.7,5.6,22.3,0.7,0.8,11.6,33.7,8505.0,42.7,36.9,23.3,19.9,15.5,60677.0,Wilson,KS,Kansas,2023.0,Crude prevalence,10.4,84.7,9.6,13.8,8.8,39.8,30.1,16.6,14.9,77.9,17.7,4.3,9.5,20.0,4.0,8624.0,197.0,352.0,830.0,88.0,202.0,418.0,77.0,189.0,0.0,0.0,0.0,0.0,0.0,0.0
20207,1.8,7.6,89.7,85.0,0.9,2.7,7.6,20.5,32.0,5.7,15.4,0.0,0.8,9.8,33.3,3109.0,45.9,36.2,22.2,23.1,12.4,50326.0,Woodson,KS,Kansas,2023.0,Crude prevalence,10.2,86.2,9.4,13.6,8.9,39.6,29.2,15.8,14.5,79.0,16.6,4.3,8.6,20.0,2.0,3115.0,72.0,93.0,400.0,48.0,69.0,78.0,42.0,63.0,0.0,1.0,0.0,0.0,0.0,0.0
20209,9.1,8.8,94.2,88.8,3.8,1.7,17.0,22.3,10.5,6.9,38.0,3.9,1.0,9.4,38.0,167654.0,34.3,31.7,20.6,21.2,15.8,63631.0,Wyandotte,KS,Kansas,2023.0,Crude prevalence,10.1,81.1,7.4,14.5,6.7,40.7,34.7,17.2,14.3,75.7,17.6,3.8,17.3,20.0,64.0,169245.0,4277.0,7381.0,27645.0,414.0,692.0,14536.0,162.0,259.0,60.0,43.0,5.0,1.0,3.0,0.0
21001,7.9,7.8,90.3,85.1,3.7,2.8,7.5,23.8,17.5,6.1,22.8,1.6,0.4,17.1,30.8,19089.0,39.7,36.1,18.1,21.8,18.4,53553.0,,,,,,,,,,,,,,,,,,,21.0,7.0,18903.0,436.0,1208.0,72.0,323.0,936.0,0.0,269.0,797.0,0.0,4.0,0.0,1.0,0.0,0.0
21003,5.4,7.3,90.0,82.9,4.1,1.0,7.6,27.3,13.4,5.6,25.5,1.7,0.1,13.6,28.5,21293.0,40.7,41.0,17.3,18.4,13.5,61403.0,,,,,,,,,,,,,,,,,,,21.0,6.0,20588.0,446.0,1131.0,2924.0,359.0,864.0,1839.0,319.0,714.0,1.0,2.0,1.0,1.0,1.0,1.0
21005,3.8,5.7,94.5,88.7,1.3,1.8,4.5,30.4,6.5,3.8,22.4,1.5,0.1,6.9,38.9,24353.0,41.7,32.7,22.6,26.2,11.5,74488.0,,,,,,,,,,,,,,,,,,,21.0,6.0,23852.0,366.0,724.0,5239.0,261.0,408.0,2801.0,227.0,310.0,2.0,0.0,0.0,1.0,0.0,1.0
21007,1.9,4.2,95.0,87.6,0.9,1.3,4.8,26.5,13.3,4.2,24.0,2.4,0.3,10.4,24.4,7654.0,45.0,40.3,22.6,18.4,15.0,66164.0,,,,,,,,,,,,,,,,,,,21.0,3.0,7728.0,135.0,381.0,2.0,97.0,288.0,0.0,83.0,246.0,0.0,1.0,0.0,0.0,0.0,0.0
21009,5.6,7.5,92.2,87.0,2.3,1.4,8.5,23.4,11.2,8.9,34.8,2.2,0.6,8.4,37.6,44938.0,39.8,41.5,19.0,18.3,19.4,50628.0,,,,,,,,,,,,,,,,,,,21.0,13.0,44485.0,1601.0,2931.0,5219.0,697.0,1546.0,2216.0,503.0,1148.0,5.0,9.0,4.0,4.0,1.0,3.0
21011,9.2,8.3,88.5,84.1,1.4,2.7,10.8,30.0,14.6,9.1,25.3,1.9,0.8,4.7,26.7,12851.0,38.7,45.0,18.5,12.3,25.3,56541.0,,,,,,,,,,,,,,,,,,,21.0,4.0,12750.0,427.0,919.0,215.0,362.0,786.0,0.0,325.0,708.0,0.0,4.0,0.0,2.0,0.0,2.0
21013,8.4,11.7,89.3,79.3,4.3,4.7,5.3,22.7,14.5,10.6,41.2,0.7,0.4,12.0,42.9,23509.0,41.7,37.8,18.0,15.8,28.8,31354.0,,,,,,,,,,,,,,,,,,,21.0,9.0,24097.0,1054.0,2440.0,1107.0,477.0,1213.0,91.0,349.0,859.0,2.0,8.0,0.0,3.0,0.0,0.0
21015,2.1,4.4,96.3,93.8,2.1,1.9,5.1,25.0,4.2,3.5,23.7,2.1,0.2,9.8,30.4,139841.0,37.7,28.0,20.1,35.7,6.3,99414.0,,,,,,,,,,,,,,,,,,,21.0,30.0,135968.0,1790.0,3329.0,65580.0,447.0,1023.0,37957.0,193.0,523.0,26.0,6.0,1.0,1.0,0.0,0.0
21017,4.9,7.2,93.3,85.4,2.5,1.7,3.5,25.4,11.4,5.0,36.3,2.5,0.3,3.9,32.9,20240.0,41.8,34.8,19.5,26.3,14.2,61354.0,,,,,,,,,,,,,,,,,,,21.0,8.0,20252.0,405.0,1213.0,2935.0,170.0,582.0,729.0,113.0,389.0,4.0,5.0,2.0,0.0,1.0,0.0
21019,2.2,7.9,93.2,87.1,3.4,2.6,4.4,22.1,11.2,8.4,29.8,1.0,0.1,9.6,38.2,47911.0,42.3,33.5,22.7,20.0,16.9,61118.0,,,,,,,,,,,,,,,,,,,21.0,15.0,48261.0,1625.0,3341.0,9180.0,388.0,1176.0,3692.0,162.0,690.0,10.0,7.0,0.0,2.0,0.0,0.0
21021,2.4,6.0,95.0,86.7,3.2,1.1,6.3,21.3,7.4,5.8,32.0,0.6,0.0,7.6,41.1,30941.0,39.5,37.8,19.4,26.2,15.6,61159.0,,,,,,,,,,,,,,,,,,,21.0,7.0,30614.0,704.0,1433.0,3075.0,375.0,616.0,1202.0,253.0,435.0,3.0,3.0,0.0,3.0,0.0,1.0
21023,2.5,8.4,95.0,89.8,2.8,3.0,4.7,34.5,12.8,2.9,21.5,1.3,0.1,4.2,36.8,8444.0,42.0,41.2,18.4,17.8,19.5,66319.0,,,,,,,,,,,,,,,,,,,21.0,3.0,8400.0,99.0,587.0,198.0,82.0,495.0,0.0,79.0,467.0,0.0,1.0,0.0,0.0,0.0,0.0
21025,6.6,13.1,84.9,81.2,4.0,3.2,3.2,28.2,16.9,15.2,23.4,2.7,0.1,16.5,33.4,13276.0,42.8,42.1,15.2,15.3,33.1,34808.0,,,,,,,,,,,,,,,,,,,21.0,7.0,13718.0,833.0,1885.0,956.0,671.0,1525.0,19.0,588.0,1346.0,0.0,7.0,1.0,3.0,0.0,3.0
21027,4.3,9.8,89.1,83.9,2.4,1.3,7.0,32.7,25.3,4.2,18.6,0.7,0.4,5.4,37.3,20881.0,42.5,43.0,20.7,14.2,21.4,55843.0,,,,,,,,,,,,,,,,,,,21.0,6.0,20432.0,338.0,1314.0,976.0,290.0,1092.0,78.0,253.0,938.0,0.0,4.0,1.0,1.0,0.0,1.0
21029,2.6,7.2,94.8,92.1,2.7,1.6,2.8,28.7,5.5,4.0,15.1,1.4,0.6,8.4,36.7,84027.0,41.7,39.2,20.8,19.5,9.7,80558.0,,,,,,,,,,,,,,,,,,,21.0,22.0,82217.0,1284.0,2308.0,26852.0,661.0,1240.0,12193.0,359.0,719.0,15.0,7.0,4.0,4.0,2.0,1.0
21031,9.4,9.5,85.6,79.0,2.3,1.4,11.8,27.2,16.3,8.2,26.3,2.5,0.7,16.0,21.1,12393.0,41.5,47.3,14.4,9.9,20.5,56092.0,,,,,,,,,,,,,,,,,,,21.0,6.0,12371.0,376.0,806.0,1497.0,292.0,574.0,408.0,235.0,447.0,0.0,2.0,0.0,1.0,0.0,1.0
21033,1.8,7.0,93.8,87.0,2.5,0.3,8.2,24.4,17.1,5.7,29.8,2.3,0.0,17.2,24.0,12618.0,42.4,44.7,21.3,17.1,15.1,59583.0,,,,,,,,,,,,,,,,,,,21.0,4.0,12649.0,287.0,701.0,2238.0,172.0,437.0,1481.0,130.0,341.0,1.0,1.0,0.0,1.0,0.0,0.0
21035,2.6,6.3,93.9,82.2,2.6,1.6,7.5,17.3,15.8,5.0,36.1,0.8,0.3,7.3,33.8,38224.0,35.9,33.0,19.7,31.2,17.2,52706.0,,,,,,,,,,,,,,,,,,,21.0,11.0,37103.0,755.0,1432.0,6957.0,401.0,848.0,3597.0,255.0,609.0,6.0,5.0,3.0,1.0,1.0,1.0
21037,2.2,3.9,95.9,92.2,2.6,1.6,4.9,23.5,6.7,5.7,28.9,1.0,0.4,11.3,37.9,93426.0,39.3,27.5,18.1,39.7,11.1,77567.0,,,,,,,,,,,,,,,,,,,21.0,25.0,93076.0,2217.0,2445.0,22058.0,399.0,509.0,6813.0,159.0,208.0,21.0,8.0,3.0,2.0,1.0,0.0
21039,2.2,6.0,92.7,87.8,2.1,0.4,6.1,26.1,19.2,2.8,19.6,2.8,1.1,24.2,15.0,4762.0,43.8,42.0,22.2,14.9,15.1,62439.0,,,,,,,,,,,,,,,,,,,21.0,3.0,4826.0,52.0,232.0,4.0,41.0,195.0,0.0,35.0,174.0,0.0,1.0,0.0,0.0,0.0,0.0
21041,6.6,9.8,91.6,83.9,3.4,1.1,10.7,23.3,11.0,7.4,34.3,0.9,1.1,9.9,23.7,10954.0,38.5,37.3,24.8,11.4,23.1,56466.0,,,,,,,,,,,,,,,,,,,21.0,3.0,10810.0,308.0,704.0,0.0,206.0,464.0,0.0,150.0,345.0,0.0,2.0,0.0,0.0,0.0,0.0
21043,6.5,9.3,88.4,81.3,2.6,2.1,7.1,30.4,12.4,8.3,20.0,1.0,0.0,6.5,42.1,26341.0,41.4,39.3,19.3,15.9,19.2,51235.0,,,,,,,,,,,,,,,,,,,21.0,8.0,26627.0,893.0,2118.0,2993.0,631.0,1617.0,1107.0,474.0,1268.0,1.0,4.0,1.0,5.0,1.0,5.0
21045,13.8,7.6,86.8,81.4,4.4,1.6,13.0,29.2,12.6,9.6,20.3,3.2,0.6,4.6,52.5,15914.0,42.0,42.9,14.8,12.9,21.7,45510.0,,,,,,,,,,,,,,,,,,,21.0,6.0,15941.0,623.0,959.0,129.0,519.0,815.0,0.0,432.0,683.0,0.0,5.0,0.0,3.0,0.0,3.0
21047,5.2,7.1,91.7,82.9,3.1,2.5,10.2,20.1,12.4,7.8,50.0,2.2,0.6,8.6,37.0,72069.0,28.8,33.7,24.1,19.6,17.1,55494.0,,,,,,,,,,,,,,,,,,,21.0,21.0,72748.0,1999.0,3269.0,18449.0,957.0,1234.0,6447.0,689.0,577.0,13.0,10.0,6.0,7.0,1.0,5.0
21049,4.0,6.9,94.5,90.9,2.6,1.1,4.3,24.2,8.3,7.8,29.3,0.5,0.1,14.6,36.7,37192.0,40.5,37.5,20.4,22.9,14.6,64348.0,,,,,,,,,,,,,,,,,,,21.0,10.0,36972.0,1180.0,2030.0,7106.0,361.0,775.0,3932.0,214.0,549.0,6.0,4.0,3.0,3.0,2.0,1.0
21051,14.3,11.9,86.2,83.9,4.0,3.0,5.2,29.1,15.9,13.2,23.6,0.8,0.2,12.9,52.3,19921.0,40.2,36.8,15.1,15.5,32.4,40900.0,,,,,,,,,,,,,,,,,,,21.0,8.0,20345.0,962.0,2528.0,160.0,708.0,2006.0,0.0,568.0,1683.0,0.0,7.0,0.0,4.0,0.0,4.0
21053,9.7,12.2,85.1,81.9,2.9,1.5,7.4,20.4,20.5,3.3,28.9,1.3,0.2,10.0,35.3,9202.0,42.9,34.2,14.4,18.0,17.5,44844.0,,,,,,,,,,,,,,,,,,,21.0,4.0,9253.0,129.0,962.0,159.0,98.0,748.0,0.0,81.0,645.0,0.0,3.0,0.0,0.0,0.0,0.0
21055,7.7,8.0,85.1,78.6,1.7,1.6,10.4,24.7,18.5,6.0,21.8,0.4,1.7,9.5,10.7,8979.0,42.9,41.6,18.3,15.3,17.7,46656.0,,,,,,,,,,,,,,,,,,,21.0,4.0,8990.0,211.0,377.0,396.0,178.0,237.0,0.0,171.0,208.0,0.0,2.0,0.0,0.0,0.0,0.0
21057,7.9,9.5,87.6,81.1,1.9,4.2,12.5,19.2,22.7,9.4,24.5,1.9,0.1,6.6,30.1,5948.0,45.1,37.4,17.7,19.1,24.8,40000.0,,,,,,,,,,,,,,,,,,,21.0,2.0,5888.0,246.0,725.0,547.0,161.0,557.0,0.0,127.0,481.0,0.0,2.0,0.0,1.0,0.0,1.0
21059,2.8,5.3,93.8,89.8,2.8,1.8,5.5,19.3,6.3,6.9,31.9,2.5,0.6,9.9,31.9,103648.0,38.6,34.2,20.3,26.2,14.7,68214.0,,,,,,,,,,,,,,,,,,,21.0,24.0,103312.0,2867.0,4761.0,8353.0,413.0,901.0,3712.0,266.0,621.0,16.0,8.0,0.0,5.0,0.0,1.0
21061,6.8,9.1,90.4,87.0,3.8,0.4,7.5,32.9,20.9,4.7,19.9,1.6,0.0,4.4,23.2,12355.0,45.6,44.7,20.3,10.7,15.3,54937.0,,,,,,,,,,,,,,,,,,,21.0,5.0,12126.0,240.0,670.0,69.0,215.0,610.0,0.0,182.0,535.0,0.0,3.0,0.0,1.0,0.0,1.0
21063,9.2,12.0,95.4,88.4,2.3,1.2,8.0,41.0,20.1,9.3,18.3,1.9,0.4,9.3,35.2,7307.0,43.9,48.9,15.4,8.7,25.1,45776.0,,,,,,,,,,,,,,,,,,,21.0,3.0,7354.0,227.0,638.0,88.0,192.0,561.0,0.0,158.0,486.0,0.0,3.0,0.0,1.0,0.0,0.0
21065,10.3,11.1,87.4,80.7,3.3,2.7,6.3,35.3,13.0,6.9,29.6,1.3,1.7,8.6,35.2,14035.0,44.4,43.2,15.0,12.2,20.7,46051.0,,,,,,,,,,,,,,,,,,,21.0,6.0,14163.0,412.0,1540.0,397.0,289.0,1099.0,0.0,241.0,921.0,0.0,5.0,0.0,1.0,0.0,1.0
21067,3.3,4.6,96.8,92.5,3.3,1.7,7.2,20.9,6.2,7.2,46.2,1.3,0.6,9.7,40.0,323725.0,35.3,18.5,17.9,48.3,14.9,69479.0,,,,,,,,,,,,,,,,,,,21.0,82.0,322570.0,10054.0,11918.0,55197.0,838.0,1229.0,17242.0,237.0,339.0,75.0,35.0,5.0,12.0,0.0,3.0
21069,8.6,6.6,86.9,80.5,4.0,2.4,6.6,33.1,13.7,9.2,25.2,1.5,0.8,5.4,48.0,15323.0,41.0,40.2,14.6,18.9,21.2,49307.0,,,,,,,,,,,,,,,,,,,21.0,4.0,15082.0,541.0,1192.0,92.0,435.0,970.0,0.0,388.0,864.0,0.0,2.0,0.0,3.0,0.0,3.0
21071,6.2,12.3,89.2,84.7,3.3,2.5,5.2,27.1,16.0,10.5,27.8,1.1,0.4,7.8,35.7,35224.0,42.8,37.8,19.3,15.3,28.0,41279.0,,,,,,,,,,,,,,,,,,,21.0,14.0,35942.0,1547.0,3538.0,187.0,1074.0,2544.0,0.0,754.0,1820.0,0.0,12.0,0.0,6.0,0.0,2.0
21073,3.2,4.0,95.1,86.4,3.7,1.4,5.4,20.0,6.0,6.0,35.5,1.5,0.5,7.5,36.1,51842.0,40.8,29.8,22.9,31.9,13.6,65298.0,,,,,,,,,,,,,,,,,,,21.0,20.0,51541.0,1352.0,3000.0,6169.0,424.0,837.0,2197.0,234.0,512.0,12.0,7.0,2.0,2.0,0.0,1.0
21075,6.7,7.4,87.7,86.8,1.5,2.4,5.5,20.9,19.3,17.0,38.2,4.0,2.0,7.5,46.8,6409.0,40.9,43.8,19.8,16.1,22.6,38217.0,,,,,,,,,,,,,,,,,,,21.0,2.0,6515.0,434.0,584.0,48.0,239.0,324.0,2.0,200.0,275.0,0.0,2.0,0.0,2.0,0.0,2.0
21077,3.8,11.6,94.4,87.4,2.8,1.1,8.4,29.5,14.4,5.3,24.9,4.6,1.4,6.5,30.8,8769.0,39.6,42.8,18.8,15.0,13.8,63346.0,,,,,,,,,,,,,,,,,,,21.0,3.0,8690.0,174.0,405.0,10.0,109.0,285.0,0.0,74.0,216.0,0.0,3.0,0.0,0.0,0.0,0.0
21079,4.9,9.1,91.9,87.0,2.8,1.0,7.6,33.1,8.0,4.7,20.1,1.5,0.6,3.2,45.5,17568.0,43.0,38.6,20.7,18.7,15.9,63087.0,,,,,,,,,,,,,,,,,,,21.0,6.0,16953.0,316.0,830.0,113.0,218.0,601.0,0.0,172.0,496.0,0.0,3.0,0.0,1.0,0.0,0.0
21081,3.2,7.1,95.9,88.9,3.1,1.8,6.1,26.9,10.0,4.8,24.9,1.9,0.2,10.7,24.5,25418.0,36.6,45.9,20.7,15.3,11.7,69178.0,,,,,,,,,,,,,,,,,,,21.0,7.0,24941.0,446.0,1128.0,170.0,337.0,844.0,0.0,255.0,630.0,0.0,3.0,0.0,2.0,0.0,1.0
21083,4.2,6.5,91.9,82.4,1.9,2.4,7.6,20.7,13.9,5.6,23.9,2.2,0.0,5.8,40.6,36630.0,40.4,40.7,19.2,18.4,19.9,50772.0,,,,,,,,,,,,,,,,,,,21.0,10.0,36649.0,795.0,2096.0,3678.0,414.0,1325.0,1725.0,266.0,1014.0,3.0,6.0,1.0,2.0,0.0,0.0
21085,5.8,8.8,87.1,82.9,3.6,2.1,8.0,27.9,24.2,5.6,25.4,1.4,1.2,4.4,29.4,26707.0,40.5,43.3,17.2,16.1,20.1,50757.0,,,,,,,,,,,,,,,,,,,21.0,9.0,26420.0,564.0,1292.0,269.0,410.0,918.0,0.0,339.0,707.0,0.0,7.0,0.0,1.0,0.0,1.0
21087,7.6,5.0,88.0,84.3,3.9,3.1,7.4,27.2,16.4,3.5,22.4,1.2,1.1,7.5,29.9,11369.0,45.2,44.0,19.0,17.4,20.4,46798.0,,,,,,,,,,,,,,,,,,,21.0,4.0,11107.0,154.0,871.0,71.0,124.0,733.0,0.0,103.0,633.0,0.0,4.0,0.0,0.0,0.0,0.0
21089,4.0,6.5,90.6,84.6,3.4,2.1,5.5,24.1,9.4,4.6,19.7,1.0,0.4,6.6,37.0,35501.0,44.2,36.5,21.0,18.8,15.4,60751.0,,,,,,,,,,,,,,,,,,,21.0,9.0,35962.0,682.0,2045.0,5364.0,331.0,1069.0,1169.0,229.0,701.0,5.0,4.0,2.0,1.0,0.0,1.0
21091,3.9,8.0,90.2,83.6,2.5,2.3,4.1,25.0,7.4,4.4,22.8,1.0,1.5,3.2,32.9,9034.0,41.8,39.6,19.4,17.3,16.2,65464.0,,,,,,,,,,,,,,,,,,,21.0,3.0,9095.0,159.0,537.0,312.0,144.0,491.0,0.0,126.0,421.0,0.0,1.0,0.0,0.0,0.0,0.0
21093,2.5,5.1,94.6,90.1,3.9,1.2,5.8,22.4,7.2,6.6,37.4,1.4,0.4,8.4,28.3,111942.0,37.3,31.2,25.8,24.8,13.1,67647.0,,,,,,,,,,,,,,,,,,,21.0,28.0,110702.0,2933.0,4385.0,24507.0,1224.0,1881.0,8347.0,539.0,1038.0,17.0,5.0,2.0,7.0,0.0,4.0
21095,7.8,10.5,88.6,84.2,4.0,4.1,4.9,23.8,17.7,8.1,28.4,0.5,1.4,7.3,41.1,25772.0,40.9,36.8,21.0,13.0,27.4,41693.0,,,,,,,,,,,,,,,,,,,21.0,11.0,26831.0,868.0,2839.0,778.0,521.0,1850.0,329.0,411.0,1517.0,1.0,10.0,0.0,3.0,0.0,3.0
21097,2.7,6.6,90.9,81.6,1.9,1.4,3.2,28.2,10.9,9.5,28.6,2.8,0.0,5.9,36.1,19140.0,42.1,44.9,16.1,22.5,17.1,66442.0,,,,,,,,,,,,,,,,,,,21.0,5.0,18692.0,691.0,1157.0,2469.0,489.0,864.0,1392.0,413.0,751.0,1.0,1.0,1.0,2.0,1.0,2.0
21099,7.4,11.4,89.1,83.7,2.0,2.4,11.7,28.7,17.4,8.7,27.6,2.0,0.8,13.8,21.7,19603.0,40.4,44.5,17.2,12.2,19.3,52285.0,,,,,,,,,,,,,,,,,,,21.0,6.0,19288.0,645.0,1380.0,60.0,518.0,1103.0,0.0,455.0,966.0,0.0,2.0,0.0,3.0,0.0,2.0
21101,3.4,6.9,95.3,90.7,1.4,0.9,4.7,22.8,8.1,7.0,35.1,0.8,0.2,8.2,35.5,44280.0,40.9,37.0,21.9,20.1,14.6,58851.0,,,,,,,,,,,,,,,,,,,21.0,14.0,44793.0,1296.0,2851.0,1582.0,436.0,1144.0,188.0,339.0,919.0,7.0,6.0,0.0,2.0,0.0,1.0
21103,3.7,9.5,88.5,83.7,2.8,0.7,6.0,30.5,8.3,5.9,23.7,1.7,0.6,9.1,48.6,15856.0,41.0,45.1,18.7,15.5,16.4,63347.0,,,,,,,,,,,,,,,,,,,21.0,5.0,15678.0,360.0,720.0,45.0,261.0,543.0,0.0,202.0,430.0,0.0,3.0,0.0,1.0,0.0,1.0
21105,7.9,6.4,94.5,89.8,1.7,2.4,8.6,21.2,19.7,5.8,29.2,1.6,0.0,8.4,15.6,4439.0,45.2,44.5,18.5,15.1,20.5,60867.0,,,,,,,,,,,,,,,,,,,21.0,1.0,4521.0,101.0,331.0,91.0,81.0,265.0,0.0,77.0,254.0,0.0,1.0,0.0,0.0,0.0,0.0
21107,4.4,7.3,96.0,89.8,3.3,2.2,4.9,21.3,12.4,7.1,29.3,1.3,2.0,11.4,37.5,45119.0,41.3,38.5,21.9,16.9,20.0,56815.0,,,,,,,,,,,,,,,,,,,21.0,13.0,45423.0,1308.0,2544.0,6525.0,597.0,1288.0,2355.0,367.0,823.0,6.0,7.0,2.0,3.0,1.0,2.0
21109,12.1,12.7,86.7,83.1,1.8,1.1,5.3,37.7,14.7,9.0,22.6,1.8,0.3,6.2,38.4,13086.0,40.8,42.7,17.0,8.8,19.5,40000.0,,,,,,,,,,,,,,,,,,,21.0,5.0,12955.0,463.0,1565.0,317.0,385.0,1312.0,0.0,319.0,1088.0,0.0,3.0,0.0,3.0,0.0,2.0
21111,2.9,5.9,94.9,90.9,3.4,2.1,5.7,22.2,7.8,8.7,37.9,1.2,0.8,8.7,38.5,783022.0,38.4,25.7,20.3,37.0,14.3,69866.0,,,,,,,,,,,,,,,,,,,21.0,216.0,782969.0,29010.0,36575.0,130071.0,2458.0,3447.0,44445.0,777.0,1106.0,211.0,94.0,9.0,29.0,3.0,12.0
21113,3.8,5.8,95.4,91.2,1.9,1.7,6.9,23.8,6.1,4.0,33.3,1.9,0.3,7.3,33.4,54588.0,38.7,30.0,17.8,33.5,11.3,74576.0,,,,,,,,,,,,,,,,,,,21.0,11.0,52991.0,802.0,1858.0,6431.0,306.0,611.0,3833.0,223.0,411.0,5.0,4.0,0.0,1.0,0.0,0.0
21115,5.7,11.6,92.1,89.1,2.0,1.8,6.4,23.5,14.6,5.2,31.7,2.0,1.1,5.1,37.4,22334.0,42.0,38.6,20.0,16.8,22.8,44904.0,,,,,,,,,,,,,,,,,,,21.0,7.0,22680.0,473.0,2284.0,871.0,291.0,1508.0,438.0,225.0,1192.0,1.0,5.0,1.0,1.0,0.0,1.0
21117,2.5,4.6,95.8,92.0,3.0,1.6,4.7,22.3,8.0,6.8,29.3,1.5,0.6,8.2,35.7,171288.0,37.7,27.8,19.0,37.4,11.8,80548.0,,,,,,,,,,,,,,,,,,,21.0,44.0,169064.0,4589.0,4818.0,62833.0,1267.0,1379.0,31719.0,531.0,600.0,41.0,15.0,2.0,7.0,0.0,3.0
21119,12.5,14.5,88.7,84.1,3.9,1.7,2.4,27.1,17.4,8.9,27.3,4.7,0.7,8.3,41.1,13830.0,44.6,27.4,17.6,19.5,23.3,41761.0,,,,,,,,,,,,,,,,,,,21.0,5.0,14251.0,493.0,1289.0,126.0,396.0,1033.0,19.0,337.0,881.0,0.0,4.0,0.0,1.0,0.0,1.0
21121,11.4,11.7,89.4,85.3,3.4,2.3,8.6,24.4,15.5,12.4,34.7,2.4,0.0,4.4,42.1,29865.0,39.7,41.2,17.4,13.6,36.9,32527.0,,,,,,,,,,,,,,,,,,,21.0,11.0,30193.0,1456.0,3730.0,2841.0,766.0,2326.0,1778.0,550.0,1750.0,2.0,10.0,2.0,4.0,1.0,3.0
21123,7.0,6.5,90.5,85.7,0.8,1.5,4.2,28.2,8.8,3.3,20.6,1.1,0.0,9.7,37.8,15107.0,40.7,39.5,22.0,15.5,17.9,67067.0,,,,,,,,,,,,,,,,,,,21.0,5.0,14867.0,197.0,789.0,389.0,156.0,622.0,30.0,137.0,534.0,0.0,3.0,0.0,0.0,0.0,0.0
21125,5.5,10.0,93.8,90.7,1.9,2.2,7.8,22.6,10.5,5.5,28.4,1.6,1.0,8.2,32.7,62983.0,40.1,40.0,18.9,17.5,20.5,57771.0,,,,,,,,,,,,,,,,,,,21.0,16.0,62613.0,1311.0,4245.0,11797.0,771.0,2746.0,3307.0,460.0,1649.0,7.0,9.0,6.0,2.0,3.0,2.0
21127,7.5,10.8,90.0,83.7,3.6,2.1,5.1,30.1,16.6,5.6,22.2,1.3,0.8,11.9,33.6,16077.0,42.1,41.8,19.0,14.6,21.8,46772.0,,,,,,,,,,,,,,,,,,,21.0,6.0,16293.0,356.0,1621.0,1956.0,236.0,1226.0,933.0,189.0,977.0,1.0,4.0,0.0,1.0,0.0,0.0
21129,12.0,13.0,85.2,75.5,2.0,1.1,5.7,43.4,19.6,13.1,22.3,1.2,0.7,18.7,45.8,7339.0,43.6,43.7,15.8,9.2,27.4,37568.0,,,,,,,,,,,,,,,,,,,21.0,3.0,7395.0,341.0,745.0,140.0,287.0,626.0,0.0,247.0,531.0,0.0,3.0,0.0,1.0,0.0,1.0
21131,6.0,14.0,83.7,81.9,1.6,1.9,2.3,36.8,14.1,7.8,14.5,2.2,0.4,20.7,34.6,10079.0,42.3,38.2,25.3,11.5,30.3,35934.0,,,,,,,,,,,,,,,,,,,21.0,4.0,10513.0,329.0,1232.0,316.0,287.0,1085.0,0.0,258.0,971.0,0.0,4.0,0.0,0.0,0.0,0.0
21133,6.9,10.7,87.8,86.6,2.7,1.5,3.4,28.3,20.2,6.5,25.9,0.2,1.5,14.6,33.5,20808.0,43.5,36.2,21.6,12.5,24.4,41793.0,,,,,,,,,,,,,,,,,,,21.0,10.0,21548.0,549.0,2331.0,316.0,422.0,1847.0,0.0,349.0,1493.0,0.0,8.0,0.0,1.0,0.0,1.0
21135,10.5,9.1,90.4,84.8,2.9,1.5,5.6,38.6,17.3,3.8,20.8,2.2,0.3,9.7,17.8,12965.0,42.4,44.2,12.7,15.3,22.0,46838.0,,,,,,,,,,,,,,,,,,,21.0,4.0,13080.0,193.0,1146.0,1292.0,151.0,950.0,61.0,137.0,872.0,0.0,3.0,1.0,1.0,0.0,1.0
21137,6.1,11.1,90.0,85.0,3.5,1.6,7.8,31.1,11.3,5.3,23.6,2.3,0.6,9.0,32.9,24504.0,40.7,43.1,17.4,15.9,16.3,52440.0,,,,,,,,,,,,,,,,,,,21.0,7.0,24275.0,512.0,1777.0,54.0,381.0,1338.0,0.0,296.0,1039.0,0.0,6.0,0.0,1.0,0.0,1.0
21139,2.5,6.2,88.6,83.3,2.3,1.2,4.5,29.2,22.3,3.2,18.8,0.7,0.0,5.5,43.9,8903.0,45.6,46.1,18.6,14.7,19.3,58984.0,,,,,,,,,,,,,,,,,,,21.0,3.0,8888.0,115.0,449.0,607.0,91.0,317.0,0.0,72.0,248.0,0.0,2.0,0.0,0.0,0.0,0.0
21141,4.9,8.4,90.5,86.8,3.2,0.8,8.2,28.1,11.8,6.2,25.7,1.4,0.1,7.3,30.3,27986.0,40.3,40.5,21.6,16.1,16.8,60382.0,,,,,,,,,,,,,,,,,,,21.0,6.0,27432.0,682.0,1506.0,813.0,537.0,1165.0,0.0,493.0,1065.0,0.0,2.0,0.0,4.0,0.0,3.0
21143,4.0,7.2,92.0,89.6,1.2,1.3,6.1,28.3,29.5,6.7,19.6,0.8,0.0,6.1,30.1,8900.0,47.1,42.0,17.5,16.5,9.5,65066.0,,,,,,,,,,,,,,,,,,,21.0,4.0,8680.0,230.0,403.0,240.0,199.0,340.0,0.0,183.0,310.0,0.0,0.0,0.0,1.0,0.0,1.0
21145,1.6,5.3,95.2,89.1,1.9,1.6,5.9,17.6,14.5,6.2,31.1,1.6,0.5,7.1,36.4,67564.0,42.3,30.5,21.8,29.0,15.2,64373.0,,,,,,,,,,,,,,,,,,,21.0,19.0,67875.0,1709.0,2750.0,19867.0,474.0,976.0,7169.0,188.0,520.0,15.0,8.0,2.0,2.0,1.0,1.0
21147,9.2,13.4,84.2,80.1,1.5,1.8,8.1,32.3,15.3,10.8,25.8,0.5,0.1,1.3,45.2,16867.0,39.0,41.3,18.5,8.5,38.9,33750.0,,,,,,,,,,,,,,,,,,,21.0,6.0,16888.0,634.0,1954.0,327.0,457.0,1433.0,2.0,324.0,927.0,0.0,6.0,0.0,2.0,0.0,1.0
21149,3.5,4.8,93.7,85.3,3.1,1.0,3.9,31.4,12.7,4.5,17.2,0.9,0.8,7.6,32.4,9114.0,43.3,42.8,18.5,16.8,9.5,65596.0,,,,,,,,,,,,,,,,,,,21.0,3.0,9152.0,163.0,374.0,25.0,134.0,322.0,0.0,124.0,296.0,0.0,0.0,0.0,1.0,0.0,1.0
21151,3.6,5.2,95.0,88.9,3.2,1.6,5.6,25.2,8.4,4.9,38.0,0.7,0.6,10.7,33.9,95769.0,34.7,29.0,18.9,34.4,15.1,63351.0,,,,,,,,,,,,,,,,,,,21.0,31.0,92701.0,1802.0,4958.0,18808.0,609.0,1993.0,9371.0,344.0,1167.0,19.0,13.0,3.0,3.0,1.0,0.0
21153,14.0,13.6,87.6,84.2,3.3,2.2,3.1,30.8,13.8,8.4,24.6,2.1,0.7,5.9,51.0,11348.0,42.6,38.1,15.4,12.8,38.2,33080.0,,,,,,,,,,,,,,,,,,,21.0,5.0,11637.0,396.0,1759.0,127.0,329.0,1489.0,0.0,278.0,1283.0,0.0,5.0,0.0,2.0,0.0,1.0
21155,5.1,7.7,89.7,86.3,2.4,2.4,3.1,22.4,8.9,6.0,22.3,0.6,0.0,3.6,36.7,19749.0,40.4,43.4,16.2,15.1,17.0,59627.0,,,,,,,,,,,,,,,,,,,21.0,6.0,19581.0,466.0,1183.0,1892.0,316.0,878.0,1131.0,256.0,737.0,1.0,1.0,0.0,2.0,0.0,1.0
21157,3.2,5.4,95.3,85.5,2.5,1.2,8.1,23.7,20.3,4.9,18.4,0.7,0.1,12.1,39.3,31743.0,45.1,35.4,25.5,21.2,12.3,65831.0,,,,,,,,,,,,,,,,,,,21.0,10.0,31659.0,653.0,1224.0,2345.0,463.0,891.0,793.0,367.0,721.0,1.0,3.0,0.0,2.0,0.0,1.0
21159,8.7,16.4,88.3,83.6,1.8,4.6,1.6,32.3,20.7,8.7,15.1,0.0,1.1,2.2,67.6,11027.0,40.6,36.6,21.0,10.2,33.2,37042.0,,,,,,,,,,,,,,,,,,,21.0,4.0,11287.0,334.0,1125.0,28.0,240.0,787.0,0.0,165.0,513.0,0.0,3.0,0.0,1.0,0.0,0.0
21161,5.9,7.8,90.8,85.0,2.7,3.9,4.4,26.8,12.9,9.6,33.9,0.6,0.9,3.4,38.1,16956.0,42.5,35.7,18.4,20.0,18.8,52178.0,,,,,,,,,,,,,,,,,,,21.0,5.0,17120.0,684.0,1467.0,1863.0,234.0,532.0,1021.0,182.0,406.0,2.0,1.0,0.0,1.0,0.0,0.0
21163,2.5,6.5,96.8,91.5,3.0,1.4,5.1,33.0,10.1,4.3,25.9,0.6,0.2,7.4,31.4,30158.0,39.5,39.7,22.5,20.0,12.2,74355.0,,,,,,,,,,,,,,,,,,,21.0,9.0,30003.0,476.0,1261.0,2916.0,351.0,960.0,2251.0,296.0,789.0,2.0,3.0,0.0,1.0,0.0,0.0
21165,7.1,12.4,86.3,81.2,3.5,3.4,6.3,29.8,26.4,7.3,24.5,2.3,0.4,9.2,38.8,6230.0,46.2,40.3,14.9,14.9,26.9,45096.0,,,,,,,,,,,,,,,,,,,21.0,2.0,6113.0,182.0,578.0,137.0,149.0,480.0,0.0,126.0,407.0,0.0,2.0,0.0,1.0,0.0,1.0
21167,2.9,5.0,92.2,86.8,2.6,0.9,5.0,27.2,12.3,4.8,24.1,0.9,0.2,11.7,25.2,23028.0,42.9,34.4,22.1,24.9,10.7,64824.0,,,,,,,,,,,,,,,,,,,21.0,5.0,22641.0,445.0,1004.0,1748.0,275.0,596.0,766.0,224.0,484.0,1.0,0.0,0.0,1.0,0.0,1.0
21169,6.4,7.0,91.2,83.3,2.6,2.4,6.4,25.9,13.4,7.8,22.3,2.1,0.2,7.0,36.8,10425.0,42.0,45.5,16.2,13.0,27.5,51473.0,,,,,,,,,,,,,,,,,,,21.0,3.0,10286.0,319.0,800.0,21.0,257.0,668.0,0.0,220.0,575.0,0.0,3.0,0.0,1.0,0.0,1.0
21171,6.9,7.6,88.7,83.9,2.4,3.0,6.0,28.4,12.0,5.0,29.1,2.4,0.0,3.0,37.1,11269.0,41.1,46.0,17.8,16.0,22.1,51280.0,,,,,,,,,,,,,,,,,,,21.0,4.0,11338.0,230.0,720.0,549.0,192.0,604.0,0.0,164.0,528.0,0.0,3.0,0.0,1.0,0.0,0.0
21173,5.8,7.8,95.1,89.4,2.3,1.6,7.2,25.7,10.0,5.1,31.7,0.7,0.1,4.6,23.6,28395.0,40.4,37.7,20.1,20.9,15.4,56396.0,,,,,,,,,,,,,,,,,,,21.0,7.0,28114.0,563.0,1816.0,3162.0,292.0,1028.0,1134.0,171.0,659.0,2.0,3.0,1.0,2.0,0.0,1.0
21175,8.7,10.4,90.2,85.4,1.3,1.0,8.0,27.3,14.1,5.6,21.1,2.3,0.6,10.0,24.2,14053.0,41.9,37.9,17.7,18.7,17.1,47913.0,,,,,,,,,,,,,,,,,,,21.0,5.0,13726.0,273.0,907.0,186.0,245.0,808.0,0.0,194.0,632.0,0.0,4.0,0.0,0.0,0.0,0.0
21177,4.8,10.9,92.4,84.2,2.9,2.1,4.8,27.0,10.6,5.2,21.2,0.6,0.0,7.5,32.2,30591.0,43.2,40.2,20.7,14.7,18.4,51927.0,,,,,,,,,,,,,,,,,,,21.0,10.0,30928.0,627.0,1948.0,1204.0,403.0,1165.0,238.0,330.0,924.0,1.0,6.0,1.0,1.0,0.0,0.0
21179,2.5,5.2,94.5,90.6,2.1,1.8,5.1,26.6,5.8,2.3,21.7,1.4,0.1,6.8,44.0,47606.0,39.5,37.9,17.3,23.8,10.8,69562.0,,,,,,,,,,,,,,,,,,,21.0,11.0,46738.0,450.0,1866.0,805.0,257.0,1111.0,0.0,181.0,811.0,1.0,3.0,1.0,0.0,0.0,0.0
21181,5.3,7.0,91.2,81.6,3.4,2.3,3.5,35.6,16.7,11.4,25.5,3.4,0.3,5.9,35.6,7708.0,40.6,45.4,20.6,9.8,17.6,59531.0,,,,,,,,,,,,,,,,,,,21.0,2.0,7537.0,317.0,430.0,83.0,254.0,356.0,0.0,233.0,331.0,0.0,0.0,0.0,1.0,0.0,1.0
21183,7.0,8.9,91.7,85.1,2.8,2.5,5.3,28.1,11.1,5.1,22.8,1.7,0.2,8.1,24.0,23735.0,40.5,37.7,21.9,13.9,12.5,57798.0,,,,,,,,,,,,,,,,,,,21.0,8.0,23772.0,462.0,1223.0,897.0,328.0,731.0,290.0,263.0,567.0,1.0,3.0,0.0,1.0,0.0,1.0
21185,1.5,4.0,98.1,95.4,2.2,1.8,3.2,26.2,3.4,1.4,12.9,0.6,0.2,11.1,32.2,69257.0,39.9,20.0,19.6,46.4,4.3,122497.0,,,,,,,,,,,,,,,,,,,21.0,15.0,67607.0,324.0,774.0,16512.0,221.0,537.0,11551.0,164.0,388.0,5.0,0.0,0.0,0.0,0.0,0.0
21187,4.6,8.8,89.3,80.4,4.1,1.2,6.4,41.9,21.1,3.6,12.0,0.7,0.4,8.5,33.1,11330.0,42.3,44.7,13.7,18.3,18.3,61134.0,,,,,,,,,,,,,,,,,,,21.0,4.0,11278.0,153.0,496.0,173.0,136.0,446.0,0.0,123.0,407.0,0.0,2.0,0.0,0.0,0.0,0.0
21189,20.7,8.8,74.8,73.3,4.9,1.1,4.8,31.5,23.6,16.3,29.9,1.0,0.1,0.0,44.3,3971.0,47.7,42.9,17.7,7.1,36.1,22188.0,,,,,,,,,,,,,,,,,,,21.0,2.0,4051.0,256.0,593.0,109.0,196.0,480.0,0.0,156.0,406.0,0.0,2.0,0.0,1.0,0.0,1.0
21191,4.8,10.6,89.5,81.1,2.7,1.1,6.5,36.4,13.6,5.7,25.3,2.3,0.3,5.1,32.4,14723.0,42.3,41.8,16.5,15.4,15.9,64669.0,,,,,,,,,,,,,,,,,,,21.0,4.0,14644.0,311.0,839.0,164.0,256.0,676.0,0.0,242.0,646.0,0.0,3.0,0.0,1.0,0.0,1.0
21193,8.2,11.4,94.5,88.7,2.7,1.2,2.4,24.8,16.7,7.2,29.6,1.6,0.3,18.9,40.9,27499.0,41.5,36.8,19.7,14.8,26.8,42181.0,,,,,,,,,,,,,,,,,,,21.0,10.0,28473.0,798.0,3168.0,634.0,500.0,2128.0,0.0,337.0,1522.0,1.0,9.0,1.0,0.0,0.0,0.0
21195,7.2,10.3,88.0,83.2,2.3,1.5,4.1,25.3,16.4,9.0,24.7,0.6,1.6,7.3,40.2,56727.0,43.3,37.6,18.9,17.8,24.4,44312.0,,,,,,,,,,,,,,,,,,,21.0,22.0,58669.0,2194.0,4957.0,1292.0,1441.0,3515.0,0.0,1091.0,2715.0,2.0,17.0,1.0,6.0,0.0,4.0
21197,7.3,10.7,87.5,79.7,2.9,1.8,5.7,26.6,15.2,8.9,31.8,1.0,0.1,12.2,51.5,13038.0,39.3,44.7,16.9,13.8,22.5,40309.0,,,,,,,,,,,,,,,,,,,21.0,4.0,13129.0,427.0,1100.0,75.0,274.0,731.0,0.0,208.0,569.0,0.0,3.0,0.0,2.0,0.0,1.0
21199,6.0,7.7,90.5,85.1,2.6,2.2,6.1,23.3,17.4,5.1,27.5,1.2,0.3,10.2,39.9,65897.0,42.3,37.5,21.0,18.1,19.7,51898.0,,,,,,,,,,,,,,,,,,,21.0,21.0,65034.0,1343.0,3994.0,11054.0,762.0,2532.0,4131.0,494.0,1646.0,7.0,16.0,5.0,2.0,0.0,1.0
21201,5.2,13.3,89.1,78.3,1.8,2.3,4.0,29.4,19.2,1.5,20.5,4.6,0.0,0.0,13.6,2283.0,38.0,40.9,14.6,13.8,21.1,51830.0,,,,,,,,,,,,,,,,,,,21.0,1.0,2193.0,12.0,148.0,20.0,11.0,134.0,0.0,10.0,127.0,0.0,1.0,0.0,0.0,0.0,0.0
21203,7.7,9.0,92.4,80.0,2.2,2.9,6.8,26.4,11.6,9.3,25.7,1.5,0.4,4.6,39.7,16163.0,42.8,45.6,18.6,13.7,25.6,48862.0,,,,,,,,,,,,,,,,,,,21.0,5.0,16037.0,608.0,1434.0,225.0,414.0,1029.0,0.0,336.0,862.0,0.0,3.0,0.0,2.0,0.0,1.0
21205,6.0,6.7,94.8,93.4,2.3,2.7,6.1,24.7,9.7,8.4,38.5,1.1,1.8,10.5,36.0,24578.0,31.7,31.8,21.5,25.9,24.2,54321.0,,,,,,,,,,,,,,,,,,,21.0,6.0,24662.0,808.0,1610.0,55.0,456.0,1016.0,0.0,313.0,700.0,0.0,3.0,0.0,2.0,0.0,2.0
21207,6.9,11.3,90.0,82.2,3.5,1.1,7.6,19.8,25.6,6.5,29.2,1.4,0.5,10.7,33.0,18221.0,42.0,37.1,18.1,15.4,23.1,44738.0,,,,,,,,,,,,,,,,,,,21.0,5.0,17991.0,489.0,1341.0,141.0,361.0,996.0,0.0,255.0,714.0,0.0,4.0,0.0,1.0,0.0,1.0
21209,2.1,3.7,96.7,92.0,2.9,1.4,4.9,22.2,4.6,3.7,28.3,0.8,0.2,10.2,31.2,59536.0,36.4,29.1,20.5,34.7,10.6,85158.0,,,,,,,,,,,,,,,,,,,21.0,19.0,57155.0,845.0,1955.0,7528.0,273.0,616.0,2080.0,143.0,329.0,11.0,8.0,2.0,0.0,0.0,0.0
21211,4.0,6.2,95.2,91.6,2.6,1.2,5.5,27.2,5.4,4.2,26.1,1.3,1.6,6.6,32.7,49096.0,40.9,30.5,17.1,32.8,9.7,82604.0,,,,,,,,,,,,,,,,,,,21.0,12.0,48065.0,785.0,1567.0,4296.0,222.0,667.0,2240.0,148.0,509.0,3.0,1.0,0.0,1.0,0.0,0.0
21213,2.1,6.9,94.3,88.7,2.2,1.7,8.3,21.0,7.0,3.3,33.3,2.5,0.2,8.8,35.7,19972.0,38.8,41.3,19.0,18.8,15.5,59858.0,,,,,,,,,,,,,,,,,,,21.0,5.0,19594.0,267.0,955.0,1363.0,183.0,569.0,613.0,157.0,463.0,1.0,1.0,0.0,1.0,0.0,0.0
21215,2.1,4.9,97.3,92.3,3.2,2.5,3.9,32.7,5.2,3.0,12.1,1.6,0.0,13.6,31.4,20193.0,42.9,36.0,22.5,23.6,9.8,102618.0,,,,,,,,,,,,,,,,,,,21.0,4.0,19490.0,219.0,481.0,44.0,184.0,386.0,0.0,145.0,285.0,0.0,0.0,0.0,0.0,0.0,0.0
21217,3.6,8.1,93.5,88.3,3.1,2.0,3.9,22.7,8.5,5.8,31.2,0.5,0.2,2.8,42.5,26397.0,37.8,36.7,22.0,23.0,17.5,60456.0,,,,,,,,,,,,,,,,,,,21.0,7.0,26023.0,597.0,1550.0,5169.0,286.0,755.0,2847.0,190.0,521.0,3.0,1.0,1.0,0.0,1.0,0.0
21219,10.2,7.4,87.3,77.7,1.8,2.1,20.4,27.8,12.1,10.1,24.0,1.6,2.4,5.1,33.7,12469.0,36.1,39.6,19.4,16.5,20.9,61103.0,,,,,,,,,,,,,,,,,,,21.0,4.0,12243.0,461.0,600.0,951.0,391.0,507.0,263.0,357.0,461.0,0.0,3.0,1.0,1.0,0.0,1.0
21221,5.3,6.2,90.5,78.1,2.1,2.3,12.0,24.3,20.8,6.5,23.1,2.9,1.0,11.8,34.9,14315.0,45.8,33.0,23.9,21.7,20.6,59857.0,,,,,,,,,,,,,,,,,,,21.0,7.0,14061.0,393.0,663.0,875.0,324.0,467.0,22.0,289.0,382.0,0.0,4.0,0.0,2.0,0.0,2.0
21223,2.9,9.5,91.6,85.1,3.6,1.3,5.2,27.2,12.8,3.0,20.3,2.5,0.6,3.4,25.1,8550.0,43.3,40.9,17.3,17.1,13.3,66027.0,,,,,,,,,,,,,,,,,,,21.0,2.0,8474.0,102.0,364.0,5.0,88.0,317.0,0.0,77.0,288.0,0.0,0.0,0.0,0.0,0.0,0.0
21225,3.3,5.4,94.9,89.4,1.4,0.7,5.8,22.1,11.1,5.6,29.8,0.3,0.0,7.2,26.4,13260.0,42.4,43.4,20.9,13.1,18.4,60327.0,,,,,,,,,,,,,,,,,,,21.0,4.0,13668.0,290.0,523.0,22.0,187.0,339.0,0.0,154.0,279.0,0.0,1.0,0.0,0.0,0.0,0.0
21227,6.0,5.5,96.1,91.4,2.9,2.0,7.9,20.3,7.1,7.1,44.4,3.0,1.3,7.5,40.4,140918.0,33.3,27.4,20.0,32.3,17.0,65794.0,,,,,,,,,,,,,,,,,,,21.0,27.0,134554.0,3943.0,7118.0,24680.0,883.0,2230.0,11820.0,502.0,1476.0,17.0,12.0,1.0,8.0,0.0,4.0
21229,5.1,6.1,89.9,82.5,2.0,2.3,11.0,22.4,7.5,5.3,22.4,0.6,2.4,14.4,37.8,12140.0,42.3,42.1,17.2,19.6,12.7,61616.0,,,,,,,,,,,,,,,,,,,21.0,4.0,12027.0,258.0,785.0,149.0,184.0,535.0,0.0,163.0,469.0,0.0,0.0,0.0,0.0,0.0,0.0
21231,10.2,8.8,88.7,85.7,2.8,2.6,5.2,24.8,20.3,6.8,30.9,1.0,0.3,2.5,37.1,19602.0,43.8,42.0,16.9,13.9,24.8,45739.0,,,,,,,,,,,,,,,,,,,21.0,9.0,19555.0,547.0,1638.0,3066.0,364.0,959.0,1114.0,279.0,702.0,2.0,7.0,2.0,1.0,1.0,0.0
21233,5.8,8.0,92.9,84.3,2.2,2.4,4.8,28.7,14.0,4.3,26.2,1.1,0.3,4.0,15.7,12842.0,39.5,44.6,18.4,12.8,13.5,59628.0,,,,,,,,,,,,,,,,,,,21.0,4.0,13017.0,210.0,535.0,0.0,112.0,292.0,0.0,89.0,221.0,0.0,1.0,0.0,0.0,0.0,0.0
21235,6.6,9.1,92.8,83.3,2.8,2.8,6.2,24.5,13.4,8.4,33.2,0.8,2.5,10.0,36.2,36920.0,35.2,40.3,17.6,20.9,26.3,44615.0,,,,,,,,,,,,,,,,,,,21.0,12.0,36712.0,1137.0,2670.0,1507.0,773.0,1883.0,61.0,577.0,1426.0,2.0,9.0,0.0,3.0,0.0,3.0
21237,13.8,16.2,91.8,89.1,4.8,5.9,2.9,32.1,12.4,10.3,26.4,1.6,4.3,4.2,54.8,6443.0,42.3,33.7,19.1,8.7,37.7,30417.0,,,,,,,,,,,,,,,,,,,21.0,2.0,6562.0,274.0,976.0,29.0,192.0,727.0,0.0,146.0,579.0,0.0,2.0,0.0,1.0,0.0,1.0
21239,3.7,5.3,96.6,92.5,1.6,2.3,5.6,24.0,7.5,4.7,28.3,1.6,0.2,9.0,39.6,27279.0,42.2,25.4,16.3,40.7,10.5,83788.0,,,,,,,,,,,,,,,,,,,21.0,8.0,26871.0,503.0,922.0,10259.0,283.0,494.0,4956.0,167.0,293.0,5.0,1.0,1.0,0.0,1.0,0.0
22001,8.4,9.9,90.5,81.9,4.3,1.2,6.4,29.4,12.0,10.5,33.0,1.6,0.9,8.3,46.2,56955.0,37.1,45.3,15.0,13.9,25.0,45562.0,Acadia,LA,Louisiana,2023.0,Crude prevalence,10.8,84.1,11.2,16.5,8.7,41.8,36.1,21.6,18.2,80.3,21.9,4.9,10.4,22.0,21.0,57576.0,2318.0,5390.0,1538.0,788.0,1959.0,280.0,542.0,1411.0,5.0,11.0,1.0,3.0,0.0,1.0
22003,4.9,14.4,94.8,81.0,4.6,1.2,7.2,26.2,18.1,7.9,26.0,3.7,0.0,8.6,49.1,22477.0,37.4,41.2,20.0,11.9,23.1,46469.0,Allen,LA,Louisiana,2023.0,Crude prevalence,10.1,83.1,9.7,15.3,8.0,44.2,34.9,20.7,17.0,79.0,21.7,4.5,11.7,22.0,7.0,22750.0,622.0,2080.0,4429.0,383.0,1270.0,3025.0,305.0,984.0,3.0,5.0,1.0,2.0,1.0,1.0
22005,3.5,7.2,96.5,91.9,3.0,2.0,6.2,30.2,8.2,4.7,19.0,1.2,0.4,14.2,36.5,130314.0,36.6,31.1,20.9,29.1,10.3,91549.0,Ascension,LA,Louisiana,2023.0,Crude prevalence,9.7,87.2,6.6,12.2,5.9,35.5,26.1,18.7,13.5,81.4,15.4,3.3,7.9,22.0,29.0,126500.0,2229.0,5793.0,54846.0,1040.0,2629.0,24660.0,582.0,1319.0,23.0,5.0,3.0,4.0,1.0,3.0
22007,8.3,11.9,90.8,83.9,2.6,2.5,8.6,29.2,12.3,9.0,15.2,3.2,0.2,0.7,53.3,20484.0,42.8,43.3,16.0,13.8,15.3,51423.0,Assumption,LA,Louisiana,2023.0,Crude prevalence,10.6,86.0,10.5,16.7,8.9,38.4,35.2,19.8,17.2,82.2,20.5,5.1,10.0,22.0,7.0,21039.0,791.0,1755.0,3866.0,532.0,1161.0,2233.0,387.0,841.0,2.0,4.0,1.0,3.0,1.0,3.0
22009,9.0,14.3,87.6,78.3,3.4,1.1,7.3,36.3,21.4,9.8,29.9,1.3,0.4,10.3,45.5,38905.0,39.0,37.0,21.1,11.5,27.8,39325.0,Avoyelles,LA,Louisiana,2023.0,Crude prevalence,11.1,83.8,12.0,17.7,9.6,43.0,37.9,21.8,18.9,80.9,23.2,5.5,11.4,22.0,12.0,39693.0,1417.0,4032.0,1437.0,785.0,2587.0,109.0,581.0,2025.0,1.0,9.0,1.0,4.0,0.0,2.0
22011,3.9,8.4,96.1,89.1,3.7,1.5,8.5,33.2,14.8,5.0,15.2,1.6,0.8,12.0,33.1,36676.0,37.2,42.2,19.4,17.1,14.3,65944.0,Beauregard,LA,Louisiana,2023.0,Crude prevalence,10.3,85.2,8.9,13.4,7.5,40.7,29.7,20.0,15.8,80.4,18.5,4.0,8.6,22.0,9.0,36549.0,688.0,2411.0,5623.0,476.0,1831.0,3000.0,384.0,1547.0,2.0,3.0,2.0,1.0,1.0,1.0
22013,2.2,10.8,86.6,65.7,2.9,2.0,8.6,29.6,19.3,9.8,29.8,1.3,0.7,15.3,38.7,12638.0,43.9,47.7,18.3,13.2,29.2,35011.0,Bienville,LA,Louisiana,2023.0,Crude prevalence,11.2,85.8,13.4,22.1,11.1,47.5,42.4,20.9,20.1,83.6,23.8,6.8,10.8,22.0,5.0,12981.0,545.0,1274.0,588.0,287.0,751.0,387.0,212.0,596.0,0.0,4.0,0.0,2.0,0.0,2.0
22015,2.4,6.7,94.9,85.8,3.4,1.6,9.5,22.7,10.4,7.3,34.9,1.7,0.5,11.2,40.3,129789.0,36.7,28.0,24.8,28.4,15.9,69617.0,Bossier,LA,Louisiana,2023.0,Crude prevalence,10.1,86.8,7.6,13.2,6.7,40.9,29.9,18.5,14.2,81.6,16.1,3.8,8.1,22.0,33.0,128746.0,3728.0,5389.0,39854.0,1000.0,1654.0,19563.0,580.0,1065.0,24.0,14.0,2.0,7.0,1.0,3.0
22017,3.4,8.7,92.5,85.6,4.9,2.0,7.4,20.4,15.0,9.9,39.8,1.9,0.5,6.9,48.0,230004.0,39.5,31.5,23.1,26.0,22.4,50705.0,Caddo,LA,Louisiana,2023.0,Crude prevalence,10.8,87.0,9.4,17.2,8.4,42.2,33.2,19.4,16.4,83.9,18.2,5.1,8.9,22.0,74.0,237848.0,9501.0,20674.0,42033.0,2146.0,5550.0,13420.0,991.0,2915.0,60.0,46.0,11.0,19.0,1.0,10.0
22019,3.4,6.8,93.6,86.3,3.3,1.7,7.6,21.1,18.4,7.2,27.2,1.5,0.5,8.4,43.9,207088.0,37.4,34.3,21.0,24.9,17.4,67564.0,Calcasieu,LA,Louisiana,2023.0,Crude prevalence,10.2,86.0,8.1,14.2,7.2,43.0,32.9,19.0,14.7,81.1,17.1,4.0,8.3,22.0,56.0,216785.0,5603.0,12201.0,32357.0,1318.0,3636.0,9014.0,661.0,1871.0,39.0,25.0,4.0,6.0,2.0,3.0
22021,5.7,13.2,87.8,79.4,5.0,0.2,6.0,29.1,20.4,8.3,31.1,5.2,0.3,10.6,57.7,9500.0,40.4,45.5,19.3,11.2,29.8,47028.0,Caldwell,LA,Louisiana,2023.0,Crude prevalence,10.5,83.6,11.7,16.7,9.4,38.6,35.7,21.4,18.2,80.5,23.0,5.2,10.7,22.0,3.0,9645.0,308.0,873.0,953.0,257.0,715.0,314.0,228.0,640.0,0.0,3.0,1.0,1.0,0.0,1.0
22023,2.7,5.1,87.5,82.8,1.2,4.8,2.4,26.0,41.7,2.7,4.6,8.9,0.0,0.0,22.2,5015.0,43.5,36.4,22.7,16.8,7.4,75278.0,Cameron,LA,Louisiana,2023.0,Crude prevalence,9.8,87.1,8.8,13.3,8.0,36.4,28.1,18.7,15.5,81.1,17.0,4.0,7.6,22.0,4.0,5617.0,54.0,173.0,988.0,50.0,158.0,739.0,46.0,139.0,0.0,1.0,0.0,0.0,0.0,0.0
22025,8.7,13.5,89.3,76.7,4.0,0.0,6.8,27.4,28.4,10.2,22.0,0.3,0.5,7.1,59.2,8583.0,39.8,40.8,16.3,16.0,24.3,50275.0,Catahoula,LA,Louisiana,2023.0,Crude prevalence,10.6,84.1,11.6,17.7,9.3,41.8,36.9,20.6,18.6,80.8,22.7,5.3,12.0,22.0,3.0,8906.0,326.0,617.0,1075.0,204.0,465.0,101.0,162.0,382.0,0.0,2.0,1.0,0.0,0.0,0.0
22027,4.6,17.4,84.9,50.2,1.8,3.6,3.7,30.6,24.3,14.2,31.2,1.3,0.8,10.0,64.9,13833.0,42.3,46.8,17.6,10.7,32.0,32831.0,Claiborne,LA,Louisiana,2023.0,Crude prevalence,11.0,84.2,14.2,22.8,11.6,48.5,43.6,21.1,20.6,83.2,25.7,7.1,13.2,22.0,6.0,14170.0,733.0,1743.0,1211.0,405.0,967.0,647.0,317.0,754.0,0.0,5.0,1.0,2.0,0.0,2.0
22029,3.8,13.0,90.7,81.4,5.4,0.8,9.8,21.1,25.0,10.4,25.8,2.4,0.7,6.1,50.9,18174.0,38.4,40.0,17.5,17.2,31.8,39943.0,Concordia,LA,Louisiana,2023.0,Crude prevalence,11.1,84.4,12.4,19.8,10.1,45.6,39.1,21.3,19.0,82.5,22.8,6.0,11.2,22.0,6.0,18687.0,705.0,1821.0,2220.0,421.0,980.0,492.0,259.0,618.0,2.0,6.0,2.0,1.0,0.0,1.0
22031,3.8,10.3,90.9,79.5,3.1,2.3,5.2,28.1,17.3,8.9,22.8,1.2,0.7,10.9,43.5,27026.0,40.0,39.0,22.7,16.0,21.5,48578.0,De Soto,LA,Louisiana,2023.0,Crude prevalence,10.9,86.3,10.5,17.8,8.9,44.4,34.4,20.3,17.5,82.8,20.7,5.3,9.5,22.0,9.0,26812.0,934.0,2114.0,2696.0,531.0,1385.0,782.0,408.0,1117.0,1.0,6.0,2.0,3.0,1.0,3.0
22033,3.5,5.7,95.0,91.1,4.8,1.5,8.2,23.6,14.2,8.1,40.7,1.6,0.8,8.8,48.0,452938.0,34.1,25.6,20.5,38.5,19.6,63071.0,East Baton Rouge,LA,Louisiana,2023.0,Crude prevalence,10.3,86.4,6.8,13.9,6.3,35.3,24.6,18.8,13.2,81.8,14.0,3.8,7.6,22.0,108.0,456781.0,14420.0,28210.0,103898.0,2409.0,5948.0,35985.0,691.0,2121.0,99.0,55.0,19.0,20.0,5.0,11.0
22035,4.5,23.0,90.7,70.8,5.5,2.3,4.0,14.3,23.8,9.2,41.6,0.0,0.0,3.0,66.3,7072.0,37.1,34.8,19.7,12.2,35.2,33341.0,East Carroll,LA,Louisiana,2023.0,Crude prevalence,11.6,80.3,13.3,22.0,10.1,51.2,44.3,23.2,20.4,81.3,28.4,6.8,16.1,22.0,3.0,7459.0,241.0,775.0,847.0,44.0,355.0,512.0,25.0,301.0,0.0,2.0,0.0,1.0,0.0,0.0
22037,3.8,11.5,90.4,83.6,2.6,0.1,4.8,34.9,22.2,5.5,14.4,0.4,0.1,7.3,37.5,19271.0,44.0,40.7,16.9,19.3,16.2,73085.0,East Feliciana,LA,Louisiana,2023.0,Crude prevalence,10.1,87.1,8.6,16.1,8.1,42.2,33.7,18.6,15.6,82.2,18.3,4.7,8.8,22.0,5.0,19539.0,352.0,929.0,504.0,287.0,761.0,0.0,250.0,675.0,0.0,0.0,0.0,1.0,0.0,1.0
22039,10.5,12.7,90.4,78.7,5.1,1.1,8.5,34.6,13.8,11.6,33.8,3.0,0.7,11.5,41.8,32060.0,38.2,39.8,17.0,13.7,24.3,41915.0,Evangeline,LA,Louisiana,2023.0,Crude prevalence,10.9,83.4,11.1,16.8,8.8,44.7,36.6,21.3,18.2,80.9,22.1,5.0,11.7,22.0,11.0,32350.0,1455.0,3917.0,903.0,513.0,1975.0,148.0,374.0,1487.0,2.0,8.0,0.0,2.0,0.0,1.0
22041,7.7,11.6,88.8,76.0,4.1,3.2,7.7,27.4,15.7,8.0,26.8,1.4,0.2,8.8,36.6,19408.0,39.2,40.1,18.5,17.5,24.1,47020.0,Franklin,LA,Louisiana,2023.0,Crude prevalence,11.1,84.7,12.5,18.4,9.9,42.0,37.7,21.1,19.1,82.0,22.7,5.7,10.7,22.0,6.0,19774.0,605.0,1845.0,5377.0,284.0,1000.0,4109.0,222.0,819.0,2.0,4.0,2.0,1.0,1.0,0.0
22043,4.9,12.0,90.4,79.1,1.7,0.5,7.1,29.3,18.3,6.9,20.6,1.5,0.6,15.2,28.1,22095.0,38.4,39.0,21.5,15.4,17.0,64016.0,Grant,LA,Louisiana,2023.0,Crude prevalence,9.8,83.9,9.0,13.7,7.5,39.9,31.3,20.2,16.0,79.1,20.1,4.0,11.0,22.0,7.0,22169.0,512.0,1377.0,285.0,331.0,1057.0,42.0,265.0,896.0,0.0,4.0,0.0,1.0,0.0,1.0
22045,5.1,11.9,93.6,86.2,4.1,1.4,6.6,25.3,14.4,12.0,32.7,2.4,1.0,7.6,42.5,68599.0,38.3,42.6,17.8,14.8,22.8,56961.0,Iberia,LA,Louisiana,2023.0,Crude prevalence,10.8,85.3,10.4,17.1,8.5,42.5,35.2,20.5,17.3,82.8,20.4,4.9,10.4,22.0,22.0,69929.0,3219.0,6394.0,7458.0,832.0,2153.0,4046.0,534.0,1427.0,12.0,13.0,2.0,6.0,0.0,3.0
22047,8.2,9.1,91.1,85.9,3.1,2.1,8.1,25.7,16.6,6.4,24.9,2.0,0.3,4.9,41.1,29815.0,40.4,39.5,14.6,18.6,19.9,54000.0,Iberville,LA,Louisiana,2023.0,Crude prevalence,10.6,86.1,8.9,16.5,7.8,43.0,34.3,19.8,16.2,81.7,18.9,4.7,10.2,22.0,9.0,30241.0,719.0,2381.0,2698.0,438.0,1517.0,1332.0,354.0,1096.0,2.0,6.0,2.0,1.0,1.0,1.0
22049,5.2,9.9,86.9,73.9,3.4,4.1,7.7,23.9,22.9,10.1,30.0,1.4,0.4,11.7,37.0,14884.0,41.6,44.2,17.5,14.7,22.3,44925.0,Jackson,LA,Louisiana,2023.0,Crude prevalence,10.5,85.7,11.2,17.7,9.6,44.9,37.1,19.8,18.0,82.3,20.6,5.4,9.8,22.0,5.0,15031.0,564.0,848.0,2706.0,370.0,620.0,2166.0,312.0,514.0,2.0,4.0,2.0,1.0,2.0,1.0
22051,6.3,7.4,94.2,88.0,3.9,2.0,11.4,24.3,9.0,7.4,37.4,1.7,0.9,8.8,45.6,430920.0,40.0,27.3,21.4,30.5,16.6,65252.0,Jefferson,LA,Louisiana,2023.0,Crude prevalence,9.8,88.2,7.7,16.2,7.5,41.6,30.3,17.7,14.3,83.2,14.9,4.1,10.0,22.0,127.0,440781.0,13184.0,24876.0,43967.0,1031.0,2883.0,13470.0,305.0,1159.0,123.0,52.0,10.0,10.0,4.0,2.0
22053,5.0,10.4,89.3,81.1,2.6,1.8,5.8,34.1,15.2,5.5,22.9,0.6,0.8,10.2,35.8,31924.0,38.1,45.7,17.3,15.4,14.6,57341.0,Jefferson Davis,LA,Louisiana,2023.0,Crude prevalence,10.4,85.3,9.9,14.8,8.1,42.7,33.4,20.5,17.0,80.5,19.9,4.4,9.1,22.0,8.0,32250.0,667.0,2449.0,1974.0,246.0,1099.0,638.0,168.0,820.0,3.0,3.0,1.0,0.0,0.0,0.0
22055,2.9,6.9,94.2,91.3,3.3,0.9,8.7,22.9,10.1,6.6,34.5,1.8,0.6,6.4,45.3,247997.0,36.5,28.7,19.2,35.3,17.1,67451.0,Lafayette,LA,Louisiana,2023.0,Crude prevalence,9.7,86.9,7.2,13.0,6.5,34.5,24.4,18.2,13.5,81.8,16.0,3.6,7.9,22.0,58.0,241753.0,6665.0,12598.0,63064.0,1747.0,3817.0,24831.0,807.0,1706.0,51.0,26.0,8.0,9.0,4.0,5.0
22057,6.8,9.7,91.4,86.7,2.4,1.4,5.7,27.1,8.9,6.9,20.1,1.4,0.5,5.1,50.6,96252.0,39.4,38.2,16.7,21.1,17.0,63135.0,Lafourche,LA,Louisiana,2023.0,Crude prevalence,10.2,85.4,9.5,14.7,7.9,47.2,32.7,20.4,16.4,80.5,19.1,4.2,9.2,22.0,26.0,97557.0,2592.0,6431.0,27114.0,1045.0,3057.0,15399.0,647.0,1991.0,18.0,10.0,4.0,7.0,3.0,2.0
22059,6.5,10.6,94.3,89.5,2.7,3.1,3.6,32.6,18.6,6.7,19.4,2.0,0.8,13.8,18.0,14789.0,36.6,44.3,17.2,13.1,16.0,68497.0,LaSalle,LA,Louisiana,2023.0,Crude prevalence,9.7,83.7,8.4,13.1,7.0,38.6,30.2,19.8,15.3,78.6,18.6,3.8,11.3,22.0,3.0,14791.0,340.0,842.0,801.0,197.0,498.0,84.0,135.0,349.0,0.0,1.0,0.0,1.0,0.0,1.0
22061,2.0,7.8,93.2,77.9,1.9,1.1,5.4,19.2,11.2,9.5,46.2,0.8,0.5,6.2,60.5,48174.0,28.6,30.1,19.5,36.2,31.2,39172.0,Lincoln,LA,Louisiana,2023.0,Crude prevalence,10.8,81.4,8.0,13.5,6.7,42.6,30.7,21.7,14.8,80.2,15.9,4.0,8.4,22.0,12.0,48396.0,1749.0,4411.0,15409.0,660.0,1859.0,6759.0,385.0,1169.0,8.0,7.0,5.0,3.0,3.0,2.0
22063,3.9,7.6,96.7,92.4,2.6,1.4,8.6,33.8,10.6,3.8,19.3,2.6,0.4,6.5,41.8,148115.0,36.4,37.6,22.3,20.5,12.9,80122.0,Livingston,LA,Louisiana,2023.0,Crude prevalence,9.9,85.7,7.8,12.7,6.6,38.9,27.3,19.6,14.8,81.2,17.1,3.4,8.3,22.0,34.0,142282.0,2062.0,6983.0,39049.0,1114.0,4464.0,13678.0,498.0,2359.0,16.0,10.0,4.0,3.0,0.0,1.0
22065,6.3,15.5,92.1,77.8,2.4,1.3,8.8,17.2,30.3,14.0,46.9,2.3,3.1,10.8,44.9,9513.0,35.3,35.6,25.2,14.1,34.5,35456.0,Madison,LA,Louisiana,2023.0,Crude prevalence,12.1,83.9,13.5,22.6,10.5,49.9,43.8,22.5,20.4,83.5,25.5,7.0,13.0,22.0,5.0,10017.0,428.0,929.0,1828.0,137.0,394.0,219.0,54.0,210.0,3.0,5.0,2.0,1.0,0.0,0.0
22067,6.6,9.8,87.9,76.7,4.9,4.3,5.6,26.5,17.9,11.6,31.4,2.3,1.2,7.8,50.9,24551.0,40.4,37.9,22.4,13.8,29.3,39454.0,Morehouse,LA,Louisiana,2023.0,Crude prevalence,11.5,85.4,12.3,20.3,10.0,44.8,38.7,21.0,18.8,83.2,23.0,6.2,10.8,22.0,8.0,25629.0,1136.0,2932.0,2683.0,482.0,1315.0,612.0,329.0,943.0,3.0,7.0,1.0,2.0,0.0,2.0
22069,3.2,9.2,87.7,81.9,3.0,3.5,6.7,22.5,22.6,9.3,39.1,2.2,1.1,5.7,50.8,36693.0,33.4,36.0,19.3,25.8,25.4,46292.0,Natchitoches,LA,Louisiana,2023.0,Crude prevalence,10.9,83.8,9.0,15.5,7.7,40.1,32.1,21.0,15.9,81.6,17.7,4.6,8.9,22.0,11.0,37515.0,1351.0,2833.0,9517.0,750.0,1719.0,2965.0,466.0,1172.0,4.0,6.0,2.0,4.0,1.0,2.0
22071,4.0,6.4,93.8,86.5,4.5,2.0,8.1,22.6,20.3,17.4,48.8,0.9,0.6,8.8,51.0,371853.0,38.8,21.0,20.6,42.4,22.6,56631.0,Orleans,LA,Louisiana,2023.0,Crude prevalence,10.5,87.3,7.3,16.2,7.0,34.4,26.8,18.4,13.8,81.6,15.0,4.5,8.3,22.0,184.0,383997.0,27169.0,28835.0,26044.0,1083.0,1538.0,11177.0,394.0,681.0,181.0,106.0,6.0,13.0,3.0,4.0
22073,3.5,8.2,92.8,83.4,3.9,4.6,7.4,22.1,13.6,8.6,39.0,1.2,0.5,8.3,50.1,158480.0,36.6,30.7,23.1,28.6,23.2,54688.0,Ouachita,LA,Louisiana,2023.0,Crude prevalence,10.9,85.8,8.8,15.4,7.5,43.9,32.9,19.8,15.2,81.9,17.9,4.4,8.6,22.0,47.0,160368.0,5286.0,12151.0,28867.0,809.0,3049.0,11503.0,335.0,1458.0,36.0,26.0,8.0,7.0,0.0,2.0
22075,6.6,5.8,94.7,88.5,2.5,1.8,6.5,25.8,15.6,1.9,24.2,2.0,2.4,6.8,47.5,22803.0,37.5,34.9,24.3,21.5,12.9,86315.0,Plaquemines,LA,Louisiana,2023.0,Crude prevalence,9.9,86.3,7.6,13.8,6.8,38.7,29.5,18.8,14.7,80.3,16.8,3.8,9.1,22.0,9.0,23515.0,156.0,1215.0,4753.0,90.0,690.0,1517.0,70.0,517.0,3.0,5.0,0.0,0.0,0.0,0.0
22077,6.6,9.6,89.1,84.4,3.9,0.2,7.1,26.3,24.9,7.7,20.0,1.1,0.1,15.3,52.3,20217.0,43.9,37.5,18.1,18.4,16.5,65961.0,Pointe Coupee,LA,Louisiana,2023.0,Crude prevalence,10.6,87.4,10.2,17.1,9.1,39.9,34.2,19.1,16.9,83.4,18.5,5.2,9.2,22.0,7.0,20758.0,638.0,1004.0,6466.0,415.0,607.0,3990.0,259.0,396.0,3.0,3.0,1.0,0.0,0.0,0.0
22079,4.2,7.9,93.1,87.1,3.0,1.2,8.1,22.2,16.4,9.4,35.2,1.6,0.6,8.9,45.3,127527.0,37.9,37.8,19.9,23.1,19.9,54967.0,Rapides,LA,Louisiana,2023.0,Crude prevalence,10.6,86.3,9.2,15.6,7.9,40.7,31.4,19.9,16.3,81.9,18.7,4.5,8.7,22.0,39.0,130023.0,4582.0,9348.0,21339.0,1856.0,4346.0,6784.0,1031.0,2456.0,22.0,21.0,6.0,12.0,2.0,7.0
22081,3.1,14.4,89.1,72.9,1.8,1.4,8.1,28.8,14.2,8.0,22.7,3.5,0.0,19.1,35.9,7443.0,41.8,47.5,16.1,14.0,25.8,49167.0,Red River,LA,Louisiana,2023.0,Crude prevalence,11.1,85.4,12.3,19.8,9.9,43.9,39.9,21.0,19.2,82.7,23.2,6.0,11.1,22.0,2.0,7620.0,248.0,776.0,539.0,151.0,555.0,71.0,89.0,410.0,0.0,1.0,0.0,1.0,0.0,1.0
22083,6.9,12.6,89.9,77.6,4.6,3.6,6.8,25.2,17.1,8.7,33.2,1.6,1.2,7.7,41.4,19822.0,40.1,35.9,20.9,17.6,24.0,53544.0,Richland,LA,Louisiana,2023.0,Crude prevalence,11.0,85.2,11.0,17.7,9.0,43.1,36.0,20.8,17.8,82.2,21.4,5.3,10.2,22.0,6.0,20043.0,628.0,1778.0,851.0,332.0,1047.0,1.0,257.0,847.0,0.0,3.0,0.0,2.0,0.0,1.0
22085,4.4,9.9,89.6,78.1,3.1,2.0,7.2,33.1,35.9,10.2,19.7,1.4,0.5,13.8,36.7,21977.0,41.8,46.4,19.1,13.6,23.7,50329.0,Sabine,LA,Louisiana,2023.0,Crude prevalence,10.7,85.6,11.5,17.9,9.9,44.7,36.3,20.6,18.5,82.2,21.1,5.3,9.5,22.0,9.0,22155.0,895.0,1936.0,641.0,661.0,1446.0,6.0,547.0,1198.0,0.0,6.0,0.0,3.0,0.0,3.0
22087,6.3,11.4,90.9,88.5,4.5,3.0,7.8,30.9,11.1,8.2,29.9,3.1,0.9,9.7,50.5,44419.0,36.2,30.0,24.8,17.6,23.0,58651.0,St. Bernard,LA,Louisiana,2023.0,Crude prevalence,10.6,84.9,9.1,15.3,7.4,42.8,33.6,20.8,16.7,80.3,20.2,4.2,11.1,22.0,17.0,43764.0,1331.0,4072.0,5367.0,158.0,430.0,2162.0,53.0,114.0,15.0,12.0,2.0,1.0,1.0,0.0
22089,4.0,6.8,96.1,93.8,4.3,0.5,7.0,26.0,10.1,2.5,17.9,1.0,0.8,10.7,54.9,51396.0,39.7,30.3,22.3,26.9,11.7,80897.0,St. Charles,LA,Louisiana,2023.0,Crude prevalence,9.9,87.8,7.1,13.2,6.5,37.7,27.6,18.1,14.0,81.9,15.1,3.6,7.8,22.0,13.0,52549.0,473.0,1920.0,10681.0,215.0,732.0,1511.0,73.0,220.0,9.0,2.0,2.0,0.0,0.0,0.0
22091,4.2,13.4,79.1,69.2,9.1,0.4,6.7,38.1,22.0,10.4,21.0,1.9,0.2,13.3,24.1,10858.0,43.0,47.6,16.9,11.4,32.4,41934.0,St. Helena,LA,Louisiana,2023.0,Crude prevalence,11.3,86.1,11.5,19.8,9.8,42.7,39.2,20.5,18.4,83.4,21.8,6.1,10.6,22.0,3.0,10920.0,433.0,1281.0,26.0,385.0,1118.0,0.0,364.0,1011.0,0.0,3.0,0.0,2.0,0.0,2.0
22093,2.6,9.6,90.7,87.9,2.3,3.9,4.7,28.3,13.1,5.6,15.6,0.9,0.0,10.4,54.1,19528.0,40.8,37.1,18.2,19.5,11.1,65531.0,St. James,LA,Louisiana,2023.0,Crude prevalence,10.5,88.3,8.3,16.5,7.8,43.7,32.4,18.4,15.2,83.8,16.5,4.8,7.8,22.0,7.0,20192.0,423.0,1060.0,3697.0,193.0,574.0,878.0,136.0,410.0,3.0,1.0,1.0,0.0,0.0,0.0
22095,3.5,11.0,94.7,91.3,6.5,1.8,6.7,30.3,15.0,5.2,22.5,0.6,1.2,5.6,48.8,40743.0,40.1,38.2,19.3,18.2,14.4,66630.0,St. John the Baptist,LA,Louisiana,2023.0,Crude prevalence,10.7,87.6,7.8,17.2,7.2,41.8,31.7,19.0,15.1,83.7,16.7,4.6,9.5,22.0,11.0,42477.0,787.0,3057.0,10271.0,271.0,1214.0,3015.0,109.0,408.0,7.0,3.0,1.0,1.0,0.0,1.0
22097,6.5,12.1,89.6,74.3,3.3,1.2,7.2,29.8,13.6,9.9,29.9,3.0,1.3,9.5,41.2,81670.0,37.8,39.8,18.4,14.9,26.8,44462.0,St. Landry,LA,Louisiana,2023.0,Crude prevalence,11.2,84.8,11.2,18.2,9.0,40.4,36.3,21.3,18.4,82.4,22.0,5.5,10.7,22.0,28.0,82540.0,3195.0,6975.0,1956.0,982.0,3078.0,9.0,683.0,2290.0,12.0,23.0,0.0,4.0,0.0,1.0
22099,6.2,10.6,88.2,83.2,2.3,0.9,6.1,27.2,17.8,9.4,22.3,2.5,0.7,4.0,40.7,51353.0,40.1,43.6,16.1,16.8,15.3,55960.0,St. Martin,LA,Louisiana,2023.0,Crude prevalence,10.5,86.1,9.7,15.5,8.0,45.3,33.3,20.4,16.6,81.4,19.7,4.6,9.7,22.0,17.0,51767.0,1840.0,3987.0,7281.0,1022.0,2282.0,4323.0,720.0,1600.0,5.0,6.0,2.0,4.0,1.0,4.0
22101,6.2,13.5,89.9,87.4,2.9,0.8,8.5,23.2,18.0,11.3,31.4,2.7,0.9,9.1,41.5,47828.0,39.7,47.9,13.6,13.6,20.8,52576.0,St. Mary,LA,Louisiana,2023.0,Crude prevalence,10.7,85.9,10.8,18.1,9.2,45.0,36.6,20.4,18.2,82.6,21.3,5.4,11.1,22.0,16.0,49406.0,2092.0,4204.0,11431.0,572.0,1438.0,7084.0,342.0,926.0,11.0,10.0,3.0,5.0,1.0,3.0
22103,2.8,5.2,96.7,94.1,3.0,1.1,6.8,31.5,7.8,4.3,21.1,1.0,0.6,9.6,42.8,272421.0,40.5,23.8,23.0,37.7,11.4,81202.0,St. Tammany,LA,Louisiana,2023.0,Crude prevalence,9.5,88.4,7.2,13.3,7.0,37.4,26.0,18.0,13.7,80.9,14.5,3.6,6.9,22.0,59.0,264570.0,4471.0,9460.0,94507.0,1998.0,4839.0,44671.0,1103.0,3011.0,41.0,15.0,7.0,9.0,4.0,5.0
22105,6.0,10.3,93.6,89.2,3.5,0.6,7.3,29.6,13.3,6.1,29.7,1.7,0.4,7.5,49.3,136738.0,35.9,35.3,19.6,20.8,19.2,56760.0,Tangipahoa,LA,Louisiana,2023.0,Crude prevalence,10.5,85.0,8.7,14.6,7.3,43.0,30.4,20.8,15.4,80.5,18.6,4.1,9.5,22.0,31.0,133157.0,3169.0,11015.0,32453.0,1925.0,6393.0,16359.0,1260.0,3967.0,15.0,17.0,8.0,9.0,4.0,8.0
22107,4.7,14.7,83.0,70.0,4.1,1.6,5.6,32.5,43.5,9.5,25.8,0.3,0.2,7.8,52.5,3935.0,47.5,40.2,22.8,14.6,34.4,36615.0,Tensas,LA,Louisiana,2023.0,Crude prevalence,11.3,87.2,14.6,25.1,12.8,48.4,43.1,19.7,20.7,85.4,22.8,7.9,11.3,22.0,3.0,4147.0,150.0,502.0,398.0,105.0,371.0,137.0,50.0,226.0,0.0,2.0,0.0,0.0,0.0,0.0
22109,6.4,9.5,94.9,87.3,2.8,1.8,7.8,24.0,11.1,6.9,24.7,2.1,0.8,5.1,34.1,106186.0,38.0,41.4,18.0,18.7,16.0,64836.0,Terrebonne,LA,Louisiana,2023.0,Crude prevalence,10.4,85.8,9.0,15.2,7.7,41.3,33.1,20.1,16.4,81.5,18.8,4.2,9.3,22.0,34.0,109580.0,2898.0,6875.0,22081.0,852.0,2174.0,11894.0,489.0,1210.0,23.0,18.0,5.0,6.0,3.0,3.0
22111,3.2,9.3,87.8,64.1,2.5,3.3,9.9,29.8,18.4,7.3,22.2,1.9,0.4,5.2,45.7,20821.0,43.7,45.9,20.3,14.8,29.4,42885.0,Union,LA,Louisiana,2023.0,Crude prevalence,10.5,86.4,11.9,18.4,10.2,37.0,35.9,19.7,18.2,82.3,20.8,5.6,9.9,22.0,6.0,21107.0,620.0,1733.0,349.0,378.0,1352.0,0.0,291.0,1213.0,0.0,5.0,0.0,2.0,0.0,1.0
22113,5.2,10.6,93.4,88.9,2.9,0.9,7.5,30.0,16.6,9.8,26.6,2.8,0.3,12.7,42.4,57123.0,39.1,42.5,15.7,17.6,20.2,55707.0,Vermilion,LA,Louisiana,2023.0,Crude prevalence,10.3,85.1,10.0,15.0,8.1,42.8,32.1,20.3,16.8,80.3,20.2,4.4,9.2,22.0,16.0,57359.0,2136.0,3893.0,8973.0,753.0,1940.0,4770.0,558.0,1559.0,6.0,7.0,3.0,5.0,1.0,4.0
22115,3.7,7.4,94.7,88.0,2.6,0.8,6.8,22.9,17.4,6.2,44.0,1.2,0.4,11.0,31.2,47117.0,32.4,39.6,21.9,19.8,19.0,57270.0,Vernon,LA,Louisiana,2023.0,Crude prevalence,10.0,83.1,8.1,12.5,6.8,38.5,31.6,20.5,14.9,79.4,18.3,3.7,10.0,22.0,16.0,48750.0,1142.0,2677.0,14138.0,771.0,1872.0,7407.0,552.0,1362.0,7.0,8.0,4.0,2.0,2.0,1.0
22117,4.9,10.8,86.3,74.2,4.9,1.7,6.2,32.6,17.4,11.5,30.7,1.7,1.4,11.0,51.1,45120.0,40.9,45.5,20.1,12.8,24.3,45380.0,Washington,LA,Louisiana,2023.0,Crude prevalence,10.8,85.4,11.3,17.8,9.3,45.5,37.7,20.4,18.0,80.6,21.7,5.3,10.1,22.0,13.0,45463.0,2039.0,4989.0,1398.0,1251.0,3072.0,548.0,1020.0,2529.0,2.0,8.0,1.0,7.0,1.0,6.0
22119,4.7,9.3,91.0,66.1,2.5,3.0,5.2,27.3,22.0,10.3,33.2,1.3,0.3,9.2,57.1,35820.0,41.1,44.3,20.8,13.3,23.1,41182.0,Webster,LA,Louisiana,2023.0,Crude prevalence,11.2,85.3,12.6,19.5,10.2,44.6,39.0,20.9,19.5,82.4,22.8,6.0,10.1,22.0,13.0,36967.0,1482.0,3870.0,7552.0,660.0,1583.0,4232.0,524.0,1193.0,7.0,11.0,4.0,4.0,3.0,2.0
22121,2.9,7.1,94.6,89.3,4.5,2.0,4.7,25.0,9.0,5.4,23.2,2.2,0.3,3.1,36.1,27974.0,36.6,34.6,20.4,23.3,12.9,87299.0,West Baton Rouge,LA,Louisiana,2023.0,Crude prevalence,10.4,87.2,7.2,14.0,6.5,41.6,28.1,18.9,14.0,82.1,16.2,3.9,8.0,22.0,6.0,27199.0,597.0,1360.0,5987.0,239.0,662.0,2887.0,104.0,403.0,3.0,2.0,1.0,2.0,0.0,1.0
22123,8.9,9.4,90.5,71.5,3.0,6.4,5.9,24.3,18.3,5.9,23.9,1.8,0.0,8.6,27.9,9464.0,42.1,41.6,20.3,15.2,16.2,49134.0,West Carroll,LA,Louisiana,2023.0,Crude prevalence,10.4,86.1,11.1,16.5,9.4,40.1,33.7,19.6,17.6,81.7,20.0,5.1,9.5,22.0,3.0,9751.0,228.0,887.0,345.0,164.0,639.0,11.0,143.0,557.0,0.0,1.0,0.0,0.0,0.0,0.0
22125,4.5,12.3,93.4,89.0,1.8,0.3,5.5,35.3,22.0,5.1,24.3,0.4,0.0,6.2,62.1,15327.0,42.7,39.0,15.7,21.6,11.8,77452.0,West Feliciana,LA,Louisiana,2023.0,Crude prevalence,9.1,87.7,6.9,14.6,6.9,40.7,28.5,16.9,13.7,81.4,17.0,4.0,8.7,22.0,7.0,15310.0,204.0,571.0,6489.0,170.0,484.0,111.0,130.0,395.0,0.0,1.0,0.0,0.0,0.0,0.0
22127,6.1,11.2,88.2,77.0,2.4,1.9,6.5,30.0,24.7,8.6,28.8,0.6,0.0,2.8,36.7,13467.0,40.1,44.2,18.8,14.4,24.3,48871.0,Winn,LA,Louisiana,2023.0,Crude prevalence,10.2,84.9,10.3,17.1,8.9,45.9,35.6,19.9,17.2,81.2,20.6,5.0,11.1,22.0,5.0,13755.0,413.0,879.0,3462.0,316.0,643.0,612.0,268.0,543.0,1.0,4.0,1.0,2.0,0.0,1.0
23001,2.7,4.1,94.8,89.8,2.8,5.7,5.9,24.4,7.0,9.4,32.1,1.5,0.8,10.0,41.4,113423.0,40.5,37.4,20.3,23.4,14.4,67873.0,Androscoggin,ME,Maine,2023.0,Crude prevalence,13.2,85.1,8.9,12.1,7.5,35.8,26.9,19.7,15.2,79.6,16.3,3.7,9.1,23.0,32.0,111139.0,4427.0,7885.0,11489.0,782.0,2101.0,6106.0,517.0,1544.0,18.0,14.0,1.0,3.0,1.0,2.0
23003,3.7,5.2,91.0,84.3,2.9,3.7,8.0,18.3,22.2,8.6,25.5,0.9,1.0,11.3,35.4,67058.0,48.3,38.1,19.0,23.4,14.4,56700.0,Aroostook,ME,Maine,2023.0,Crude prevalence,13.4,86.9,11.0,14.8,9.5,40.0,32.0,18.3,17.3,82.7,17.9,4.5,9.4,23.0,24.0,67105.0,2566.0,6192.0,3718.0,1567.0,3878.0,1855.0,1288.0,3242.0,1.0,14.0,4.0,6.0,0.0,4.0
23005,1.1,2.1,96.3,92.7,2.1,2.1,4.7,23.2,13.8,6.9,30.2,0.8,0.3,10.4,39.5,308827.0,42.2,19.9,15.4,53.0,7.3,95677.0,Cumberland,ME,Maine,2023.0,Crude prevalence,11.8,87.9,6.1,8.9,6.0,26.7,17.1,16.7,12.0,80.1,10.9,2.9,6.4,23.0,80.0,303069.0,9162.0,9897.0,63996.0,2365.0,3686.0,30489.0,1338.0,2321.0,46.0,13.0,3.0,9.0,1.0,5.0
23007,1.4,4.5,93.2,85.1,2.6,3.5,7.9,26.8,40.3,9.2,23.7,1.3,0.2,12.9,31.5,30413.0,46.1,35.2,19.0,32.0,12.2,58675.0,Franklin,ME,Maine,2023.0,Crude prevalence,13.2,86.0,9.2,11.3,8.3,34.6,25.2,19.0,15.0,79.5,15.6,3.9,8.2,23.0,10.0,29456.0,1162.0,1949.0,1097.0,811.0,1428.0,136.0,635.0,1163.0,0.0,6.0,1.0,3.0,0.0,2.0
23009,1.2,3.2,93.9,91.2,2.7,2.3,9.6,25.4,37.3,6.2,21.5,0.8,0.8,11.6,39.3,56460.0,49.0,28.0,18.0,40.1,9.9,72744.0,Hancock,ME,Maine,2023.0,Crude prevalence,12.1,88.5,8.3,11.2,7.9,29.4,20.6,16.5,13.7,82.9,13.3,3.8,7.5,23.0,17.0,55478.0,1583.0,2142.0,3337.0,1009.0,1608.0,102.0,840.0,1386.0,0.0,2.0,1.0,5.0,0.0,4.0
23011,1.8,3.4,95.0,91.1,2.4,2.5,5.8,25.4,14.5,7.5,26.3,1.0,0.3,10.3,38.5,126808.0,43.7,33.3,18.9,31.9,11.6,69077.0,Kennebec,ME,Maine,2023.0,Crude prevalence,12.5,86.4,8.9,11.8,7.6,32.5,24.7,18.3,14.8,81.1,15.4,3.6,8.2,23.0,36.0,123642.0,4058.0,7402.0,8431.0,1417.0,3243.0,2714.0,966.0,2348.0,11.0,9.0,2.0,8.0,1.0,4.0
23013,0.9,4.3,94.8,90.3,2.2,3.4,5.5,19.6,24.8,5.4,21.3,0.7,0.2,13.7,36.3,41003.0,49.5,29.4,17.7,39.7,8.2,74096.0,Knox,ME,Maine,2023.0,Crude prevalence,11.9,88.7,8.6,11.2,8.1,28.8,21.7,15.3,13.7,82.3,13.6,3.9,7.6,23.0,12.0,40607.0,1003.0,1572.0,4601.0,453.0,824.0,1944.0,339.0,643.0,4.0,2.0,1.0,1.0,1.0,0.0
23015,1.3,3.7,94.9,89.1,1.6,2.3,6.6,23.3,30.6,4.5,17.5,0.4,0.2,8.6,27.3,36099.0,51.4,28.9,16.9,40.2,7.9,76875.0,Lincoln,ME,Maine,2023.0,Crude prevalence,12.1,89.0,8.6,11.8,8.4,30.9,21.4,16.1,14.1,83.6,12.7,3.9,7.2,23.0,9.0,35237.0,745.0,1303.0,1050.0,617.0,1091.0,131.0,542.0,950.0,0.0,0.0,0.0,1.0,0.0,1.0
23017,1.8,5.6,92.3,87.5,2.4,4.7,8.6,28.9,34.5,6.9,19.4,0.6,0.9,13.8,40.4,59255.0,48.2,41.0,16.6,24.0,13.8,60173.0,Oxford,ME,Maine,2023.0,Crude prevalence,13.4,86.8,10.7,13.7,9.0,35.0,25.4,17.8,16.7,81.6,17.8,4.4,8.9,23.0,19.0,57777.0,1677.0,3793.0,5690.0,1062.0,2508.0,3259.0,792.0,1910.0,2.0,12.0,1.0,4.0,1.0,2.0
23019,1.5,3.7,94.7,88.8,2.2,2.9,6.3,22.7,13.8,8.1,29.5,0.9,0.9,10.1,40.3,154710.0,42.5,32.7,19.9,30.1,14.1,66356.0,Penobscot,ME,Maine,2023.0,Crude prevalence,13.3,85.5,8.6,11.5,7.7,38.0,26.2,19.4,15.5,81.8,15.6,3.6,8.4,23.0,46.0,152199.0,5267.0,10162.0,16530.0,1905.0,4780.0,6347.0,1250.0,3453.0,16.0,23.0,6.0,6.0,1.0,5.0
23021,3.6,5.0,94.1,88.3,1.9,3.0,10.1,25.2,42.9,4.9,21.2,1.1,1.3,5.7,32.3,17263.0,51.5,37.2,21.8,21.6,15.5,61345.0,Piscataquis,ME,Maine,2023.0,Crude prevalence,12.6,87.2,11.2,13.8,10.1,34.6,28.1,17.8,17.3,82.4,18.0,4.7,9.2,23.0,8.0,16800.0,411.0,1504.0,714.0,299.0,1057.0,288.0,262.0,914.0,0.0,7.0,1.0,0.0,1.0,0.0
23023,1.8,2.5,96.7,93.9,2.9,1.8,5.3,25.8,14.5,5.1,22.2,0.4,0.2,15.2,32.8,37285.0,47.3,26.1,16.2,44.2,10.0,87806.0,Sagadahoc,ME,Maine,2023.0,Crude prevalence,12.3,88.2,8.1,10.8,7.7,29.6,22.2,16.2,13.7,82.3,13.9,3.6,7.4,23.0,8.0,36699.0,846.0,1432.0,10342.0,513.0,870.0,5810.0,381.0,663.0,4.0,2.0,1.0,4.0,1.0,2.0
23025,2.0,4.7,93.0,86.3,1.9,3.3,7.5,28.0,23.0,5.8,22.6,0.6,0.4,8.9,34.8,50959.0,47.0,41.5,19.1,21.1,14.2,58179.0,Somerset,ME,Maine,2023.0,Crude prevalence,13.5,86.2,11.3,13.9,9.3,37.2,28.1,19.7,17.1,82.8,19.7,4.4,9.5,23.0,20.0,50477.0,1346.0,4101.0,2548.0,852.0,2707.0,1838.0,719.0,2274.0,2.0,8.0,1.0,3.0,1.0,2.0
23027,1.8,4.6,93.9,89.5,2.2,3.5,9.2,26.6,21.5,5.8,18.1,0.5,0.7,8.6,33.5,40192.0,47.4,31.5,18.2,34.4,12.0,72782.0,Waldo,ME,Maine,2023.0,Crude prevalence,13.3,87.6,8.9,11.7,8.2,34.3,23.6,18.1,15.4,82.0,15.4,3.8,8.1,23.0,8.0,39607.0,1021.0,2180.0,2849.0,627.0,1604.0,1421.0,465.0,1309.0,1.0,2.0,0.0,3.0,0.0,2.0
23029,2.8,6.2,91.6,84.3,3.3,3.1,9.1,21.6,34.7,6.1,20.3,1.0,0.8,13.8,38.4,31331.0,48.6,34.9,20.6,24.7,17.1,56024.0,Washington,ME,Maine,2023.0,Crude prevalence,13.2,86.5,11.3,14.9,9.8,39.8,32.5,19.1,18.2,82.5,18.3,4.6,9.6,23.0,14.0,31095.0,860.0,2663.0,2229.0,570.0,1883.0,955.0,476.0,1600.0,0.0,9.0,1.0,2.0,1.0,1.0
23031,1.5,3.1,96.4,92.7,2.2,2.1,4.8,27.7,20.6,4.7,22.7,0.5,0.6,9.8,34.5,216731.0,45.3,28.5,18.7,36.2,7.7,88333.0,York,ME,Maine,2023.0,Crude prevalence,12.7,88.1,7.8,10.4,7.2,33.1,21.3,16.9,13.1,80.9,13.4,3.4,7.3,23.0,58.0,211972.0,4321.0,7364.0,31034.0,1908.0,3123.0,19806.0,1472.0,2276.0,29.0,13.0,3.0,4.0,1.0,3.0
24001,1.9,7.6,91.4,84.9,2.5,3.6,3.8,22.7,16.3,9.1,29.3,0.8,0.2,8.9,34.6,67452.0,41.2,40.5,19.2,21.1,16.9,59603.0,Allegany,MD,Maryland,2023.0,Crude prevalence,11.3,86.4,9.7,13.3,7.9,36.6,32.0,18.9,15.5,79.7,17.7,4.2,9.4,24.0,22.0,68106.0,2503.0,5751.0,14570.0,810.0,2202.0,5221.0,434.0,1296.0,12.0,20.0,7.0,5.0,4.0,1.0
24003,2.5,3.9,97.7,95.5,2.5,1.7,4.7,28.9,4.9,4.1,24.9,1.4,0.5,8.5,38.7,598166.0,39.0,21.8,19.2,45.8,5.6,124911.0,Anne Arundel,MD,Maryland,2023.0,Crude prevalence,10.0,90.1,5.2,10.4,5.3,34.5,20.5,14.6,11.7,79.6,10.6,2.9,7.1,24.0,129.0,588261.0,9120.0,14710.0,198339.0,2344.0,3918.0,85674.0,986.0,1673.0,117.0,23.0,4.0,11.0,1.0,7.0
24005,3.4,4.9,95.9,91.4,3.2,2.6,5.4,28.0,5.1,7.8,33.6,1.3,0.8,9.3,44.8,850796.0,39.7,23.7,18.3,42.3,9.8,91768.0,Baltimore,MD,Maryland,2023.0,Crude prevalence,11.0,89.2,6.5,13.1,6.2,34.0,26.3,16.1,11.7,80.3,11.1,3.5,8.1,24.0,219.0,854535.0,26021.0,37563.0,192817.0,4479.0,6177.0,76162.0,1625.0,2259.0,202.0,87.0,20.0,44.0,3.0,20.0
24009,1.2,3.9,95.9,93.6,1.8,1.2,3.0,39.3,7.3,3.0,12.8,1.0,0.0,5.4,42.4,94313.0,40.8,27.4,22.1,37.0,3.9,133922.0,Calvert,MD,Maryland,2023.0,Crude prevalence,10.5,90.1,5.9,10.9,5.5,36.3,19.8,14.9,11.9,79.4,11.1,3.0,6.5,24.0,18.0,92783.0,988.0,1696.0,24072.0,784.0,1362.0,16776.0,526.0,1020.0,6.0,1.0,1.0,3.0,1.0,3.0
24011,5.6,10.6,92.7,88.3,3.6,4.1,7.3,33.4,7.7,5.5,28.1,1.1,0.5,18.5,37.3,33669.0,39.9,40.4,20.5,16.2,12.2,68457.0,Caroline,MD,Maryland,2023.0,Crude prevalence,11.8,87.2,9.5,14.2,7.7,41.7,28.6,18.1,15.3,78.7,17.4,4.3,10.6,24.0,9.0,33293.0,692.0,2202.0,406.0,483.0,1398.0,0.0,417.0,1166.0,1.0,6.0,0.0,2.0,0.0,2.0
24013,1.4,3.3,95.7,92.5,2.3,1.2,2.9,34.4,3.7,3.3,15.7,0.7,0.1,8.2,40.9,175321.0,41.3,27.4,19.2,40.7,5.2,118211.0,Carroll,MD,Maryland,2023.0,Crude prevalence,10.1,89.7,5.9,10.3,6.0,37.7,23.2,14.9,11.4,76.2,10.9,2.9,6.3,24.0,37.0,172891.0,2099.0,3352.0,52504.0,1325.0,2138.0,33163.0,1050.0,1582.0,18.0,3.0,1.0,3.0,1.0,3.0
24015,2.5,5.7,95.5,91.3,3.4,3.7,3.6,28.5,8.5,4.9,24.7,1.6,0.6,9.9,39.7,104960.0,40.6,35.3,20.1,28.0,10.8,92007.0,Cecil,MD,Maryland,2023.0,Crude prevalence,10.5,88.1,7.7,13.2,6.6,41.3,27.8,17.4,14.0,77.4,15.3,3.5,8.0,24.0,21.0,103725.0,1973.0,5452.0,23580.0,994.0,2902.0,14685.0,663.0,1894.0,9.0,8.0,5.0,5.0,4.0,4.0
24017,2.2,3.3,96.6,93.4,3.3,2.5,4.6,41.4,4.6,3.9,17.9,1.6,0.6,5.8,40.6,170527.0,38.9,29.1,23.3,33.5,6.9,122816.0,Charles,MD,Maryland,2023.0,Crude prevalence,10.7,90.3,5.5,13.4,5.2,41.9,23.3,16.0,11.8,81.1,11.5,3.4,7.5,24.0,35.0,166617.0,2358.0,5885.0,66668.0,1169.0,2691.0,34355.0,751.0,1618.0,22.0,8.0,4.0,7.0,3.0,4.0
24019,4.8,8.9,92.8,85.8,3.4,4.5,5.5,26.9,17.6,11.6,34.4,0.7,0.2,6.5,49.5,32754.0,43.5,39.5,20.0,19.4,17.1,61839.0,Dorchester,MD,Maryland,2023.0,Crude prevalence,11.5,88.7,9.9,16.6,8.7,41.8,29.8,17.0,16.3,81.8,16.1,4.9,10.1,24.0,9.0,32531.0,1577.0,2849.0,2286.0,425.0,1053.0,224.0,306.0,832.0,3.0,9.0,1.0,3.0,0.0,2.0
24021,3.0,3.6,96.8,93.2,2.3,1.9,4.7,33.1,3.9,4.4,23.0,0.9,0.4,8.8,39.7,287048.0,39.0,22.4,17.0,45.8,6.0,122002.0,Frederick,MD,Maryland,2023.0,Crude prevalence,9.5,89.8,5.1,10.6,5.4,34.7,20.1,15.1,10.5,78.7,9.2,2.8,7.7,24.0,65.0,271717.0,4623.0,7732.0,77917.0,1572.0,2482.0,44344.0,1054.0,1464.0,44.0,21.0,7.0,6.0,3.0,2.0
24023,3.5,6.3,89.9,83.0,2.5,2.2,6.2,23.7,32.5,7.9,20.3,1.0,0.0,7.8,27.2,28615.0,48.3,39.2,15.6,25.9,11.2,67688.0,Garrett,MD,Maryland,2023.0,Crude prevalence,11.1,88.7,9.3,14.1,8.3,36.3,27.1,16.4,15.0,80.0,14.2,4.2,7.9,24.0,9.0,28806.0,990.0,1903.0,610.0,767.0,1473.0,0.0,663.0,1272.0,0.0,6.0,0.0,5.0,0.0,5.0
24025,1.3,3.6,97.2,92.6,2.6,2.5,3.6,32.1,3.5,4.4,20.3,0.7,0.3,9.7,39.2,263757.0,40.5,25.9,19.7,40.3,7.1,112265.0,Harford,MD,Maryland,2023.0,Crude prevalence,10.2,89.8,6.1,11.6,5.8,35.8,20.6,15.4,12.1,79.7,10.9,3.1,6.8,24.0,59.0,260924.0,4512.0,7558.0,89755.0,1590.0,2988.0,41537.0,577.0,1490.0,44.0,9.0,3.0,8.0,0.0,4.0
24027,3.0,2.1,98.9,96.6,2.4,1.5,4.2,28.5,3.4,3.6,28.5,1.2,0.6,9.0,38.7,336328.0,39.8,12.4,12.2,64.5,5.2,149763.0,Howard,MD,Maryland,2023.0,Crude prevalence,9.1,91.6,4.0,10.4,4.8,30.0,16.4,12.4,9.5,80.8,7.4,2.6,5.7,24.0,59.0,332317.0,4391.0,6828.0,128545.0,1427.0,2159.0,48614.0,483.0,572.0,52.0,3.0,1.0,9.0,1.0,3.0
24029,1.8,5.3,94.5,85.0,1.8,2.2,6.1,25.4,18.0,5.7,27.5,0.5,0.3,13.9,45.8,19346.0,48.6,30.9,15.6,39.6,9.7,80147.0,Kent,MD,Maryland,2023.0,Crude prevalence,10.6,89.4,8.1,13.7,8.1,35.1,24.4,15.2,13.3,80.8,11.9,4.2,7.9,24.0,5.0,19198.0,485.0,1046.0,2228.0,290.0,635.0,180.0,209.0,460.0,1.0,2.0,0.0,2.0,0.0,0.0
24031,5.0,3.6,98.2,95.7,3.4,2.1,7.0,31.9,4.3,8.5,34.7,2.2,1.1,9.7,41.9,1065949.0,40.2,13.6,11.8,60.6,7.5,132450.0,Montgomery,MD,Maryland,2023.0,Crude prevalence,9.2,91.0,4.5,10.8,5.3,26.1,19.2,12.0,10.5,77.5,7.2,2.9,8.7,24.0,232.0,1062061.0,33093.0,28972.0,365368.0,6090.0,7253.0,180090.0,2353.0,2639.0,226.0,72.0,23.0,49.0,3.0,23.0
24033,7.9,5.5,97.5,93.8,4.4,2.4,11.4,35.2,4.9,9.2,37.7,3.2,1.8,9.2,43.7,959754.0,38.5,25.1,18.5,36.7,10.8,101798.0,Prince George's,MD,Maryland,2023.0,Crude prevalence,11.5,89.6,5.5,15.2,5.5,42.2,27.1,14.3,12.6,78.2,10.5,3.9,12.5,24.0,214.0,967201.0,31898.0,42353.0,261619.0,4849.0,9008.0,113191.0,1396.0,3473.0,208.0,121.0,34.0,53.0,4.0,15.0
24035,2.0,4.5,97.3,90.0,2.6,2.4,5.7,33.2,9.7,3.2,17.1,0.7,0.1,8.4,46.0,51825.0,44.7,27.8,20.3,38.0,6.4,112826.0,Queen Anne's,MD,Maryland,2023.0,Crude prevalence,9.9,90.3,6.8,11.6,6.7,29.4,20.9,14.9,12.4,77.8,11.7,3.4,6.7,24.0,11.0,49874.0,633.0,1440.0,8516.0,509.0,1220.0,5434.0,334.0,895.0,2.0,1.0,0.0,2.0,0.0,1.0
24037,2.6,4.7,95.6,93.1,2.3,3.7,3.9,29.9,8.5,3.2,26.8,1.0,0.4,7.9,37.8,115126.0,37.2,27.1,20.5,36.5,8.0,119446.0,St. Mary's,MD,Maryland,2023.0,Crude prevalence,10.7,88.6,5.9,11.4,5.7,37.4,22.7,16.4,11.9,77.5,12.7,3.0,7.6,24.0,22.0,113777.0,1339.0,4752.0,23234.0,820.0,2849.0,15464.0,608.0,2107.0,8.0,6.0,4.0,6.0,1.0,2.0
24039,3.1,10.2,90.5,83.4,3.4,3.6,3.6,24.5,23.6,7.6,26.9,0.4,0.6,8.3,40.2,24822.0,38.1,41.8,18.5,19.4,16.4,64943.0,Somerset,MD,Maryland,2023.0,Crude prevalence,11.7,85.6,8.7,14.2,7.5,38.4,31.3,18.5,14.9,79.6,16.9,4.3,10.9,24.0,6.0,24620.0,636.0,2076.0,5699.0,369.0,1244.0,3373.0,321.0,1060.0,2.0,5.0,2.0,1.0,1.0,1.0
24041,3.1,4.9,94.3,90.1,2.4,2.2,3.9,24.7,16.7,7.3,24.9,1.0,1.0,8.2,43.4,37917.0,51.2,22.8,20.1,42.0,9.3,84811.0,Talbot,MD,Maryland,2023.0,Crude prevalence,10.3,91.5,8.0,13.1,8.4,30.1,24.2,13.6,13.6,82.8,10.9,4.3,7.7,24.0,10.0,37526.0,1197.0,1692.0,5988.0,581.0,962.0,2090.0,326.0,687.0,3.0,3.0,2.0,3.0,0.0,2.0
24043,3.3,8.0,93.9,88.5,2.5,3.2,6.3,28.8,6.7,7.7,33.2,1.1,0.9,8.8,38.1,155709.0,40.7,35.8,20.3,24.1,12.4,77747.0,Washington,MD,Maryland,2023.0,Crude prevalence,10.7,87.7,8.4,13.3,7.2,39.0,29.5,16.9,14.3,79.5,15.1,3.8,9.4,24.0,36.0,154705.0,4614.0,9180.0,31160.0,1123.0,2472.0,15502.0,648.0,1550.0,24.0,20.0,3.0,6.0,1.0,4.0
24045,2.6,6.6,95.8,89.7,3.9,2.2,6.7,23.0,8.3,5.7,37.7,1.5,1.0,10.8,39.2,104914.0,36.2,33.4,19.1,29.5,13.9,76210.0,Wicomico,MD,Maryland,2023.0,Crude prevalence,11.1,87.4,7.4,12.6,6.5,39.6,28.0,17.6,13.1,81.0,13.4,3.7,9.1,24.0,21.0,103588.0,2293.0,6951.0,19986.0,758.0,2739.0,11121.0,541.0,2035.0,14.0,15.0,6.0,3.0,3.0,2.0
24047,1.6,4.4,95.3,91.2,3.9,3.2,5.0,23.3,57.6,5.9,22.0,1.1,1.1,9.8,45.5,53700.0,50.7,28.9,21.5,35.3,9.9,81745.0,Worcester,MD,Maryland,2023.0,Crude prevalence,10.1,91.2,8.0,13.7,8.1,33.1,25.7,14.5,13.9,83.1,12.3,4.2,7.1,24.0,17.0,52460.0,1433.0,2385.0,14325.0,675.0,1259.0,10137.0,519.0,974.0,7.0,8.0,3.0,3.0,2.0,1.0
24510,4.0,8.3,93.8,85.4,4.1,5.2,5.9,29.1,13.3,26.7,52.5,1.2,0.6,9.1,44.6,573243.0,36.2,27.7,18.4,36.1,19.7,62177.0,Baltimore,MD,Maryland,2023.0,Crude prevalence,12.7,87.5,7.3,14.4,6.4,38.7,27.4,18.4,13.8,80.4,15.8,4.4,10.1,24.0,199.0,585708.0,68150.0,59197.0,5957.0,409.0,264.0,0.0,0.0,0.0,199.0,150.0,1.0,24.0,0.0,10.0
25001,1.6,2.1,96.5,94.3,2.9,2.8,2.7,24.8,36.4,5.4,18.9,0.9,0.3,11.0,48.8,231668.0,55.4,20.9,17.9,48.2,7.7,95241.0,Barnstable,MA,Massachusetts,2023.0,Crude prevalence,11.5,92.9,7.3,10.7,8.0,26.3,19.0,13.8,13.4,85.3,10.5,3.8,3.6,25.0,56.0,228996.0,5673.0,9959.0,117457.0,2404.0,4717.0,73818.0,1503.0,2754.0,54.0,17.0,12.0,14.0,8.0,8.0
25003,1.6,4.3,94.3,90.3,3.2,3.4,1.7,21.2,17.7,9.6,30.1,0.7,0.2,10.4,43.6,129430.0,47.3,28.8,17.5,40.0,11.4,76013.0,Berkshire,MA,Massachusetts,2023.0,Crude prevalence,12.0,90.3,7.7,10.9,7.8,31.2,22.2,16.9,13.9,81.7,12.7,3.7,4.8,25.0,40.0,129026.0,5551.0,9512.0,19994.0,1419.0,2584.0,9938.0,820.0,1589.0,19.0,23.0,8.0,11.0,2.0,4.0
25005,6.7,6.6,94.1,90.2,3.6,4.2,3.3,28.5,4.6,9.5,37.7,1.5,0.7,9.9,42.3,582270.0,40.9,30.5,16.1,30.8,11.3,85625.0,Bristol,MA,Massachusetts,2023.0,Crude prevalence,12.6,89.0,7.6,10.8,6.8,32.1,24.8,18.6,14.6,81.9,15.8,3.5,5.9,25.0,130.0,579200.0,22294.0,46290.0,114695.0,2820.0,7126.0,60702.0,1427.0,3731.0,111.0,64.0,7.0,15.0,1.0,8.0
25007,2.2,2.5,97.8,95.0,4.4,1.4,2.1,16.4,57.4,3.2,17.9,0.3,0.6,12.8,34.1,20933.0,50.7,19.7,15.4,51.9,4.4,125786.0,Dukes,MA,Massachusetts,2023.0,Crude prevalence,11.5,92.2,6.8,10.6,7.3,25.5,19.0,14.7,12.7,83.4,10.8,3.5,3.9,25.0,4.0,20600.0,241.0,503.0,9729.0,133.0,285.0,7019.0,83.0,191.0,3.0,0.0,0.0,0.0,0.0,0.0
25009,5.2,4.7,95.2,92.4,3.4,4.5,2.8,28.5,5.0,9.3,36.5,1.8,1.1,10.5,46.4,813054.0,41.2,24.1,14.8,43.0,9.4,101883.0,Essex,MA,Massachusetts,2023.0,Crude prevalence,11.5,89.7,6.3,10.3,6.2,30.0,24.1,15.3,13.0,81.1,11.4,3.1,6.2,25.0,173.0,809829.0,29171.0,51931.0,173529.0,3126.0,5336.0,94719.0,1761.0,3011.0,162.0,73.0,7.0,16.0,2.0,10.0
25011,1.5,4.0,94.5,91.3,3.4,2.9,2.1,23.8,8.6,7.9,29.9,1.4,0.2,8.9,48.5,70944.0,47.2,26.9,16.8,40.6,12.1,74907.0,Franklin,MA,Massachusetts,2023.0,Crude prevalence,11.8,90.5,7.7,10.8,7.3,26.3,22.1,16.1,13.8,82.1,12.8,3.6,4.7,25.0,19.0,71029.0,2493.0,5377.0,13556.0,915.0,2412.0,8348.0,622.0,1749.0,10.0,12.0,5.0,4.0,3.0,3.0
25013,5.4,7.4,92.1,89.0,3.6,5.1,3.0,22.7,6.6,12.0,37.8,1.1,0.7,9.7,44.3,462815.0,40.0,30.3,17.6,29.3,16.3,71306.0,Hampden,MA,Massachusetts,2023.0,Crude prevalence,12.7,87.8,7.7,12.1,7.0,34.9,29.8,18.9,16.0,80.4,14.8,3.7,8.1,25.0,104.0,465825.0,22134.0,47108.0,80803.0,2499.0,4562.0,39525.0,1193.0,2134.0,93.0,67.0,7.0,19.0,1.0,9.0
25015,2.0,2.6,96.4,92.9,3.1,3.9,1.7,23.2,7.0,7.4,32.2,0.6,0.5,12.1,44.5,162028.0,37.4,20.5,14.8,51.6,11.3,87001.0,Hampshire,MA,Massachusetts,2023.0,Crude prevalence,12.1,87.7,5.6,8.2,5.5,22.2,17.4,17.4,11.7,80.6,9.7,2.7,4.2,25.0,35.0,162308.0,4615.0,7776.0,54536.0,1485.0,3174.0,33007.0,798.0,1861.0,24.0,9.0,7.0,8.0,3.0,6.0
25017,3.5,3.2,97.0,94.7,3.0,2.9,2.4,29.9,4.5,10.3,38.7,1.5,0.8,9.5,37.6,1638365.0,38.9,17.2,10.9,59.5,7.7,130847.0,Middlesex,MA,Massachusetts,2023.0,Crude prevalence,11.1,90.6,4.6,8.5,4.9,23.8,18.3,14.8,10.0,79.9,9.1,2.5,4.0,25.0,357.0,1632002.0,65150.0,59014.0,326094.0,5412.0,8200.0,167345.0,2596.0,4123.0,336.0,72.0,5.0,43.0,3.0,23.0
25019,5.2,1.6,98.7,95.3,3.1,3.3,7.8,16.0,58.3,3.5,28.2,6.6,0.6,13.3,41.3,14483.0,42.4,17.1,15.2,56.3,3.2,139688.0,Nantucket,MA,Massachusetts,2023.0,Crude prevalence,10.9,91.6,4.6,8.6,5.1,27.7,17.2,14.3,10.6,81.4,9.1,2.5,4.5,25.0,6.0,14255.0,184.0,524.0,6785.0,128.0,429.0,4557.0,102.0,368.0,4.0,1.0,0.0,0.0,0.0,0.0
25021,3.0,2.5,96.8,94.8,3.4,2.5,1.9,32.5,4.0,9.2,31.3,1.3,0.7,10.4,41.1,730082.0,40.9,16.9,12.0,58.8,6.7,130739.0,Norfolk,MA,Massachusetts,2023.0,Crude prevalence,10.7,91.2,4.9,9.0,5.2,23.5,17.1,14.6,10.8,81.5,9.2,2.7,3.8,25.0,154.0,725981.0,25945.0,26578.0,197944.0,3196.0,4685.0,95275.0,1316.0,1776.0,150.0,21.0,4.0,24.0,2.0,9.0
25023,3.2,3.7,95.9,92.9,3.4,3.3,2.5,32.5,6.9,6.0,22.4,1.3,0.7,9.4,45.4,535075.0,43.0,26.3,16.1,41.8,7.1,114201.0,Plymouth,MA,Massachusetts,2023.0,Crude prevalence,12.1,90.7,6.4,10.3,6.2,29.7,20.4,16.8,12.8,82.1,11.9,3.2,4.4,25.0,110.0,530819.0,12110.0,25764.0,167869.0,3112.0,6893.0,107833.0,1871.0,4277.0,90.0,31.0,6.0,15.0,4.0,11.0
25025,7.6,4.9,95.4,91.6,4.4,4.2,3.1,30.9,8.4,31.6,63.5,2.2,1.9,9.9,42.1,785121.0,33.9,20.2,11.6,50.6,16.2,95631.0,Suffolk,MA,Massachusetts,2023.0,Crude prevalence,11.4,87.0,5.1,9.3,4.8,24.2,23.8,17.3,11.4,78.5,11.1,2.8,6.6,25.0,234.0,797936.0,103374.0,64342.0,6439.0,451.0,421.0,233.0,22.0,13.0,233.0,125.0,2.0,17.0,0.0,3.0
25027,3.7,5.1,95.7,92.9,3.5,3.5,2.5,29.2,5.5,8.3,34.2,1.4,0.6,10.1,40.5,867788.0,40.2,26.3,16.6,39.7,10.3,95939.0,Worcester,MA,Massachusetts,2023.0,Crude prevalence,12.1,89.4,6.3,10.4,6.0,32.6,23.8,17.2,13.4,81.3,12.3,3.1,5.4,25.0,191.0,862111.0,27738.0,53441.0,200780.0,4825.0,10874.0,112711.0,2735.0,6746.0,149.0,74.0,12.0,31.0,2.0,14.0
26001,1.4,5.7,91.8,83.4,1.9,2.2,3.9,27.9,48.6,3.5,10.4,0.5,0.3,18.1,33.9,10397.0,60.0,36.8,23.1,21.4,12.3,54993.0,Alcona,MI,Michigan,2023.0,Crude prevalence,11.2,90.8,11.9,16.0,11.0,39.0,28.7,15.7,17.0,84.2,15.9,5.2,6.2,26.0,5.0,10167.0,187.0,664.0,364.0,162.0,567.0,153.0,148.0,501.0,0.0,4.0,0.0,0.0,0.0,0.0
26003,1.5,4.6,92.0,85.4,2.8,3.6,4.3,22.9,43.2,5.6,13.7,1.1,0.3,19.3,16.4,8762.0,49.1,41.2,21.5,21.0,10.4,61286.0,Alger,MI,Michigan,2023.0,Crude prevalence,11.1,88.0,9.6,13.2,8.7,36.1,25.8,16.8,15.2,80.7,16.0,4.3,7.0,26.0,3.0,8842.0,196.0,388.0,1152.0,148.0,289.0,409.0,126.0,243.0,0.0,2.0,0.0,0.0,0.0,0.0
26005,2.4,5.2,96.0,91.6,1.8,2.6,4.8,24.2,13.5,2.5,12.6,2.0,0.3,9.2,36.6,121456.0,41.0,35.6,20.9,27.1,8.4,83283.0,Allegan,MI,Michigan,2023.0,Crude prevalence,11.0,87.3,8.2,11.6,7.1,35.6,24.9,17.2,14.2,79.5,14.8,3.5,7.2,26.0,30.0,120502.0,1138.0,3532.0,11772.0,791.0,2227.0,4623.0,610.0,1706.0,8.0,3.0,1.0,0.0,0.0,0.0
26007,2.0,5.5,91.2,85.1,3.3,2.8,5.2,17.5,17.1,8.0,20.0,1.6,0.0,15.9,35.3,28880.0,47.8,34.7,25.0,18.3,18.0,53950.0,Alpena,MI,Michigan,2023.0,Crude prevalence,11.9,87.5,11.4,14.2,9.5,41.3,28.5,18.1,16.6,81.5,17.8,4.6,7.0,26.0,10.0,28907.0,1045.0,2178.0,3709.0,448.0,1042.0,678.0,269.0,637.0,5.0,8.0,3.0,2.0,0.0,1.0
26009,1.5,3.8,95.4,88.8,2.1,3.2,5.8,25.2,37.4,3.5,13.6,1.2,1.0,7.7,24.4,24127.0,51.8,30.4,20.1,34.3,9.9,72054.0,Antrim,MI,Michigan,2023.0,Crude prevalence,11.0,89.9,9.0,12.8,8.5,36.4,23.3,15.5,14.3,82.4,13.4,4.0,5.5,26.0,10.0,23431.0,387.0,1107.0,33.0,311.0,793.0,0.0,278.0,708.0,0.0,2.0,0.0,0.0,0.0,0.0
26011,3.1,8.7,91.0,87.0,3.1,2.6,6.0,26.6,31.4,6.6,13.8,1.1,0.1,5.9,35.6,15077.0,50.2,35.0,25.7,16.0,11.7,58811.0,Arenac,MI,Michigan,2023.0,Crude prevalence,11.7,88.2,11.4,14.7,9.8,38.6,28.3,17.7,16.8,81.4,17.8,4.7,7.3,26.0,5.0,15002.0,433.0,1055.0,2190.0,344.0,858.0,1791.0,269.0,684.0,1.0,4.0,0.0,1.0,0.0,1.0
26013,1.5,6.7,89.3,83.9,2.2,3.6,3.8,18.4,32.0,6.8,21.5,0.6,0.4,9.7,22.0,8191.0,46.0,37.1,29.0,14.8,15.2,55327.0,Baraga,MI,Michigan,2023.0,Crude prevalence,11.9,86.4,10.6,14.5,9.0,40.3,28.6,18.5,16.7,80.1,18.6,4.6,7.9,26.0,2.0,8158.0,232.0,555.0,968.0,162.0,384.0,631.0,142.0,338.0,0.0,2.0,1.0,1.0,1.0,0.0
26015,2.3,4.3,93.5,86.8,2.5,1.9,5.2,27.7,11.9,3.4,12.7,1.0,0.6,11.2,33.8,63409.0,42.3,35.1,23.9,24.9,8.4,77500.0,Barry,MI,Michigan,2023.0,Crude prevalence,11.2,87.7,8.3,11.2,7.2,37.0,24.1,17.2,13.9,79.7,14.9,3.5,6.3,26.0,16.0,62423.0,830.0,2296.0,1025.0,592.0,1575.0,397.0,507.0,1328.0,1.0,1.0,1.0,1.0,0.0,0.0
26017,2.0,6.1,93.7,88.2,2.6,3.2,4.4,23.1,7.3,6.6,23.0,0.6,0.3,8.1,34.8,103008.0,43.9,33.1,24.6,22.1,13.2,61763.0,Bay,MI,Michigan,2023.0,Crude prevalence,11.5,87.4,9.3,12.6,7.8,38.0,26.3,17.6,15.0,80.0,15.7,3.9,7.3,26.0,27.0,103856.0,2957.0,6120.0,7185.0,652.0,1730.0,2990.0,462.0,1173.0,16.0,12.0,1.0,2.0,0.0,1.0
26019,1.6,4.3,95.7,93.0,1.7,2.4,5.6,24.6,37.5,2.5,12.2,0.7,0.9,12.9,38.1,18310.0,50.8,26.3,21.4,36.9,9.7,74834.0,Benzie,MI,Michigan,2023.0,Crude prevalence,11.0,90.0,9.0,12.8,8.5,35.4,23.7,15.8,14.6,82.2,13.5,4.1,5.6,26.0,6.0,17970.0,194.0,605.0,1298.0,165.0,532.0,880.0,149.0,485.0,1.0,1.0,0.0,0.0,0.0,0.0
26021,2.4,5.3,93.9,89.3,3.7,3.1,6.4,21.2,17.2,8.0,27.2,0.9,0.5,8.6,41.3,153288.0,42.7,28.6,22.0,30.9,15.1,65425.0,Berrien,MI,Michigan,2023.0,Crude prevalence,11.8,87.8,9.2,13.5,8.0,38.8,27.2,17.2,15.2,80.2,15.0,4.2,7.3,26.0,53.0,154316.0,5098.0,9057.0,30569.0,1856.0,3206.0,12199.0,991.0,1647.0,33.0,19.0,9.0,5.0,2.0,4.0
26023,5.6,5.8,91.1,84.7,3.3,2.2,9.8,22.7,19.4,6.7,22.3,1.6,0.9,6.1,37.1,45300.0,40.6,38.4,23.2,17.3,16.4,63724.0,Branch,MI,Michigan,2023.0,Crude prevalence,11.6,85.8,10.2,13.3,8.3,36.0,28.2,18.6,16.3,79.0,18.0,4.2,8.7,26.0,13.0,44862.0,1132.0,2161.0,4566.0,633.0,1042.0,1484.0,520.0,826.0,4.0,6.0,1.0,1.0,1.0,1.0
26025,2.3,6.3,93.6,89.6,3.8,2.0,5.8,20.5,10.5,7.0,27.3,1.1,0.3,11.7,36.9,133778.0,40.2,35.4,23.2,22.9,13.9,63177.0,Calhoun,MI,Michigan,2023.0,Crude prevalence,11.8,86.5,9.2,13.3,7.6,42.5,27.8,18.5,15.0,80.0,16.7,4.0,7.7,26.0,40.0,134310.0,3754.0,7175.0,29281.0,1291.0,2411.0,13993.0,641.0,1296.0,28.0,20.0,5.0,7.0,2.0,5.0
26027,2.7,7.2,92.6,88.6,3.0,3.1,6.9,24.4,17.4,5.1,18.4,1.4,0.3,14.5,31.9,51520.0,45.5,34.1,23.2,21.8,11.9,70443.0,Cass,MI,Michigan,2023.0,Crude prevalence,11.7,87.8,9.7,13.1,8.3,36.2,26.8,17.7,15.4,80.5,16.3,4.2,7.3,26.0,15.0,51589.0,1080.0,2720.0,6770.0,846.0,2100.0,5288.0,710.0,1748.0,2.0,4.0,0.0,2.0,0.0,2.0
26029,1.4,3.5,94.5,90.1,1.9,2.6,6.2,19.9,30.5,5.4,16.5,0.9,0.4,14.3,35.1,26108.0,50.4,27.3,21.8,35.2,8.7,76531.0,Charlevoix,MI,Michigan,2023.0,Crude prevalence,11.2,90.0,8.6,12.3,8.2,35.0,22.5,15.5,13.9,82.2,13.1,3.9,5.4,26.0,13.0,26054.0,667.0,983.0,936.0,321.0,541.0,119.0,255.0,435.0,3.0,2.0,0.0,1.0,0.0,0.0
26031,2.1,6.8,92.4,87.0,3.1,2.6,5.9,24.8,37.3,4.8,14.4,0.8,0.1,4.9,36.3,25865.0,52.2,34.5,21.3,24.4,12.4,62875.0,Cheboygan,MI,Michigan,2023.0,Crude prevalence,11.6,88.7,10.9,14.6,9.5,41.1,26.7,17.0,16.3,82.2,16.7,4.6,6.8,26.0,9.0,25579.0,539.0,1405.0,1818.0,396.0,1032.0,921.0,340.0,909.0,1.0,5.0,1.0,1.0,1.0,1.0
26033,2.0,5.4,92.5,87.8,2.7,2.9,5.7,17.4,30.8,6.9,25.0,1.5,0.8,11.1,36.2,36295.0,41.6,35.4,25.3,23.3,14.0,62217.0,Chippewa,MI,Michigan,2023.0,Crude prevalence,12.1,85.3,9.1,12.7,7.8,35.6,26.5,19.3,15.6,79.5,17.6,4.0,7.4,26.0,15.0,36785.0,969.0,1846.0,5713.0,472.0,932.0,2418.0,348.0,603.0,6.0,4.0,2.0,1.0,2.0,1.0
26035,4.6,6.8,89.7,82.3,4.4,3.5,10.2,29.9,43.1,7.8,13.1,1.7,0.8,12.3,37.1,31218.0,49.0,42.2,23.0,12.9,21.6,49384.0,Clare,MI,Michigan,2023.0,Crude prevalence,12.1,87.2,12.7,15.4,10.2,40.5,30.4,18.9,18.1,81.5,19.5,5.1,7.9,26.0,12.0,30856.0,980.0,2380.0,0.0,664.0,1354.0,0.0,508.0,928.0,0.0,11.0,0.0,2.0,0.0,2.0
26037,1.8,2.9,96.2,90.3,2.4,2.3,2.9,23.9,5.0,2.8,17.8,0.6,0.4,7.2,36.3,79626.0,41.8,24.8,23.1,35.4,9.7,88210.0,Clinton,MI,Michigan,2023.0,Crude prevalence,11.2,88.5,7.3,10.6,6.6,35.2,21.8,16.6,13.1,80.8,12.9,3.2,5.8,26.0,23.0,79128.0,890.0,2082.0,19318.0,609.0,1236.0,11197.0,458.0,862.0,10.0,3.0,1.0,1.0,1.0,1.0
26039,1.6,7.1,95.2,89.9,4.0,4.1,5.1,25.7,39.7,8.3,20.4,0.8,0.2,8.9,36.4,13369.0,51.6,33.1,25.8,20.3,14.7,60392.0,Crawford,MI,Michigan,2023.0,Crude prevalence,11.6,88.6,11.6,14.9,10.0,37.5,28.9,17.5,16.9,82.2,17.6,4.8,6.9,26.0,5.0,12988.0,518.0,922.0,114.0,430.0,774.0,0.0,364.0,666.0,0.0,3.0,0.0,2.0,0.0,1.0
26041,1.1,6.0,92.0,87.1,2.2,2.1,4.8,18.2,19.5,7.2,18.0,1.0,0.4,4.9,35.9,36813.0,48.0,34.2,22.8,20.6,12.7,57809.0,Delta,MI,Michigan,2023.0,Crude prevalence,11.6,88.2,10.5,13.8,9.1,39.9,26.8,17.6,15.9,81.1,16.4,4.4,6.7,26.0,11.0,36903.0,1151.0,1974.0,5421.0,321.0,766.0,1522.0,188.0,532.0,5.0,4.0,2.0,0.0,0.0,0.0
26043,0.5,3.0,92.5,87.6,2.1,2.3,3.7,17.0,14.7,7.3,17.6,0.5,0.1,10.6,38.3,25954.0,46.9,35.1,24.3,25.3,10.5,65156.0,Dickinson,MI,Michigan,2023.0,Crude prevalence,11.3,88.6,9.2,12.6,8.3,38.1,25.7,17.0,14.8,81.6,15.1,4.0,5.9,26.0,7.0,25947.0,867.0,994.0,5563.0,316.0,421.0,2786.0,191.0,294.0,3.0,3.0,2.0,1.0,0.0,1.0
26045,1.5,4.3,95.7,91.2,2.9,2.9,4.4,22.7,4.9,5.3,25.8,0.9,0.4,6.3,34.7,109130.0,41.4,27.1,25.7,30.8,8.3,79597.0,Eaton,MI,Michigan,2023.0,Crude prevalence,11.4,88.1,7.5,11.4,6.8,38.9,24.0,17.4,13.4,80.8,13.3,3.4,6.3,26.0,29.0,109175.0,2391.0,4579.0,29808.0,1202.0,2322.0,15014.0,719.0,1515.0,19.0,4.0,3.0,6.0,1.0,4.0
26047,0.9,2.8,95.8,91.1,1.9,1.8,6.4,19.9,30.9,5.0,23.0,0.6,0.2,9.1,35.1,34125.0,47.0,23.5,21.2,41.6,8.5,78112.0,Emmet,MI,Michigan,2023.0,Crude prevalence,11.0,89.5,7.8,11.5,7.5,32.7,21.4,15.8,13.2,81.7,12.8,3.6,5.3,26.0,10.0,34112.0,764.0,1118.0,8224.0,407.0,810.0,5530.0,318.0,692.0,3.0,1.0,0.0,1.0,0.0,0.0
26049,1.8,6.6,94.8,89.6,4.7,3.0,4.8,26.9,9.0,7.4,29.3,1.1,0.2,8.3,44.3,403305.0,40.6,32.0,25.2,23.3,16.4,62281.0,Genesee,MI,Michigan,2023.0,Crude prevalence,12.3,86.9,9.5,13.2,7.8,40.6,28.1,19.3,16.0,80.3,17.0,4.2,7.3,26.0,134.0,406211.0,12368.0,31470.0,110783.0,2374.0,6386.0,45376.0,978.0,2611.0,109.0,70.0,12.0,10.0,2.0,2.0
26051,4.4,6.5,90.9,86.0,3.2,5.0,8.1,29.8,33.8,7.8,13.9,1.8,0.7,9.3,36.4,25693.0,50.7,37.7,24.6,16.9,14.9,55349.0,Gladwin,MI,Michigan,2023.0,Crude prevalence,11.8,88.3,11.9,15.0,10.1,40.6,29.2,17.8,17.1,82.1,18.2,4.9,7.2,26.0,10.0,25386.0,875.0,1822.0,12.0,672.0,1341.0,0.0,530.0,1006.0,0.0,6.0,0.0,4.0,0.0,3.0
26053,1.2,2.8,91.0,85.9,3.5,2.8,5.1,19.1,32.8,7.6,19.0,0.8,0.2,7.5,33.3,14319.0,51.2,32.2,25.5,22.8,14.4,52732.0,Gogebic,MI,Michigan,2023.0,Crude prevalence,11.5,89.1,11.3,15.2,10.3,37.0,28.4,17.0,16.7,82.7,16.6,4.9,6.5,26.0,6.0,14380.0,532.0,1301.0,2912.0,213.0,537.0,2183.0,153.0,412.0,2.0,3.0,1.0,1.0,0.0,1.0
26055,1.4,2.9,96.6,91.9,2.4,2.6,4.3,20.6,14.3,4.9,22.8,1.2,0.2,12.1,38.2,96166.0,43.5,21.6,22.1,40.6,9.6,81647.0,Grand Traverse,MI,Michigan,2023.0,Crude prevalence,11.0,88.7,7.4,10.7,6.8,35.3,22.5,16.3,13.2,80.7,12.8,3.3,5.5,26.0,23.0,95238.0,1960.0,3009.0,11086.0,797.0,1583.0,6066.0,580.0,1243.0,8.0,4.0,2.0,3.0,1.0,1.0
26057,2.2,6.1,93.4,85.9,2.2,2.8,4.2,23.9,8.1,5.2,21.1,1.3,0.3,16.1,30.8,41385.0,39.6,40.2,24.0,18.7,14.0,63556.0,Gratiot,MI,Michigan,2023.0,Crude prevalence,11.3,84.7,8.8,11.6,7.3,36.7,26.3,18.8,14.8,78.4,16.6,3.7,8.2,26.0,10.0,41761.0,774.0,2229.0,11047.0,348.0,1162.0,5082.0,235.0,868.0,5.0,3.0,1.0,1.0,0.0,0.0
26059,2.8,6.1,91.2,85.9,2.5,2.3,6.4,24.0,17.0,5.5,18.0,2.1,0.8,9.1,31.7,45654.0,43.1,40.3,20.7,21.2,14.4,64242.0,Hillsdale,MI,Michigan,2023.0,Crude prevalence,11.7,86.1,10.5,13.5,8.7,37.6,28.2,18.8,16.1,80.1,17.8,4.2,7.4,26.0,13.0,45746.0,983.0,2152.0,779.0,607.0,1522.0,461.0,503.0,1248.0,2.0,5.0,1.0,1.0,0.0,1.0
26061,1.7,3.9,93.0,88.7,3.3,2.4,5.1,15.6,24.2,6.5,28.2,1.4,0.7,9.9,46.7,37693.0,32.2,28.1,21.0,37.2,16.5,58899.0,Houghton,MI,Michigan,2023.0,Crude prevalence,11.1,82.7,7.6,10.0,6.6,33.7,21.8,18.5,12.8,77.6,13.1,3.2,6.2,26.0,10.0,37361.0,933.0,1383.0,4451.0,285.0,494.0,1735.0,192.0,383.0,4.0,4.0,1.0,1.0,0.0,0.0
26063,1.9,5.6,91.1,83.4,2.3,1.8,4.8,20.9,30.5,6.3,18.2,0.6,0.1,9.9,31.7,31113.0,49.5,41.2,21.4,18.5,12.6,58870.0,Huron,MI,Michigan,2023.0,Crude prevalence,11.5,88.3,10.8,14.3,9.4,38.6,28.8,17.2,16.3,81.5,16.6,4.6,7.0,26.0,12.0,31407.0,887.0,1593.0,475.0,565.0,1028.0,165.0,440.0,806.0,0.0,5.0,0.0,2.0,0.0,0.0
26065,2.0,4.3,95.8,90.3,4.0,3.7,4.9,20.5,7.2,8.9,40.5,0.8,0.7,8.3,44.8,283913.0,33.3,21.5,21.6,41.2,16.7,65526.0,Ingham,MI,Michigan,2023.0,Crude prevalence,11.6,84.2,6.5,10.2,5.6,34.5,22.0,18.4,12.5,78.2,13.0,2.9,6.9,26.0,84.0,284900.0,10374.0,14161.0,51773.0,1644.0,2175.0,23414.0,787.0,1320.0,73.0,38.0,7.0,16.0,2.0,6.0
26067,2.4,6.7,93.7,87.6,2.3,2.5,5.2,27.1,6.1,6.2,22.7,1.1,0.1,14.0,35.1,66574.0,39.1,37.9,24.8,18.5,10.6,75611.0,Ionia,MI,Michigan,2023.0,Crude prevalence,11.2,85.6,8.1,11.1,6.7,40.2,24.9,18.7,14.0,78.3,16.3,3.4,7.7,26.0,16.0,66804.0,1454.0,3177.0,10833.0,739.0,1904.0,8948.0,579.0,1456.0,5.0,5.0,0.0,4.0,0.0,2.0
26069,1.8,7.9,91.0,84.9,3.1,2.9,4.6,21.0,41.6,7.2,17.9,0.5,0.3,8.1,32.5,25347.0,53.5,36.3,24.8,19.3,17.7,50066.0,Iosco,MI,Michigan,2023.0,Crude prevalence,11.6,88.6,12.7,15.9,10.9,38.8,30.7,17.2,18.0,82.5,18.2,5.3,7.7,26.0,11.0,25237.0,838.0,1739.0,3334.0,557.0,1146.0,1796.0,431.0,868.0,3.0,8.0,3.0,3.0,1.0,1.0
26071,1.5,3.7,89.2,83.1,2.6,2.7,5.0,20.0,39.4,6.6,15.5,2.0,0.1,17.4,30.9,11667.0,53.1,40.5,20.3,22.5,17.0,55940.0,Iron,MI,Michigan,2023.0,Crude prevalence,11.3,89.5,11.5,15.3,10.3,39.0,28.5,16.5,16.7,82.5,16.6,5.0,6.7,26.0,5.0,11631.0,364.0,735.0,899.0,253.0,456.0,326.0,225.0,380.0,0.0,3.0,0.0,0.0,0.0,0.0
26073,3.0,5.1,95.3,81.7,4.0,3.7,7.8,19.6,13.1,7.2,38.2,1.2,0.4,9.2,42.7,64565.0,30.1,29.3,21.5,31.3,21.9,55237.0,Isabella,MI,Michigan,2023.0,Crude prevalence,12.2,80.6,8.2,10.5,6.2,39.5,25.5,21.7,14.3,77.6,15.8,3.2,7.5,26.0,18.0,64394.0,1782.0,2830.0,5437.0,696.0,1400.0,1931.0,524.0,1131.0,10.0,10.0,4.0,5.0,1.0,4.0
26075,1.5,6.1,95.0,91.5,3.1,2.9,4.9,22.5,9.7,6.7,25.0,1.1,0.2,6.8,38.5,160060.0,41.5,34.7,23.7,23.4,11.6,66073.0,Jackson,MI,Michigan,2023.0,Crude prevalence,11.6,86.6,8.7,12.5,7.5,39.2,27.4,18.5,14.9,78.5,15.4,3.7,7.1,26.0,46.0,160366.0,4213.0,8556.0,27395.0,1354.0,3089.0,11017.0,912.0,2131.0,26.0,19.0,6.0,4.0,3.0,2.0
26077,1.3,4.0,95.9,90.6,3.6,1.9,4.7,20.7,6.8,7.3,35.5,0.8,0.3,7.8,44.3,262375.0,35.0,22.3,21.5,41.3,12.7,72532.0,Kalamazoo,MI,Michigan,2023.0,Crude prevalence,11.5,85.8,6.9,9.7,5.9,37.4,22.8,18.6,12.7,78.9,12.9,3.1,6.4,26.0,68.0,261670.0,7777.0,12009.0,43570.0,1733.0,2619.0,15691.0,848.0,1356.0,50.0,33.0,8.0,12.0,2.0,8.0
26079,2.6,6.9,94.4,87.4,2.1,2.6,6.1,29.7,33.4,5.0,11.8,2.3,0.5,5.0,31.5,18239.0,44.4,38.8,24.0,19.0,12.2,68578.0,Kalkaska,MI,Michigan,2023.0,Crude prevalence,11.8,87.0,10.5,13.5,8.7,38.7,27.2,18.5,16.3,80.2,17.8,4.3,7.3,26.0,6.0,17939.0,391.0,1216.0,202.0,315.0,1021.0,0.0,283.0,932.0,0.0,1.0,0.0,1.0,0.0,1.0
26081,3.4,4.3,95.8,92.2,2.9,2.8,4.8,21.0,4.6,6.2,29.7,1.5,0.5,9.1,39.9,663150.0,35.9,23.4,19.0,40.8,10.1,82631.0,Kent,MI,Michigan,2023.0,Crude prevalence,11.0,86.7,6.4,10.3,5.7,34.8,21.6,17.0,12.5,79.0,13.0,2.9,7.4,26.0,145.0,657974.0,16018.0,26393.0,156741.0,3260.0,5356.0,72218.0,1554.0,2949.0,124.0,50.0,7.0,25.0,1.0,14.0
26083,1.4,2.5,93.6,86.1,1.0,1.0,8.7,21.6,50.8,2.4,9.3,0.3,0.4,0.0,35.3,2133.0,57.1,24.0,20.6,41.2,15.2,52583.0,Keweenaw,MI,Michigan,2023.0,Crude prevalence,10.6,91.4,9.0,13.4,9.5,33.7,22.8,14.1,14.0,84.0,11.5,4.3,4.7,26.0,2.0,2046.0,27.0,84.0,675.0,18.0,57.0,375.0,17.0,53.0,0.0,0.0,0.0,0.0,0.0,0.0
26085,3.8,10.6,92.4,81.2,3.3,7.2,7.3,34.0,61.4,6.9,18.0,1.1,0.4,13.8,45.4,12563.0,50.5,43.0,22.8,12.7,20.5,50805.0,Lake,MI,Michigan,2023.0,Crude prevalence,11.7,86.8,13.4,17.2,10.9,40.5,34.1,18.3,19.0,81.3,20.9,5.6,10.7,26.0,4.0,12096.0,356.0,989.0,13.0,312.0,867.0,0.0,281.0,782.0,0.0,4.0,0.0,1.0,0.0,1.0
26087,1.8,5.9,94.5,88.2,3.0,2.4,4.8,34.5,6.2,4.5,14.0,1.3,0.1,9.8,41.6,88837.0,44.7,36.6,24.1,20.4,9.7,77306.0,Lapeer,MI,Michigan,2023.0,Crude prevalence,11.4,87.4,9.0,11.9,7.6,35.5,25.5,17.5,14.8,79.7,16.1,3.7,7.0,26.0,24.0,88619.0,1568.0,3968.0,2626.0,887.0,2306.0,0.0,588.0,1595.0,3.0,6.0,2.0,2.0,0.0,1.0
26089,0.6,2.3,97.2,93.1,1.7,1.6,3.2,23.6,38.8,2.8,8.4,1.0,0.2,0.0,39.5,22734.0,55.9,17.8,19.2,51.8,6.5,99422.0,Leelanau,MI,Michigan,2023.0,Crude prevalence,10.5,91.9,7.8,12.2,8.3,31.7,20.5,13.4,13.0,84.0,10.6,3.8,4.7,26.0,9.0,22301.0,274.0,457.0,33.0,220.0,389.0,0.0,188.0,344.0,0.0,0.0,0.0,0.0,0.0,0.0
26091,2.3,6.3,94.9,89.5,2.7,2.6,5.0,27.6,11.2,5.4,20.4,1.2,0.4,9.5,37.2,98415.0,42.4,35.5,22.8,22.7,10.7,70518.0,Lenawee,MI,Michigan,2023.0,Crude prevalence,11.3,86.7,8.8,12.4,7.6,40.6,26.4,18.2,14.9,78.6,15.5,3.8,7.6,26.0,25.0,99423.0,2080.0,4316.0,10965.0,862.0,2055.0,3335.0,476.0,1214.0,9.0,8.0,3.0,5.0,0.0,2.0
26093,0.9,2.7,96.9,93.3,2.2,1.5,2.7,30.6,4.9,3.2,13.1,0.5,0.2,10.6,38.4,195833.0,43.9,24.2,22.1,40.2,5.1,103039.0,Livingston,MI,Michigan,2023.0,Crude prevalence,11.0,89.5,6.8,9.7,6.2,32.3,20.9,15.5,12.3,80.9,11.9,3.0,4.7,26.0,60.0,193866.0,2410.0,3663.0,69320.0,1457.0,2562.0,49436.0,927.0,1946.0,30.0,5.0,2.0,4.0,1.0,3.0
26095,2.2,5.2,93.2,85.9,4.1,3.1,5.2,18.2,39.6,5.6,17.4,0.8,0.2,12.0,45.3,6271.0,44.6,43.0,19.7,17.3,16.7,54893.0,Luce,MI,Michigan,2023.0,Crude prevalence,11.2,86.4,10.1,14.1,8.9,40.9,27.8,17.7,15.8,80.2,18.1,4.5,8.2,26.0,3.0,5339.0,137.0,353.0,480.0,52.0,194.0,372.0,42.0,169.0,0.0,2.0,0.0,1.0,0.0,0.0
26097,2.8,5.1,92.7,84.4,4.1,2.1,10.3,24.0,50.9,10.1,22.1,0.4,0.7,5.7,31.2,10957.0,53.0,36.7,22.8,25.0,16.1,63909.0,Mackinac,MI,Michigan,2023.0,Crude prevalence,12.0,88.8,11.7,16.4,10.4,41.2,29.3,17.3,17.6,82.7,17.7,5.2,7.3,26.0,5.0,10834.0,523.0,617.0,2651.0,361.0,454.0,700.0,297.0,390.0,0.0,2.0,1.0,2.0,1.0,1.0
26099,3.6,5.6,95.7,93.2,3.6,3.1,4.9,26.3,3.9,6.2,25.0,1.3,0.6,10.4,40.5,879853.0,41.3,28.8,23.3,27.7,10.4,77837.0,Macomb,MI,Michigan,2023.0,Crude prevalence,11.3,87.9,8.2,11.4,6.8,37.5,26.3,17.4,14.1,81.5,15.2,3.5,6.5,26.0,243.0,881217.0,22078.0,45824.0,112866.0,1943.0,3253.0,34104.0,651.0,1020.0,231.0,66.0,6.0,23.0,0.0,3.0
26101,2.5,5.3,91.4,86.1,3.2,4.1,4.8,21.7,32.8,4.8,14.2,1.1,0.3,5.4,45.8,25350.0,50.3,33.3,24.1,24.9,12.7,63516.0,Manistee,MI,Michigan,2023.0,Crude prevalence,11.4,88.4,10.2,13.7,9.1,36.6,28.5,16.9,15.7,81.7,15.6,4.4,7.1,26.0,9.0,25032.0,505.0,1275.0,4057.0,318.0,805.0,2881.0,266.0,674.0,3.0,3.0,0.0,0.0,0.0,0.0
26103,0.9,3.4,94.6,84.8,2.7,3.0,3.4,18.0,15.9,5.9,30.4,0.5,0.2,10.9,42.7,67112.0,39.3,25.7,22.1,36.8,14.0,65429.0,Marquette,MI,Michigan,2023.0,Crude prevalence,11.5,85.7,7.8,10.6,6.9,36.4,21.4,18.1,13.4,80.3,13.5,3.3,5.9,26.0,26.0,66017.0,1654.0,2701.0,11955.0,647.0,1116.0,5629.0,449.0,801.0,15.0,10.0,6.0,1.0,2.0,1.0
26105,1.7,4.2,94.5,86.5,2.5,3.0,5.2,19.5,27.3,6.5,21.7,1.0,0.2,11.2,37.3,29207.0,47.3,32.0,23.0,26.6,14.1,64748.0,Mason,MI,Michigan,2023.0,Crude prevalence,11.4,88.5,10.1,13.8,8.9,40.4,25.4,17.0,15.7,81.7,15.7,4.4,7.0,26.0,8.0,29052.0,830.0,1646.0,3305.0,399.0,912.0,2068.0,334.0,778.0,3.0,3.0,0.0,2.0,0.0,1.0
26107,3.4,5.2,93.5,82.0,2.2,3.4,7.8,23.7,21.0,7.1,23.1,1.1,0.9,10.4,41.7,41242.0,40.0,36.9,22.2,22.5,19.9,60951.0,Mecosta,MI,Michigan,2023.0,Crude prevalence,11.7,85.0,10.0,12.4,8.2,37.1,27.2,18.9,15.5,79.9,16.7,4.1,7.3,26.0,13.0,39714.0,1181.0,2402.0,3746.0,807.0,1653.0,2031.0,646.0,1350.0,4.0,7.0,3.0,3.0,2.0,2.0
26109,2.4,4.8,89.0,85.0,2.3,2.1,4.1,22.8,21.9,6.9,19.3,0.3,0.2,11.8,34.5,23247.0,49.6,37.9,21.8,18.5,12.2,56435.0,Menominee,MI,Michigan,2023.0,Crude prevalence,11.4,88.5,10.6,13.9,9.3,38.9,27.7,17.2,16.1,81.5,16.7,4.5,6.9,26.0,7.0,23502.0,710.0,1045.0,2000.0,319.0,589.0,904.0,239.0,480.0,1.0,3.0,0.0,1.0,0.0,0.0
26111,0.9,3.5,94.3,89.5,2.6,3.0,4.2,23.7,5.8,5.4,21.9,1.4,0.1,6.6,44.3,83757.0,41.8,27.1,20.9,36.6,10.7,77705.0,Midland,MI,Michigan,2023.0,Crude prevalence,11.0,88.2,7.7,10.8,7.1,31.8,21.6,16.3,13.5,80.1,13.2,3.4,5.8,26.0,21.0,83494.0,1901.0,4097.0,11673.0,872.0,2187.0,5865.0,690.0,1676.0,9.0,7.0,1.0,3.0,0.0,2.0
26113,2.2,6.7,91.7,86.5,3.9,2.3,8.4,24.5,31.9,4.7,15.1,1.5,0.8,10.2,39.6,15207.0,43.3,38.6,23.2,18.8,11.3,66194.0,Missaukee,MI,Michigan,2023.0,Crude prevalence,11.6,87.2,10.3,13.3,8.6,39.3,28.2,18.2,16.0,80.8,17.3,4.2,7.4,26.0,5.0,15052.0,277.0,762.0,123.0,236.0,631.0,0.0,210.0,567.0,0.0,3.0,0.0,0.0,0.0,0.0
26115,1.9,6.2,94.9,89.2,3.0,2.2,3.4,26.2,5.4,4.7,18.3,1.0,0.3,9.4,41.2,155505.0,42.8,33.2,23.7,23.3,10.5,77335.0,Monroe,MI,Michigan,2023.0,Crude prevalence,11.7,87.8,8.6,12.3,7.4,40.6,24.9,17.8,14.6,79.5,15.2,3.6,6.7,26.0,40.0,154809.0,2991.0,6310.0,30737.0,1108.0,2226.0,14676.0,613.0,1222.0,21.0,8.0,1.0,5.0,0.0,1.0
26117,4.1,7.5,91.5,83.9,2.8,2.8,8.9,30.7,12.9,5.7,16.9,1.3,0.8,8.9,35.3,67816.0,40.4,38.8,23.5,16.0,12.6,67344.0,Montcalm,MI,Michigan,2023.0,Crude prevalence,11.5,85.4,9.5,12.4,7.6,42.5,26.9,18.9,15.5,79.7,18.3,3.8,8.3,26.0,14.0,66614.0,1397.0,3130.0,5305.0,992.0,2350.0,3524.0,796.0,1941.0,2.0,9.0,2.0,2.0,2.0,2.0
26119,1.6,7.6,92.0,82.9,2.2,5.6,6.1,26.3,44.9,6.6,12.1,1.4,0.0,2.4,50.7,9516.0,56.9,39.3,26.0,15.6,18.2,49756.0,Montmorency,MI,Michigan,2023.0,Crude prevalence,11.6,89.4,12.9,16.5,11.2,38.6,29.8,16.9,18.0,83.1,18.3,5.4,7.0,26.0,5.0,9153.0,325.0,829.0,923.0,290.0,727.0,69.0,262.0,656.0,0.0,3.0,0.0,1.0,0.0,1.0
26121,2.0,5.9,93.9,88.8,3.8,4.0,4.5,21.6,10.0,7.4,21.9,1.1,0.4,7.4,45.1,175961.0,40.0,34.5,24.3,21.3,14.1,65024.0,Muskegon,MI,Michigan,2023.0,Crude prevalence,12.1,86.6,9.1,12.7,7.4,44.3,27.9,18.5,15.0,79.6,17.1,3.9,7.8,26.0,45.0,175824.0,4994.0,13107.0,43995.0,1156.0,4163.0,21251.0,636.0,2418.0,33.0,20.0,4.0,3.0,2.0,2.0
26123,2.9,7.7,92.8,83.8,2.4,3.5,6.2,30.6,21.2,4.7,13.5,1.9,0.4,10.9,33.8,50792.0,42.7,39.6,22.2,18.1,12.8,63304.0,Newaygo,MI,Michigan,2023.0,Crude prevalence,11.6,86.8,10.4,13.2,8.5,37.8,27.8,18.2,16.0,80.0,18.0,4.2,8.0,26.0,11.0,49978.0,922.0,3271.0,1178.0,686.0,2620.0,632.0,576.0,2218.0,1.0,7.0,1.0,2.0,1.0,1.0
26125,1.9,3.1,96.9,94.2,3.2,2.2,3.8,25.8,5.5,5.3,27.3,0.8,0.4,8.1,36.6,1279825.0,41.3,17.7,18.2,51.0,7.7,97760.0,Oakland,MI,Michigan,2023.0,Crude prevalence,10.6,90.0,5.9,10.2,5.9,31.3,19.1,14.8,11.2,81.2,10.8,3.0,5.2,26.0,350.0,1274395.0,28359.0,40881.0,354596.0,5445.0,7266.0,164590.0,2445.0,3177.0,326.0,47.0,4.0,31.0,0.0,17.0
26127,3.8,5.9,92.2,83.1,3.6,2.4,7.5,23.7,33.7,4.3,15.5,3.5,0.6,7.5,29.7,26915.0,44.2,36.2,22.4,21.5,13.6,62417.0,Oceana,MI,Michigan,2023.0,Crude prevalence,11.3,87.0,10.0,13.7,8.7,40.6,28.3,17.5,16.3,79.5,16.7,4.3,9.3,26.0,7.0,26659.0,453.0,1661.0,100.0,372.0,1385.0,0.0,318.0,1180.0,0.0,4.0,0.0,2.0,0.0,0.0
26129,2.2,7.2,93.3,86.4,3.0,3.2,6.0,26.9,38.9,5.7,16.3,1.4,0.6,5.9,46.3,20885.0,51.2,38.3,23.3,17.2,16.7,54666.0,Ogemaw,MI,Michigan,2023.0,Crude prevalence,11.7,88.0,12.0,15.3,10.1,39.4,29.5,17.8,17.4,81.4,18.3,4.9,7.4,26.0,8.0,20770.0,538.0,1712.0,0.0,355.0,1185.0,0.0,252.0,891.0,0.0,6.0,0.0,1.0,0.0,1.0
26131,0.7,4.8,90.5,86.1,2.3,1.4,5.5,25.0,39.9,4.7,12.9,0.8,0.1,15.3,23.7,5850.0,59.8,37.9,24.8,18.4,12.5,54398.0,Ontonagon,MI,Michigan,2023.0,Crude prevalence,11.2,90.9,12.4,16.5,11.6,37.0,28.9,15.7,17.3,84.3,16.3,5.5,6.3,26.0,3.0,5816.0,148.0,356.0,1223.0,104.0,252.0,1138.0,91.0,219.0,0.0,3.0,1.0,0.0,1.0,0.0
26133,3.6,6.3,91.8,82.0,3.4,2.7,9.3,25.8,26.0,7.0,16.3,1.6,0.4,7.2,35.4,23227.0,43.9,39.6,24.1,16.6,15.8,58267.0,Osceola,MI,Michigan,2023.0,Crude prevalence,11.8,86.9,10.9,13.7,9.1,39.6,29.0,18.6,16.8,80.8,18.1,4.4,7.6,26.0,7.0,22891.0,658.0,1411.0,25.0,476.0,1007.0,0.0,408.0,868.0,0.0,4.0,0.0,2.0,0.0,2.0
26135,5.3,8.8,89.0,81.4,3.6,2.8,13.0,29.1,50.9,9.5,12.8,1.2,0.2,11.8,28.0,8425.0,52.5,36.0,26.5,15.6,17.2,49515.0,Oscoda,MI,Michigan,2023.0,Crude prevalence,11.9,88.1,13.5,16.5,11.2,38.4,31.4,17.8,18.6,81.9,19.4,5.5,8.1,26.0,5.0,8219.0,360.0,616.0,202.0,314.0,537.0,0.0,276.0,487.0,0.0,5.0,0.0,1.0,0.0,1.0
26137,1.4,4.2,96.7,91.3,2.5,2.1,5.7,20.2,24.5,4.1,22.8,1.5,0.4,13.5,39.8,25584.0,44.4,33.5,23.0,26.3,8.0,68183.0,Otsego,MI,Michigan,2023.0,Crude prevalence,11.4,88.1,9.1,12.3,7.9,38.1,25.7,17.5,14.8,81.1,15.1,3.8,6.2,26.0,6.0,25091.0,456.0,1174.0,6077.0,229.0,673.0,3604.0,121.0,411.0,2.0,2.0,1.0,1.0,0.0,0.0
26139,2.2,3.4,97.1,93.0,2.4,2.4,3.3,20.1,5.3,3.7,20.7,1.3,0.3,9.7,39.8,301203.0,36.5,25.6,19.8,38.9,8.3,90502.0,Ottawa,MI,Michigan,2023.0,Crude prevalence,10.9,86.9,6.4,9.4,5.8,32.3,20.1,16.8,12.2,80.7,11.4,2.9,6.5,26.0,64.0,296200.0,4167.0,6724.0,98862.0,1757.0,2939.0,47307.0,884.0,1688.0,45.0,9.0,5.0,9.0,3.0,5.0
26141,2.7,4.9,92.0,85.1,3.0,2.2,5.2,26.7,32.1,6.3,11.3,1.1,0.3,11.7,42.7,13209.0,56.1,35.5,23.1,21.4,14.0,59321.0,Presque Isle,MI,Michigan,2023.0,Crude prevalence,11.4,89.8,11.9,15.6,10.8,40.9,28.5,16.3,17.0,83.5,16.3,5.1,6.5,26.0,6.0,12982.0,422.0,705.0,1145.0,254.0,490.0,524.0,236.0,461.0,0.0,4.0,1.0,0.0,1.0,0.0
26143,1.8,6.4,92.8,87.8,2.0,4.0,4.9,24.3,50.1,6.8,14.6,0.9,0.9,6.1,42.3,23737.0,57.7,33.8,25.9,20.2,15.5,55246.0,Roscommon,MI,Michigan,2023.0,Crude prevalence,11.4,90.2,12.0,15.7,10.7,39.2,28.4,16.1,17.1,83.3,16.5,5.1,6.5,26.0,13.0,23459.0,786.0,1946.0,3967.0,444.0,1235.0,2912.0,328.0,920.0,4.0,8.0,4.0,2.0,2.0,0.0
26145,2.1,6.3,94.4,89.0,3.7,3.7,4.5,22.4,9.6,7.0,25.9,0.8,0.4,9.4,45.6,188665.0,41.2,32.1,23.8,24.4,18.2,60622.0,Saginaw,MI,Michigan,2023.0,Crude prevalence,12.2,86.3,9.6,14.1,8.0,36.6,30.6,18.5,15.9,81.1,16.2,4.3,8.2,26.0,61.0,190124.0,5470.0,15255.0,26058.0,1618.0,4228.0,11065.0,975.0,2452.0,38.0,35.0,9.0,7.0,3.0,3.0
26147,1.9,6.0,94.9,90.9,3.5,2.5,4.9,28.5,6.8,5.9,19.2,0.8,0.3,10.5,44.7,160221.0,44.5,33.0,26.0,20.3,11.3,71270.0,St. Clair,MI,Michigan,2023.0,Crude prevalence,11.7,87.7,9.2,12.2,7.7,36.5,25.8,18.3,15.2,80.9,16.3,3.8,6.7,26.0,50.0,160383.0,4022.0,8995.0,27344.0,1377.0,3054.0,11850.0,844.0,1968.0,26.0,16.0,1.0,4.0,1.0,2.0
26149,6.0,7.3,92.0,88.8,3.6,2.4,10.1,21.0,13.5,7.9,23.9,0.9,0.3,9.3,29.5,60969.0,39.9,37.2,22.3,16.9,11.4,66425.0,St. Joseph,MI,Michigan,2023.0,Crude prevalence,11.6,86.0,9.6,12.8,7.8,38.3,26.2,18.5,15.5,78.9,17.4,3.9,8.8,26.0,18.0,60939.0,1875.0,3501.0,5617.0,949.0,1798.0,3330.0,693.0,1347.0,7.0,4.0,2.0,4.0,1.0,3.0
26151,3.4,6.0,92.1,85.4,3.3,2.4,7.8,28.6,19.5,5.9,17.4,1.2,0.6,9.8,35.1,40462.0,45.5,41.0,21.9,16.5,15.3,58863.0,Sanilac,MI,Michigan,2023.0,Crude prevalence,11.6,87.2,10.7,13.8,8.9,40.0,30.3,18.1,16.2,80.6,17.9,4.4,7.7,26.0,12.0,40611.0,1039.0,2213.0,1065.0,763.0,1646.0,509.0,654.0,1428.0,1.0,7.0,1.0,3.0,0.0,3.0
26153,1.7,6.8,93.2,85.8,3.1,3.7,5.1,18.2,34.7,5.3,13.4,0.2,0.3,16.2,33.2,8128.0,52.6,35.7,24.4,21.1,14.1,56782.0,Schoolcraft,MI,Michigan,2023.0,Crude prevalence,11.9,88.9,11.9,15.8,10.3,40.3,29.5,17.4,17.5,82.6,18.1,5.1,7.0,26.0,3.0,8047.0,207.0,458.0,1485.0,86.0,245.0,1179.0,64.0,206.0,0.0,2.0,1.0,0.0,1.0,0.0
26155,1.6,5.6,94.4,88.5,2.4,2.7,4.0,27.8,7.3,5.6,19.9,0.8,0.3,7.8,38.8,67991.0,43.2,33.9,26.7,20.0,12.0,67404.0,Shiawassee,MI,Michigan,2023.0,Crude prevalence,11.6,87.2,9.2,12.5,7.7,38.8,26.1,18.6,15.4,80.6,16.3,3.8,6.8,26.0,18.0,68094.0,1580.0,4206.0,7749.0,702.0,2126.0,4089.0,514.0,1562.0,8.0,6.0,1.0,2.0,1.0,2.0
26157,1.6,5.8,92.0,85.1,3.3,3.5,4.6,29.6,10.5,6.2,13.6,1.2,0.3,8.5,35.7,52980.0,44.8,45.3,20.3,16.3,12.8,63811.0,Tuscola,MI,Michigan,2023.0,Crude prevalence,11.6,87.1,10.2,13.2,8.4,41.7,27.5,18.2,15.9,79.9,17.3,4.2,7.4,26.0,13.0,53323.0,1337.0,3061.0,597.0,780.0,1956.0,225.0,667.0,1693.0,1.0,4.0,1.0,3.0,0.0,2.0
26159,4.3,6.2,93.9,89.4,2.4,3.8,7.0,24.5,18.1,5.7,19.4,1.6,0.4,9.3,38.9,75795.0,41.2,33.3,23.8,23.0,14.3,68114.0,Van Buren,MI,Michigan,2023.0,Crude prevalence,11.7,87.2,9.5,13.5,8.0,39.4,28.0,18.2,15.8,80.3,16.4,4.0,8.7,26.0,22.0,75587.0,1743.0,4180.0,3969.0,1245.0,2986.0,2024.0,937.0,2324.0,3.0,7.0,2.0,6.0,1.0,5.0
26161,1.5,2.5,97.8,94.1,2.9,2.5,3.3,23.5,5.8,8.2,38.4,1.1,0.3,8.2,47.9,369822.0,35.0,14.4,16.2,58.7,14.2,89180.0,Washtenaw,MI,Michigan,2023.0,Crude prevalence,10.6,86.6,5.4,8.7,5.1,27.5,16.1,15.8,10.8,77.2,9.8,2.7,5.2,26.0,107.0,372258.0,12290.0,12830.0,76578.0,2423.0,3486.0,40349.0,1343.0,2095.0,84.0,43.0,7.0,14.0,3.0,9.0
26163,3.9,8.1,94.6,89.7,5.1,3.8,5.6,24.7,12.5,11.6,35.2,1.7,0.6,9.1,45.3,1772259.0,37.9,29.1,22.7,27.6,20.8,60539.0,Wayne,MI,Michigan,2023.0,Crude prevalence,12.3,87.1,9.2,14.3,7.4,37.4,29.7,19.7,15.5,80.9,16.9,4.4,8.1,26.0,625.0,1793561.0,81204.0,161357.0,151377.0,2631.0,4304.0,58236.0,914.0,1444.0,615.0,366.0,8.0,21.0,1.0,7.0
26165,2.4,7.6,94.0,87.5,2.9,4.2,6.7,23.6,17.4,6.0,19.1,2.2,0.7,12.2,40.1,34077.0,42.2,36.0,21.5,21.3,13.9,61085.0,Wexford,MI,Michigan,2023.0,Crude prevalence,11.7,86.6,10.2,13.0,8.4,39.0,26.4,18.4,15.7,79.9,17.4,4.1,7.4,26.0,8.0,33673.0,821.0,2308.0,5609.0,378.0,1327.0,3888.0,310.0,1148.0,4.0,5.0,0.0,1.0,0.0,1.0
27001,1.4,4.0,92.6,85.3,2.8,3.3,5.2,27.7,49.3,5.0,14.7,1.1,0.5,8.7,38.6,16056.0,56.9,37.3,24.2,20.3,13.1,60833.0,Aitkin,MN,Minnesota,2023.0,Crude prevalence,10.1,88.3,9.2,15.2,10.2,33.2,28.8,14.0,14.9,79.7,16.4,5.0,7.4,27.0,8.0,15697.0,359.0,646.0,2487.0,277.0,524.0,674.0,245.0,472.0,0.0,8.0,3.0,1.0,0.0,1.0
27003,2.1,3.5,97.0,94.2,3.0,3.5,4.6,25.6,3.1,4.6,19.8,2.2,0.6,9.9,41.2,370349.0,38.8,27.5,21.9,32.2,7.0,101869.0,Anoka,MN,Minnesota,2023.0,Crude prevalence,9.9,85.2,5.2,10.6,5.7,36.2,24.6,15.5,11.3,73.2,13.6,3.0,7.5,27.0,90.0,363887.0,6385.0,9849.0,86586.0,1353.0,2126.0,34569.0,577.0,917.0,74.0,29.0,4.0,8.0,0.0,4.0
27005,2.0,4.8,94.4,88.8,2.6,4.2,5.8,21.7,28.0,5.8,22.8,1.7,1.0,11.3,35.0,35343.0,43.5,28.1,22.8,28.0,12.9,71388.0,Becker,MN,Minnesota,2023.0,Crude prevalence,10.1,86.1,7.2,11.8,7.8,37.3,24.6,15.5,13.2,77.6,15.4,3.9,7.5,27.0,10.0,35183.0,833.0,1668.0,4405.0,509.0,998.0,1549.0,397.0,803.0,2.0,5.0,4.0,2.0,1.0,2.0
27007,2.1,5.6,94.7,91.8,2.9,3.9,7.8,21.0,16.4,5.9,29.9,1.6,0.6,10.3,33.5,46512.0,35.3,26.6,21.2,31.8,16.1,68975.0,Beltrami,MN,Minnesota,2023.0,Crude prevalence,11.2,81.8,6.9,11.3,6.9,38.5,26.3,17.6,13.1,73.2,17.5,3.7,8.2,27.0,14.0,46228.0,1070.0,2447.0,5938.0,604.0,1577.0,1637.0,410.0,1134.0,4.0,8.0,3.0,3.0,0.0,2.0
27009,1.9,5.5,95.3,91.1,2.8,3.0,3.4,23.2,5.0,6.1,33.3,2.8,0.3,5.7,34.2,41593.0,36.2,29.1,22.4,26.2,9.9,74410.0,Benton,MN,Minnesota,2023.0,Crude prevalence,10.3,83.4,5.9,10.2,5.9,41.5,23.8,16.8,12.1,74.2,16.0,3.1,8.0,27.0,10.0,41379.0,1024.0,1432.0,5530.0,406.0,470.0,1130.0,201.0,338.0,5.0,2.0,0.0,3.0,0.0,1.0
27011,2.6,3.5,93.4,90.2,1.0,2.2,3.5,18.4,28.8,4.4,20.3,0.4,0.0,2.5,38.8,5127.0,47.0,35.5,16.6,25.7,12.9,70400.0,Big Stone,MN,Minnesota,2023.0,Crude prevalence,10.0,86.7,7.8,13.2,8.8,37.6,27.7,14.6,13.8,77.2,15.5,4.4,7.9,27.0,3.0,5166.0,95.0,203.0,406.0,49.0,88.0,118.0,43.0,72.0,0.0,1.0,0.0,0.0,0.0,0.0
27013,2.4,2.9,96.6,88.9,3.4,3.3,4.3,16.8,7.6,6.6,38.6,1.4,1.1,6.4,41.8,69871.0,31.6,24.5,21.8,34.2,15.7,74477.0,Blue Earth,MN,Minnesota,2023.0,Crude prevalence,10.5,79.7,5.4,9.4,5.5,33.8,23.0,17.6,11.2,73.0,13.5,2.9,7.9,27.0,16.0,69112.0,1822.0,2416.0,11609.0,330.0,640.0,4370.0,166.0,428.0,10.0,8.0,3.0,2.0,1.0,1.0
27015,2.8,4.4,91.8,86.8,1.9,2.3,4.6,14.6,6.8,4.9,21.1,1.0,0.2,15.4,32.5,25800.0,42.0,34.5,21.2,24.5,8.5,69378.0,Brown,MN,Minnesota,2023.0,Crude prevalence,10.0,85.2,6.6,11.5,7.2,35.5,24.8,15.4,12.7,76.8,14.6,3.7,8.1,27.0,8.0,25912.0,535.0,717.0,2371.0,233.0,243.0,361.0,182.0,181.0,4.0,4.0,0.0,1.0,0.0,1.0
27017,2.6,3.9,94.6,88.0,2.8,2.6,4.5,21.5,11.4,5.7,20.0,0.9,0.3,12.4,34.2,36518.0,41.4,30.3,22.1,26.5,11.9,80573.0,Carlton,MN,Minnesota,2023.0,Crude prevalence,10.5,84.3,6.4,11.7,6.8,38.8,25.6,15.9,12.8,73.2,16.2,3.5,8.0,27.0,9.0,36207.0,797.0,1036.0,3720.0,404.0,574.0,1315.0,282.0,419.0,2.0,6.0,2.0,1.0,1.0,0.0
27019,1.4,1.6,97.8,94.7,2.2,2.3,2.1,25.6,2.6,3.8,18.5,0.6,0.5,11.5,31.5,110041.0,39.0,18.1,17.1,50.4,4.4,125946.0,Carver,MN,Minnesota,2023.0,Crude prevalence,9.5,86.8,4.3,8.5,5.0,32.0,19.0,13.5,9.9,75.2,11.3,2.5,5.8,27.0,25.0,106922.0,1561.0,1504.0,33435.0,527.0,667.0,18078.0,323.0,426.0,16.0,3.0,0.0,3.0,0.0,1.0
27021,1.1,4.6,94.5,89.3,3.6,3.5,6.9,25.2,47.4,4.2,13.8,1.3,1.0,8.4,30.2,30992.0,49.9,31.8,24.0,26.0,12.8,68874.0,Cass,MN,Minnesota,2023.0,Crude prevalence,10.2,87.0,8.2,14.2,9.0,36.9,28.1,15.2,14.5,77.8,16.9,4.4,7.4,27.0,11.0,30066.0,540.0,1491.0,2526.0,435.0,1196.0,758.0,373.0,1028.0,0.0,9.0,2.0,1.0,0.0,1.0
27023,3.9,4.4,93.5,87.7,2.7,1.8,7.3,16.8,9.5,6.9,27.7,1.2,0.2,4.6,38.6,12377.0,41.7,34.8,20.3,19.3,14.5,71458.0,Chippewa,MN,Minnesota,2023.0,Crude prevalence,10.0,84.6,7.6,12.8,8.2,40.4,28.9,15.8,13.9,75.0,16.3,4.1,9.9,27.0,5.0,12598.0,355.0,504.0,2076.0,152.0,256.0,964.0,106.0,198.0,2.0,2.0,2.0,0.0,1.0,0.0
27025,0.7,3.3,95.3,92.9,2.7,2.3,4.3,31.0,7.1,3.9,14.1,0.6,0.5,9.8,42.7,57991.0,40.8,32.7,23.2,24.4,6.0,99400.0,Chisago,MN,Minnesota,2023.0,Crude prevalence,10.0,85.6,5.7,10.3,6.2,36.5,22.9,15.2,11.8,75.4,14.8,3.1,7.0,27.0,13.0,56621.0,834.0,1123.0,19253.0,637.0,852.0,15270.0,520.0,712.0,5.0,2.0,0.0,3.0,0.0,2.0
27027,1.6,3.1,95.6,89.8,2.9,5.4,4.0,19.7,4.1,9.1,34.1,1.0,0.6,8.5,44.1,66059.0,33.7,22.5,21.0,39.3,13.3,81172.0,Clay,MN,Minnesota,2023.0,Crude prevalence,10.4,82.1,5.2,9.3,5.5,32.9,21.7,16.5,10.9,72.7,13.7,2.8,7.2,27.0,16.0,65318.0,2398.0,2625.0,5891.0,306.0,558.0,801.0,147.0,329.0,10.0,5.0,0.0,4.0,0.0,3.0
27029,3.3,8.3,88.8,84.8,4.4,3.8,12.4,25.9,25.3,9.2,19.9,3.5,1.1,10.5,26.8,8616.0,41.6,37.1,20.7,19.8,12.6,64475.0,Clearwater,MN,Minnesota,2023.0,Crude prevalence,10.5,84.0,8.0,12.8,8.2,34.5,28.6,16.7,14.6,74.1,18.8,4.3,8.9,27.0,3.0,8524.0,308.0,438.0,1468.0,220.0,333.0,741.0,205.0,315.0,0.0,2.0,2.0,1.0,1.0,1.0
27031,1.2,2.2,98.2,92.7,1.4,1.0,5.2,16.6,55.4,2.5,22.3,0.6,0.8,16.2,24.8,5635.0,53.0,21.5,16.6,46.6,10.2,72638.0,Cook,MN,Minnesota,2023.0,Crude prevalence,9.8,89.0,6.6,12.9,8.1,35.3,24.0,13.2,12.4,78.8,13.0,4.0,6.3,27.0,3.0,5600.0,69.0,112.0,1436.0,59.0,85.0,1156.0,54.0,80.0,0.0,2.0,1.0,0.0,1.0,0.0
27033,1.6,4.0,92.7,85.3,1.8,3.5,5.9,15.3,10.4,5.9,25.6,1.6,0.7,8.9,21.0,11458.0,40.3,36.2,22.5,24.1,15.0,72941.0,Cottonwood,MN,Minnesota,2023.0,Crude prevalence,9.8,84.9,7.6,13.1,8.4,39.2,29.8,15.2,13.9,76.0,15.8,4.2,10.2,27.0,4.0,11517.0,272.0,437.0,340.0,192.0,322.0,0.0,180.0,306.0,0.0,3.0,0.0,0.0,0.0,0.0
27035,1.1,4.3,96.3,89.9,3.2,3.9,5.2,23.1,31.1,4.9,23.0,0.5,0.5,10.7,33.8,67686.0,45.7,28.2,23.0,29.3,9.9,72589.0,Crow Wing,MN,Minnesota,2023.0,Crude prevalence,10.2,86.6,6.9,11.8,7.9,37.5,24.6,14.4,12.5,76.6,14.8,3.8,7.0,27.0,21.0,66123.0,1435.0,2552.0,9222.0,724.0,1490.0,3852.0,504.0,1117.0,4.0,8.0,3.0,2.0,1.0,2.0
27037,2.0,2.9,97.3,94.4,2.5,2.7,4.2,23.6,2.5,4.9,25.1,1.4,0.8,10.0,39.8,445771.0,38.6,19.1,19.3,45.0,5.8,106318.0,Dakota,MN,Minnesota,2023.0,Crude prevalence,9.8,87.2,4.6,9.7,5.1,34.5,22.5,14.1,10.8,75.5,11.3,2.7,7.1,27.0,106.0,439882.0,8615.0,8479.0,121912.0,1427.0,1674.0,45433.0,472.0,601.0,98.0,19.0,4.0,13.0,1.0,2.0
27039,1.7,2.9,94.8,90.7,2.3,1.1,5.5,25.9,4.7,3.8,13.4,1.2,0.1,7.3,34.3,21045.0,38.7,28.5,21.6,30.2,7.0,95739.0,Dodge,MN,Minnesota,2023.0,Crude prevalence,9.9,85.2,5.1,9.6,5.7,35.2,22.6,15.2,11.2,73.5,13.5,2.9,7.1,27.0,5.0,20867.0,306.0,490.0,1047.0,162.0,275.0,136.0,137.0,237.0,1.0,1.0,0.0,0.0,0.0,0.0
27041,1.2,2.8,95.0,88.8,1.8,2.9,4.0,20.5,21.6,5.0,23.5,0.6,0.3,11.5,31.5,39575.0,44.5,29.1,19.2,29.7,9.0,79043.0,Douglas,MN,Minnesota,2023.0,Crude prevalence,10.0,86.7,6.4,11.4,7.3,35.2,23.7,14.5,12.1,77.1,13.7,3.7,6.9,27.0,11.0,39006.0,880.0,1043.0,6278.0,429.0,573.0,3353.0,321.0,465.0,5.0,3.0,3.0,2.0,2.0,1.0
27043,2.1,5.8,92.4,84.8,2.1,2.7,5.8,20.2,11.9,4.9,20.8,1.3,0.1,18.6,23.9,13914.0,44.3,32.1,23.9,21.8,10.4,66815.0,Faribault,MN,Minnesota,2023.0,Crude prevalence,10.2,85.1,7.8,12.8,8.4,37.6,28.9,15.6,14.0,75.9,16.4,4.2,9.3,27.0,6.0,13921.0,300.0,612.0,1015.0,142.0,325.0,52.0,124.0,282.0,0.0,4.0,1.0,0.0,0.0,0.0
27045,2.7,3.9,90.6,87.0,1.8,1.8,7.2,25.7,10.0,5.8,17.4,1.2,0.6,7.1,33.1,21414.0,42.3,31.1,21.0,24.1,8.4,77512.0,Fillmore,MN,Minnesota,2023.0,Crude prevalence,10.1,85.8,6.9,11.8,7.5,40.5,25.5,15.4,13.1,75.9,15.5,3.8,7.6,27.0,6.0,21228.0,504.0,582.0,2059.0,420.0,469.0,195.0,396.0,433.0,0.0,3.0,1.0,1.0,0.0,0.0
27047,3.6,5.0,92.0,86.3,2.8,3.4,6.6,19.7,9.0,5.8,20.5,1.4,0.4,6.3,38.6,30623.0,44.3,33.1,24.3,18.2,10.6,71023.0,Freeborn,MN,Minnesota,2023.0,Crude prevalence,9.9,85.2,7.4,12.9,8.1,36.0,30.0,15.5,13.8,75.7,16.1,4.1,9.8,27.0,10.0,30895.0,747.0,1220.0,6651.0,274.0,481.0,4168.0,189.0,344.0,5.0,5.0,1.0,0.0,0.0,0.0
27049,2.0,4.7,94.1,91.3,2.3,3.8,5.9,23.8,6.8,6.8,21.2,1.0,0.1,10.6,39.2,47943.0,42.5,34.0,19.1,27.9,9.3,84171.0,Goodhue,MN,Minnesota,2023.0,Crude prevalence,10.0,85.6,6.4,10.9,6.9,36.0,25.3,15.3,12.6,74.8,14.7,3.5,7.7,27.0,11.0,47582.0,1343.0,1491.0,5419.0,591.0,634.0,1763.0,348.0,360.0,3.0,1.0,1.0,4.0,1.0,3.0
27051,0.9,4.2,93.9,88.7,1.7,6.4,5.1,23.2,20.6,4.6,20.8,1.3,0.3,6.5,37.1,6127.0,43.2,30.6,22.4,21.0,11.6,73917.0,Grant,MN,Minnesota,2023.0,Crude prevalence,10.3,85.6,7.7,12.7,8.4,39.7,26.7,15.8,13.7,76.2,16.6,4.1,8.0,27.0,2.0,6074.0,114.0,207.0,593.0,92.0,166.0,260.0,89.0,162.0,0.0,1.0,0.0,0.0,0.0,0.0
27053,3.2,2.7,96.9,92.8,3.2,3.9,4.5,21.9,5.6,9.3,37.3,1.6,1.1,9.3,38.2,1269496.0,37.6,15.0,16.4,54.1,10.0,97653.0,Hennepin,MN,Minnesota,2023.0,Crude prevalence,9.6,85.9,4.4,8.1,5.0,27.1,18.9,14.5,9.8,74.7,11.1,2.8,7.5,27.0,329.0,1281565.0,50304.0,43784.0,279451.0,4925.0,4087.0,109036.0,1892.0,1425.0,318.0,101.0,12.0,51.0,1.0,29.0
27055,0.7,3.9,93.1,87.6,1.0,1.4,3.2,23.8,7.3,3.2,16.6,0.5,0.2,12.2,36.5,18653.0,45.1,31.0,16.4,30.1,6.6,79825.0,Houston,MN,Minnesota,2023.0,Crude prevalence,10.0,87.1,6.4,11.3,7.2,34.1,25.7,14.2,12.5,76.2,13.8,3.6,6.8,27.0,5.0,18843.0,262.0,279.0,2895.0,182.0,198.0,638.0,150.0,168.0,1.0,1.0,0.0,0.0,0.0,0.0
27057,1.6,4.2,93.8,88.7,2.5,3.7,5.5,24.0,39.3,4.5,16.9,1.0,0.7,4.1,43.0,21831.0,48.6,27.4,22.0,30.7,10.8,71995.0,Hubbard,MN,Minnesota,2023.0,Crude prevalence,9.9,87.7,7.3,13.3,8.3,35.4,24.4,14.1,13.0,78.6,14.2,4.1,6.9,27.0,7.0,21344.0,402.0,917.0,1987.0,214.0,519.0,465.0,163.0,417.0,0.0,4.0,0.0,1.0,0.0,0.0
27059,1.5,5.3,95.5,90.7,2.8,2.5,4.5,30.7,5.6,3.9,16.3,0.9,0.3,8.3,41.5,42596.0,40.2,34.7,24.2,20.7,7.5,87440.0,Isanti,MN,Minnesota,2023.0,Crude prevalence,10.0,84.2,6.3,10.5,6.5,32.8,24.8,16.0,12.8,73.5,16.2,3.3,8.0,27.0,9.0,41135.0,638.0,1098.0,9305.0,352.0,651.0,3959.0,232.0,428.0,4.0,5.0,3.0,2.0,2.0,1.0
27061,1.1,3.7,94.1,88.5,3.3,4.1,4.8,24.1,27.8,4.7,17.0,1.2,0.6,12.5,45.6,45275.0,46.9,30.1,24.7,25.9,12.2,68603.0,Itasca,MN,Minnesota,2023.0,Crude prevalence,10.2,86.5,7.5,13.7,8.3,36.0,25.4,15.0,13.6,76.9,16.0,4.1,7.1,27.0,21.0,45014.0,868.0,1980.0,10414.0,568.0,1384.0,6485.0,477.0,1195.0,5.0,11.0,3.0,0.0,2.0,0.0
27063,1.1,4.0,92.8,89.1,1.6,2.0,3.0,18.4,10.6,3.9,19.9,1.1,0.3,7.0,31.2,9933.0,44.5,31.8,22.7,26.1,8.6,75743.0,Jackson,MN,Minnesota,2023.0,Crude prevalence,9.8,86.3,6.6,11.7,7.5,35.8,25.2,14.6,12.6,76.3,14.1,3.8,7.7,27.0,4.0,9989.0,171.0,227.0,661.0,75.0,120.0,16.0,56.0,97.0,0.0,1.0,0.0,0.0,0.0,0.0
27065,2.5,6.7,90.6,84.8,2.8,2.7,4.6,34.3,16.3,3.4,15.5,1.3,0.4,6.3,35.0,16390.0,44.7,37.3,26.1,15.7,10.0,71460.0,Kanabec,MN,Minnesota,2023.0,Crude prevalence,10.4,84.5,7.9,12.8,7.8,37.6,28.0,16.2,14.2,74.0,17.8,4.0,8.5,27.0,4.0,16032.0,225.0,624.0,617.0,135.0,450.0,15.0,97.0,371.0,0.0,2.0,1.0,0.0,0.0,0.0
27067,5.0,3.7,95.5,88.5,2.4,3.7,6.4,17.5,13.4,5.5,27.5,0.9,0.9,10.7,30.8,44079.0,40.0,26.7,21.5,27.9,9.1,76592.0,Kandiyohi,MN,Minnesota,2023.0,Crude prevalence,10.1,84.9,6.6,12.3,7.2,40.6,25.4,14.9,12.7,75.8,14.4,3.7,10.0,27.0,12.0,43732.0,962.0,1852.0,11145.0,352.0,733.0,6912.0,291.0,587.0,6.0,5.0,2.0,1.0,1.0,1.0
27069,1.9,2.2,92.3,89.1,3.1,1.1,2.5,19.1,20.4,3.3,17.1,1.8,0.2,2.6,23.8,4084.0,47.8,30.3,21.1,29.1,9.1,76100.0,Kittson,MN,Minnesota,2023.0,Crude prevalence,9.9,87.2,7.1,12.5,8.2,34.0,25.9,14.4,13.0,77.5,14.3,4.0,7.0,27.0,2.0,4207.0,58.0,90.0,109.0,28.0,45.0,53.0,23.0,33.0,0.0,0.0,0.0,0.0,0.0,0.0
27071,1.0,4.3,93.1,89.3,2.7,3.8,5.7,16.3,20.9,8.9,19.6,0.3,0.0,9.9,21.8,11833.0,51.6,31.8,26.4,22.0,10.9,66940.0,Koochiching,MN,Minnesota,2023.0,Crude prevalence,10.1,86.9,7.7,13.4,8.7,37.0,27.8,14.8,13.8,77.4,15.9,4.3,7.3,27.0,5.0,12062.0,523.0,847.0,2647.0,262.0,453.0,2079.0,214.0,375.0,2.0,4.0,4.0,1.0,2.0,0.0
27073,1.4,3.4,90.4,85.4,1.2,2.3,3.8,16.9,15.7,3.4,17.5,0.1,0.9,9.4,33.5,6682.0,47.4,33.4,21.9,23.3,8.1,74432.0,Lac qui Parle,MN,Minnesota,2023.0,Crude prevalence,9.7,87.2,7.0,12.2,8.3,34.0,25.9,14.1,12.7,77.8,14.0,4.0,7.3,27.0,3.0,6719.0,100.0,256.0,1258.0,71.0,196.0,474.0,67.0,188.0,0.0,1.0,0.0,0.0,0.0,0.0
27075,1.3,4.0,91.5,87.6,1.4,1.8,4.9,24.8,33.7,3.5,16.5,0.4,0.5,9.6,35.4,10879.0,49.4,30.3,22.3,26.8,8.6,75541.0,Lake,MN,Minnesota,2023.0,Crude prevalence,9.8,87.5,7.4,12.5,8.4,35.4,25.5,14.4,13.4,76.6,15.1,4.2,7.2,27.0,4.0,10905.0,175.0,426.0,846.0,90.0,248.0,622.0,62.0,177.0,0.0,1.0,0.0,0.0,0.0,0.0
27077,0.7,2.5,91.1,90.8,1.0,0.9,3.5,16.2,48.0,2.4,18.2,2.0,0.0,29.7,22.6,3821.0,50.7,30.5,26.8,25.4,6.4,77546.0,Lake of the Woods,MN,Minnesota,2023.0,Crude prevalence,9.9,87.6,7.3,12.9,8.1,36.2,25.8,14.3,13.2,77.7,15.3,4.0,7.0,27.0,3.0,3763.0,43.0,54.0,1203.0,29.0,36.0,745.0,27.0,33.0,0.0,1.0,1.0,0.0,1.0,0.0
27079,1.6,3.8,95.6,89.2,2.9,2.9,4.3,24.6,10.8,3.5,19.0,0.6,0.4,15.0,29.9,29113.0,41.8,31.3,22.1,26.3,6.4,94968.0,Le Sueur,MN,Minnesota,2023.0,Crude prevalence,9.8,85.7,5.8,10.9,6.5,35.3,22.4,14.8,11.9,75.3,14.3,3.3,7.7,27.0,7.0,28674.0,413.0,861.0,775.0,202.0,414.0,168.0,147.0,296.0,1.0,2.0,0.0,1.0,0.0,0.0
27081,2.8,3.0,93.0,88.3,1.6,3.1,5.5,22.0,19.7,3.3,18.6,0.3,0.0,4.4,38.9,5603.0,45.6,33.0,21.5,25.7,11.9,69694.0,Lincoln,MN,Minnesota,2023.0,Crude prevalence,9.9,86.3,7.1,12.0,7.9,36.6,26.1,14.8,13.2,77.3,15.0,4.0,7.7,27.0,2.0,5640.0,81.0,171.0,110.0,40.0,85.0,0.0,34.0,75.0,0.0,1.0,0.0,0.0,0.0,0.0
27083,4.1,3.5,95.0,91.2,2.2,4.5,6.1,14.6,10.3,8.3,27.5,1.0,0.6,8.0,34.5,25503.0,37.4,26.7,21.8,31.1,12.2,75303.0,Lyon,MN,Minnesota,2023.0,Crude prevalence,10.0,84.2,6.2,11.0,6.6,37.9,24.9,15.5,12.2,75.0,14.7,3.4,8.5,27.0,7.0,25269.0,834.0,950.0,3245.0,219.0,350.0,1550.0,130.0,242.0,3.0,4.0,1.0,3.0,1.0,1.0
27085,1.7,4.6,93.3,88.5,2.2,2.4,5.0,23.0,4.7,3.4,22.6,1.0,0.2,9.2,30.5,36798.0,41.6,35.1,22.4,20.2,8.7,80084.0,McLeod,MN,Minnesota,2023.0,Crude prevalence,9.9,85.0,6.3,11.4,6.8,42.0,25.8,15.3,12.4,74.4,14.9,3.5,8.3,27.0,9.0,36771.0,511.0,1184.0,8056.0,149.0,341.0,4520.0,88.0,203.0,6.0,1.0,0.0,0.0,0.0,0.0
27087,3.3,8.6,90.9,85.5,5.7,8.4,11.9,20.4,26.0,9.0,26.7,3.6,1.1,6.4,28.3,5358.0,35.4,34.0,23.5,16.2,18.3,59441.0,Mahnomen,MN,Minnesota,2023.0,Crude prevalence,12.5,81.1,10.2,16.8,9.7,43.8,34.5,19.8,18.0,75.0,24.5,5.3,11.4,27.0,2.0,5411.0,169.0,403.0,682.0,122.0,282.0,222.0,107.0,249.0,0.0,2.0,1.0,0.0,0.0,0.0
27089,2.2,4.8,92.3,87.4,2.2,1.9,4.6,23.1,14.0,4.6,17.0,0.7,0.3,21.8,20.9,8909.0,43.2,37.3,21.8,18.7,8.3,72543.0,Marshall,MN,Minnesota,2023.0,Crude prevalence,9.9,86.0,7.0,12.1,7.8,39.0,25.7,15.0,13.1,76.0,15.3,3.9,8.2,27.0,4.0,9040.0,174.0,246.0,1942.0,112.0,178.0,980.0,106.0,168.0,0.0,2.0,1.0,0.0,0.0,0.0
27091,1.2,3.7,93.1,86.3,2.6,4.2,4.1,16.9,9.1,9.9,31.1,0.4,0.1,12.5,38.3,19780.0,43.9,33.9,22.7,23.8,13.1,59507.0,Martin,MN,Minnesota,2023.0,Crude prevalence,9.9,85.8,7.5,13.0,8.3,36.3,28.7,15.0,13.6,76.5,15.6,4.1,8.4,27.0,7.0,20025.0,879.0,1091.0,4467.0,358.0,500.0,1816.0,220.0,305.0,3.0,3.0,1.0,2.0,0.0,2.0
27093,1.3,4.9,92.9,88.1,2.1,2.1,6.6,25.2,12.9,4.2,20.7,1.0,0.3,7.4,38.5,23468.0,42.2,34.7,22.1,19.9,9.1,75446.0,Meeker,MN,Minnesota,2023.0,Crude prevalence,9.9,85.5,6.8,12.2,7.4,37.1,26.1,15.4,12.6,76.1,15.6,3.7,7.8,27.0,6.0,23400.0,396.0,788.0,1537.0,174.0,418.0,360.0,128.0,338.0,2.0,1.0,1.0,0.0,0.0,0.0
27095,1.8,6.6,93.4,87.4,2.6,3.5,4.9,32.0,18.3,5.5,22.1,1.3,0.5,8.1,34.0,27125.0,41.2,37.1,23.2,18.2,10.4,72729.0,Mille Lacs,MN,Minnesota,2023.0,Crude prevalence,10.5,84.1,7.1,12.0,7.2,38.5,28.2,16.3,13.3,74.1,17.5,3.7,8.3,27.0,7.0,26459.0,583.0,1170.0,2108.0,408.0,728.0,933.0,349.0,605.0,1.0,6.0,1.0,2.0,1.0,2.0
27097,2.4,4.8,91.4,86.9,2.5,2.9,3.9,28.6,13.4,4.8,19.4,0.9,0.2,8.2,28.4,34249.0,42.5,37.3,21.6,18.9,11.0,69446.0,Morrison,MN,Minnesota,2023.0,Crude prevalence,10.3,85.1,7.2,12.0,7.7,37.2,26.4,15.3,13.5,75.8,16.4,3.8,7.7,27.0,8.0,34010.0,683.0,1162.0,4024.0,381.0,597.0,1566.0,316.0,481.0,2.0,4.0,1.0,2.0,0.0,2.0
27099,6.7,4.7,94.5,87.9,2.5,3.8,7.1,20.7,7.6,5.2,22.4,2.8,0.3,6.4,37.4,40343.0,39.2,32.2,19.3,23.9,10.4,73074.0,Mower,MN,Minnesota,2023.0,Crude prevalence,9.9,83.5,6.7,11.8,7.0,37.9,28.6,15.8,12.8,74.3,15.8,3.7,10.6,27.0,11.0,40029.0,820.0,1671.0,6643.0,299.0,571.0,2198.0,172.0,284.0,6.0,3.0,2.0,0.0,0.0,0.0
27101,3.6,4.4,93.2,85.1,1.7,1.7,5.0,21.0,18.0,4.5,17.8,1.0,0.0,8.3,30.6,8097.0,46.5,33.7,21.3,23.5,9.3,74033.0,Murray,MN,Minnesota,2023.0,Crude prevalence,9.9,86.7,7.2,12.6,8.4,36.3,26.9,14.6,13.3,76.5,14.6,4.1,8.3,27.0,3.0,8179.0,161.0,222.0,1013.0,109.0,160.0,159.0,98.0,147.0,0.0,1.0,0.0,0.0,0.0,0.0
27103,2.2,3.2,93.1,88.6,1.5,3.0,3.4,16.4,4.4,4.1,27.8,2.2,0.1,9.2,31.1,34411.0,38.3,25.5,18.4,36.1,8.0,79756.0,Nicollet,MN,Minnesota,2023.0,Crude prevalence,10.1,83.7,5.5,9.8,6.0,33.2,23.2,15.9,11.4,73.1,13.7,3.1,7.3,27.0,7.0,34454.0,527.0,785.0,8959.0,286.0,316.0,2933.0,217.0,170.0,5.0,1.0,1.0,1.0,1.0,1.0
27105,13.2,7.3,93.4,88.0,2.0,1.9,12.5,19.6,8.6,5.5,25.8,3.3,0.7,7.7,34.3,22041.0,35.7,29.7,21.0,17.9,14.0,66101.0,Nobles,MN,Minnesota,2023.0,Crude prevalence,9.5,82.0,7.3,13.5,7.7,38.6,33.7,15.7,14.4,73.4,16.7,4.0,16.5,27.0,6.0,22290.0,423.0,689.0,6131.0,173.0,302.0,2194.0,100.0,191.0,3.0,6.0,4.0,0.0,1.0,0.0
27107,1.8,4.6,92.7,88.3,3.3,2.8,6.5,23.2,16.2,5.1,20.6,0.6,1.2,5.8,30.9,6367.0,43.8,31.2,22.2,22.8,10.1,72260.0,Norman,MN,Minnesota,2023.0,Crude prevalence,10.1,85.2,7.3,12.5,7.9,35.6,26.7,15.5,13.5,75.4,15.9,4.0,8.3,27.0,3.0,6441.0,137.0,294.0,802.0,59.0,161.0,273.0,54.0,151.0,0.0,1.0,0.0,0.0,0.0,0.0
27109,2.6,2.3,96.5,92.2,2.5,2.9,3.6,18.7,5.9,6.9,29.4,1.2,0.9,11.6,36.5,164498.0,37.8,19.0,15.4,49.4,7.5,95406.0,Olmsted,MN,Minnesota,2023.0,Crude prevalence,9.7,85.9,4.7,9.5,5.5,36.4,21.3,13.8,10.4,73.1,11.2,2.8,6.7,27.0,35.0,162847.0,4599.0,4550.0,41732.0,862.0,1088.0,18943.0,416.0,580.0,29.0,8.0,1.0,6.0,0.0,3.0
27111,2.2,3.3,93.4,87.7,2.9,3.1,5.6,20.7,31.4,5.6,20.5,1.2,0.5,8.6,33.9,60475.0,46.2,27.9,22.0,28.3,8.7,72255.0,Otter Tail,MN,Minnesota,2023.0,Crude prevalence,10.0,86.8,7.2,12.1,8.1,34.3,25.9,14.7,13.2,76.5,15.3,4.0,7.5,27.0,17.0,60081.0,1408.0,1628.0,9558.0,757.0,997.0,4467.0,611.0,839.0,3.0,7.0,3.0,3.0,1.0,3.0
27113,1.6,3.6,94.2,88.2,2.0,2.1,4.8,12.4,8.7,5.7,27.8,1.1,0.5,9.4,26.1,13791.0,39.6,31.0,21.9,21.0,10.5,77325.0,Pennington,MN,Minnesota,2023.0,Crude prevalence,10.3,84.6,6.3,11.2,6.8,40.2,24.8,16.3,12.7,75.1,15.4,3.5,7.9,27.0,5.0,13992.0,356.0,449.0,4962.0,141.0,212.0,2355.0,64.0,131.0,3.0,0.0,0.0,0.0,0.0,0.0
27115,2.0,6.4,92.2,86.2,3.2,3.2,5.0,32.1,28.7,6.3,18.4,1.7,0.7,9.7,37.1,29640.0,45.9,38.3,23.4,17.4,11.1,71146.0,Pine,MN,Minnesota,2023.0,Crude prevalence,10.1,84.9,7.8,13.1,8.1,39.6,27.7,16.5,14.4,76.3,18.1,4.1,8.7,27.0,9.0,28876.0,777.0,1344.0,1756.0,560.0,1040.0,757.0,499.0,946.0,0.0,7.0,1.0,2.0,1.0,2.0
27117,2.2,5.7,94.5,87.9,2.1,4.9,5.3,16.5,8.2,6.0,19.2,1.3,0.1,16.0,31.7,9284.0,40.4,34.7,22.5,21.8,10.5,69628.0,Pipestone,MN,Minnesota,2023.0,Crude prevalence,10.2,84.9,7.5,12.7,7.9,38.5,28.0,15.7,13.8,76.2,16.5,4.1,9.1,27.0,5.0,9424.0,239.0,429.0,605.0,53.0,109.0,330.0,36.0,79.0,0.0,4.0,0.0,0.0,0.0,0.0
27119,2.0,4.3,94.1,90.4,2.4,4.8,5.8,18.6,15.9,7.4,28.7,1.2,0.8,7.8,47.4,30705.0,39.8,28.4,23.5,28.0,11.9,73107.0,Polk,MN,Minnesota,2023.0,Crude prevalence,10.2,84.5,6.7,11.3,7.1,39.4,25.9,15.6,12.8,74.9,15.3,3.6,8.3,27.0,10.0,31192.0,911.0,1230.0,9956.0,421.0,645.0,5126.0,324.0,503.0,5.0,3.0,1.0,3.0,1.0,2.0
27121,2.0,2.3,93.6,88.3,0.8,3.2,3.0,22.7,22.8,6.0,16.5,0.6,0.3,16.3,50.1,11418.0,45.3,29.9,21.5,23.9,9.4,76220.0,Pope,MN,Minnesota,2023.0,Crude prevalence,10.0,86.8,7.1,12.2,8.1,38.9,25.1,14.7,13.2,77.7,14.6,4.0,7.2,27.0,4.0,11308.0,296.0,354.0,3026.0,166.0,243.0,1882.0,143.0,219.0,1.0,1.0,1.0,1.0,1.0,1.0
27123,4.8,3.6,96.3,92.4,3.3,4.7,5.5,21.4,5.4,10.2,39.4,2.5,1.5,10.7,40.3,542945.0,36.1,19.9,17.8,45.6,12.3,81568.0,Ramsey,MN,Minnesota,2023.0,Crude prevalence,10.1,84.2,5.2,10.5,5.7,32.1,20.3,15.9,11.7,74.5,12.5,3.0,7.8,27.0,143.0,552352.0,22659.0,25313.0,71582.0,1535.0,1328.0,23573.0,413.0,357.0,143.0,65.0,8.0,25.0,1.0,13.0
27125,1.8,3.0,91.1,83.3,0.7,1.4,2.3,24.8,11.0,3.4,16.6,1.4,0.8,4.7,21.6,3915.0,43.0,35.5,22.3,18.6,7.2,77188.0,Red Lake,MN,Minnesota,2023.0,Crude prevalence,10.1,86.0,6.8,12.0,7.7,38.6,26.6,15.3,13.1,76.6,15.5,3.8,7.6,27.0,2.0,3935.0,57.0,89.0,704.0,40.0,66.0,179.0,33.0,57.0,0.0,0.0,0.0,0.0,0.0,0.0
27127,2.0,4.5,93.4,87.0,1.6,2.3,5.9,17.6,11.5,6.0,21.6,0.7,0.3,4.3,43.2,15350.0,40.5,36.5,23.6,22.2,13.3,67866.0,Redwood,MN,Minnesota,2023.0,Crude prevalence,10.2,84.9,7.4,12.8,7.9,36.5,26.2,15.9,13.6,75.5,16.3,4.1,8.5,27.0,6.0,15425.0,376.0,617.0,3366.0,191.0,340.0,1437.0,137.0,260.0,2.0,6.0,3.0,0.0,1.0,0.0
27129,3.2,5.2,91.4,85.8,1.6,2.1,4.7,20.9,12.4,5.7,19.8,0.5,0.2,7.9,38.5,14558.0,42.3,33.6,23.9,18.1,11.0,70625.0,Renville,MN,Minnesota,2023.0,Crude prevalence,10.0,84.9,7.5,13.1,8.0,38.8,28.1,15.4,14.0,75.5,16.6,4.0,9.8,27.0,6.0,14723.0,348.0,520.0,472.0,221.0,342.0,5.0,205.0,318.0,0.0,4.0,0.0,0.0,0.0,0.0
27131,3.2,4.1,95.3,91.8,2.9,2.1,5.5,21.8,7.1,5.6,23.7,2.1,0.5,7.5,37.2,67917.0,37.1,32.8,18.7,30.2,10.2,83181.0,Rice,MN,Minnesota,2023.0,Crude prevalence,9.9,83.0,5.5,10.1,6.0,37.5,25.5,15.8,11.8,74.8,13.9,3.1,8.7,27.0,16.0,67097.0,1315.0,1847.0,15024.0,646.0,826.0,7594.0,404.0,518.0,10.0,4.0,3.0,3.0,1.0,3.0
27133,2.2,4.4,96.0,90.1,1.8,2.3,4.7,19.6,5.2,5.8,23.4,1.6,0.2,8.6,34.8,9621.0,41.2,34.6,19.5,26.3,10.6,71295.0,Rock,MN,Minnesota,2023.0,Crude prevalence,10.0,84.9,6.7,11.4,7.2,36.6,26.2,15.6,12.7,75.7,15.4,3.7,8.0,27.0,3.0,9704.0,235.0,280.0,1628.0,138.0,200.0,708.0,123.0,189.0,1.0,0.0,0.0,1.0,0.0,1.0
27135,1.5,4.8,94.0,89.9,2.5,3.5,4.1,17.1,12.8,6.1,20.8,1.8,0.7,2.8,31.0,15302.0,41.9,35.4,23.0,21.4,12.2,74474.0,Roseau,MN,Minnesota,2023.0,Crude prevalence,10.0,85.2,6.8,11.8,7.2,35.9,25.1,15.4,12.9,75.2,15.6,3.7,7.8,27.0,5.0,15331.0,381.0,345.0,2133.0,268.0,258.0,1411.0,199.0,207.0,0.0,2.0,0.0,1.0,0.0,1.0
27137,1.4,3.5,94.1,88.6,2.8,3.5,4.1,19.9,16.4,8.0,28.8,0.7,0.4,11.1,41.6,200123.0,41.2,25.2,23.0,33.6,13.2,70069.0,St. Louis,MN,Minnesota,2023.0,Crude prevalence,10.5,84.4,6.5,11.2,7.0,35.2,23.5,16.5,12.8,74.9,15.2,3.5,6.8,27.0,74.0,200231.0,6955.0,8885.0,35203.0,1479.0,1980.0,17836.0,997.0,1418.0,41.0,46.0,13.0,7.0,7.0,2.0
27139,2.5,2.9,97.5,95.0,2.6,1.7,3.7,24.8,3.0,3.1,16.2,1.4,0.3,13.7,38.2,154557.0,37.8,19.6,17.8,44.1,4.6,119314.0,Scott,MN,Minnesota,2023.0,Crude prevalence,9.5,86.1,4.3,9.4,4.8,32.0,22.6,14.3,10.5,74.3,12.2,2.5,6.6,27.0,32.0,150928.0,1707.0,2463.0,53532.0,714.0,981.0,26990.0,444.0,486.0,23.0,3.0,2.0,1.0,1.0,0.0
27141,2.0,3.6,96.3,93.3,2.2,2.2,3.9,30.7,4.2,4.2,16.8,1.3,0.3,9.6,36.6,100560.0,37.0,27.4,22.4,29.7,5.1,105466.0,Sherburne,MN,Minnesota,2023.0,Crude prevalence,9.8,84.4,4.9,9.0,5.0,39.0,23.2,16.0,11.0,71.9,14.2,2.6,7.1,27.0,19.0,97183.0,1477.0,1780.0,22880.0,775.0,1021.0,14536.0,555.0,776.0,6.0,1.0,1.0,2.0,1.0,1.0
27143,2.2,3.8,93.6,88.2,2.5,3.1,4.3,27.1,9.1,4.1,19.2,1.1,0.8,11.7,30.0,15005.0,42.4,34.8,26.3,19.4,9.0,77634.0,Sibley,MN,Minnesota,2023.0,Crude prevalence,9.9,84.8,6.7,11.5,7.2,38.8,27.4,15.6,13.1,74.9,15.7,3.6,9.0,27.0,4.0,14836.0,243.0,490.0,621.0,197.0,396.0,0.0,189.0,381.0,0.0,1.0,1.0,0.0,0.0,0.0
27145,3.8,3.6,95.3,90.6,2.9,3.2,4.9,21.7,7.8,6.0,32.1,1.6,1.6,6.6,43.3,160865.0,35.1,27.5,22.2,28.8,12.9,77066.0,Stearns,MN,Minnesota,2023.0,Crude prevalence,10.3,82.4,5.8,10.1,6.1,36.0,23.1,16.6,11.9,74.3,14.0,3.2,7.9,27.0,37.0,158292.0,3667.0,5807.0,32164.0,1253.0,1721.0,17159.0,906.0,1299.0,22.0,16.0,5.0,6.0,1.0,3.0
27147,2.4,4.0,93.3,87.7,2.2,2.3,3.5,19.1,5.4,6.2,20.6,2.1,0.3,12.9,48.0,37439.0,40.5,30.6,22.9,28.0,8.3,84196.0,Steele,MN,Minnesota,2023.0,Crude prevalence,9.9,85.2,6.1,10.9,6.7,37.4,24.3,15.1,12.3,74.5,14.2,3.4,8.2,27.0,8.0,37406.0,937.0,1159.0,7651.0,218.0,376.0,4464.0,131.0,276.0,5.0,1.0,1.0,2.0,0.0,0.0
27149,5.3,2.2,97.0,90.9,1.3,4.1,5.7,14.3,7.0,5.0,36.6,0.7,1.2,9.2,35.6,9739.0,33.9,25.3,23.3,31.2,11.1,75733.0,Stevens,MN,Minnesota,2023.0,Crude prevalence,10.0,81.3,5.5,9.7,6.0,36.8,24.7,16.5,11.6,72.1,13.1,3.0,9.7,27.0,3.0,9671.0,194.0,382.0,3086.0,114.0,253.0,2490.0,105.0,242.0,1.0,1.0,0.0,0.0,0.0,0.0
27151,1.6,4.6,91.5,84.3,2.6,2.2,8.1,19.4,12.4,7.1,27.6,1.5,0.2,8.8,47.2,9748.0,41.8,33.1,22.7,24.2,12.0,60412.0,Swift,MN,Minnesota,2023.0,Crude prevalence,10.0,85.2,7.8,13.2,8.6,38.4,28.2,15.4,13.8,76.3,16.6,4.3,9.1,27.0,4.0,9838.0,292.0,505.0,1650.0,148.0,245.0,865.0,126.0,204.0,0.0,3.0,1.0,0.0,0.0,0.0
27153,5.1,5.1,90.5,82.5,2.5,4.2,9.5,25.7,21.5,6.5,17.0,1.8,1.0,14.8,29.4,25575.0,42.8,41.3,19.8,16.1,11.5,67662.0,Todd,MN,Minnesota,2023.0,Crude prevalence,10.0,84.8,8.3,13.3,8.7,39.3,28.9,15.7,14.5,75.3,17.8,4.4,10.4,27.0,8.0,25262.0,661.0,743.0,359.0,379.0,463.0,36.0,339.0,417.0,0.0,6.0,0.0,0.0,0.0,0.0
27155,3.1,2.6,87.4,83.5,2.7,8.6,1.9,17.1,30.9,5.8,18.2,0.0,0.0,23.2,42.3,3243.0,46.1,36.4,21.1,16.6,11.3,62989.0,Traverse,MN,Minnesota,2023.0,Crude prevalence,10.1,86.3,7.7,13.2,8.7,38.7,28.0,15.0,14.0,76.7,15.9,4.4,8.5,27.0,2.0,3360.0,76.0,222.0,338.0,36.0,102.0,199.0,32.0,91.0,0.0,2.0,0.0,0.0,0.0,0.0
27157,2.4,2.5,92.4,85.9,1.4,2.3,3.8,24.2,11.0,5.2,16.7,1.5,0.8,9.7,28.6,21565.0,45.2,32.9,21.6,26.5,7.1,82007.0,Wabasha,MN,Minnesota,2023.0,Crude prevalence,9.9,87.1,6.5,11.6,7.4,37.5,23.8,14.5,12.4,76.9,13.9,3.7,7.0,27.0,6.0,21387.0,473.0,507.0,1689.0,203.0,290.0,453.0,172.0,266.0,1.0,1.0,1.0,0.0,0.0,0.0
27159,2.7,4.7,92.6,84.8,3.4,7.7,5.5,21.3,13.4,7.6,26.4,1.7,1.1,10.4,26.2,14256.0,40.0,35.2,21.5,19.8,12.5,61467.0,Wadena,MN,Minnesota,2023.0,Crude prevalence,10.6,84.0,7.8,12.7,7.9,38.4,29.3,16.8,14.1,74.8,17.2,4.1,8.8,27.0,3.0,14065.0,464.0,868.0,3741.0,267.0,510.0,2376.0,212.0,411.0,1.0,3.0,3.0,1.0,1.0,1.0
27161,2.0,4.5,93.0,88.0,1.6,1.9,3.6,22.2,5.6,4.9,19.3,0.8,0.3,3.8,34.6,18885.0,40.6,34.5,23.2,21.0,7.5,76261.0,Waseca,MN,Minnesota,2023.0,Crude prevalence,10.3,84.5,6.5,11.4,6.8,39.1,26.4,16.2,12.7,75.0,15.4,3.5,8.9,27.0,5.0,18968.0,365.0,658.0,3250.0,129.0,226.0,1424.0,72.0,151.0,2.0,2.0,2.0,0.0,1.0,0.0
27163,1.5,2.4,97.6,94.9,2.3,1.8,3.5,24.0,3.4,3.8,18.7,1.0,0.5,10.2,41.0,276238.0,39.8,18.6,17.4,49.1,5.1,115345.0,Washington,MN,Minnesota,2023.0,Crude prevalence,9.3,87.3,4.5,10.3,5.2,32.5,19.1,13.3,10.0,76.2,10.9,2.7,5.8,27.0,59.0,267568.0,4005.0,4312.0,103575.0,1786.0,1752.0,52516.0,911.0,782.0,48.0,6.0,5.0,12.0,2.0,8.0
27165,7.5,6.3,91.1,83.5,3.3,2.2,10.7,23.2,13.4,7.9,22.2,1.8,0.4,13.9,21.8,11205.0,40.8,31.1,26.5,17.2,13.2,71699.0,Watonwan,MN,Minnesota,2023.0,Crude prevalence,9.6,84.7,6.9,12.9,7.6,36.8,29.5,15.0,13.8,75.7,14.9,3.9,13.4,27.0,3.0,11253.0,335.0,399.0,28.0,98.0,140.0,0.0,75.0,115.0,0.0,1.0,0.0,0.0,0.0,0.0
27167,1.5,5.0,90.6,84.7,3.0,6.0,4.0,21.8,11.0,6.7,20.3,0.8,0.5,6.4,35.3,6371.0,42.2,31.0,23.7,23.0,14.1,71410.0,Wilkin,MN,Minnesota,2023.0,Crude prevalence,10.3,85.0,7.3,12.3,7.6,38.6,26.4,15.9,13.6,75.2,16.6,3.9,8.0,27.0,2.0,6506.0,178.0,281.0,2001.0,33.0,79.0,1546.0,27.0,71.0,1.0,1.0,0.0,0.0,0.0,0.0
27169,2.1,3.8,95.5,91.0,1.6,1.7,5.2,17.6,7.3,5.3,30.5,0.9,0.7,8.0,42.9,49779.0,36.4,26.4,19.9,32.7,14.8,70744.0,Winona,MN,Minnesota,2023.0,Crude prevalence,10.3,81.5,5.8,9.8,6.1,33.8,22.5,16.6,11.5,72.8,13.0,3.1,7.3,27.0,13.0,49671.0,1077.0,1397.0,8202.0,344.0,500.0,4772.0,245.0,387.0,7.0,4.0,1.0,2.0,1.0,1.0
27171,1.4,4.1,96.4,93.2,2.0,2.5,4.4,29.4,5.9,3.0,15.9,1.3,0.2,8.4,32.8,148269.0,37.6,26.5,20.3,34.4,5.2,107209.0,Wright,MN,Minnesota,2023.0,Crude prevalence,10.0,85.3,4.9,9.2,5.2,35.4,20.3,15.2,10.7,74.9,12.8,2.7,6.8,27.0,27.0,141337.0,1620.0,2362.0,39225.0,1018.0,1433.0,24980.0,760.0,1047.0,11.0,7.0,4.0,4.0,3.0,1.0
27173,1.6,5.6,92.2,85.6,2.3,2.4,3.9,21.1,9.3,4.6,16.0,1.6,0.4,7.8,22.0,9451.0,42.1,32.5,23.3,19.7,8.6,74000.0,Yellow Medicine,MN,Minnesota,2023.0,Crude prevalence,10.2,85.0,7.2,12.4,7.7,38.8,26.9,15.7,13.4,75.9,16.0,3.9,8.5,27.0,4.0,9528.0,187.0,301.0,1211.0,123.0,200.0,557.0,109.0,179.0,0.0,3.0,0.0,0.0,0.0,0.0
28001,5.0,9.6,88.2,85.4,3.0,3.1,11.3,21.3,23.2,6.4,31.9,2.2,0.7,12.4,35.5,28803.0,42.0,35.1,21.5,20.6,27.0,43644.0,Adams,MS,Mississippi,2023.0,Crude prevalence,10.3,86.0,11.0,20.6,9.7,41.2,41.6,17.4,17.1,83.1,20.2,6.3,15.2,28.0,10.0,29538.0,731.0,1893.0,5097.0,325.0,860.0,939.0,146.0,360.0,6.0,5.0,3.0,2.0,1.0,1.0
28003,6.0,9.0,87.1,78.8,2.6,2.2,10.9,22.3,11.2,9.5,32.2,1.1,0.8,6.8,35.3,34289.0,40.0,36.2,20.8,18.6,15.8,51260.0,Alcorn,MS,Mississippi,2023.0,Crude prevalence,9.8,85.6,9.9,15.0,8.3,40.0,35.2,17.5,15.9,80.4,19.3,4.5,11.8,28.0,10.0,34740.0,1379.0,2323.0,2920.0,585.0,1148.0,832.0,399.0,849.0,3.0,4.0,1.0,5.0,0.0,4.0
28005,2.7,10.5,87.0,69.5,2.4,1.1,11.4,34.8,20.4,5.8,17.6,1.0,0.3,15.7,38.7,12565.0,49.2,40.6,22.5,11.2,27.6,37222.0,Amite,MS,Mississippi,2023.0,Crude prevalence,10.2,87.5,12.2,20.6,10.9,45.0,41.5,17.2,18.0,83.5,20.4,6.5,12.6,28.0,4.0,12720.0,342.0,889.0,1211.0,305.0,802.0,126.0,284.0,756.0,0.0,4.0,1.0,1.0,0.0,1.0
28007,4.2,7.6,89.6,80.8,3.2,1.9,8.5,34.2,20.6,8.1,24.7,1.2,0.6,11.2,45.1,17526.0,39.4,36.8,17.9,19.8,18.0,51639.0,Attala,MS,Mississippi,2023.0,Crude prevalence,10.3,86.7,9.8,16.9,8.5,42.6,37.3,17.5,16.0,82.5,18.2,5.3,12.2,28.0,6.0,17889.0,538.0,1035.0,1470.0,248.0,489.0,231.0,204.0,398.0,2.0,3.0,1.0,2.0,0.0,1.0
28009,9.0,9.4,86.4,69.5,1.7,1.3,9.1,34.1,24.9,6.8,14.0,1.1,0.0,12.7,30.3,7589.0,44.5,36.2,23.6,12.8,21.5,46016.0,Benton,MS,Mississippi,2023.0,Crude prevalence,10.1,86.4,10.2,17.4,8.8,42.4,36.7,17.5,16.5,81.7,19.4,5.2,12.7,28.0,3.0,7646.0,208.0,530.0,97.0,176.0,481.0,0.0,164.0,454.0,0.0,3.0,0.0,0.0,0.0,0.0
28011,5.4,9.7,91.3,77.9,3.5,1.8,11.2,20.1,12.9,10.1,37.4,3.3,0.2,12.6,45.8,29534.0,37.5,25.0,20.3,28.0,32.6,39585.0,Bolivar,MS,Mississippi,2023.0,Crude prevalence,11.2,85.6,10.7,20.5,8.9,46.5,42.3,18.6,17.0,84.1,19.8,6.1,13.7,28.0,9.0,30985.0,1200.0,3094.0,7884.0,434.0,1301.0,3939.0,255.0,859.0,5.0,7.0,2.0,3.0,1.0,2.0
28013,7.6,14.4,88.0,78.4,2.5,3.6,12.0,29.9,16.9,6.8,28.0,2.0,0.4,17.0,31.8,12922.0,42.0,33.9,19.6,12.1,20.4,43125.0,Calhoun,MS,Mississippi,2023.0,Crude prevalence,10.2,85.6,11.4,18.2,9.5,41.1,37.6,18.0,17.6,81.3,20.1,5.6,14.0,28.0,5.0,13266.0,379.0,736.0,611.0,198.0,483.0,193.0,170.0,423.0,0.0,3.0,0.0,0.0,0.0,0.0
28015,2.7,13.9,87.7,78.9,0.8,1.5,9.6,29.0,14.2,4.5,16.3,2.1,0.4,6.2,16.8,9686.0,48.6,30.0,20.1,21.2,17.9,59327.0,Carroll,MS,Mississippi,2023.0,Crude prevalence,9.8,86.6,11.3,18.6,10.3,40.0,38.9,16.7,17.1,82.4,19.4,5.9,13.0,28.0,3.0,9998.0,193.0,719.0,509.0,176.0,656.0,0.0,159.0,609.0,0.0,1.0,0.0,1.0,0.0,0.0
28017,6.8,12.7,87.2,79.2,2.5,1.7,11.0,21.7,15.0,8.9,29.7,1.3,0.4,7.5,32.8,16915.0,38.4,35.8,21.7,12.0,23.5,43586.0,Chickasaw,MS,Mississippi,2023.0,Crude prevalence,10.4,85.4,10.6,18.4,8.8,43.3,38.9,18.1,17.0,81.3,19.9,5.6,14.0,28.0,5.0,17106.0,596.0,987.0,172.0,390.0,647.0,0.0,322.0,534.0,0.0,4.0,0.0,3.0,0.0,2.0
28019,4.7,8.5,88.2,81.5,5.1,2.0,10.6,27.8,20.8,5.4,20.6,1.6,0.0,8.1,28.0,8118.0,43.2,36.8,16.8,20.1,18.4,50919.0,Choctaw,MS,Mississippi,2023.0,Crude prevalence,9.7,87.5,9.7,16.9,9.0,40.2,35.3,16.1,15.6,82.3,17.2,5.2,11.4,28.0,3.0,8246.0,188.0,472.0,161.0,112.0,296.0,17.0,80.0,220.0,0.0,1.0,0.0,0.0,0.0,0.0
28021,3.6,15.6,84.9,74.1,2.7,1.5,15.1,29.0,24.0,12.0,23.5,0.9,0.0,15.3,42.4,8582.0,35.1,30.0,23.3,18.1,30.7,31897.0,Claiborne,MS,Mississippi,2023.0,Crude prevalence,11.4,83.9,9.8,20.4,8.5,47.8,41.5,19.4,16.4,84.0,18.7,6.1,13.9,28.0,3.0,9135.0,362.0,712.0,646.0,258.0,486.0,12.0,215.0,399.0,0.0,3.0,0.0,1.0,0.0,1.0
28023,3.4,7.8,92.4,82.2,3.6,2.8,13.3,34.0,22.2,5.9,17.7,0.5,0.3,0.2,46.3,15314.0,42.4,31.8,25.3,17.5,17.4,46108.0,Clarke,MS,Mississippi,2023.0,Crude prevalence,10.1,87.0,10.6,17.8,9.3,38.6,35.7,17.4,16.8,82.6,19.0,5.5,11.7,28.0,5.0,15615.0,353.0,952.0,1782.0,280.0,770.0,913.0,253.0,699.0,0.0,2.0,0.0,0.0,0.0,0.0
28025,5.6,11.6,90.5,84.8,4.0,0.7,9.1,21.8,13.8,6.8,28.7,0.7,0.1,11.3,41.4,18383.0,39.8,33.9,18.8,17.3,20.9,43125.0,Clay,MS,Mississippi,2023.0,Crude prevalence,10.6,86.5,10.3,19.1,8.8,47.6,38.8,17.8,16.8,83.6,19.1,5.8,13.1,28.0,5.0,18636.0,530.0,1638.0,628.0,180.0,531.0,148.0,142.0,428.0,2.0,2.0,0.0,1.0,0.0,0.0
28027,7.5,9.7,87.1,79.0,5.4,0.7,12.0,20.1,17.5,14.9,47.9,2.0,0.9,11.4,41.7,20540.0,35.9,27.0,22.9,19.5,35.5,37461.0,Coahoma,MS,Mississippi,2023.0,Crude prevalence,11.4,85.0,11.1,21.8,9.1,46.4,42.8,19.2,17.8,84.2,21.1,6.5,15.1,28.0,7.0,21390.0,1252.0,2262.0,1012.0,312.0,602.0,129.0,253.0,485.0,4.0,6.0,0.0,2.0,0.0,2.0
28029,4.5,8.5,89.9,79.5,2.9,2.0,12.9,28.5,19.4,8.1,25.6,2.1,0.3,3.7,43.5,27855.0,39.6,32.3,20.7,19.7,23.0,49089.0,Copiah,MS,Mississippi,2023.0,Crude prevalence,10.3,86.4,9.7,18.2,8.5,41.8,37.3,17.5,16.0,82.8,17.8,5.4,12.3,28.0,8.0,28368.0,817.0,1811.0,3412.0,502.0,987.0,1374.0,412.0,797.0,2.0,7.0,3.0,3.0,0.0,2.0
28031,4.4,12.6,89.7,71.1,1.8,1.8,9.6,23.8,12.8,8.8,22.5,1.5,0.1,3.3,30.7,18148.0,37.3,32.5,21.2,17.4,19.8,45051.0,Covington,MS,Mississippi,2023.0,Crude prevalence,10.1,86.4,9.1,15.6,7.9,40.4,35.1,17.5,15.3,81.7,18.0,4.7,11.6,28.0,5.0,18340.0,644.0,1309.0,21.0,571.0,1009.0,0.0,538.0,913.0,0.0,2.0,0.0,1.0,0.0,1.0
28033,2.7,5.6,96.9,92.1,2.2,2.3,8.3,26.2,5.9,3.8,22.1,1.4,0.5,10.4,41.5,191301.0,37.3,29.5,22.5,29.0,9.7,85297.0,DeSoto,MS,Mississippi,2023.0,Crude prevalence,9.7,87.6,6.2,12.4,5.6,37.3,27.9,16.4,12.4,81.1,13.9,3.4,9.7,28.0,41.0,185314.0,2673.0,5309.0,44299.0,1007.0,1873.0,16839.0,572.0,1093.0,28.0,11.0,2.0,6.0,0.0,3.0
28035,2.4,5.9,94.7,86.4,4.2,2.5,11.1,21.2,10.7,7.1,42.8,2.2,0.4,9.3,42.3,78272.0,32.0,27.3,22.9,30.6,21.0,53640.0,Forrest,MS,Mississippi,2023.0,Crude prevalence,10.0,84.1,7.4,13.1,6.2,35.8,29.8,18.4,13.7,80.0,15.2,3.8,10.8,28.0,21.0,78158.0,2130.0,5016.0,12190.0,527.0,1651.0,4545.0,279.0,846.0,15.0,12.0,4.0,3.0,1.0,2.0
28037,6.0,6.3,91.7,86.1,1.9,0.2,9.1,33.4,29.0,3.1,18.3,0.2,0.1,3.3,30.9,7622.0,42.1,32.6,20.8,19.0,25.4,52939.0,Franklin,MS,Mississippi,2023.0,Crude prevalence,10.2,86.5,11.3,18.5,9.7,40.4,38.2,17.5,17.1,82.3,20.0,5.7,12.1,28.0,3.0,7675.0,94.0,314.0,541.0,74.0,259.0,41.0,62.0,227.0,0.0,3.0,0.0,0.0,0.0,0.0
28039,3.3,9.3,94.4,84.9,3.8,2.2,12.5,34.4,10.3,5.9,17.9,3.1,0.2,4.3,24.4,25170.0,36.3,38.6,19.8,17.5,18.3,59758.0,George,MS,Mississippi,2023.0,Crude prevalence,9.5,84.6,8.7,13.1,7.2,37.2,31.7,18.0,14.9,78.2,18.2,3.9,11.3,28.0,6.0,24350.0,546.0,1025.0,1665.0,451.0,838.0,215.0,383.0,703.0,0.0,2.0,0.0,2.0,0.0,2.0
28041,4.4,11.1,92.7,73.5,4.2,3.5,15.5,43.4,20.8,6.7,17.8,1.6,0.9,21.6,44.2,13615.0,40.5,44.1,21.7,10.5,18.3,54276.0,Greene,MS,Mississippi,2023.0,Crude prevalence,9.3,83.6,8.8,14.0,7.4,41.9,33.7,17.8,15.0,78.5,19.2,4.2,13.4,28.0,4.0,13530.0,274.0,564.0,662.0,262.0,518.0,1.0,254.0,499.0,0.0,1.0,0.0,1.0,0.0,1.0
28043,4.6,8.4,93.3,83.4,2.8,2.9,10.6,19.7,19.0,7.9,33.4,1.3,1.3,14.3,36.9,21217.0,39.2,33.1,21.3,21.8,24.6,48804.0,Grenada,MS,Mississippi,2023.0,Crude prevalence,10.3,86.2,9.9,17.6,8.5,46.1,37.0,17.5,16.0,81.3,18.5,5.3,12.3,28.0,7.0,21629.0,667.0,992.0,2797.0,324.0,379.0,783.0,228.0,237.0,3.0,5.0,2.0,2.0,1.0,1.0
28045,3.8,7.7,94.6,86.6,2.9,2.6,9.3,32.5,14.7,3.5,20.8,1.2,0.3,7.1,43.1,46167.0,46.6,28.9,22.6,26.8,13.8,67708.0,Hancock,MS,Mississippi,2023.0,Crude prevalence,9.2,88.0,8.8,14.3,8.2,37.3,31.2,16.0,14.8,81.1,15.7,4.3,9.7,28.0,17.0,46053.0,701.0,2125.0,15675.0,285.0,1136.0,9483.0,187.0,782.0,11.0,4.0,1.0,2.0,1.0,0.0
28047,3.6,7.0,95.6,89.2,4.1,2.9,13.1,24.3,12.2,6.5,37.8,1.4,0.4,8.2,42.1,210891.0,38.5,28.3,21.5,27.5,17.1,59479.0,Harrison,MS,Mississippi,2023.0,Crude prevalence,9.6,86.2,8.0,14.1,7.2,36.5,35.0,17.3,14.4,81.3,16.3,4.0,11.1,28.0,81.0,208621.0,5399.0,12489.0,44510.0,1572.0,3364.0,17560.0,853.0,1736.0,67.0,35.0,7.0,7.0,2.0,5.0
28049,3.8,7.4,93.0,89.3,4.5,2.3,12.9,22.3,15.8,8.1,41.7,1.8,0.5,8.4,49.6,218533.0,36.9,24.1,23.2,31.2,22.7,49402.0,Hinds,MS,Mississippi,2023.0,Crude prevalence,10.6,87.2,7.7,17.0,7.0,44.0,34.7,17.2,14.2,83.5,15.9,4.9,11.1,28.0,67.0,227742.0,7254.0,13226.0,36623.0,1457.0,2450.0,12252.0,851.0,1317.0,57.0,43.0,3.0,12.0,2.0,6.0
28051,4.4,11.7,87.4,68.2,4.3,7.4,10.9,36.0,18.9,15.9,39.0,1.7,0.5,8.6,46.5,16191.0,36.3,39.3,24.1,13.9,36.4,32538.0,Holmes,MS,Mississippi,2023.0,Crude prevalence,11.5,84.2,11.6,23.3,9.4,50.7,45.0,19.5,18.1,84.2,22.4,7.0,15.6,28.0,6.0,17000.0,982.0,2032.0,683.0,609.0,1206.0,405.0,540.0,1055.0,0.0,6.0,1.0,4.0,0.0,2.0
28053,6.1,12.5,88.5,65.3,6.3,5.4,10.3,22.4,17.4,13.0,38.3,0.6,1.7,10.3,33.7,7395.0,39.6,29.2,19.7,19.6,27.0,33731.0,Humphreys,MS,Mississippi,2023.0,Crude prevalence,11.7,85.3,13.4,24.7,10.8,52.4,47.9,19.2,19.6,84.5,23.2,7.7,16.0,28.0,3.0,7785.0,377.0,823.0,195.0,152.0,349.0,21.0,144.0,332.0,0.0,3.0,0.0,1.0,0.0,1.0
28055,9.7,18.5,84.6,55.4,1.1,0.0,12.4,28.5,16.9,14.0,34.0,0.0,0.0,0.0,20.5,928.0,49.8,35.9,15.8,8.6,16.2,31429.0,Issaquena,MS,Mississippi,2023.0,Crude prevalence,9.7,78.3,9.5,16.4,7.8,45.3,41.0,19.2,16.2,77.8,21.6,5.1,21.3,28.0,1.0,1338.0,49.0,84.0,383.0,45.0,77.0,237.0,34.0,59.0,0.0,0.0,0.0,0.0,0.0,0.0
28057,4.5,9.0,91.0,84.8,3.0,0.6,9.0,26.0,8.7,4.2,21.0,1.0,0.2,6.9,29.4,24036.0,38.6,36.1,21.7,16.0,15.5,55546.0,Itawamba,MS,Mississippi,2023.0,Crude prevalence,9.5,85.1,8.2,12.2,7.1,36.2,31.8,17.6,14.3,79.3,16.1,3.7,10.4,28.0,6.0,23863.0,402.0,702.0,215.0,330.0,619.0,0.0,270.0,543.0,0.0,2.0,0.0,2.0,0.0,2.0
28059,4.5,6.5,96.4,89.7,4.0,2.0,11.5,25.2,9.3,4.8,27.3,2.5,0.5,9.4,41.2,145249.0,40.1,26.5,22.8,26.7,13.8,66201.0,Jackson,MS,Mississippi,2023.0,Crude prevalence,9.4,86.9,7.7,15.0,7.1,40.7,30.5,16.5,13.9,81.1,15.4,4.0,11.1,28.0,42.0,143252.0,2784.0,5291.0,36839.0,1038.0,2227.0,17779.0,495.0,1234.0,30.0,16.0,5.0,5.0,3.0,2.0
28061,2.8,6.5,86.0,64.5,3.3,3.0,8.5,33.7,18.3,10.1,17.9,2.0,0.3,5.4,33.5,16059.0,41.9,49.3,20.3,12.2,19.4,48660.0,Jasper,MS,Mississippi,2023.0,Crude prevalence,10.2,87.2,10.0,19.0,9.1,44.9,40.2,17.3,16.3,83.5,18.7,5.8,12.4,28.0,7.0,16367.0,669.0,1059.0,972.0,561.0,939.0,79.0,508.0,871.0,0.0,3.0,0.0,2.0,0.0,2.0
28063,4.4,13.8,92.3,89.9,0.8,1.8,10.7,29.0,26.4,4.1,17.1,3.6,0.5,3.5,44.5,7068.0,43.1,40.6,19.8,13.4,32.5,38305.0,Jefferson,MS,Mississippi,2023.0,Crude prevalence,11.2,86.2,11.5,23.6,9.8,51.5,45.0,18.3,18.0,84.8,21.5,7.2,15.0,28.0,4.0,7260.0,102.0,533.0,1247.0,78.0,448.0,551.0,68.0,412.0,0.0,4.0,1.0,0.0,1.0,0.0
28065,5.6,8.0,86.2,79.2,5.1,2.6,11.1,34.6,21.9,6.1,15.5,1.5,1.5,18.7,55.7,11117.0,46.0,42.5,18.4,12.7,28.7,38548.0,Jefferson Davis,MS,Mississippi,2023.0,Crude prevalence,10.7,87.5,11.6,21.8,10.3,45.4,41.6,17.4,17.5,84.6,20.0,6.8,12.9,28.0,4.0,11321.0,272.0,976.0,205.0,227.0,884.0,0.0,215.0,848.0,0.0,3.0,0.0,1.0,0.0,0.0
28067,5.5,7.2,92.7,77.2,2.2,1.8,11.9,24.2,13.4,4.4,24.9,1.0,0.5,12.1,38.1,66472.0,37.9,30.7,24.6,20.7,18.7,52216.0,Jones,MS,Mississippi,2023.0,Crude prevalence,9.9,85.9,9.3,16.0,8.1,41.6,36.2,17.0,15.4,81.2,17.6,4.7,11.9,28.0,20.0,67246.0,1089.0,3556.0,6728.0,725.0,2139.0,3384.0,593.0,1717.0,6.0,8.0,3.0,3.0,1.0,1.0
28069,4.7,10.9,85.4,75.9,5.7,0.1,15.4,31.2,18.4,3.4,21.0,3.6,2.1,2.4,30.8,8729.0,40.6,33.9,19.3,18.6,24.8,46431.0,Kemper,MS,Mississippi,2023.0,Crude prevalence,10.4,85.9,9.5,18.4,8.9,43.7,37.9,17.4,15.8,83.1,17.5,5.7,12.7,28.0,2.0,8988.0,108.0,425.0,1102.0,98.0,369.0,213.0,85.0,296.0,0.0,1.0,0.0,0.0,0.0,0.0
28071,2.4,5.1,96.3,91.7,1.2,0.8,9.3,22.7,33.7,6.7,36.2,1.0,1.0,9.4,45.0,58327.0,30.7,20.0,17.0,46.5,18.5,67185.0,Lafayette,MS,Mississippi,2023.0,Crude prevalence,9.5,83.5,6.2,10.9,5.4,34.4,26.6,17.3,12.0,79.2,12.9,3.1,9.2,28.0,15.0,55813.0,1281.0,997.0,10541.0,605.0,734.0,5618.0,347.0,572.0,7.0,5.0,3.0,4.0,2.0,3.0
28073,2.7,5.3,95.9,88.6,3.1,1.5,11.1,26.0,8.3,4.4,30.5,1.4,0.7,9.8,35.6,65713.0,37.7,26.0,21.7,34.5,14.7,70909.0,Lamar,MS,Mississippi,2023.0,Crude prevalence,9.3,87.0,7.1,12.4,6.4,38.7,29.4,16.2,13.0,81.2,14.8,3.6,9.5,28.0,17.0,64222.0,1105.0,2447.0,14205.0,456.0,1271.0,7006.0,339.0,1034.0,9.0,5.0,0.0,2.0,0.0,1.0
28075,3.9,9.5,92.7,85.0,3.2,2.0,9.6,24.0,14.4,9.5,34.9,1.1,0.6,7.1,45.8,71504.0,39.7,29.0,21.2,23.6,26.3,50817.0,Lauderdale,MS,Mississippi,2023.0,Crude prevalence,10.3,86.7,9.7,16.7,8.4,42.1,35.7,17.5,15.8,82.2,18.5,5.2,12.0,28.0,25.0,72984.0,2725.0,5270.0,5888.0,789.0,1952.0,889.0,474.0,1204.0,13.0,15.0,4.0,5.0,0.0,3.0
28077,6.3,10.0,89.0,75.6,4.4,1.6,12.4,34.2,23.8,4.6,16.5,2.2,0.2,8.8,50.6,11786.0,41.0,42.7,17.4,13.2,23.7,43531.0,Lawrence,MS,Mississippi,2023.0,Crude prevalence,10.5,85.4,11.8,18.8,9.6,46.3,40.8,18.5,17.9,81.8,21.7,5.8,13.6,28.0,3.0,12016.0,203.0,830.0,322.0,169.0,692.0,0.0,149.0,600.0,0.0,3.0,0.0,0.0,0.0,0.0
28079,6.2,12.2,88.1,74.8,3.2,2.0,15.5,34.3,18.3,8.7,23.3,2.1,0.9,6.9,29.9,21319.0,40.3,36.7,18.8,15.7,20.5,50728.0,Leake,MS,Mississippi,2023.0,Crude prevalence,10.4,85.9,9.7,17.0,8.3,42.8,38.1,17.9,16.5,81.6,19.3,5.1,13.6,28.0,6.0,21275.0,643.0,968.0,587.0,429.0,780.0,0.0,350.0,696.0,0.0,3.0,0.0,1.0,0.0,1.0
28081,4.1,8.3,92.7,85.4,3.1,1.5,10.9,20.8,13.4,6.0,29.2,1.2,1.3,9.7,44.7,83034.0,37.5,28.4,20.5,28.6,14.6,67863.0,Lee,MS,Mississippi,2023.0,Crude prevalence,9.8,87.1,7.3,13.9,6.6,36.4,32.1,16.6,13.6,81.5,15.4,3.8,10.2,28.0,23.0,83343.0,1969.0,3382.0,9442.0,1013.0,1938.0,2283.0,593.0,1184.0,9.0,6.0,3.0,6.0,0.0,6.0
28083,5.6,12.6,85.2,69.3,6.3,2.8,13.0,20.4,19.1,14.7,47.6,1.1,0.2,10.3,38.8,27141.0,34.7,27.3,23.6,21.2,31.5,35277.0,Leflore,MS,Mississippi,2023.0,Crude prevalence,11.3,85.0,10.6,20.9,8.5,43.4,41.6,18.8,17.2,84.2,20.9,6.2,14.6,28.0,8.0,28339.0,1504.0,2866.0,2113.0,489.0,1108.0,546.0,289.0,710.0,4.0,7.0,1.0,3.0,1.0,2.0
28085,2.9,9.8,90.3,86.1,1.7,1.0,12.4,28.7,17.6,5.9,25.1,2.5,1.7,5.8,39.9,34877.0,41.5,34.4,20.7,19.3,21.2,51119.0,Lincoln,MS,Mississippi,2023.0,Crude prevalence,9.9,86.4,9.2,15.7,7.8,40.5,34.9,17.4,15.4,80.7,18.0,4.6,11.1,28.0,10.0,34907.0,770.0,1552.0,2582.0,417.0,808.0,774.0,328.0,645.0,3.0,4.0,1.0,2.0,0.0,1.0
28087,3.3,7.3,91.9,87.2,3.5,1.4,10.5,21.2,15.3,6.1,38.7,0.8,0.3,8.7,39.9,57838.0,37.6,32.2,21.0,28.1,17.3,53812.0,Lowndes,MS,Mississippi,2023.0,Crude prevalence,10.1,86.6,8.0,15.5,7.2,37.5,33.2,16.9,14.2,81.8,15.9,4.5,11.0,28.0,18.0,58879.0,1403.0,3020.0,5693.0,457.0,1221.0,1355.0,239.0,667.0,7.0,8.0,1.0,2.0,0.0,0.0
28089,2.6,5.1,96.7,92.7,2.4,0.5,8.3,24.1,7.4,5.3,28.7,1.1,0.7,15.2,38.5,111647.0,39.1,17.2,17.8,49.6,11.2,83441.0,Madison,MS,Mississippi,2023.0,Crude prevalence,9.3,89.1,5.8,12.4,5.7,36.3,26.3,14.6,11.4,82.4,12.0,3.4,8.1,28.0,26.0,109145.0,2324.0,3154.0,45751.0,1355.0,1402.0,33661.0,992.0,1004.0,20.0,6.0,3.0,5.0,1.0,5.0
28091,5.0,11.7,93.5,83.5,4.0,0.8,13.5,34.3,18.3,5.5,22.8,1.0,0.7,16.2,24.2,24193.0,40.8,35.6,20.4,13.7,19.7,45110.0,Marion,MS,Mississippi,2023.0,Crude prevalence,10.3,85.6,10.6,17.2,8.8,43.5,37.3,18.1,16.9,81.3,20.4,5.3,12.8,28.0,6.0,24441.0,504.0,1188.0,3088.0,272.0,881.0,820.0,155.0,686.0,2.0,4.0,2.0,1.0,0.0,1.0
28093,6.4,12.2,89.0,80.0,2.4,2.3,11.8,29.2,15.0,5.0,20.9,3.7,0.4,11.0,49.6,33979.0,41.9,36.5,21.6,14.6,23.0,53458.0,Marshall,MS,Mississippi,2023.0,Crude prevalence,10.4,85.3,10.5,18.5,8.7,41.9,38.2,18.3,17.1,82.0,20.3,5.6,14.2,28.0,10.0,33752.0,653.0,1829.0,1394.0,455.0,1298.0,366.0,318.0,980.0,1.0,8.0,1.0,2.0,0.0,1.0
28095,6.1,9.5,90.0,86.4,3.5,3.3,9.8,25.5,17.5,5.2,23.7,0.8,0.7,7.6,43.1,33747.0,41.7,40.1,18.4,16.4,18.0,51866.0,Monroe,MS,Mississippi,2023.0,Crude prevalence,10.0,86.6,9.9,16.7,8.6,42.9,38.3,17.8,16.4,82.1,18.7,5.1,11.7,28.0,11.0,34180.0,717.0,1821.0,2920.0,390.0,1057.0,1638.0,309.0,866.0,2.0,6.0,1.0,0.0,1.0,0.0
28097,5.1,11.1,86.4,74.2,2.4,2.2,10.2,25.6,24.1,8.8,24.2,0.9,0.0,3.2,53.2,9602.0,42.2,33.5,21.6,19.4,25.2,41748.0,Montgomery,MS,Mississippi,2023.0,Crude prevalence,10.3,86.7,11.4,19.6,10.0,43.5,40.1,17.5,17.4,83.2,19.4,6.1,12.8,28.0,4.0,9822.0,363.0,831.0,276.0,193.0,359.0,30.0,165.0,293.0,0.0,4.0,0.0,0.0,0.0,0.0
28099,4.5,10.7,91.8,81.1,4.3,2.1,11.9,25.8,15.1,6.2,21.9,4.1,1.0,4.6,41.3,28932.0,37.4,33.3,21.6,17.7,23.1,57013.0,Neshoba,MS,Mississippi,2023.0,Crude prevalence,10.7,84.3,10.4,16.5,8.5,43.1,37.8,19.2,17.0,80.3,21.0,4.9,12.8,28.0,8.0,29087.0,641.0,1666.0,2384.0,442.0,1173.0,52.0,354.0,972.0,2.0,4.0,1.0,2.0,0.0,2.0
28101,4.6,9.6,90.9,76.3,2.4,1.2,12.2,27.9,15.8,5.0,20.9,2.0,2.1,0.3,31.3,21093.0,38.6,34.1,19.4,19.3,24.7,50540.0,Newton,MS,Mississippi,2023.0,Crude prevalence,10.2,85.1,9.4,15.7,8.0,40.9,34.3,18.3,15.7,80.7,18.4,4.8,11.7,28.0,6.0,21291.0,384.0,903.0,456.0,290.0,659.0,0.0,244.0,543.0,0.0,4.0,0.0,0.0,0.0,0.0
28103,7.4,16.0,84.2,69.8,4.1,4.3,15.8,26.5,16.5,9.7,27.0,0.0,0.1,6.2,57.2,10025.0,40.1,39.5,16.6,10.6,26.3,33833.0,Noxubee,MS,Mississippi,2023.0,Crude prevalence,11.1,85.5,11.0,21.2,9.2,46.4,42.1,18.7,17.8,83.2,21.3,6.5,15.2,28.0,3.0,10285.0,381.0,1235.0,674.0,285.0,776.0,179.0,262.0,694.0,0.0,3.0,1.0,2.0,0.0,2.0
28105,3.5,5.3,94.7,84.5,3.3,1.9,7.0,20.7,14.7,5.4,52.0,1.1,0.0,3.6,56.3,51771.0,25.5,22.4,12.8,47.0,25.5,46695.0,Oktibbeha,MS,Mississippi,2023.0,Crude prevalence,9.8,80.1,6.2,10.9,5.3,34.5,27.5,18.5,11.8,78.3,12.4,3.2,10.1,28.0,13.0,51788.0,1189.0,2571.0,6018.0,406.0,1160.0,2506.0,297.0,817.0,8.0,9.0,4.0,3.0,3.0,1.0
28107,4.9,12.6,85.2,78.4,3.4,3.1,12.7,29.2,16.3,6.4,28.9,1.9,0.4,14.5,37.2,32808.0,39.4,35.0,19.5,17.7,23.3,45945.0,Panola,MS,Mississippi,2023.0,Crude prevalence,10.7,85.8,10.6,18.4,8.8,46.3,39.7,18.5,16.9,82.3,20.4,5.5,13.2,28.0,11.0,33208.0,790.0,2002.0,2474.0,558.0,1548.0,756.0,427.0,1285.0,2.0,7.0,1.0,3.0,0.0,1.0
28109,5.0,6.6,92.6,85.1,3.4,2.0,12.9,35.4,14.0,3.8,19.6,1.2,1.2,6.3,41.5,57458.0,41.6,35.3,24.3,17.0,16.5,58135.0,Pearl River,MS,Mississippi,2023.0,Crude prevalence,9.6,86.1,9.3,14.4,8.1,38.0,33.0,17.2,15.5,80.5,17.6,4.4,11.2,28.0,16.0,56145.0,842.0,2939.0,7345.0,550.0,1813.0,4423.0,411.0,1420.0,4.0,8.0,1.0,3.0,1.0,0.0
28111,2.7,6.4,87.9,76.2,0.9,0.3,15.8,29.1,15.5,3.8,18.5,1.0,0.4,9.3,49.6,11449.0,43.4,45.4,23.3,12.9,18.4,49634.0,Perry,MS,Mississippi,2023.0,Crude prevalence,9.9,85.6,10.2,16.2,8.6,43.7,36.3,18.0,16.3,81.1,19.5,4.9,11.7,28.0,3.0,11511.0,178.0,462.0,686.0,149.0,389.0,332.0,135.0,358.0,0.0,3.0,1.0,0.0,0.0,0.0
28113,3.6,12.3,91.7,78.8,3.0,3.4,12.9,27.2,21.8,5.8,33.2,2.4,0.4,9.8,37.4,39602.0,37.9,35.3,20.4,15.3,27.1,43814.0,Pike,MS,Mississippi,2023.0,Crude prevalence,10.8,85.5,10.5,18.9,8.7,46.0,38.7,18.6,16.7,83.4,20.3,5.7,13.5,28.0,11.0,40324.0,877.0,2726.0,1429.0,381.0,1317.0,7.0,259.0,857.0,3.0,9.0,2.0,1.0,0.0,0.0
28115,7.5,14.0,89.5,77.5,1.8,1.4,12.2,26.2,16.9,2.2,30.2,1.5,0.8,17.7,32.9,31550.0,35.9,28.6,20.3,18.5,16.7,51484.0,Pontotoc,MS,Mississippi,2023.0,Crude prevalence,9.8,85.1,8.6,13.8,7.2,38.9,34.2,17.9,15.0,79.0,17.7,4.0,12.4,28.0,6.0,31184.0,259.0,1150.0,41.0,214.0,1037.0,0.0,156.0,811.0,0.0,2.0,0.0,0.0,0.0,0.0
28117,3.9,12.1,91.7,80.3,1.9,2.4,7.8,24.5,13.2,5.4,22.5,0.4,1.4,5.6,24.7,25184.0,38.1,30.3,20.1,19.7,16.8,49724.0,Prentiss,MS,Mississippi,2023.0,Crude prevalence,9.9,84.8,9.1,13.9,7.6,40.5,34.0,18.0,15.1,79.7,17.5,4.2,11.0,28.0,8.0,25008.0,516.0,1101.0,1778.0,324.0,790.0,653.0,264.0,676.0,2.0,4.0,1.0,0.0,0.0,0.0
28119,5.8,13.1,88.0,66.5,6.6,0.8,12.5,32.9,12.7,10.9,35.3,2.0,0.1,3.0,39.7,5774.0,41.2,33.1,17.8,17.1,29.6,32412.0,Quitman,MS,Mississippi,2023.0,Crude prevalence,11.6,85.1,12.4,22.8,9.7,51.2,45.1,19.4,18.7,83.8,23.2,7.0,15.4,28.0,3.0,6176.0,288.0,568.0,32.0,133.0,243.0,0.0,121.0,219.0,0.0,3.0,0.0,0.0,0.0,0.0
28121,3.4,6.4,96.8,92.1,2.8,1.8,8.2,26.6,6.6,3.2,23.2,0.8,0.5,9.7,40.4,158854.0,39.6,22.2,22.5,33.5,9.8,79357.0,Rankin,MS,Mississippi,2023.0,Crude prevalence,9.1,88.1,6.4,12.1,6.0,36.6,27.2,15.5,12.4,80.8,13.1,3.4,8.9,28.0,37.0,157031.0,1946.0,3326.0,44372.0,1324.0,1832.0,21675.0,864.0,1017.0,20.0,8.0,4.0,6.0,3.0,4.0
28123,8.7,12.4,91.3,77.9,3.0,1.3,13.1,25.3,15.6,6.4,28.7,2.6,0.5,6.4,33.0,27718.0,35.9,32.6,25.0,13.5,22.2,48786.0,Scott,MS,Mississippi,2023.0,Crude prevalence,10.4,84.8,10.5,18.3,8.6,43.4,40.9,18.7,17.5,80.7,20.6,5.4,16.5,28.0,8.0,27990.0,617.0,1457.0,160.0,355.0,1038.0,0.0,281.0,882.0,0.0,4.0,0.0,1.0,0.0,1.0
28125,6.4,13.5,89.6,48.6,5.0,3.7,16.9,18.9,13.8,8.0,33.5,0.1,1.5,7.5,33.4,3872.0,38.4,44.3,13.1,16.1,30.9,40000.0,Sharkey,MS,Mississippi,2023.0,Crude prevalence,11.3,86.6,13.3,25.2,11.3,50.3,46.6,18.4,19.4,84.9,22.8,7.8,15.2,28.0,2.0,3800.0,114.0,346.0,206.0,58.0,153.0,98.0,47.0,120.0,0.0,2.0,0.0,0.0,0.0,0.0
28127,6.6,10.0,91.2,82.3,2.3,1.5,10.1,31.9,18.4,4.0,18.6,0.9,1.0,8.2,35.6,25691.0,40.6,35.1,20.6,16.7,20.0,56381.0,Simpson,MS,Mississippi,2023.0,Crude prevalence,10.1,86.6,9.4,16.2,8.1,40.2,35.1,17.5,15.6,81.8,18.1,4.9,11.9,28.0,9.0,25949.0,386.0,1186.0,103.0,240.0,705.0,0.0,202.0,580.0,0.0,5.0,0.0,0.0,0.0,0.0
28129,5.2,9.7,91.4,64.2,2.2,0.2,11.4,30.7,16.7,4.8,12.6,1.4,1.1,3.9,44.2,14132.0,43.5,39.8,19.8,15.6,17.0,60916.0,Smith,MS,Mississippi,2023.0,Crude prevalence,10.2,85.8,11.0,16.9,9.3,43.6,37.6,17.9,16.8,81.4,19.8,5.3,12.5,28.0,5.0,14209.0,267.0,506.0,1237.0,252.0,454.0,166.0,240.0,416.0,0.0,1.0,0.0,1.0,0.0,1.0
28131,3.7,9.1,94.8,80.9,4.7,1.6,12.9,31.8,12.6,6.1,19.3,4.5,0.8,14.1,34.8,18894.0,39.5,33.9,23.3,17.2,16.9,61413.0,Stone,MS,Mississippi,2023.0,Crude prevalence,9.7,85.5,8.6,14.0,7.4,41.0,33.2,17.5,14.8,80.2,17.1,4.1,10.8,28.0,5.0,18333.0,411.0,1040.0,1935.0,253.0,791.0,359.0,183.0,654.0,0.0,3.0,1.0,2.0,0.0,2.0
28133,7.9,16.6,91.5,74.5,5.7,3.4,11.4,20.2,14.7,8.9,45.1,1.2,0.0,14.5,44.9,24333.0,37.1,29.2,19.1,16.0,28.9,39956.0,Sunflower,MS,Mississippi,2023.0,Crude prevalence,10.8,83.3,10.1,19.3,8.1,48.6,41.8,18.9,16.8,82.5,21.4,5.8,16.2,28.0,7.0,25971.0,715.0,2657.0,2783.0,283.0,1001.0,0.0,244.0,850.0,2.0,6.0,1.0,1.0,0.0,1.0
28135,6.8,12.1,88.8,68.8,5.1,1.6,14.9,28.8,21.8,10.2,35.5,1.0,0.0,2.5,40.6,11764.0,39.7,35.1,20.8,11.7,24.6,37466.0,Tallahatchie,MS,Mississippi,2023.0,Crude prevalence,10.3,84.1,10.2,18.9,8.6,44.9,40.7,18.1,16.9,81.2,20.7,5.7,15.8,28.0,4.0,12715.0,441.0,990.0,651.0,326.0,631.0,389.0,311.0,593.0,0.0,4.0,1.0,2.0,0.0,2.0
28137,5.6,9.9,92.7,84.6,2.7,1.6,11.1,33.8,5.8,3.0,24.0,2.8,0.7,5.0,49.7,28321.0,38.5,31.3,18.7,23.6,16.9,69704.0,Tate,MS,Mississippi,2023.0,Crude prevalence,9.8,85.6,8.1,14.2,7.1,36.1,32.8,17.3,14.6,80.4,16.4,4.1,11.1,28.0,6.0,28064.0,336.0,1147.0,846.0,269.0,726.0,241.0,242.0,629.0,1.0,3.0,1.0,2.0,0.0,1.0
28139,6.6,12.4,91.5,82.5,3.3,0.2,11.9,25.2,19.5,2.2,25.2,1.3,1.1,9.6,26.1,21523.0,40.0,29.0,23.2,17.9,18.9,52542.0,Tippah,MS,Mississippi,2023.0,Crude prevalence,9.8,84.9,9.8,15.3,8.1,43.3,35.9,18.2,16.0,80.4,18.7,4.6,12.4,28.0,6.0,21815.0,174.0,731.0,313.0,138.0,560.0,0.0,117.0,473.0,0.0,3.0,0.0,0.0,0.0,0.0
28141,6.8,8.4,91.9,79.3,1.7,0.8,9.6,23.5,16.5,4.8,20.5,0.8,0.2,7.2,40.8,18660.0,43.4,35.5,20.2,17.8,18.0,53040.0,Tishomingo,MS,Mississippi,2023.0,Crude prevalence,9.7,85.7,10.7,15.0,9.0,39.5,35.2,17.5,16.8,80.3,19.0,4.7,11.6,28.0,7.0,18850.0,422.0,790.0,33.0,244.0,589.0,0.0,183.0,525.0,0.0,4.0,0.0,2.0,0.0,0.0
28143,4.4,14.3,88.3,78.7,8.1,3.5,13.1,29.4,21.0,10.7,60.5,2.8,4.0,5.6,52.3,9475.0,36.3,35.0,22.2,13.7,31.1,39364.0,Tunica,MS,Mississippi,2023.0,Crude prevalence,11.7,84.1,11.2,21.4,8.5,51.0,45.1,20.3,18.0,83.3,23.5,6.3,16.1,28.0,4.0,9782.0,407.0,1077.0,43.0,203.0,587.0,0.0,178.0,525.0,0.0,2.0,0.0,2.0,0.0,1.0
28145,7.9,12.2,92.7,83.8,2.5,1.6,11.1,23.0,19.6,5.4,25.3,1.1,1.3,8.9,34.4,28122.0,38.3,31.0,18.2,19.1,15.1,55505.0,Union,MS,Mississippi,2023.0,Crude prevalence,9.8,85.0,9.3,14.1,7.7,41.6,33.5,17.9,15.8,79.4,18.5,4.3,12.8,28.0,6.0,27777.0,527.0,712.0,3353.0,413.0,511.0,1279.0,347.0,382.0,2.0,1.0,0.0,2.0,0.0,2.0
28147,4.6,14.9,89.0,81.6,3.3,2.6,7.7,36.5,23.5,5.0,19.7,1.6,0.7,4.5,36.4,13839.0,41.4,36.3,19.3,12.9,18.8,48905.0,Walthall,MS,Mississippi,2023.0,Crude prevalence,10.3,86.3,10.4,17.8,9.0,43.1,37.7,17.7,16.8,82.2,19.3,5.5,13.0,28.0,5.0,13884.0,262.0,1103.0,48.0,138.0,922.0,0.0,99.0,843.0,0.0,2.0,0.0,0.0,0.0,0.0
28149,3.3,8.4,94.0,84.2,2.8,1.3,9.4,21.4,22.2,6.0,30.1,1.7,0.8,4.6,40.8,43020.0,40.8,27.7,21.0,28.8,19.5,59401.0,Warren,MS,Mississippi,2023.0,Crude prevalence,10.1,87.9,8.2,16.2,7.5,43.8,32.9,16.2,14.4,83.1,16.1,4.7,10.5,28.0,13.0,44722.0,1011.0,2203.0,6887.0,225.0,908.0,2853.0,103.0,608.0,7.0,6.0,2.0,2.0,1.0,0.0
28151,6.9,11.3,86.4,50.2,3.3,2.8,11.6,19.6,18.0,11.9,39.8,1.3,0.4,12.6,44.5,42765.0,38.0,32.1,18.4,22.4,26.4,42165.0,Washington,MS,Mississippi,2023.0,Crude prevalence,11.3,86.1,11.1,21.0,9.1,44.2,40.8,18.3,17.4,83.4,20.7,6.5,14.4,28.0,19.0,44922.0,2036.0,3017.0,3981.0,304.0,638.0,1240.0,139.0,381.0,11.0,15.0,3.0,1.0,0.0,1.0
28153,6.6,8.0,89.8,82.9,3.8,4.0,15.2,32.2,16.0,6.0,14.7,0.7,0.0,13.8,59.2,19718.0,39.4,38.8,20.0,16.0,22.8,37619.0,Wayne,MS,Mississippi,2023.0,Crude prevalence,10.5,85.4,10.7,17.8,9.0,44.2,38.0,18.3,17.0,81.6,20.2,5.5,13.2,28.0,7.0,19779.0,462.0,1605.0,1325.0,432.0,1041.0,205.0,409.0,838.0,0.0,5.0,1.0,2.0,0.0,2.0
28155,4.5,9.4,91.4,85.9,3.8,2.0,10.8,28.7,20.4,5.4,23.9,2.3,0.0,18.6,29.0,9972.0,39.7,36.9,14.9,20.9,16.4,58789.0,Webster,MS,Mississippi,2023.0,Crude prevalence,9.7,86.5,8.5,13.7,7.3,36.5,32.2,16.7,14.7,80.6,16.9,4.1,10.7,28.0,3.0,9926.0,218.0,704.0,448.0,126.0,471.0,100.0,105.0,415.0,0.0,1.0,0.0,0.0,0.0,0.0
28157,2.8,11.1,81.3,76.0,5.2,1.4,15.9,38.3,30.9,7.7,21.6,0.2,0.8,5.7,52.7,8162.0,40.9,44.7,20.8,8.8,27.4,35311.0,Wilkinson,MS,Mississippi,2023.0,Crude prevalence,10.5,85.5,10.5,20.6,9.1,47.4,41.8,17.8,16.9,83.1,20.6,6.2,14.3,28.0,3.0,8587.0,246.0,589.0,1302.0,189.0,432.0,135.0,178.0,405.0,0.0,2.0,1.0,1.0,0.0,0.0
28159,3.3,11.6,86.8,75.4,3.4,1.4,10.5,25.0,13.2,7.9,27.0,2.2,0.4,10.7,39.4,17536.0,42.8,36.2,20.3,19.7,26.9,53031.0,Winston,MS,Mississippi,2023.0,Crude prevalence,10.3,86.2,11.0,19.5,9.6,41.7,37.9,17.7,16.8,83.4,19.8,5.9,13.1,28.0,5.0,17714.0,565.0,1321.0,1105.0,415.0,973.0,413.0,336.0,779.0,0.0,3.0,0.0,2.0,0.0,2.0
28161,5.8,10.8,89.0,81.0,3.1,1.7,11.5,30.5,23.2,5.8,30.7,1.0,0.6,10.6,32.7,12419.0,42.6,38.9,20.2,15.6,21.5,49151.0,Yalobusha,MS,Mississippi,2023.0,Crude prevalence,10.3,86.2,11.4,19.0,9.6,40.1,39.8,17.8,17.4,82.2,20.7,5.8,13.2,28.0,4.0,12481.0,290.0,588.0,108.0,217.0,374.0,0.0,191.0,300.0,0.0,3.0,0.0,2.0,0.0,0.0
28163,7.3,16.2,86.6,73.1,4.1,4.1,11.4,25.8,16.4,18.2,44.7,3.3,1.1,9.9,45.6,24835.0,38.6,34.4,21.0,15.3,30.8,39295.0,Yazoo,MS,Mississippi,2023.0,Crude prevalence,10.4,82.3,10.7,18.5,8.3,50.5,42.6,19.4,17.4,80.1,23.5,5.5,18.6,28.0,7.0,26743.0,1598.0,2280.0,4040.0,483.0,853.0,921.0,194.0,484.0,3.0,4.0,4.0,2.0,0.0,2.0
29001,3.0,3.6,92.6,80.8,2.2,2.0,10.3,15.3,19.9,7.3,39.0,1.3,0.6,7.9,32.5,25301.0,30.2,34.7,17.1,35.5,22.0,61536.0,Adair,MO,Missouri,2023.0,Crude prevalence,10.9,78.3,7.5,10.0,6.1,34.7,28.1,19.7,13.5,76.3,14.3,3.1,8.2,29.0,8.0,25314.0,665.0,818.0,3105.0,221.0,229.0,1434.0,173.0,172.0,5.0,5.0,1.0,2.0,1.0,0.0
29003,1.0,3.6,95.6,85.6,2.3,2.0,5.7,21.5,7.5,2.2,23.3,0.4,0.1,16.6,22.1,18065.0,42.5,39.2,20.4,28.8,6.2,75625.0,Andrew,MO,Missouri,2023.0,Crude prevalence,10.3,85.8,8.1,11.6,7.1,36.0,27.3,16.5,14.2,78.5,15.4,3.6,7.7,29.0,5.0,18135.0,155.0,339.0,6068.0,111.0,296.0,3724.0,85.0,264.0,2.0,0.0,0.0,0.0,0.0,0.0
29005,2.6,5.9,94.7,87.5,1.4,2.6,11.2,20.3,16.1,3.1,23.2,1.9,0.0,6.9,20.1,5187.0,46.7,42.2,20.6,22.2,11.6,58750.0,Atchison,MO,Missouri,2023.0,Crude prevalence,10.5,85.7,10.9,14.9,9.4,41.6,34.0,16.9,16.6,80.2,18.0,4.7,8.9,29.0,2.0,5305.0,72.0,132.0,532.0,48.0,88.0,104.0,46.0,83.0,0.0,1.0,0.0,0.0,0.0,0.0
29007,5.1,6.8,91.7,85.6,2.3,2.6,13.7,21.7,12.7,7.4,28.2,1.5,0.8,8.9,39.0,24548.0,40.2,39.9,21.6,16.8,17.8,59448.0,Audrain,MO,Missouri,2023.0,Crude prevalence,11.2,83.0,10.7,14.1,8.3,40.0,34.8,19.3,17.1,78.9,20.2,4.4,10.0,29.0,7.0,24962.0,682.0,1130.0,4641.0,374.0,521.0,2426.0,262.0,288.0,3.0,4.0,1.0,3.0,1.0,2.0
29009,4.6,9.3,92.1,84.5,2.6,1.6,12.1,23.7,21.8,4.4,22.7,1.7,1.9,7.3,35.7,35033.0,43.4,43.0,19.9,14.6,15.2,58346.0,Barry,MO,Missouri,2023.0,Crude prevalence,10.7,83.7,11.3,15.0,9.2,37.8,36.6,18.1,17.7,78.3,20.2,4.7,12.0,29.0,10.0,34534.0,588.0,1465.0,2024.0,421.0,1061.0,625.0,372.0,932.0,2.0,7.0,1.0,0.0,0.0,0.0
29011,4.3,8.2,91.0,82.7,1.8,1.3,9.3,23.9,15.7,8.8,31.9,0.2,0.5,7.6,39.9,11690.0,41.1,42.6,16.5,17.4,20.2,51635.0,Barton,MO,Missouri,2023.0,Crude prevalence,11.2,82.6,12.2,15.2,9.5,40.7,35.8,19.1,18.3,78.6,21.6,4.9,10.9,29.0,3.0,11637.0,390.0,823.0,837.0,219.0,463.0,227.0,153.0,326.0,0.0,2.0,0.0,1.0,0.0,1.0
29013,2.6,7.2,92.4,85.0,3.5,1.9,11.3,32.8,14.4,7.5,25.1,1.8,0.2,10.4,41.0,16186.0,41.4,47.6,19.8,14.8,15.9,60733.0,Bates,MO,Missouri,2023.0,Crude prevalence,10.9,83.1,10.7,13.8,8.5,41.2,34.0,18.9,16.8,78.2,20.5,4.4,10.1,29.0,4.0,16042.0,463.0,687.0,1842.0,244.0,315.0,207.0,222.0,277.0,0.0,3.0,2.0,1.0,0.0,0.0
29015,3.2,8.0,90.4,83.3,1.6,1.4,9.2,31.5,36.9,4.2,16.2,0.9,0.7,6.6,43.3,20151.0,54.5,41.0,23.8,15.0,19.9,52567.0,Benton,MO,Missouri,2023.0,Crude prevalence,10.6,87.1,12.4,16.7,10.9,38.9,34.7,16.3,18.0,81.8,19.3,5.4,9.2,29.0,8.0,19394.0,364.0,1070.0,2120.0,317.0,907.0,21.0,289.0,813.0,0.0,6.0,1.0,0.0,0.0,0.0
29017,1.4,7.8,90.0,81.3,2.1,2.4,7.3,35.5,21.9,3.6,17.7,0.9,0.1,3.0,41.7,10559.0,44.5,51.1,17.5,13.9,13.6,63814.0,Bollinger,MO,Missouri,2023.0,Crude prevalence,10.8,83.9,11.2,14.1,8.9,39.3,34.7,18.4,17.3,79.1,20.6,4.6,9.9,29.0,3.0,10567.0,141.0,361.0,828.0,127.0,301.0,72.0,121.0,281.0,0.0,1.0,0.0,0.0,0.0,0.0
29019,1.9,2.8,97.8,91.3,2.5,1.0,5.9,18.7,6.3,5.9,42.3,1.0,0.6,7.6,41.4,188043.0,32.7,20.1,16.5,51.5,16.6,72758.0,Boone,MO,Missouri,2023.0,Crude prevalence,10.4,81.3,6.0,9.5,5.2,29.8,23.8,17.3,11.9,76.6,12.2,2.7,7.5,29.0,40.0,183610.0,4521.0,5088.0,34003.0,1225.0,1942.0,13840.0,669.0,1150.0,26.0,15.0,6.0,8.0,3.0,2.0
29021,2.9,6.7,94.1,86.0,2.5,4.5,11.2,17.8,13.1,8.5,33.7,1.7,0.4,10.2,40.2,83568.0,38.9,38.2,22.0,23.9,16.0,62158.0,Buchanan,MO,Missouri,2023.0,Crude prevalence,10.9,82.8,9.3,13.0,7.6,42.9,32.7,18.4,15.6,77.9,18.6,3.9,10.6,29.0,26.0,84793.0,2837.0,4864.0,8479.0,330.0,599.0,2215.0,163.0,308.0,22.0,16.0,2.0,2.0,0.0,0.0
29023,3.8,11.3,89.7,84.4,2.6,1.9,13.0,21.0,14.0,8.3,35.4,1.7,0.7,8.5,41.8,42020.0,39.5,39.3,20.5,15.8,20.5,49089.0,Butler,MO,Missouri,2023.0,Crude prevalence,11.6,81.9,11.8,15.3,9.0,41.1,37.7,20.2,18.5,78.4,22.1,4.8,11.3,29.0,12.0,42130.0,1384.0,3366.0,4481.0,628.0,1601.0,1784.0,426.0,1118.0,6.0,9.0,2.0,3.0,1.0,1.0
29025,2.8,5.3,90.0,81.3,1.7,3.3,9.6,32.4,11.8,5.0,21.8,0.5,0.5,6.5,14.3,8927.0,43.2,40.3,22.3,19.9,10.3,64806.0,Caldwell,MO,Missouri,2023.0,Crude prevalence,10.7,84.1,9.8,13.0,8.1,38.9,32.6,17.9,16.0,78.5,18.5,4.1,9.2,29.0,3.0,8815.0,187.0,316.0,535.0,150.0,263.0,322.0,141.0,251.0,0.0,2.0,0.0,0.0,0.0,0.0
29027,2.0,6.8,94.3,90.2,3.0,2.7,8.4,24.0,11.6,5.7,24.5,0.8,0.3,6.4,30.9,44741.0,39.4,35.8,21.6,24.6,11.6,74176.0,Callaway,MO,Missouri,2023.0,Crude prevalence,10.6,83.6,8.4,11.9,7.1,36.9,29.0,17.7,14.4,77.7,16.7,3.6,8.6,29.0,11.0,44283.0,939.0,1441.0,6883.0,492.0,968.0,3746.0,371.0,839.0,3.0,2.0,2.0,3.0,2.0,2.0
29029,1.5,5.4,94.6,86.6,2.2,2.2,10.4,22.1,55.3,2.8,17.5,0.9,0.4,8.4,31.5,43667.0,53.2,34.9,23.8,26.2,12.6,66387.0,Camden,MO,Missouri,2023.0,Crude prevalence,10.3,87.8,10.2,14.7,9.4,35.6,31.7,15.5,16.0,81.8,16.4,4.6,7.9,29.0,19.0,42745.0,498.0,1469.0,12466.0,413.0,1179.0,7552.0,341.0,983.0,6.0,6.0,1.0,1.0,0.0,1.0
29031,1.8,5.5,94.3,89.5,1.5,1.2,7.4,19.5,10.1,5.9,33.2,0.7,0.5,8.7,36.8,82735.0,37.1,32.4,20.6,33.1,13.9,68464.0,Cape Girardeau,MO,Missouri,2023.0,Crude prevalence,10.5,83.3,7.7,11.2,6.6,34.7,28.4,17.9,13.9,78.7,14.9,3.4,8.2,29.0,19.0,81710.0,1924.0,3166.0,16235.0,731.0,1540.0,7980.0,484.0,1087.0,12.0,6.0,4.0,5.0,2.0,3.0
29033,2.0,7.9,91.2,77.4,2.5,1.7,8.1,25.0,19.6,3.4,28.1,0.0,0.3,12.6,22.7,8411.0,43.6,45.4,19.3,19.3,13.7,62154.0,Carroll,MO,Missouri,2023.0,Crude prevalence,10.6,84.7,10.3,13.9,8.6,38.6,33.7,17.7,16.4,79.1,18.3,4.4,9.3,29.0,3.0,8495.0,118.0,317.0,751.0,74.0,192.0,121.0,58.0,149.0,0.0,2.0,0.0,0.0,0.0,0.0
29035,2.8,16.6,90.9,83.1,2.2,0.5,14.6,24.8,23.8,13.2,39.3,0.1,0.0,16.6,33.4,5297.0,38.9,44.5,15.2,10.1,20.8,50000.0,Carter,MO,Missouri,2023.0,Crude prevalence,11.3,82.7,12.7,15.7,9.7,40.0,37.0,19.4,18.8,79.3,22.6,5.0,10.9,29.0,2.0,5202.0,270.0,404.0,326.0,208.0,312.0,43.0,168.0,254.0,0.0,1.0,0.0,1.0,0.0,1.0
29037,1.8,4.0,95.9,92.5,2.8,1.3,7.7,28.0,5.7,3.9,24.4,1.4,0.1,12.9,33.2,110773.0,40.4,30.6,25.2,29.6,6.2,87535.0,Cass,MO,Missouri,2023.0,Crude prevalence,10.1,85.7,7.3,11.5,6.4,38.0,26.3,16.7,13.2,78.4,14.9,3.3,8.0,29.0,24.0,107824.0,1669.0,2299.0,35537.0,816.0,1109.0,24026.0,563.0,764.0,16.0,6.0,5.0,5.0,2.0,3.0
29039,4.5,6.3,90.3,82.4,1.3,2.9,14.8,25.1,16.9,6.6,25.9,2.2,0.6,11.4,34.8,14615.0,43.0,42.1,19.8,19.0,17.0,48181.0,Cedar,MO,Missouri,2023.0,Crude prevalence,10.9,83.7,12.2,15.6,9.9,39.8,35.3,18.3,18.0,79.3,20.3,5.0,10.2,29.0,4.0,14188.0,382.0,705.0,1039.0,218.0,443.0,375.0,178.0,380.0,0.0,3.0,1.0,1.0,0.0,1.0
29041,2.3,5.4,93.7,86.0,2.1,1.0,4.8,22.7,29.2,4.4,16.5,0.9,0.3,11.4,24.1,7390.0,44.7,42.7,18.9,22.6,8.8,71520.0,Chariton,MO,Missouri,2023.0,Crude prevalence,10.5,85.3,10.4,14.0,9.1,38.3,32.1,17.1,16.3,79.9,17.8,4.6,8.9,29.0,3.0,7408.0,118.0,189.0,1442.0,85.0,138.0,730.0,77.0,127.0,0.0,0.0,0.0,0.0,0.0,0.0
29043,1.3,4.8,97.0,91.6,2.2,1.2,7.6,25.5,4.1,3.0,24.1,1.8,0.7,7.3,33.3,92915.0,39.2,26.7,24.8,32.7,8.2,83437.0,Christian,MO,Missouri,2023.0,Crude prevalence,10.3,85.7,7.2,10.7,6.3,36.3,26.5,16.8,13.5,78.6,14.8,3.2,7.4,29.0,19.0,88842.0,1041.0,2235.0,16649.0,546.0,1276.0,7801.0,371.0,912.0,8.0,2.0,1.0,0.0,0.0,0.0
29045,0.8,7.9,85.2,75.4,2.7,0.5,10.9,25.3,25.1,4.9,21.7,2.0,0.0,2.6,33.9,6675.0,43.5,48.7,20.2,14.9,11.2,51781.0,Clark,MO,Missouri,2023.0,Crude prevalence,10.8,83.6,11.7,14.9,9.5,41.7,35.4,18.5,17.7,78.8,21.0,4.8,9.9,29.0,3.0,6634.0,118.0,188.0,1053.0,74.0,136.0,164.0,64.0,123.0,0.0,2.0,1.0,0.0,0.0,0.0
29047,1.9,3.8,96.1,91.2,2.6,1.7,7.6,22.8,5.2,4.7,30.5,1.0,0.5,8.8,36.4,258122.0,37.9,26.8,22.2,36.5,8.5,88468.0,Clay,MO,Missouri,2023.0,Crude prevalence,10.3,85.2,6.4,10.8,5.8,37.4,24.5,16.5,12.6,77.2,14.2,3.0,8.0,29.0,55.0,253335.0,4755.0,6168.0,79938.0,1227.0,1776.0,38913.0,480.0,911.0,48.0,14.0,7.0,9.0,1.0,5.0
29049,1.8,5.7,92.9,86.0,1.8,2.5,8.8,28.6,8.2,4.4,24.3,1.6,1.2,7.7,26.5,21414.0,42.0,38.7,23.5,22.1,12.3,70627.0,Clinton,MO,Missouri,2023.0,Crude prevalence,10.4,85.1,8.6,12.0,7.5,39.5,30.3,17.3,15.0,78.3,17.0,3.8,8.2,29.0,5.0,21184.0,369.0,646.0,1324.0,248.0,362.0,356.0,207.0,279.0,1.0,1.0,1.0,0.0,0.0,0.0
29051,1.6,4.1,96.1,89.5,1.8,1.0,5.8,17.9,7.3,5.5,32.1,0.8,0.3,6.8,27.8,77032.0,39.9,29.2,18.0,38.9,9.0,74876.0,Cole,MO,Missouri,2023.0,Crude prevalence,10.2,85.5,7.1,11.0,6.3,36.6,27.4,16.4,13.1,79.2,13.9,3.3,7.6,29.0,18.0,77279.0,1712.0,1847.0,18533.0,455.0,626.0,8072.0,264.0,354.0,12.0,2.0,0.0,3.0,0.0,0.0
29053,3.6,6.0,92.4,87.5,2.5,2.8,8.7,27.0,14.4,4.6,24.3,0.5,0.4,4.7,32.2,16824.0,40.5,38.9,17.4,24.0,11.7,70625.0,Cooper,MO,Missouri,2023.0,Crude prevalence,10.4,84.5,8.6,12.2,7.3,37.5,30.7,17.3,14.7,78.3,16.6,3.8,8.7,29.0,5.0,17103.0,287.0,420.0,4065.0,171.0,274.0,1630.0,130.0,213.0,3.0,2.0,2.0,0.0,1.0,0.0
29055,4.1,10.0,93.5,81.5,2.6,1.9,12.9,29.1,16.1,4.7,30.8,1.3,1.0,8.7,30.0,22797.0,43.0,41.2,20.3,14.1,14.1,57629.0,Crawford,MO,Missouri,2023.0,Crude prevalence,10.9,83.5,11.0,14.1,8.7,41.9,33.7,18.5,17.0,78.6,20.3,4.4,10.2,29.0,8.0,23056.0,450.0,1163.0,1149.0,336.0,871.0,6.0,276.0,717.0,0.0,4.0,0.0,1.0,0.0,0.0
29057,2.1,7.1,89.8,82.3,1.8,1.4,10.2,27.1,19.0,6.3,23.0,0.3,0.7,7.9,23.5,7641.0,47.0,42.4,24.2,15.1,12.6,53750.0,Dade,MO,Missouri,2023.0,Crude prevalence,11.0,84.7,12.2,16.0,10.0,40.7,35.2,18.1,18.1,80.1,20.9,5.1,9.6,29.0,2.0,7569.0,192.0,451.0,772.0,153.0,354.0,218.0,140.0,316.0,0.0,1.0,0.0,0.0,0.0,0.0
29059,3.8,6.9,91.5,81.9,1.9,2.9,15.9,33.3,11.1,4.1,24.1,1.2,0.6,3.6,31.5,17551.0,41.7,46.0,20.8,16.4,20.5,53464.0,Dallas,MO,Missouri,2023.0,Crude prevalence,11.0,83.0,11.7,14.9,9.1,39.5,35.0,18.8,17.7,78.4,21.4,4.7,10.2,29.0,4.0,17071.0,276.0,1137.0,131.0,235.0,801.0,0.0,220.0,724.0,0.0,3.0,0.0,1.0,0.0,1.0
29061,8.4,7.3,86.1,77.6,0.8,2.1,17.1,34.9,26.7,9.4,20.9,3.3,1.9,4.6,25.7,8477.0,40.3,38.2,18.5,18.4,11.4,63984.0,Daviess,MO,Missouri,2023.0,Crude prevalence,10.9,83.5,11.2,14.2,9.1,38.4,33.8,18.2,17.0,78.6,19.6,4.6,10.1,29.0,2.0,8430.0,284.0,249.0,439.0,235.0,201.0,84.0,219.0,187.0,0.0,0.0,0.0,1.0,0.0,1.0
29063,3.0,7.6,90.1,82.7,1.1,2.3,6.7,31.1,12.6,4.1,28.9,0.2,0.0,8.9,18.0,10876.0,42.2,41.5,24.1,16.4,8.7,69826.0,DeKalb,MO,Missouri,2023.0,Crude prevalence,10.4,84.3,9.0,12.5,7.8,38.9,30.3,17.2,15.3,78.5,17.4,4.0,9.3,29.0,3.0,11029.0,152.0,290.0,254.0,133.0,259.0,33.0,80.0,134.0,0.0,0.0,0.0,0.0,0.0,0.0
29065,5.7,10.7,87.8,76.8,2.4,1.7,15.6,21.0,17.6,6.1,24.1,1.6,1.4,18.2,22.8,14539.0,43.5,39.0,21.3,16.5,12.2,56312.0,Dent,MO,Missouri,2023.0,Crude prevalence,10.8,84.2,11.2,14.6,9.2,39.5,34.1,17.9,17.3,79.4,19.9,4.7,9.8,29.0,4.0,14421.0,341.0,955.0,3140.0,202.0,497.0,655.0,183.0,435.0,2.0,3.0,2.0,1.0,0.0,1.0
29067,4.2,9.2,91.3,81.4,3.0,3.5,11.4,27.2,13.7,4.7,19.4,2.0,1.0,11.2,29.6,11965.0,45.5,35.9,26.9,14.9,17.5,45985.0,Douglas,MO,Missouri,2023.0,Crude prevalence,11.1,84.5,11.7,15.3,9.6,38.0,34.8,18.0,17.7,79.8,20.1,4.9,10.1,29.0,3.0,11578.0,220.0,671.0,2156.0,143.0,538.0,794.0,121.0,499.0,0.0,3.0,2.0,0.0,1.0,0.0
29069,6.4,12.5,91.1,88.5,2.5,1.8,15.1,23.1,16.3,8.5,37.7,1.2,1.7,6.5,32.9,27493.0,39.7,40.8,17.0,13.2,22.0,47849.0,Dunklin,MO,Missouri,2023.0,Crude prevalence,11.4,82.0,12.3,16.0,9.3,46.2,42.4,20.0,19.3,78.4,22.8,5.0,12.9,29.0,10.0,28283.0,959.0,2765.0,2450.0,385.0,1177.0,751.0,276.0,874.0,3.0,8.0,2.0,0.0,0.0,0.0
29071,2.7,6.6,94.7,90.0,2.7,1.5,6.9,28.3,7.1,3.8,23.5,0.8,0.5,8.5,31.6,105950.0,41.8,33.1,23.1,23.7,8.2,73165.0,Franklin,MO,Missouri,2023.0,Crude prevalence,10.4,85.2,8.5,12.2,7.3,39.6,29.4,17.1,14.8,78.9,16.4,3.7,8.1,29.0,28.0,104682.0,1640.0,3050.0,12596.0,847.0,1876.0,7322.0,686.0,1526.0,8.0,10.0,3.0,2.0,2.0,1.0
29073,2.9,6.1,92.9,85.2,2.0,1.3,5.8,27.2,20.0,5.7,19.1,2.3,0.7,8.4,33.2,14746.0,46.8,40.0,22.7,18.1,12.6,64232.0,Gasconade,MO,Missouri,2023.0,Crude prevalence,10.6,85.6,10.0,13.5,8.6,39.3,30.5,17.2,15.9,79.8,17.6,4.3,8.4,29.0,5.0,14794.0,345.0,625.0,1990.0,208.0,413.0,399.0,169.0,347.0,0.0,1.0,0.0,0.0,0.0,0.0
29075,5.2,5.2,91.8,84.8,1.3,4.2,13.9,22.4,17.0,5.4,25.6,1.4,0.7,8.3,23.6,6245.0,40.2,46.2,15.2,21.6,17.9,55848.0,Gentry,MO,Missouri,2023.0,Crude prevalence,10.8,83.6,10.1,13.2,8.0,41.2,33.1,18.2,16.2,77.8,19.3,4.1,9.6,29.0,2.0,6162.0,130.0,214.0,775.0,85.0,142.0,321.0,77.0,130.0,0.0,2.0,1.0,0.0,0.0,0.0
29077,1.6,4.4,96.1,86.7,2.2,1.6,10.4,19.6,5.8,6.4,42.5,1.1,0.4,10.0,36.2,303375.0,36.4,27.8,24.1,33.6,13.6,61479.0,Greene,MO,Missouri,2023.0,Crude prevalence,10.7,82.8,7.8,11.0,6.5,36.7,26.1,18.1,14.2,77.5,15.4,3.4,8.4,29.0,78.0,298915.0,8336.0,13120.0,53646.0,1203.0,2037.0,26060.0,687.0,1143.0,66.0,38.0,6.0,6.0,1.0,2.0
29079,6.0,7.4,85.6,77.6,1.7,3.1,16.2,17.8,19.2,11.3,30.3,1.7,0.2,3.6,31.8,9787.0,40.6,39.8,19.5,16.7,17.6,51975.0,Grundy,MO,Missouri,2023.0,Crude prevalence,10.8,83.5,11.2,14.3,9.2,39.0,34.9,18.2,17.3,79.1,19.4,4.7,10.2,29.0,4.0,9808.0,442.0,458.0,2021.0,231.0,225.0,996.0,195.0,188.0,2.0,2.0,1.0,2.0,1.0,1.0
29081,3.3,6.2,88.9,83.4,1.4,3.8,13.6,22.9,20.3,6.5,28.6,0.6,0.9,6.7,39.9,8190.0,41.8,46.1,19.4,15.7,19.6,54367.0,Harrison,MO,Missouri,2023.0,Crude prevalence,10.7,83.9,11.5,14.7,9.4,39.3,34.8,18.3,17.4,79.4,19.7,4.8,9.9,29.0,3.0,8157.0,208.0,437.0,1615.0,170.0,294.0,971.0,159.0,270.0,0.0,2.0,0.0,1.0,0.0,1.0
29083,2.4,7.5,92.7,84.7,2.4,1.9,9.5,21.8,14.0,4.9,25.0,2.2,0.3,15.5,37.7,22328.0,43.7,43.8,20.9,16.3,14.3,57926.0,Henry,MO,Missouri,2023.0,Crude prevalence,10.8,84.2,11.1,14.4,9.1,38.5,33.8,18.2,17.1,79.2,19.7,4.6,9.8,29.0,6.0,21946.0,450.0,1000.0,2112.0,181.0,456.0,569.0,125.0,335.0,2.0,3.0,2.0,0.0,0.0,0.0
29085,3.5,9.3,85.8,71.7,5.7,3.1,13.2,30.7,34.3,5.4,17.6,1.6,0.1,8.6,50.2,8585.0,55.2,45.1,21.0,12.8,19.8,39390.0,Hickory,MO,Missouri,2023.0,Crude prevalence,11.1,85.8,16.0,19.7,13.1,43.0,41.1,17.9,21.0,82.1,23.2,6.7,10.7,29.0,4.0,8279.0,194.0,429.0,117.0,167.0,349.0,0.0,148.0,289.0,0.0,4.0,0.0,0.0,0.0,0.0
29087,2.2,4.9,88.9,81.9,1.1,3.2,9.7,23.5,27.5,3.2,22.8,1.1,0.6,6.0,13.4,4240.0,47.4,43.4,23.1,19.6,10.2,61187.0,Holt,MO,Missouri,2023.0,Crude prevalence,10.4,85.6,10.3,14.1,9.1,36.6,33.3,16.8,16.1,80.0,17.6,4.5,8.7,29.0,3.0,4223.0,55.0,118.0,534.0,46.0,96.0,86.0,43.0,91.0,0.0,0.0,0.0,0.0,0.0,0.0
29089,3.0,6.2,93.3,85.6,2.1,1.8,8.1,26.5,18.0,3.8,21.3,1.1,0.2,11.0,30.6,10147.0,39.0,35.4,19.8,28.2,12.0,65938.0,Howard,MO,Missouri,2023.0,Crude prevalence,10.6,83.5,8.5,12.0,7.3,34.8,29.2,17.6,14.5,78.6,15.7,3.7,8.2,29.0,3.0,10151.0,138.0,281.0,340.0,103.0,213.0,0.0,98.0,201.0,0.0,2.0,0.0,0.0,0.0,0.0
29091,3.5,9.5,92.5,85.6,2.8,2.6,11.7,23.1,12.0,6.1,29.7,1.4,0.4,10.1,34.8,40383.0,40.3,39.4,21.2,17.8,20.3,50993.0,Howell,MO,Missouri,2023.0,Crude prevalence,11.2,82.2,12.0,14.9,9.1,36.8,34.4,19.3,17.9,78.4,21.6,4.8,10.8,29.0,10.0,39750.0,981.0,2232.0,4372.0,599.0,1355.0,2069.0,456.0,1061.0,3.0,9.0,3.0,3.0,1.0,2.0
29093,6.7,7.7,88.1,82.4,1.5,2.1,10.8,26.9,17.5,6.8,24.9,1.0,0.0,8.9,37.3,9446.0,44.8,36.8,21.7,19.0,19.3,48850.0,Iron,MO,Missouri,2023.0,Crude prevalence,10.9,83.8,11.5,15.0,9.3,42.3,35.3,18.5,17.8,79.3,20.5,4.7,10.0,29.0,4.0,9537.0,264.0,705.0,514.0,187.0,499.0,80.0,153.0,415.0,0.0,3.0,0.0,0.0,0.0,0.0
29095,3.0,5.3,95.7,91.0,3.1,2.8,10.7,23.4,8.8,8.1,40.9,1.4,0.7,9.5,41.1,719976.0,37.0,27.9,22.1,34.0,14.1,68577.0,Jackson,MO,Missouri,2023.0,Crude prevalence,10.5,84.5,7.4,12.1,6.2,37.2,30.9,18.9,13.9,77.2,15.8,3.6,10.0,29.0,227.0,717204.0,24906.0,31623.0,132255.0,2649.0,3827.0,52812.0,984.0,1581.0,209.0,123.0,28.0,22.0,8.0,11.0
29097,3.5,7.4,95.1,88.9,2.3,1.7,12.0,19.6,9.2,7.0,37.2,1.7,0.5,9.7,39.8,124357.0,36.8,34.6,22.2,25.3,17.0,60694.0,Jasper,MO,Missouri,2023.0,Crude prevalence,10.8,82.1,9.2,12.8,7.2,40.0,32.4,19.2,15.7,77.0,18.5,3.8,10.9,29.0,29.0,122761.0,3458.0,7323.0,19753.0,790.0,1758.0,10632.0,558.0,1130.0,21.0,15.0,7.0,7.0,3.0,2.0
29099,2.1,5.9,95.7,91.7,2.1,1.3,6.6,30.6,6.0,3.7,17.8,0.9,0.2,9.7,29.7,229458.0,40.3,31.6,22.5,24.7,9.0,82851.0,Jefferson,MO,Missouri,2023.0,Crude prevalence,10.5,84.9,7.9,11.2,6.6,40.3,27.7,17.4,14.0,78.7,16.5,3.3,7.9,29.0,49.0,226739.0,3240.0,6252.0,60527.0,1673.0,3589.0,28590.0,1018.0,2380.0,30.0,9.0,7.0,7.0,4.0,3.0
29101,2.4,4.4,96.7,90.5,2.8,1.0,8.5,23.7,7.2,4.7,36.5,1.3,0.3,9.6,31.2,54732.0,31.5,32.2,20.1,29.1,11.8,67272.0,Johnson,MO,Missouri,2023.0,Crude prevalence,10.5,79.5,6.9,9.6,5.5,35.3,26.0,19.5,13.2,76.5,15.2,2.9,8.6,29.0,14.0,54013.0,999.0,1344.0,13383.0,593.0,756.0,4814.0,389.0,557.0,8.0,4.0,2.0,3.0,1.0,3.0
29103,11.7,7.2,79.9,70.5,0.6,1.1,25.5,19.4,33.5,1.7,14.9,1.5,0.9,1.3,19.6,3756.0,40.1,38.7,16.3,15.8,11.9,57788.0,Knox,MO,Missouri,2023.0,Crude prevalence,11.1,82.5,12.4,15.1,9.7,39.5,35.2,18.8,18.0,78.7,21.2,4.9,10.7,29.0,2.0,3744.0,22.0,106.0,759.0,18.0,87.0,360.0,17.0,82.0,0.0,0.0,0.0,0.0,0.0,0.0
29105,4.6,10.1,92.1,77.2,3.2,2.1,10.9,21.4,9.1,6.7,31.8,1.0,1.0,7.6,32.0,36390.0,39.2,42.3,19.1,16.3,18.2,53282.0,Laclede,MO,Missouri,2023.0,Crude prevalence,11.1,82.2,11.1,14.0,8.6,38.5,34.6,19.2,17.2,78.2,21.1,4.5,10.7,29.0,9.0,36039.0,973.0,2231.0,4686.0,413.0,1141.0,1272.0,284.0,850.0,3.0,9.0,4.0,2.0,0.0,0.0
29107,2.8,5.6,94.2,87.0,1.9,0.7,8.2,24.9,11.6,3.3,24.3,0.7,0.0,8.4,31.9,33115.0,40.9,35.4,22.0,26.2,9.3,80612.0,Lafayette,MO,Missouri,2023.0,Crude prevalence,10.5,85.0,8.5,11.8,7.2,37.0,28.9,17.4,14.6,78.0,16.5,3.7,8.6,29.0,8.0,32984.0,419.0,1177.0,3486.0,246.0,740.0,2087.0,210.0,638.0,2.0,2.0,0.0,1.0,0.0,0.0
29109,4.7,8.0,93.0,85.1,2.6,2.8,14.0,25.0,10.4,6.3,26.1,2.1,1.1,14.1,29.8,38593.0,38.8,38.3,24.2,16.9,14.5,61215.0,Lawrence,MO,Missouri,2023.0,Crude prevalence,10.9,82.2,10.7,13.7,8.4,40.1,35.3,19.0,17.1,77.8,20.4,4.3,11.6,29.0,10.0,38001.0,913.0,1788.0,2159.0,530.0,865.0,605.0,458.0,717.0,2.0,6.0,1.0,2.0,1.0,2.0
29111,2.2,9.4,89.6,74.4,3.0,0.8,10.7,23.8,26.3,4.1,23.7,1.1,0.3,7.4,25.1,9924.0,37.6,45.9,19.6,16.8,12.7,59934.0,Lewis,MO,Missouri,2023.0,Crude prevalence,11.0,81.4,9.9,12.7,7.9,36.6,32.6,19.1,16.1,77.5,18.8,4.1,9.7,29.0,4.0,10032.0,131.0,192.0,639.0,93.0,138.0,173.0,85.0,124.0,0.0,1.0,0.0,0.0,0.0,0.0
29113,2.4,6.6,95.4,92.4,2.4,0.7,8.3,31.8,4.1,4.5,21.0,1.2,0.6,6.9,30.4,63057.0,37.5,39.5,23.5,18.4,10.2,89278.0,Lincoln,MO,Missouri,2023.0,Crude prevalence,10.6,83.3,7.9,11.1,6.3,39.9,28.8,18.3,14.4,77.1,17.6,3.3,8.7,29.0,13.0,59574.0,1023.0,1591.0,8983.0,642.0,1029.0,3768.0,499.0,804.0,2.0,0.0,0.0,3.0,0.0,1.0
29115,3.1,5.5,90.4,78.4,1.9,0.7,9.3,20.2,19.8,7.0,21.5,1.2,0.2,7.6,27.1,11852.0,42.1,48.2,16.7,19.2,13.7,61635.0,Linn,MO,Missouri,2023.0,Crude prevalence,10.7,84.1,10.4,13.5,8.5,35.7,32.9,17.9,16.3,79.1,18.8,4.3,9.6,29.0,5.0,11874.0,334.0,422.0,2344.0,174.0,219.0,911.0,145.0,175.0,1.0,1.0,1.0,0.0,0.0,0.0
29117,4.5,8.6,88.5,76.7,1.5,1.4,11.4,20.3,12.4,5.9,27.7,0.4,0.2,8.8,23.9,14364.0,39.8,42.8,18.5,17.5,11.9,63627.0,Livingston,MO,Missouri,2023.0,Crude prevalence,11.0,83.6,9.7,12.6,7.8,39.4,32.3,18.9,16.0,78.5,18.7,4.1,9.5,29.0,5.0,14557.0,330.0,557.0,2491.0,114.0,162.0,708.0,84.0,124.0,3.0,2.0,1.0,1.0,0.0,0.0
29119,8.1,8.9,90.0,78.9,3.8,1.1,18.4,27.1,12.9,5.8,32.7,3.6,3.4,7.5,28.2,23701.0,38.2,44.5,19.7,12.3,16.8,52375.0,McDonald,MO,Missouri,2023.0,Crude prevalence,11.3,80.7,11.9,15.8,9.0,43.0,38.5,20.2,18.7,77.7,23.3,4.8,13.9,29.0,6.0,23303.0,494.0,1168.0,146.0,390.0,955.0,0.0,321.0,801.0,0.0,6.0,0.0,1.0,0.0,1.0
29121,2.6,5.3,88.1,80.6,1.2,1.8,11.5,22.1,18.2,5.8,23.2,0.8,1.2,16.9,27.5,15163.0,43.5,44.3,19.0,19.4,9.5,62357.0,Macon,MO,Missouri,2023.0,Crude prevalence,10.4,85.2,9.3,12.9,8.2,34.4,31.5,17.2,15.5,79.6,16.9,4.1,8.5,29.0,5.0,15209.0,352.0,521.0,4710.0,252.0,323.0,2350.0,224.0,271.0,2.0,1.0,1.0,0.0,0.0,0.0
29123,2.8,9.3,90.5,84.0,2.7,3.7,10.6,23.9,20.2,8.2,26.3,0.8,0.3,15.1,25.9,12729.0,41.1,44.3,20.7,16.3,13.2,54434.0,Madison,MO,Missouri,2023.0,Crude prevalence,10.7,83.8,9.8,13.2,7.9,37.7,32.2,18.1,16.1,77.9,19.3,4.1,9.6,29.0,4.0,12626.0,385.0,629.0,3449.0,204.0,430.0,1539.0,144.0,351.0,2.0,2.0,2.0,1.0,0.0,1.0
29125,5.2,6.9,88.9,78.2,2.6,4.6,5.5,34.6,19.5,4.8,21.7,1.2,0.0,13.8,17.4,8450.0,44.9,46.0,16.9,16.3,13.5,59455.0,Maries,MO,Missouri,2023.0,Crude prevalence,10.7,84.7,10.3,13.6,8.5,38.2,33.1,17.9,16.5,79.1,18.8,4.3,9.3,29.0,3.0,8432.0,166.0,385.0,800.0,129.0,310.0,3.0,121.0,293.0,0.0,1.0,0.0,0.0,0.0,0.0
29127,2.5,7.0,94.2,88.2,2.2,2.0,7.9,17.6,12.3,7.7,30.7,1.0,0.6,7.3,34.0,28457.0,39.6,40.6,18.2,24.6,14.2,62903.0,Marion,MO,Missouri,2023.0,Crude prevalence,10.6,83.6,9.1,12.8,7.5,39.6,31.4,17.9,15.3,78.6,17.3,3.9,8.8,29.0,8.0,28525.0,870.0,1370.0,3699.0,227.0,446.0,1412.0,125.0,248.0,4.0,3.0,1.0,2.0,0.0,0.0
29129,3.7,5.5,88.9,81.0,2.0,0.5,9.2,22.6,31.5,5.6,19.0,1.2,0.0,14.6,14.6,3482.0,42.4,42.8,20.4,18.1,13.5,62679.0,Mercer,MO,Missouri,2023.0,Crude prevalence,10.8,84.3,11.8,15.6,9.8,41.1,35.7,18.0,17.6,79.7,20.0,4.9,10.5,29.0,2.0,3538.0,73.0,139.0,563.0,59.0,112.0,90.0,56.0,107.0,0.0,1.0,0.0,0.0,0.0,0.0
29131,2.6,9.1,92.9,83.6,3.1,2.3,10.7,27.2,21.4,5.5,26.1,0.5,0.8,8.3,21.5,25269.0,41.3,39.8,21.0,19.2,14.4,56736.0,Miller,MO,Missouri,2023.0,Crude prevalence,10.7,84.0,9.9,13.2,8.2,37.5,31.5,18.1,16.0,78.8,18.6,4.1,9.2,29.0,9.0,24722.0,547.0,875.0,1242.0,300.0,608.0,219.0,216.0,488.0,2.0,4.0,1.0,0.0,0.0,0.0
29133,4.8,11.6,90.5,91.5,1.3,2.6,10.9,21.0,15.0,14.4,37.1,1.4,0.3,7.0,39.0,11902.0,41.1,48.9,13.8,14.7,19.0,48160.0,Mississippi,MO,Missouri,2023.0,Crude prevalence,11.6,81.3,12.3,16.7,9.2,47.6,41.4,19.9,18.7,79.1,23.6,5.2,12.8,29.0,4.0,12577.0,644.0,1224.0,279.0,148.0,330.0,41.0,70.0,173.0,0.0,2.0,0.0,1.0,0.0,0.0
29135,8.4,7.3,89.4,81.3,1.4,1.4,18.6,26.5,7.2,6.6,20.8,2.1,1.3,3.5,29.9,15262.0,38.4,44.6,18.0,15.8,10.3,65715.0,Moniteau,MO,Missouri,2023.0,Crude prevalence,10.4,83.1,8.7,11.9,7.1,39.2,30.7,18.1,15.2,77.1,18.0,3.7,10.3,29.0,4.0,15473.0,380.0,435.0,233.0,276.0,200.0,0.0,257.0,165.0,0.0,2.0,0.0,1.0,0.0,1.0
29137,3.1,4.9,90.5,84.5,0.9,1.9,10.6,25.8,22.4,7.0,25.7,0.7,1.3,9.5,21.5,8734.0,45.7,49.7,16.6,18.9,14.2,54516.0,Monroe,MO,Missouri,2023.0,Crude prevalence,10.6,85.0,11.4,15.0,9.6,37.8,33.9,17.5,17.0,80.2,19.3,4.9,9.5,29.0,3.0,8666.0,242.0,265.0,1100.0,191.0,213.0,87.0,185.0,205.0,0.0,1.0,0.0,1.0,0.0,1.0
29139,2.9,8.3,90.8,85.0,1.7,2.3,9.9,28.7,20.4,3.5,26.6,2.4,0.1,5.2,27.7,11426.0,43.6,45.5,16.4,17.7,13.9,65500.0,Montgomery,MO,Missouri,2023.0,Crude prevalence,10.9,83.9,10.6,13.9,8.5,37.3,33.7,18.2,16.6,78.5,19.5,4.4,9.5,29.0,4.0,11322.0,163.0,516.0,647.0,119.0,396.0,105.0,110.0,367.0,0.0,2.0,0.0,0.0,0.0,0.0
29141,10.6,8.6,86.1,79.6,1.4,2.2,24.0,28.1,42.7,10.4,20.3,2.0,1.5,5.0,37.9,21717.0,45.4,36.0,20.3,16.6,18.3,53412.0,Morgan,MO,Missouri,2023.0,Crude prevalence,10.9,83.7,12.5,15.8,10.1,38.2,36.9,18.3,18.5,78.4,21.1,5.1,11.1,29.0,8.0,21006.0,906.0,1059.0,580.0,630.0,784.0,0.0,533.0,655.0,0.0,5.0,0.0,2.0,0.0,2.0
29143,3.5,9.6,93.2,89.2,1.8,2.7,11.4,21.3,15.0,7.2,35.8,1.2,0.1,9.3,33.4,15731.0,41.3,47.5,14.3,14.5,17.7,51881.0,New Madrid,MO,Missouri,2023.0,Crude prevalence,11.5,83.2,11.9,16.1,9.1,43.2,39.0,19.3,18.2,78.8,21.4,5.1,11.2,29.0,6.0,16434.0,483.0,1575.0,84.0,239.0,766.0,0.0,196.0,612.0,0.0,4.0,0.0,1.0,0.0,1.0
29145,3.9,6.5,94.9,88.0,3.6,1.8,12.7,22.3,11.0,3.9,23.4,2.2,0.6,8.6,28.9,60118.0,40.2,32.7,22.9,23.5,13.5,66301.0,Newton,MO,Missouri,2023.0,Crude prevalence,10.7,83.7,9.5,13.4,7.9,38.8,31.4,18.1,15.8,78.6,17.9,4.1,10.0,29.0,13.0,58648.0,855.0,2727.0,8114.0,456.0,1707.0,3148.0,332.0,1311.0,5.0,6.0,2.0,0.0,1.0,0.0
29147,1.5,3.3,93.2,85.7,1.4,2.6,7.5,15.8,11.3,6.6,37.7,0.2,0.7,8.2,37.0,20774.0,33.7,39.2,20.7,27.9,17.1,59315.0,Nodaway,MO,Missouri,2023.0,Crude prevalence,10.6,79.8,7.7,10.6,6.7,36.1,27.8,19.0,13.8,77.4,14.7,3.3,8.2,29.0,6.0,21241.0,562.0,704.0,7019.0,243.0,386.0,2361.0,153.0,279.0,3.0,2.0,2.0,0.0,0.0,0.0
29149,4.8,9.9,90.7,77.3,2.6,2.5,16.3,23.0,21.8,5.7,25.1,1.8,0.7,24.9,34.5,8673.0,44.5,48.1,18.1,12.6,23.6,43069.0,Oregon,MO,Missouri,2023.0,Crude prevalence,11.1,82.8,13.3,16.5,10.4,41.1,37.0,19.2,18.8,79.2,22.8,5.4,10.9,29.0,3.0,8635.0,192.0,672.0,1578.0,145.0,484.0,846.0,126.0,412.0,0.0,3.0,2.0,0.0,1.0,0.0
29151,4.1,4.7,92.8,84.0,1.1,1.4,4.1,26.4,18.7,5.6,20.6,1.7,0.4,5.4,32.8,13402.0,41.1,38.8,15.8,24.7,8.6,76681.0,Osage,MO,Missouri,2023.0,Crude prevalence,10.3,84.6,8.0,11.2,6.9,35.6,27.8,17.1,14.1,78.2,16.0,3.5,7.6,29.0,4.0,13274.0,295.0,220.0,1780.0,250.0,193.0,419.0,230.0,181.0,0.0,0.0,0.0,1.0,0.0,1.0
29153,6.0,9.0,89.8,78.7,2.2,1.5,13.2,29.6,26.3,6.6,17.9,0.1,1.8,7.4,33.2,8873.0,51.4,39.6,22.9,15.3,21.5,44163.0,Ozark,MO,Missouri,2023.0,Crude prevalence,11.2,84.8,14.9,18.3,12.0,42.5,39.2,18.4,20.3,80.7,23.1,6.1,11.2,29.0,3.0,8553.0,244.0,547.0,2060.0,232.0,518.0,805.0,223.0,499.0,0.0,3.0,3.0,1.0,0.0,1.0
29155,5.1,10.1,88.3,84.8,5.2,1.7,12.6,20.6,15.6,10.5,44.4,1.5,0.7,7.7,48.8,14958.0,38.1,49.2,17.4,12.6,29.6,40089.0,Pemiscot,MO,Missouri,2023.0,Crude prevalence,12.2,81.5,13.3,17.9,9.7,44.9,42.1,20.5,19.6,80.3,24.8,5.6,13.1,29.0,6.0,15661.0,667.0,1947.0,1056.0,198.0,676.0,402.0,133.0,503.0,2.0,4.0,1.0,1.0,0.0,0.0
29157,5.6,7.9,89.3,84.8,3.0,1.4,5.7,21.3,12.0,5.2,23.5,1.0,0.4,10.2,45.4,18976.0,42.2,40.7,16.2,20.9,13.9,62981.0,Perry,MO,Missouri,2023.0,Crude prevalence,10.4,84.4,9.2,12.5,7.7,36.0,31.0,17.3,15.3,78.3,17.5,3.9,9.0,29.0,5.0,18956.0,394.0,764.0,2595.0,165.0,406.0,716.0,117.0,324.0,2.0,1.0,1.0,1.0,0.0,0.0
29159,5.0,7.4,93.8,88.9,2.4,1.9,12.6,18.7,9.0,7.3,30.9,1.6,0.6,10.1,32.8,43397.0,38.2,36.0,21.8,18.4,15.6,60430.0,Pettis,MO,Missouri,2023.0,Crude prevalence,10.7,83.4,9.0,12.6,7.4,36.1,32.1,18.1,15.7,78.2,17.9,3.9,10.6,29.0,11.0,42980.0,1249.0,1941.0,5033.0,441.0,649.0,1863.0,352.0,507.0,7.0,6.0,1.0,2.0,0.0,1.0
29161,2.8,7.1,94.9,89.3,2.1,1.9,9.1,19.1,14.6,6.1,38.3,0.9,0.3,14.5,35.8,45194.0,35.8,31.8,19.8,32.4,16.8,58396.0,Phelps,MO,Missouri,2023.0,Crude prevalence,10.4,81.2,8.4,11.7,7.1,34.6,29.1,18.2,14.5,76.6,16.4,3.6,8.7,29.0,12.0,44638.0,1049.0,2275.0,3941.0,420.0,834.0,825.0,311.0,590.0,6.0,7.0,3.0,2.0,0.0,2.0
29163,2.3,10.3,89.8,85.7,2.0,0.8,9.0,22.7,15.7,7.4,26.7,1.1,0.5,7.2,28.2,17711.0,39.6,51.9,13.6,16.6,16.0,54989.0,Pike,MO,Missouri,2023.0,Crude prevalence,10.6,82.3,10.3,13.5,8.3,38.3,33.5,18.5,16.5,78.2,20.3,4.3,10.8,29.0,5.0,17587.0,476.0,670.0,1178.0,207.0,221.0,77.0,183.0,179.0,0.0,2.0,0.0,1.0,0.0,0.0
29165,1.1,2.2,97.6,93.2,1.9,1.3,6.1,24.3,5.8,4.0,32.6,1.0,0.8,8.1,33.4,110371.0,39.1,20.9,21.3,46.5,7.0,96227.0,Platte,MO,Missouri,2023.0,Crude prevalence,9.8,86.5,5.9,10.0,5.6,37.0,22.8,15.4,11.9,80.1,12.1,2.8,7.0,29.0,27.0,106718.0,1766.0,1857.0,33394.0,729.0,879.0,14869.0,359.0,479.0,21.0,4.0,1.0,7.0,0.0,3.0
29167,4.3,7.6,93.3,82.4,2.3,2.1,14.1,28.1,10.6,4.3,28.4,1.6,0.9,14.1,32.0,32444.0,38.1,35.0,22.7,22.5,16.3,59647.0,Polk,MO,Missouri,2023.0,Crude prevalence,10.9,82.1,10.1,13.0,8.1,38.7,33.2,19.0,16.1,78.3,18.9,4.1,9.8,29.0,8.0,31519.0,523.0,1306.0,102.0,366.0,928.0,0.0,316.0,820.0,0.0,4.0,0.0,0.0,0.0,0.0
29169,2.2,3.9,93.9,84.4,2.2,2.9,8.4,19.5,13.3,3.2,38.8,1.3,0.2,7.4,26.9,53894.0,27.8,30.8,23.7,25.8,12.7,64466.0,Pulaski,MO,Missouri,2023.0,Crude prevalence,10.1,77.4,5.8,8.6,4.5,35.8,26.6,19.1,12.3,74.0,15.0,2.5,10.6,29.0,13.0,53955.0,545.0,1411.0,18956.0,361.0,995.0,14264.0,248.0,752.0,6.0,7.0,4.0,0.0,4.0,0.0
29171,2.7,2.1,85.4,75.9,2.3,1.6,9.6,19.4,36.8,5.8,17.0,3.3,0.0,0.0,48.3,4642.0,45.9,38.7,24.7,22.6,15.5,63510.0,Putnam,MO,Missouri,2023.0,Crude prevalence,10.4,85.5,9.9,13.6,8.7,35.0,31.5,17.1,15.9,80.4,17.1,4.3,8.6,29.0,2.0,4681.0,104.0,134.0,1051.0,62.0,75.0,366.0,56.0,66.0,0.0,0.0,0.0,0.0,0.0,0.0
29173,2.7,5.4,92.1,87.9,2.7,1.4,5.5,22.2,21.5,3.3,14.5,0.7,0.2,6.2,21.4,10428.0,45.9,47.8,19.6,17.0,11.4,65388.0,Ralls,MO,Missouri,2023.0,Crude prevalence,10.6,85.5,10.5,14.1,8.8,40.1,32.6,17.4,16.5,79.8,18.9,4.5,8.8,29.0,3.0,10355.0,130.0,190.0,433.0,111.0,160.0,0.0,104.0,151.0,0.0,1.0,0.0,0.0,0.0,0.0
29175,2.9,7.3,93.1,84.2,2.5,1.8,9.7,21.8,14.9,6.4,28.6,0.8,0.2,8.4,37.3,24365.0,40.0,42.6,17.4,18.4,13.9,53033.0,Randolph,MO,Missouri,2023.0,Crude prevalence,10.9,82.5,9.6,12.7,7.6,37.7,31.9,18.8,15.9,77.3,19.4,4.0,9.8,29.0,6.0,24716.0,596.0,1388.0,2776.0,144.0,373.0,567.0,98.0,263.0,3.0,2.0,0.0,1.0,0.0,0.0
29177,2.7,7.6,93.5,84.0,2.1,1.6,9.1,34.3,8.2,4.9,22.7,1.0,0.6,10.2,31.8,23145.0,41.9,42.1,23.1,16.2,12.6,74573.0,Ray,MO,Missouri,2023.0,Crude prevalence,10.7,84.3,9.6,13.3,7.9,39.6,33.2,18.0,15.9,78.1,18.7,4.0,9.1,29.0,6.0,23158.0,448.0,954.0,3235.0,252.0,571.0,1604.0,209.0,484.0,2.0,2.0,2.0,0.0,2.0,0.0
29179,5.2,13.5,87.0,79.7,5.6,1.5,12.2,27.4,32.5,7.4,20.2,1.8,0.0,8.6,15.6,6010.0,46.1,41.7,15.6,15.0,17.3,45028.0,Reynolds,MO,Missouri,2023.0,Crude prevalence,11.0,83.7,12.7,15.9,10.2,41.2,36.7,18.4,18.6,79.1,21.8,5.2,10.7,29.0,2.0,6096.0,172.0,379.0,975.0,153.0,336.0,253.0,143.0,316.0,0.0,2.0,1.0,1.0,0.0,0.0
29181,5.7,11.8,86.3,83.2,1.9,0.8,15.6,34.8,22.6,7.4,20.9,1.8,0.1,19.1,44.4,10708.0,40.7,39.2,21.7,12.6,24.8,42037.0,Ripley,MO,Missouri,2023.0,Crude prevalence,11.4,82.2,12.8,15.6,9.7,41.3,37.4,19.9,18.5,78.7,23.0,5.0,11.2,29.0,4.0,10679.0,295.0,694.0,1191.0,238.0,552.0,543.0,221.0,513.0,0.0,4.0,1.0,0.0,1.0,0.0
29183,1.4,2.9,97.4,95.1,2.0,1.3,4.2,24.5,3.5,3.8,19.5,0.7,0.3,7.9,34.5,414535.0,39.8,22.8,21.1,42.7,5.2,104692.0,St. Charles,MO,Missouri,2023.0,Crude prevalence,10.0,86.9,5.8,10.3,5.6,35.7,23.2,15.1,11.9,78.2,12.2,2.8,6.4,29.0,85.0,405262.0,6099.0,5871.0,168818.0,2535.0,2278.0,64746.0,1066.0,901.0,76.0,7.0,1.0,14.0,0.0,8.0
29185,4.0,10.1,90.6,82.4,1.8,0.8,10.6,28.4,23.0,5.6,24.0,4.2,0.6,12.7,31.0,9587.0,46.1,42.4,20.5,14.7,14.7,53043.0,St. Clair,MO,Missouri,2023.0,Crude prevalence,10.8,84.7,12.5,16.2,10.5,37.6,36.9,17.9,18.5,79.9,20.9,5.3,10.2,29.0,3.0,9284.0,230.0,551.0,1402.0,167.0,413.0,323.0,153.0,381.0,0.0,2.0,0.0,0.0,0.0,0.0
29186,2.1,4.1,93.1,84.9,2.5,0.7,4.6,31.9,14.3,4.3,17.0,0.7,0.0,5.3,21.6,18571.0,43.3,42.7,22.7,16.8,8.2,66339.0,Ste. Genevieve,MO,Missouri,2023.0,Crude prevalence,10.4,85.0,9.1,12.5,7.9,37.2,30.2,17.1,15.2,79.0,17.1,3.9,8.4,29.0,5.0,18479.0,304.0,467.0,4181.0,218.0,381.0,1640.0,164.0,324.0,1.0,1.0,1.0,1.0,1.0,1.0
29187,3.1,9.9,93.9,85.9,2.4,2.4,10.3,25.9,14.3,6.6,31.8,1.5,0.5,7.2,33.0,66999.0,39.5,36.9,23.3,17.2,15.9,57477.0,St. Francois,MO,Missouri,2023.0,Crude prevalence,10.8,81.7,10.1,12.9,7.7,40.3,34.4,19.3,16.6,77.2,20.7,4.0,10.5,29.0,19.0,66922.0,1629.0,3863.0,12858.0,736.0,1970.0,5701.0,465.0,1436.0,9.0,12.0,4.0,2.0,1.0,2.0
29189,1.8,3.7,96.3,93.4,2.8,1.5,5.7,23.1,7.2,6.6,30.8,1.0,0.4,8.9,39.5,995569.0,40.3,20.7,18.6,47.4,9.8,82936.0,St. Louis,MO,Missouri,2023.0,Crude prevalence,10.6,86.8,6.5,11.5,6.1,31.3,25.4,15.9,12.6,79.5,13.2,3.4,7.0,29.0,236.0,1004125.0,27417.0,33196.0,260178.0,4763.0,4618.0,95038.0,1329.0,923.0,232.0,80.0,18.0,45.0,3.0,17.0
29195,7.0,6.7,94.1,85.6,1.9,3.3,8.1,17.5,17.9,6.3,30.2,0.8,0.0,15.2,34.3,23231.0,35.3,37.2,19.6,22.7,16.4,57931.0,Saline,MO,Missouri,2023.0,Crude prevalence,10.5,82.1,8.2,12.4,7.1,37.7,31.8,18.0,14.8,77.4,16.2,3.7,10.7,29.0,8.0,23333.0,511.0,1064.0,3957.0,184.0,311.0,1622.0,141.0,240.0,4.0,3.0,1.0,1.0,0.0,1.0
29197,3.5,3.5,85.8,69.1,2.0,1.1,15.5,28.5,31.2,5.9,20.1,2.7,0.2,3.5,16.1,4038.0,39.2,53.4,17.0,11.8,8.6,61205.0,Schuyler,MO,Missouri,2023.0,Crude prevalence,10.4,84.3,8.9,12.2,7.6,38.8,31.2,17.8,15.3,78.2,17.3,3.9,8.5,29.0,2.0,4032.0,77.0,100.0,374.0,65.0,85.0,13.0,63.0,81.0,0.0,0.0,0.0,0.0,0.0,0.0
29199,17.8,8.1,89.0,81.9,0.1,1.2,39.0,19.1,29.6,3.5,17.6,1.0,0.0,6.4,23.5,4686.0,36.5,31.6,22.2,15.2,7.3,68913.0,Scotland,MO,Missouri,2023.0,Crude prevalence,10.8,82.2,10.4,12.8,8.4,37.1,33.3,18.5,16.5,77.8,19.1,4.3,10.7,29.0,2.0,4716.0,55.0,65.0,338.0,32.0,25.0,59.0,27.0,17.0,0.0,0.0,0.0,0.0,0.0,0.0
29201,4.1,8.2,93.7,88.9,1.8,2.0,10.7,18.6,9.1,4.8,28.9,2.4,0.1,11.7,32.1,37933.0,39.7,40.8,18.5,22.1,12.8,62782.0,Scott,MO,Missouri,2023.0,Crude prevalence,11.0,83.5,9.9,13.4,7.8,38.1,36.3,18.2,15.9,79.2,19.2,4.2,9.8,29.0,11.0,38059.0,737.0,2284.0,5209.0,279.0,845.0,1650.0,186.0,566.0,6.0,6.0,2.0,1.0,2.0,0.0
29203,4.2,12.3,88.9,82.5,0.6,0.7,8.8,29.0,18.1,5.2,20.1,5.7,0.1,9.3,19.1,7177.0,44.9,45.4,17.2,12.8,18.0,55222.0,Shannon,MO,Missouri,2023.0,Crude prevalence,10.9,84.5,11.7,15.2,9.5,37.0,34.6,18.1,17.6,79.4,20.7,4.9,10.1,29.0,2.0,7031.0,150.0,389.0,582.0,122.0,319.0,119.0,108.0,283.0,0.0,2.0,0.0,1.0,0.0,0.0
29205,2.5,7.1,93.1,84.2,1.0,0.3,10.6,21.1,18.9,4.8,22.5,0.3,0.2,12.2,17.2,5986.0,42.7,44.6,19.6,18.5,15.9,51594.0,Shelby,MO,Missouri,2023.0,Crude prevalence,10.8,83.2,11.8,14.9,9.6,40.3,34.9,18.4,17.6,78.5,20.5,4.8,10.0,29.0,3.0,6103.0,115.0,200.0,1009.0,84.0,146.0,408.0,78.0,138.0,0.0,3.0,0.0,0.0,0.0,0.0
29207,5.2,11.1,91.0,86.9,2.1,1.1,11.2,23.1,13.5,3.6,28.2,0.9,0.1,9.4,21.0,28470.0,42.0,42.2,17.3,16.7,15.1,57957.0,Stoddard,MO,Missouri,2023.0,Crude prevalence,10.9,82.6,11.4,14.2,8.8,37.6,35.2,19.0,17.5,77.0,21.6,4.6,10.8,29.0,8.0,28672.0,422.0,1759.0,3013.0,254.0,976.0,963.0,211.0,756.0,2.0,3.0,2.0,0.0,1.0,0.0
29209,2.1,6.0,94.7,88.6,3.5,1.9,9.4,27.1,33.9,3.9,16.7,1.5,1.2,9.8,33.8,32048.0,54.6,34.5,23.4,24.8,13.9,63520.0,Stone,MO,Missouri,2023.0,Crude prevalence,10.4,87.8,11.3,15.6,10.2,41.1,32.9,15.9,16.9,82.0,17.3,5.0,8.4,29.0,12.0,31076.0,527.0,899.0,4810.0,457.0,747.0,3138.0,409.0,652.0,2.0,4.0,2.0,1.0,1.0,1.0
29211,4.6,7.2,90.6,79.0,1.4,1.7,8.7,19.6,32.2,6.3,24.9,1.0,0.9,7.2,22.0,5857.0,44.1,48.0,16.5,15.5,13.7,56964.0,Sullivan,MO,Missouri,2023.0,Crude prevalence,10.4,83.8,10.3,15.1,8.9,40.1,35.4,17.7,17.1,78.8,18.7,4.5,13.2,29.0,3.0,5999.0,129.0,204.0,624.0,105.0,141.0,222.0,95.0,119.0,0.0,1.0,0.0,0.0,0.0,0.0
29213,2.7,6.0,95.7,89.1,2.3,2.2,14.6,23.3,24.5,4.4,33.0,2.4,1.0,8.0,36.9,56529.0,42.6,33.5,23.8,25.0,15.6,56497.0,Taney,MO,Missouri,2023.0,Crude prevalence,10.7,84.4,9.5,13.3,8.3,35.7,31.0,17.5,15.9,78.8,16.8,4.2,9.5,29.0,18.0,56066.0,1011.0,2593.0,11409.0,575.0,1438.0,4590.0,384.0,922.0,9.0,10.0,6.0,2.0,3.0,1.0
29215,3.9,9.7,89.4,79.8,2.4,2.5,13.3,25.4,13.7,8.2,22.8,2.5,0.4,8.1,35.1,25161.0,42.9,41.8,21.3,16.5,19.8,50036.0,Texas,MO,Missouri,2023.0,Crude prevalence,10.9,82.4,12.2,15.8,9.6,42.1,36.5,19.1,18.1,78.9,21.7,4.9,11.2,29.0,8.0,24487.0,776.0,1287.0,1940.0,615.0,1010.0,280.0,527.0,849.0,0.0,7.0,0.0,3.0,0.0,3.0
29217,3.8,7.3,90.6,84.3,2.4,1.6,14.4,19.4,13.1,11.4,28.7,1.6,0.6,6.5,28.0,19687.0,41.9,40.9,19.9,16.6,18.8,52230.0,Vernon,MO,Missouri,2023.0,Crude prevalence,11.1,82.9,11.3,14.3,9.0,37.8,34.4,19.0,17.4,78.7,20.5,4.6,10.1,29.0,6.0,19707.0,883.0,1159.0,5002.0,322.0,490.0,1703.0,237.0,386.0,2.0,3.0,2.0,1.0,1.0,1.0
29219,3.4,6.1,95.1,91.8,2.3,1.1,7.4,31.6,14.3,3.1,19.8,1.4,0.8,9.9,31.2,37177.0,40.8,38.1,22.6,20.2,8.0,81209.0,Warren,MO,Missouri,2023.0,Crude prevalence,10.5,84.4,8.7,12.3,7.3,39.0,31.1,17.8,15.1,77.9,17.1,3.7,8.9,29.0,9.0,35532.0,427.0,952.0,563.0,343.0,694.0,0.0,297.0,538.0,0.0,2.0,0.0,1.0,0.0,1.0
29221,4.5,10.0,90.0,82.6,1.9,3.3,10.4,38.4,16.9,10.0,21.6,2.0,0.5,20.8,34.1,23470.0,40.7,43.7,18.5,11.7,17.4,56043.0,Washington,MO,Missouri,2023.0,Crude prevalence,11.2,81.7,11.9,14.8,8.8,41.9,35.3,19.8,17.8,77.8,22.9,4.6,11.0,29.0,6.0,23514.0,891.0,1792.0,390.0,689.0,1390.0,0.0,538.0,1085.0,0.0,3.0,0.0,3.0,0.0,2.0
29223,5.8,12.5,88.8,82.0,3.4,1.6,13.5,29.0,24.4,5.5,24.9,3.0,1.3,8.4,40.3,10862.0,48.6,41.5,20.1,12.7,25.7,47226.0,Wayne,MO,Missouri,2023.0,Crude prevalence,11.3,83.4,14.3,17.4,11.1,41.5,39.1,19.1,20.0,79.2,23.9,5.7,11.4,29.0,4.0,10974.0,255.0,844.0,899.0,182.0,565.0,232.0,151.0,455.0,0.0,4.0,1.0,0.0,0.0,0.0
29225,5.5,6.3,89.6,82.1,2.3,1.7,15.5,27.3,9.9,6.9,22.6,2.5,0.7,7.4,25.7,40500.0,37.0,40.4,19.4,18.3,15.2,71155.0,Webster,MO,Missouri,2023.0,Crude prevalence,10.8,82.4,9.4,12.2,7.4,41.7,31.1,19.0,15.8,77.3,19.4,3.8,9.7,29.0,8.0,39085.0,960.0,1367.0,4949.0,709.0,1006.0,3750.0,657.0,915.0,2.0,3.0,0.0,2.0,0.0,2.0
29227,1.9,3.0,90.9,84.9,0.9,4.5,7.9,25.7,24.1,7.0,17.9,1.4,0.0,2.1,15.6,1934.0,48.5,47.4,18.1,21.1,20.6,47847.0,Worth,MO,Missouri,2023.0,Crude prevalence,10.6,85.1,11.7,15.5,9.9,40.2,35.1,17.5,17.3,80.0,19.2,5.0,9.3,29.0,1.0,1973.0,59.0,93.0,533.0,47.0,73.0,247.0,45.0,71.0,0.0,1.0,1.0,0.0,0.0,0.0
29229,7.6,8.2,91.8,79.7,1.9,2.4,13.5,29.5,14.1,7.0,22.9,2.5,0.4,15.7,27.9,18965.0,41.1,39.4,19.9,15.9,18.7,47909.0,Wright,MO,Missouri,2023.0,Crude prevalence,11.2,81.9,12.6,15.5,9.5,42.2,38.2,19.8,18.6,78.6,23.0,5.0,11.5,29.0,4.0,18188.0,503.0,974.0,3497.0,406.0,696.0,2372.0,367.0,616.0,1.0,4.0,2.0,2.0,2.0,2.0
29510,3.0,6.2,92.3,86.8,3.3,2.4,9.3,22.1,16.8,18.5,54.7,1.2,0.8,7.6,38.1,288512.0,36.8,24.1,19.0,41.1,20.6,56160.0,St. Louis,MO,Missouri,2023.0,Crude prevalence,11.7,84.2,7.4,13.3,6.1,37.0,27.0,18.2,13.7,80.5,16.5,3.9,9.2,29.0,104.0,301578.0,26767.0,26878.0,2525.0,119.0,106.0,128.0,7.0,14.0,104.0,69.0,0.0,12.0,0.0,2.0
30001,1.6,5.7,95.8,90.4,0.7,4.0,4.3,19.3,15.7,0.8,34.2,1.9,1.4,9.8,29.7,9713.0,43.2,24.8,21.2,37.7,11.4,61268.0,Beaverhead,MT,Montana,2023.0,Crude prevalence,10.9,82.0,7.5,10.5,7.4,28.3,21.0,16.9,14.0,72.8,13.1,3.8,9.5,30.0,3.0,9371.0,33.0,304.0,2025.0,14.0,133.0,1752.0,13.0,124.0,1.0,1.0,1.0,0.0,1.0,0.0
30003,2.6,7.7,89.0,82.7,7.6,5.6,21.7,19.6,15.5,6.9,33.3,7.9,4.1,7.8,13.8,12891.0,31.9,33.5,25.6,17.8,22.1,58750.0,Big Horn,MT,Montana,2023.0,Crude prevalence,14.1,77.2,10.0,15.1,8.3,35.5,28.3,22.2,19.1,70.2,24.7,5.0,14.1,30.0,5.0,13124.0,264.0,671.0,5123.0,208.0,546.0,4776.0,197.0,521.0,0.0,4.0,3.0,0.0,3.0,0.0
30005,3.6,5.7,88.2,83.7,8.5,6.1,18.3,15.4,19.2,7.6,34.3,4.0,1.0,7.2,21.4,6949.0,35.6,27.5,25.6,23.9,18.3,64813.0,Blaine,MT,Montana,2023.0,Crude prevalence,13.2,79.8,9.3,14.3,8.3,41.1,27.6,19.8,18.1,70.7,20.8,4.7,11.9,30.0,4.0,7044.0,173.0,336.0,3015.0,146.0,283.0,2852.0,144.0,276.0,0.0,2.0,1.0,0.0,1.0,0.0
30007,3.6,4.8,88.1,85.5,2.2,1.2,7.5,29.3,11.2,2.6,12.2,2.1,0.4,3.4,54.9,7668.0,45.9,26.7,24.8,27.3,12.7,70374.0,Broadwater,MT,Montana,2023.0,Crude prevalence,10.9,84.5,7.5,10.4,7.2,30.7,21.6,16.3,14.2,72.5,13.9,3.7,9.2,30.0,2.0,6774.0,73.0,100.0,1700.0,17.0,17.0,1331.0,13.0,11.0,0.0,1.0,1.0,0.0,1.0,0.0
30009,1.0,2.4,95.5,86.4,2.7,2.9,8.2,29.6,27.7,3.4,22.0,1.3,0.5,7.3,25.4,11116.0,50.4,30.3,22.0,34.6,7.8,80261.0,Carbon,MT,Montana,2023.0,Crude prevalence,10.9,86.1,8.0,11.8,8.0,33.0,22.2,15.3,14.6,74.9,13.4,4.1,8.5,30.0,5.0,10473.0,159.0,286.0,1694.0,100.0,207.0,1195.0,68.0,167.0,0.0,1.0,0.0,0.0,0.0,0.0
30011,1.3,5.0,93.0,87.5,1.6,0.0,7.5,19.5,27.6,6.2,37.8,0.2,0.0,34.9,14.5,1308.0,56.9,31.6,31.9,20.7,15.4,54167.0,Carter,MT,Montana,2023.0,Crude prevalence,11.1,85.1,9.5,12.3,9.2,32.9,24.9,16.3,16.1,74.7,15.0,4.7,9.5,30.0,1.0,1415.0,37.0,32.0,1032.0,33.0,28.0,926.0,32.0,28.0,0.0,1.0,1.0,0.0,1.0,0.0
30013,1.8,3.7,93.9,89.2,1.9,2.2,7.0,16.5,9.8,6.0,31.5,0.9,0.3,12.0,32.3,84606.0,38.6,32.3,22.6,28.4,13.1,67690.0,Cascade,MT,Montana,2023.0,Crude prevalence,12.3,81.9,7.5,10.4,6.7,35.3,23.5,18.8,15.1,74.1,14.4,3.6,10.0,30.0,25.0,84414.0,2150.0,3704.0,17675.0,344.0,618.0,8659.0,228.0,374.0,19.0,5.0,1.0,2.0,1.0,0.0
30015,1.8,4.7,90.5,77.4,1.6,4.4,5.7,18.5,25.2,5.1,31.8,0.5,0.3,11.8,21.0,5906.0,43.0,37.6,22.8,23.0,11.2,58218.0,Chouteau,MT,Montana,2023.0,Crude prevalence,11.8,82.8,8.5,12.2,7.9,35.6,24.3,17.8,16.0,73.6,16.6,4.2,10.3,30.0,2.0,5895.0,111.0,204.0,3567.0,90.0,163.0,3201.0,89.0,161.0,0.0,1.0,1.0,0.0,1.0,0.0
30017,1.2,3.1,94.6,88.4,2.3,2.0,7.7,13.0,12.9,5.1,30.1,2.7,0.3,4.1,35.4,11961.0,42.7,31.8,24.0,27.0,11.3,70605.0,Custer,MT,Montana,2023.0,Crude prevalence,11.0,82.6,7.4,10.5,6.8,32.6,23.6,16.9,14.1,72.2,14.5,3.6,9.1,30.0,6.0,11867.0,258.0,415.0,3338.0,38.0,108.0,2216.0,22.0,78.0,5.0,1.0,1.0,0.0,1.0,0.0
30019,0.4,4.9,87.1,85.1,0.3,0.3,2.0,13.8,35.1,2.6,16.9,0.0,0.0,0.0,25.3,1494.0,53.4,30.7,21.0,24.2,12.9,55625.0,Daniels,MT,Montana,2023.0,Crude prevalence,10.8,84.8,7.9,11.2,8.1,33.5,22.6,15.9,14.6,73.9,13.3,4.1,9.1,30.0,1.0,1661.0,19.0,21.0,797.0,13.0,14.0,731.0,12.0,13.0,0.0,0.0,0.0,0.0,0.0,0.0
30021,2.4,4.5,94.6,88.0,1.7,1.8,6.6,19.1,17.5,4.1,28.1,0.0,0.4,11.3,24.3,8827.0,43.0,25.2,28.1,21.8,8.7,71334.0,Dawson,MT,Montana,2023.0,Crude prevalence,10.8,83.3,7.0,10.1,6.8,32.8,22.5,16.8,13.9,70.6,13.5,3.5,9.0,30.0,3.0,8940.0,149.0,127.0,4386.0,53.0,82.0,2758.0,30.0,51.0,2.0,0.0,0.0,0.0,0.0,0.0
30023,1.6,6.0,89.6,81.6,1.9,3.0,5.6,18.6,19.3,7.1,27.0,0.4,0.1,12.4,21.9,9597.0,49.9,35.7,26.4,24.1,16.3,57527.0,Deer Lodge,MT,Montana,2023.0,Crude prevalence,11.3,82.6,9.8,12.9,8.8,32.4,25.2,17.3,16.6,72.6,17.0,4.6,10.7,30.0,3.0,9421.0,318.0,586.0,1470.0,44.0,93.0,922.0,37.0,81.0,2.0,0.0,0.0,0.0,0.0,0.0
30025,0.1,0.3,97.0,88.5,0.0,0.4,3.1,21.0,20.6,4.9,30.6,1.9,0.0,0.0,8.6,2760.0,37.5,35.9,28.8,16.2,11.4,76250.0,Fallon,MT,Montana,2023.0,Crude prevalence,11.1,82.5,7.4,10.2,6.8,31.4,23.3,17.6,14.2,70.6,14.3,3.6,9.1,30.0,1.0,3049.0,58.0,27.0,1535.0,39.0,18.0,1384.0,38.0,18.0,0.0,0.0,0.0,0.0,0.0,0.0
30027,1.5,3.3,91.3,85.6,2.7,3.8,16.2,18.3,11.8,9.4,36.6,1.2,0.5,9.7,29.9,11687.0,44.4,36.2,25.3,24.0,15.1,63706.0,Fergus,MT,Montana,2023.0,Crude prevalence,11.1,83.9,8.5,11.4,8.0,31.2,23.8,16.4,15.1,73.8,14.6,4.2,9.4,30.0,3.0,11446.0,498.0,389.0,3932.0,226.0,190.0,2957.0,162.0,143.0,1.0,2.0,1.0,2.0,1.0,1.0
30029,0.9,3.6,94.9,91.2,1.8,1.8,10.0,19.6,14.4,4.2,27.6,1.7,0.9,14.1,36.5,110695.0,42.2,27.2,21.3,37.2,9.3,73925.0,Flathead,MT,Montana,2023.0,Crude prevalence,10.7,83.4,7.0,9.3,6.5,31.2,19.3,15.8,13.6,71.1,12.8,3.4,9.0,30.0,32.0,104357.0,1837.0,2870.0,14217.0,683.0,1233.0,5009.0,514.0,909.0,11.0,6.0,3.0,2.0,2.0,1.0
30031,1.0,1.8,98.0,93.3,1.6,1.9,6.9,18.3,11.0,2.4,38.9,1.1,0.8,9.0,38.8,124074.0,34.2,17.2,19.3,54.3,9.5,93528.0,Gallatin,MT,Montana,2023.0,Crude prevalence,10.7,79.9,4.5,6.7,4.3,23.0,13.9,16.7,10.8,68.0,9.7,2.3,8.3,30.0,26.0,118960.0,1219.0,1448.0,22293.0,413.0,505.0,14050.0,299.0,371.0,15.0,7.0,3.0,2.0,3.0,1.0
30033,0.4,3.4,92.4,89.8,0.0,2.1,9.8,23.0,40.8,1.6,27.8,0.7,0.7,18.5,20.4,1094.0,43.3,35.0,26.7,21.0,13.4,69583.0,Garfield,MT,Montana,2023.0,Crude prevalence,11.1,84.0,8.6,11.5,8.3,30.6,24.6,16.9,15.3,73.5,14.8,4.3,9.3,30.0,1.0,1173.0,7.0,13.0,896.0,6.0,11.0,861.0,6.0,11.0,0.0,0.0,0.0,0.0,0.0,0.0
30035,5.1,9.9,90.7,84.0,5.6,6.3,23.6,14.7,19.8,6.0,36.3,5.2,2.8,3.0,37.6,13637.0,33.4,28.6,26.0,16.5,31.1,46875.0,Glacier,MT,Montana,2023.0,Crude prevalence,14.6,76.3,10.8,15.5,8.5,39.7,32.2,23.2,20.7,68.7,26.5,5.3,14.3,30.0,4.0,13778.0,256.0,1023.0,3346.0,82.0,366.0,2999.0,74.0,333.0,0.0,4.0,2.0,0.0,2.0,0.0
30037,8.6,4.9,85.1,78.2,0.8,2.1,22.9,31.0,22.0,6.1,18.9,0.5,0.0,0.0,15.8,899.0,50.9,31.5,27.7,20.9,17.0,58333.0,Golden Valley,MT,Montana,2023.0,Crude prevalence,11.3,85.7,11.1,14.7,10.6,32.5,28.0,16.3,17.8,76.3,16.1,5.4,11.0,30.0,1.0,823.0,23.0,3.0,533.0,20.0,3.0,390.0,19.0,3.0,0.0,1.0,1.0,0.0,1.0,0.0
30039,0.9,5.5,91.9,86.9,2.0,0.3,8.5,27.6,41.8,3.5,22.1,1.2,0.3,4.4,42.2,3462.0,53.0,29.9,19.7,34.2,10.2,59265.0,Granite,MT,Montana,2023.0,Crude prevalence,10.9,85.1,9.0,12.3,9.0,30.4,24.2,15.6,15.6,75.0,14.3,4.6,9.7,30.0,2.0,3309.0,53.0,87.0,1452.0,42.0,70.0,1120.0,39.0,66.0,0.0,1.0,1.0,0.0,0.0,0.0
30041,1.9,7.2,90.5,82.7,2.6,5.6,8.3,13.1,14.2,8.6,33.9,0.8,0.7,6.6,32.5,16155.0,34.5,35.2,22.9,24.4,20.7,52798.0,Hill,MT,Montana,2023.0,Crude prevalence,12.2,79.1,8.5,12.1,7.5,38.5,25.3,20.2,16.6,71.6,18.2,4.0,11.5,30.0,6.0,16309.0,533.0,810.0,3020.0,110.0,191.0,2341.0,61.0,91.0,2.0,3.0,1.0,0.0,1.0,0.0
30043,2.9,3.2,96.8,91.4,2.5,3.2,5.8,24.4,7.6,3.0,15.8,1.4,0.1,13.0,17.0,12774.0,47.1,29.2,20.1,32.2,5.7,95490.0,Jefferson,MT,Montana,2023.0,Crude prevalence,10.9,85.5,7.0,10.3,6.7,32.8,21.3,15.4,13.6,73.2,12.7,3.5,8.1,30.0,3.0,12085.0,151.0,257.0,2095.0,112.0,189.0,1098.0,107.0,179.0,0.0,1.0,1.0,0.0,0.0,0.0
30045,3.0,3.9,93.5,91.5,0.1,1.4,6.8,21.4,27.2,2.4,27.3,0.0,0.0,2.0,14.6,2071.0,46.2,26.0,22.1,31.0,13.3,59000.0,Judith Basin,MT,Montana,2023.0,Crude prevalence,11.0,84.9,9.4,12.9,9.2,31.5,25.0,16.1,15.9,74.9,14.9,4.7,9.3,30.0,1.0,2023.0,22.0,49.0,1183.0,20.0,45.0,999.0,20.0,44.0,0.0,0.0,0.0,0.0,0.0,0.0
30047,2.1,5.0,91.4,84.8,3.2,2.7,14.5,22.9,23.6,4.8,25.0,1.7,1.1,6.8,34.4,32561.0,44.3,25.2,24.2,31.5,17.2,63360.0,Lake,MT,Montana,2023.0,Crude prevalence,12.0,83.3,8.8,12.2,8.3,33.0,23.7,17.5,16.0,74.9,15.5,4.5,10.2,30.0,10.0,31134.0,608.0,1345.0,2046.0,457.0,1018.0,440.0,408.0,868.0,0.0,4.0,0.0,2.0,0.0,2.0
30049,0.9,4.2,95.0,90.3,2.0,1.5,5.7,18.3,8.4,5.3,29.9,0.9,0.5,8.9,31.6,73464.0,41.8,22.8,19.0,43.0,8.1,78237.0,Lewis and Clark,MT,Montana,2023.0,Crude prevalence,11.2,84.5,6.3,9.3,6.0,31.0,18.3,16.6,13.4,74.7,12.0,3.2,8.1,30.0,17.0,70973.0,1670.0,2432.0,12160.0,601.0,1069.0,7699.0,372.0,788.0,8.0,2.0,1.0,3.0,0.0,2.0
30051,9.2,7.0,87.4,74.6,0.3,0.8,3.4,16.5,13.5,10.2,36.6,2.3,0.3,3.8,40.7,1952.0,39.8,25.1,22.6,27.8,25.8,57857.0,Liberty,MT,Montana,2023.0,Crude prevalence,11.9,81.8,10.9,13.1,9.6,34.0,27.9,18.2,17.7,73.3,17.7,5.1,11.8,30.0,1.0,1959.0,74.0,47.0,1245.0,68.0,43.0,1164.0,64.0,41.0,0.0,1.0,1.0,0.0,1.0,0.0
30053,2.6,6.9,92.1,86.6,2.2,3.3,14.9,18.5,17.5,6.4,22.4,1.3,0.9,8.7,36.9,21175.0,52.8,38.2,24.3,18.9,15.4,47143.0,Lincoln,MT,Montana,2023.0,Crude prevalence,11.4,84.6,10.7,14.0,9.9,37.8,27.0,16.9,17.5,76.0,16.7,5.1,10.7,30.0,6.0,19677.0,578.0,1112.0,2599.0,299.0,619.0,1667.0,249.0,517.0,1.0,5.0,2.0,1.0,1.0,1.0
30055,0.2,2.1,88.8,82.1,1.3,1.5,5.3,19.9,26.2,0.4,10.2,0.4,0.4,0.0,39.0,1670.0,53.2,32.3,30.3,23.3,5.0,69375.0,McCone,MT,Montana,2023.0,Crude prevalence,10.7,85.7,7.8,11.1,8.1,32.4,22.6,15.5,14.5,74.0,12.7,4.1,8.4,30.0,1.0,1729.0,3.0,2.0,1113.0,2.0,2.0,903.0,2.0,2.0,0.0,0.0,0.0,0.0,0.0,0.0
30057,2.3,3.9,93.7,89.4,1.7,0.7,7.1,25.8,41.5,1.6,19.0,0.8,0.5,15.1,25.7,9223.0,52.2,25.4,27.0,32.6,6.2,75250.0,Madison,MT,Montana,2023.0,Crude prevalence,10.5,86.4,7.3,10.6,7.7,28.7,19.4,15.0,13.8,74.4,12.2,3.8,8.7,30.0,4.0,8623.0,58.0,132.0,2541.0,48.0,102.0,1686.0,45.0,91.0,0.0,0.0,0.0,0.0,0.0,0.0
30059,4.8,3.4,89.1,84.0,0.2,0.3,3.6,25.4,36.1,0.5,24.6,0.0,0.1,0.0,9.5,2007.0,58.3,29.7,27.2,30.0,12.4,71932.0,Meagher,MT,Montana,2023.0,Crude prevalence,10.8,86.3,8.9,12.5,9.1,32.3,23.7,15.0,15.3,76.3,13.3,4.6,8.8,30.0,1.0,1927.0,5.0,80.0,1029.0,4.0,60.0,885.0,4.0,58.0,0.0,0.0,0.0,0.0,0.0,0.0
30061,1.7,5.5,94.3,83.0,1.7,1.0,9.1,27.6,16.4,2.7,18.9,1.2,1.0,11.5,36.0,4959.0,50.0,33.7,23.9,26.1,13.5,63450.0,Mineral,MT,Montana,2023.0,Crude prevalence,11.1,85.4,9.3,12.8,9.1,36.0,25.0,16.0,16.0,74.4,15.0,4.6,9.7,30.0,2.0,4535.0,59.0,295.0,752.0,43.0,202.0,542.0,38.0,178.0,0.0,2.0,1.0,0.0,0.0,0.0
30063,1.0,2.4,96.4,93.0,2.6,2.6,6.1,18.1,7.5,5.2,41.2,0.7,0.7,8.6,39.5,120672.0,37.1,19.5,21.4,47.4,10.1,75598.0,Missoula,MT,Montana,2023.0,Crude prevalence,10.7,80.7,5.4,8.3,5.2,26.2,16.5,17.6,11.9,70.7,11.5,2.8,8.5,30.0,29.0,117922.0,2753.0,3964.0,24121.0,535.0,1170.0,17892.0,394.0,953.0,19.0,7.0,1.0,2.0,0.0,1.0
30065,1.8,8.9,88.5,83.4,5.1,2.9,10.1,25.3,19.3,5.9,14.9,2.0,1.0,20.5,41.0,5152.0,51.3,32.0,26.6,22.4,17.0,58920.0,Musselshell,MT,Montana,2023.0,Crude prevalence,11.2,84.4,9.2,12.7,8.6,35.6,26.7,16.5,16.1,73.9,15.4,4.5,10.4,30.0,2.0,4730.0,126.0,220.0,2087.0,33.0,109.0,1603.0,30.0,105.0,0.0,1.0,1.0,0.0,1.0,0.0
30067,1.2,2.3,95.6,90.2,1.6,1.3,8.1,25.3,13.2,3.4,30.6,1.6,0.3,12.7,38.3,17710.0,46.0,26.9,21.1,39.8,12.3,70047.0,Park,MT,Montana,2023.0,Crude prevalence,10.7,84.9,7.6,10.5,7.3,30.4,22.2,15.8,14.2,72.9,13.5,3.7,8.2,30.0,6.0,17191.0,284.0,504.0,7731.0,166.0,242.0,4432.0,115.0,129.0,2.0,1.0,1.0,0.0,0.0,0.0
30069,0.0,1.1,86.0,84.2,0.0,0.5,6.7,16.2,28.9,0.0,27.1,0.0,0.0,0.0,0.0,447.0,51.6,42.0,22.7,30.8,8.1,60208.0,Petroleum,MT,Montana,2023.0,Crude prevalence,10.5,86.6,8.6,12.4,9.0,32.9,23.8,14.9,15.2,75.0,13.9,4.5,8.5,30.0,1.0,496.0,0.0,1.0,320.0,0.0,1.0,288.0,0.0,1.0,0.0,1.0,1.0,0.0,1.0,0.0
30071,1.3,3.7,94.5,91.0,1.0,1.4,7.6,15.6,21.0,0.6,26.5,0.2,0.0,7.7,31.3,4221.0,45.6,30.7,29.9,25.4,10.5,53417.0,Phillips,MT,Montana,2023.0,Crude prevalence,11.2,83.8,8.6,12.0,8.2,38.8,24.8,17.1,15.4,73.5,15.1,4.3,9.3,30.0,1.0,4217.0,10.0,124.0,2046.0,7.0,88.0,1952.0,6.0,80.0,0.0,1.0,1.0,0.0,1.0,0.0
30073,7.1,5.7,88.8,81.8,3.4,3.2,8.2,19.2,17.6,7.0,32.3,1.9,0.5,6.0,30.0,6035.0,42.0,31.7,22.7,20.1,21.9,52338.0,Pondera,MT,Montana,2023.0,Crude prevalence,12.3,81.6,10.3,13.6,8.9,37.2,29.1,18.8,17.7,72.0,19.1,4.9,11.7,30.0,2.0,5898.0,158.0,204.0,2046.0,105.0,132.0,1503.0,101.0,127.0,0.0,1.0,1.0,0.0,1.0,0.0
30075,2.5,6.9,94.9,84.0,0.4,0.0,7.6,19.4,27.2,3.2,21.2,2.5,2.7,0.0,9.0,1815.0,47.3,35.2,22.8,26.1,8.1,67045.0,Powder River,MT,Montana,2023.0,Crude prevalence,10.7,86.0,8.3,11.9,8.4,30.4,22.2,15.3,14.9,74.9,13.3,4.2,9.2,30.0,1.0,1694.0,23.0,38.0,1229.0,20.0,33.0,1125.0,19.0,32.0,0.0,0.0,0.0,0.0,0.0,0.0
30077,1.8,4.6,88.4,83.8,1.0,0.7,6.4,18.1,19.1,2.4,27.5,0.2,1.7,9.1,7.9,7053.0,45.8,46.1,20.7,19.3,5.6,66923.0,Powell,MT,Montana,2023.0,Crude prevalence,10.4,80.7,8.1,11.3,7.6,35.8,25.1,17.0,15.1,70.6,16.9,3.9,11.2,30.0,2.0,6946.0,58.0,163.0,1495.0,34.0,102.0,1201.0,31.0,92.0,0.0,1.0,0.0,0.0,0.0,0.0
30079,1.7,1.8,84.4,78.2,0.5,3.3,4.7,17.0,20.7,9.5,16.1,1.7,0.0,0.0,36.6,1250.0,57.8,35.0,26.6,26.9,20.6,51250.0,Prairie,MT,Montana,2023.0,Crude prevalence,11.2,86.1,12.8,16.2,12.3,33.5,30.9,16.0,18.9,76.8,17.5,6.3,12.2,30.0,1.0,1088.0,52.0,79.0,668.0,39.0,59.0,555.0,38.0,58.0,0.0,1.0,1.0,0.0,1.0,0.0
30081,1.3,5.3,94.0,87.1,1.8,2.2,10.5,24.4,11.9,4.1,20.6,0.8,0.3,10.5,32.0,46727.0,48.7,30.6,23.6,28.7,8.8,71283.0,Ravalli,MT,Montana,2023.0,Crude prevalence,10.5,85.7,7.6,10.4,7.5,31.9,20.4,15.3,14.7,73.9,12.7,3.8,9.1,30.0,13.0,44174.0,765.0,1209.0,5563.0,442.0,894.0,4598.0,392.0,813.0,2.0,3.0,2.0,2.0,2.0,2.0
30083,1.4,3.5,92.2,85.8,2.2,2.0,4.7,22.7,21.2,5.1,32.9,1.3,0.2,8.2,20.1,11235.0,38.4,41.5,22.9,22.0,6.6,73084.0,Richland,MT,Montana,2023.0,Crude prevalence,10.7,82.4,6.4,9.2,6.2,37.9,23.3,16.7,13.4,70.2,13.8,3.2,9.3,30.0,5.0,11491.0,225.0,193.0,3240.0,75.0,85.0,2683.0,64.0,72.0,1.0,1.0,0.0,0.0,0.0,0.0
30085,2.4,6.1,78.8,74.1,6.3,7.6,25.2,19.0,24.0,10.4,33.4,3.1,1.0,2.0,30.3,10526.0,30.9,31.9,25.8,21.2,30.4,57063.0,Roosevelt,MT,Montana,2023.0,Crude prevalence,14.2,76.2,9.6,14.1,7.5,41.0,29.4,22.5,18.9,68.9,23.4,4.6,12.9,30.0,3.0,10794.0,322.0,392.0,4134.0,195.0,232.0,3634.0,185.0,221.0,0.0,2.0,2.0,2.0,2.0,2.0
30087,3.6,5.7,87.5,77.4,6.2,5.7,16.2,15.5,18.8,7.9,36.4,1.6,1.6,7.4,30.6,8165.0,38.0,36.1,22.6,20.9,24.5,49914.0,Rosebud,MT,Montana,2023.0,Crude prevalence,12.9,79.6,9.5,13.6,8.2,39.5,27.4,20.2,17.5,71.0,20.2,4.6,12.2,30.0,4.0,8329.0,244.0,414.0,1361.0,104.0,152.0,1143.0,84.0,123.0,0.0,3.0,2.0,0.0,2.0,0.0
30089,3.5,4.8,92.9,87.8,2.5,2.2,13.7,22.0,19.9,4.5,18.7,2.1,0.9,5.1,51.1,13285.0,54.6,35.0,25.4,21.5,15.4,57476.0,Sanders,MT,Montana,2023.0,Crude prevalence,11.0,85.0,10.8,13.7,10.2,34.9,26.2,16.3,17.4,73.5,16.6,5.2,10.5,30.0,4.0,12400.0,247.0,610.0,1468.0,185.0,460.0,429.0,160.0,398.0,0.0,4.0,1.0,1.0,0.0,1.0
30091,1.6,7.8,94.8,89.0,1.3,2.0,7.3,13.2,27.7,5.2,28.2,0.9,0.5,6.5,44.9,3669.0,43.1,30.8,21.2,26.2,10.4,70147.0,Sheridan,MT,Montana,2023.0,Crude prevalence,11.1,84.3,8.3,11.5,7.9,35.5,23.7,16.4,15.1,73.9,14.7,4.1,9.9,30.0,2.0,3539.0,77.0,62.0,1595.0,49.0,42.0,1336.0,47.0,41.0,0.0,0.0,0.0,0.0,0.0,0.0
30093,2.2,3.8,93.2,86.5,2.5,4.1,6.0,16.9,11.9,6.5,29.2,0.7,0.3,3.4,43.1,35785.0,40.5,32.4,24.4,28.0,14.8,61754.0,Silver Bow,MT,Montana,2023.0,Crude prevalence,11.1,81.0,7.6,10.2,6.8,32.3,22.0,18.5,14.9,71.4,14.1,3.6,10.0,30.0,9.0,35133.0,1001.0,2028.0,3510.0,177.0,164.0,563.0,101.0,61.0,8.0,3.0,1.0,1.0,0.0,1.0
30095,2.0,2.4,92.9,86.8,1.9,1.1,5.2,30.5,18.2,3.2,17.1,1.3,0.8,1.9,26.7,9182.0,46.7,32.8,21.2,32.3,8.3,84732.0,Stillwater,MT,Montana,2023.0,Crude prevalence,10.8,85.3,7.5,10.8,7.3,30.2,21.0,15.4,13.9,73.9,12.9,3.8,8.7,30.0,3.0,8963.0,123.0,214.0,2451.0,85.0,161.0,1730.0,80.0,151.0,0.0,0.0,0.0,0.0,0.0,0.0
30097,0.3,2.6,92.4,91.6,1.1,2.4,10.2,24.5,18.3,2.5,20.3,1.9,0.5,23.0,18.6,3720.0,47.0,31.2,30.9,24.4,7.9,77000.0,Sweet Grass,MT,Montana,2023.0,Crude prevalence,10.7,85.5,7.7,10.9,7.9,29.4,22.0,15.6,14.4,73.9,13.0,4.0,8.6,30.0,1.0,3678.0,39.0,72.0,1463.0,28.0,51.0,1256.0,26.0,48.0,0.0,0.0,0.0,0.0,0.0,0.0
30099,5.1,3.4,90.8,85.0,0.6,0.8,5.4,21.8,16.2,6.2,24.5,2.1,0.2,13.3,28.5,6353.0,42.3,30.8,26.2,26.8,13.4,70430.0,Teton,MT,Montana,2023.0,Crude prevalence,11.1,83.4,8.1,11.0,7.8,30.9,24.0,17.0,14.8,72.1,14.1,4.1,9.5,30.0,3.0,6226.0,154.0,119.0,3045.0,99.0,84.0,2109.0,93.0,80.0,0.0,0.0,0.0,0.0,0.0,0.0
30101,4.7,9.0,95.5,88.1,2.8,2.6,8.3,15.5,20.2,7.3,36.9,0.0,0.9,8.9,32.4,5061.0,37.7,34.6,23.5,22.5,12.6,57731.0,Toole,MT,Montana,2023.0,Crude prevalence,11.0,78.0,8.8,11.5,7.5,35.6,26.7,18.8,15.7,68.0,19.3,4.0,13.2,30.0,3.0,4971.0,135.0,144.0,1940.0,76.0,84.0,1583.0,72.0,80.0,0.0,0.0,0.0,0.0,0.0,0.0
30103,1.0,4.0,95.0,80.0,0.7,0.0,4.1,16.9,21.7,7.5,31.7,1.7,0.0,22.0,20.0,732.0,52.0,29.7,20.4,37.5,12.3,67917.0,Treasure,MT,Montana,2023.0,Crude prevalence,10.6,86.3,8.7,12.5,9.2,33.2,23.6,14.8,15.1,75.8,13.1,4.6,9.0,30.0,1.0,762.0,27.0,25.0,762.0,27.0,25.0,762.0,27.0,25.0,0.0,0.0,0.0,0.0,0.0,0.0
30105,1.3,4.0,93.7,84.9,1.9,1.5,6.4,15.4,30.6,5.8,21.5,0.5,0.3,9.9,33.1,7519.0,44.3,29.1,31.0,25.7,10.1,71695.0,Valley,MT,Montana,2023.0,Crude prevalence,11.3,84.0,8.4,11.6,8.2,32.7,24.6,17.0,15.7,74.0,14.1,4.3,9.3,30.0,3.0,7578.0,170.0,247.0,3109.0,56.0,106.0,2863.0,38.0,83.0,0.0,0.0,0.0,0.0,0.0,0.0
30107,2.4,4.0,89.8,81.9,0.4,1.4,17.9,18.5,23.9,2.3,24.5,1.8,0.3,8.5,20.5,2056.0,46.2,38.4,24.4,23.2,23.0,49489.0,Wheatland,MT,Montana,2023.0,Crude prevalence,11.5,82.4,10.0,13.0,9.1,32.0,26.8,17.7,16.9,72.8,17.0,4.7,11.7,30.0,1.0,2069.0,20.0,54.0,983.0,14.0,39.0,931.0,14.0,38.0,0.0,1.0,1.0,0.0,1.0,0.0
30109,0.3,3.8,93.1,83.3,1.1,1.1,6.5,20.9,22.5,3.0,27.5,4.6,0.0,0.0,11.7,1193.0,41.0,37.0,23.1,22.5,15.8,67462.0,Wibaux,MT,Montana,2023.0,Crude prevalence,11.0,84.1,8.4,11.6,8.2,32.5,24.1,16.7,15.2,73.5,14.4,4.2,9.3,30.0,1.0,937.0,14.0,21.0,366.0,10.0,15.0,277.0,10.0,15.0,0.0,0.0,0.0,0.0,0.0,0.0
30111,1.4,3.1,95.9,91.4,2.2,2.5,7.7,18.6,5.8,4.3,30.4,0.8,0.5,8.9,37.9,168957.0,39.0,29.2,22.8,34.1,9.2,76570.0,Yellowstone,MT,Montana,2023.0,Crude prevalence,10.7,83.2,6.4,9.5,6.0,34.0,20.8,17.6,13.6,74.8,13.9,3.2,9.0,30.0,36.0,164731.0,2997.0,5532.0,28072.0,719.0,1386.0,13935.0,450.0,932.0,29.0,12.0,2.0,6.0,0.0,3.0
31001,3.2,4.3,95.3,89.8,1.6,1.5,5.8,15.2,6.2,4.6,30.3,0.9,0.7,11.0,40.9,31052.0,38.7,23.8,24.9,29.6,12.7,68365.0,Adams,NE,Nebraska,2023.0,Crude prevalence,9.2,83.7,7.0,11.8,7.1,41.2,26.9,14.0,12.4,77.3,13.6,3.4,9.8,31.0,9.0,31205.0,600.0,1189.0,6701.0,120.0,255.0,2659.0,92.0,140.0,7.0,4.0,1.0,0.0,1.0,0.0
31003,2.6,3.9,91.1,83.3,1.1,0.9,7.2,17.8,16.3,4.1,21.0,1.4,0.6,6.3,22.7,6305.0,42.4,33.3,20.3,20.5,9.2,66105.0,Antelope,NE,Nebraska,2023.0,Crude prevalence,9.2,85.2,8.1,12.9,8.2,42.4,28.5,13.4,13.1,78.3,14.4,4.0,8.7,31.0,3.0,6295.0,108.0,124.0,526.0,70.0,85.0,117.0,59.0,73.0,0.0,2.0,0.0,0.0,0.0,0.0
31005,0.0,1.2,89.2,87.0,0.3,1.6,6.8,20.0,20.3,4.3,19.5,1.1,0.0,6.3,31.3,484.0,46.0,19.8,27.6,36.6,7.2,76250.0,Arthur,NE,Nebraska,2023.0,Crude prevalence,9.3,84.9,7.5,12.1,8.0,41.7,26.6,13.7,12.6,77.3,13.6,3.9,7.3,31.0,1.0,434.0,8.0,11.0,434.0,8.0,11.0,434.0,8.0,11.0,0.0,0.0,0.0,0.0,0.0,0.0
31007,6.0,4.3,88.5,83.9,2.5,0.0,9.7,26.0,20.4,1.0,32.1,4.6,0.0,11.1,27.8,742.0,51.5,19.3,27.7,33.3,7.7,78839.0,Banner,NE,Nebraska,2023.0,Crude prevalence,9.1,88.0,7.5,13.1,8.2,38.5,27.2,12.3,12.9,79.3,12.8,3.9,8.9,31.0,1.0,674.0,3.0,4.0,672.0,3.0,4.0,645.0,3.0,4.0,0.0,0.0,0.0,0.0,0.0,0.0
31009,0.9,2.4,85.8,76.1,0.9,0.0,5.0,22.3,34.6,2.5,26.4,0.0,1.0,0.0,22.7,422.0,57.5,38.1,22.0,25.0,9.0,69583.0,Blaine,NE,Nebraska,2023.0,Crude prevalence,9.4,86.3,8.1,13.3,8.3,39.3,29.2,13.7,13.5,77.5,15.1,4.0,7.9,31.0,1.0,431.0,5.0,0.0,431.0,5.0,0.0,431.0,5.0,0.0,0.0,1.0,1.0,0.0,1.0,0.0
31011,1.9,4.1,92.9,83.9,0.8,1.4,3.4,17.8,14.2,2.8,18.1,0.3,0.6,14.5,20.6,5356.0,42.6,35.8,23.6,19.7,9.6,74947.0,Boone,NE,Nebraska,2023.0,Crude prevalence,8.9,85.4,8.0,12.7,8.2,33.1,29.4,13.2,13.1,77.4,14.8,4.1,9.2,31.0,2.0,5379.0,62.0,86.0,803.0,31.0,50.0,518.0,27.0,46.0,0.0,0.0,0.0,0.0,0.0,0.0
31013,1.6,3.9,93.0,88.3,1.0,1.2,6.8,11.3,13.6,6.4,23.2,1.5,0.2,5.2,40.6,10714.0,41.5,31.7,31.8,18.6,10.8,68892.0,Box Butte,NE,Nebraska,2023.0,Crude prevalence,9.2,84.2,7.6,13.0,7.7,38.8,30.4,14.1,13.5,75.5,14.8,3.8,10.8,31.0,3.0,10842.0,290.0,321.0,4971.0,195.0,138.0,3442.0,135.0,115.0,2.0,1.0,1.0,1.0,1.0,1.0
31015,0.7,2.9,91.5,90.6,1.3,1.5,7.3,17.2,38.2,0.8,14.4,1.1,0.0,8.5,22.0,1688.0,52.2,42.0,19.0,22.3,9.7,67045.0,Boyd,NE,Nebraska,2023.0,Crude prevalence,9.0,86.6,9.3,14.8,9.8,37.9,30.5,12.8,14.2,79.6,14.7,4.8,8.4,31.0,1.0,1810.0,6.0,51.0,529.0,5.0,43.0,297.0,5.0,41.0,0.0,0.0,0.0,0.0,0.0,0.0
31017,2.3,5.4,93.3,85.5,1.1,2.4,7.5,11.9,23.0,4.7,25.8,0.0,0.0,3.4,54.2,2869.0,45.7,30.2,28.0,24.0,13.4,54676.0,Brown,NE,Nebraska,2023.0,Crude prevalence,9.3,84.9,8.4,13.2,8.5,40.2,29.2,13.7,13.8,77.0,14.7,4.2,10.0,31.0,1.0,2903.0,60.0,77.0,643.0,41.0,53.0,392.0,37.0,47.0,0.0,1.0,1.0,0.0,0.0,0.0
31019,2.0,4.2,96.0,91.1,1.8,1.6,7.0,16.0,6.1,4.5,33.6,0.9,0.5,7.3,33.5,50579.0,35.1,24.6,24.6,34.4,9.9,75911.0,Buffalo,NE,Nebraska,2023.0,Crude prevalence,9.2,81.7,5.8,9.6,5.9,37.3,23.7,14.7,11.6,74.9,12.2,2.9,9.2,31.0,11.0,50084.0,891.0,1306.0,9161.0,237.0,292.0,5068.0,172.0,201.0,8.0,2.0,1.0,1.0,0.0,1.0
31021,2.2,5.7,92.5,86.2,0.7,1.2,7.5,24.6,12.1,5.8,25.0,0.6,0.1,8.7,30.0,6740.0,44.3,33.9,20.4,24.9,13.2,63685.0,Burt,NE,Nebraska,2023.0,Crude prevalence,9.2,85.2,8.1,13.1,8.3,40.3,29.1,13.7,13.2,77.6,15.2,4.1,8.7,31.0,3.0,6722.0,171.0,302.0,246.0,119.0,213.0,7.0,109.0,194.0,0.0,1.0,0.0,0.0,0.0,0.0
31023,4.3,4.3,89.0,86.2,0.8,0.9,5.1,24.2,12.8,4.0,20.1,0.8,0.0,1.5,31.0,8424.0,42.8,34.3,18.9,24.0,9.7,79268.0,Butler,NE,Nebraska,2023.0,Crude prevalence,9.2,84.9,7.0,11.3,7.1,38.6,27.3,13.5,12.3,76.4,14.1,3.5,8.8,31.0,3.0,8369.0,140.0,205.0,1936.0,80.0,114.0,993.0,73.0,104.0,0.0,0.0,0.0,0.0,0.0,0.0
31025,1.0,3.0,95.8,91.6,1.2,1.2,6.0,28.3,8.8,3.4,14.6,1.1,0.4,9.1,31.6,27161.0,41.5,28.9,22.1,32.2,5.2,91836.0,Cass,NE,Nebraska,2023.0,Crude prevalence,9.2,85.6,6.2,10.8,6.4,40.2,25.2,13.4,11.7,77.9,13.0,3.2,7.5,31.0,6.0,26598.0,366.0,462.0,4187.0,241.0,273.0,2541.0,198.0,216.0,2.0,0.0,0.0,1.0,0.0,1.0
31027,1.2,2.4,90.4,82.1,1.2,1.0,6.0,18.8,11.7,1.7,20.4,0.9,0.2,10.1,21.0,8315.0,41.9,36.7,20.4,24.0,7.1,73578.0,Cedar,NE,Nebraska,2023.0,Crude prevalence,9.0,85.6,6.9,11.3,7.3,40.2,25.4,13.0,11.8,76.4,12.5,3.6,7.5,31.0,2.0,8380.0,60.0,186.0,1166.0,49.0,152.0,179.0,48.0,148.0,0.0,0.0,0.0,0.0,0.0,0.0
31029,6.6,4.2,91.3,87.3,1.2,0.5,11.2,14.9,21.1,1.8,20.9,0.1,0.0,3.5,28.3,3671.0,45.0,26.8,24.8,24.1,7.5,68173.0,Chase,NE,Nebraska,2023.0,Crude prevalence,9.1,85.2,7.7,12.7,8.1,36.9,30.0,13.1,13.1,76.6,14.0,4.0,11.2,31.0,1.0,3893.0,26.0,69.0,1812.0,19.0,51.0,1572.0,19.0,49.0,0.0,0.0,0.0,0.0,0.0,0.0
31031,2.1,1.7,93.9,85.5,0.3,0.8,9.4,15.2,25.8,7.5,38.6,1.0,0.3,10.7,23.2,5498.0,41.4,32.6,26.4,25.3,8.3,66270.0,Cherry,NE,Nebraska,2023.0,Crude prevalence,9.5,84.7,8.1,13.1,8.2,40.8,28.4,14.0,13.6,76.1,15.4,4.1,8.6,31.0,2.0,5455.0,168.0,99.0,2572.0,119.0,69.0,2415.0,111.0,65.0,0.0,2.0,2.0,1.0,2.0,1.0
31033,2.4,5.4,94.6,91.9,2.2,3.0,6.8,16.3,8.7,4.3,33.3,0.5,0.0,10.9,31.8,9533.0,42.5,32.1,25.0,23.2,14.3,60348.0,Cheyenne,NE,Nebraska,2023.0,Crude prevalence,9.3,84.3,8.0,12.9,7.9,34.7,29.9,14.1,13.5,76.3,15.1,4.0,9.6,31.0,3.0,9468.0,192.0,548.0,3365.0,73.0,187.0,2099.0,43.0,112.0,2.0,2.0,2.0,1.0,0.0,0.0
31035,1.5,5.0,92.5,87.9,1.3,0.8,6.6,22.1,11.6,4.7,18.1,0.6,0.7,16.5,19.4,6095.0,39.1,34.0,22.2,22.3,6.9,78986.0,Clay,NE,Nebraska,2023.0,Crude prevalence,9.2,84.6,7.2,11.8,7.3,40.1,27.6,13.7,12.8,76.5,14.9,3.6,9.6,31.0,2.0,6104.0,116.0,151.0,603.0,85.0,110.0,175.0,80.0,105.0,0.0,0.0,0.0,0.0,0.0,0.0
31037,15.0,5.6,93.6,89.0,0.9,0.2,12.2,17.4,7.3,0.4,23.7,4.3,0.7,7.1,8.4,10641.0,35.5,31.7,19.6,14.8,6.9,82530.0,Colfax,NE,Nebraska,2023.0,Crude prevalence,8.5,81.3,6.5,13.2,6.6,38.8,32.3,13.5,13.3,72.5,14.4,3.5,19.8,31.0,3.0,10582.0,15.0,329.0,2381.0,14.0,135.0,940.0,13.0,89.0,1.0,1.0,1.0,0.0,1.0,0.0
31039,4.5,3.9,91.0,82.0,1.5,1.1,8.3,18.2,8.3,3.5,31.1,0.3,0.2,4.2,22.1,8975.0,40.9,35.6,18.1,24.9,6.7,71104.0,Cuming,NE,Nebraska,2023.0,Crude prevalence,8.9,84.7,7.3,12.1,7.7,40.4,28.4,13.5,12.8,77.0,13.5,3.8,10.1,31.0,3.0,9013.0,134.0,97.0,149.0,95.0,76.0,0.0,91.0,73.0,0.0,0.0,0.0,0.0,0.0,0.0
31041,1.5,3.5,90.7,82.0,1.7,1.5,7.1,17.4,15.6,4.2,31.1,0.9,0.6,6.6,25.9,10518.0,42.1,31.6,22.8,24.3,7.1,67906.0,Custer,NE,Nebraska,2023.0,Crude prevalence,9.2,85.0,7.5,12.2,7.7,40.0,28.3,13.6,12.4,77.0,14.1,3.8,8.3,31.0,4.0,10545.0,187.0,350.0,1943.0,93.0,167.0,1538.0,54.0,99.0,0.0,2.0,1.0,0.0,1.0,0.0
31043,14.1,7.1,96.0,85.8,3.4,1.1,8.1,13.9,4.5,4.5,36.1,6.8,2.8,6.0,37.9,21354.0,32.5,34.6,20.7,14.6,11.5,70329.0,Dakota,NE,Nebraska,2023.0,Crude prevalence,8.9,81.2,6.3,12.8,6.3,44.3,32.9,14.3,12.7,74.7,14.7,3.3,17.5,31.0,5.0,21582.0,338.0,743.0,647.0,74.0,187.0,46.0,61.0,144.0,3.0,2.0,0.0,0.0,0.0,0.0
31045,1.3,2.8,91.4,84.6,1.0,2.2,9.6,15.6,14.5,4.0,38.2,0.1,0.1,8.2,43.3,8140.0,35.8,22.9,25.6,36.2,13.1,56280.0,Dawes,NE,Nebraska,2023.0,Crude prevalence,9.4,81.4,6.3,10.6,6.5,35.5,25.7,14.7,11.7,74.5,12.3,3.2,7.8,31.0,2.0,8199.0,137.0,344.0,2058.0,58.0,96.0,1393.0,52.0,76.0,1.0,0.0,0.0,0.0,0.0,0.0
31047,16.0,6.1,93.5,83.7,1.0,0.6,9.9,17.5,8.2,5.2,33.6,2.7,2.8,8.9,23.1,24202.0,35.6,32.1,19.3,17.6,10.8,69880.0,Dawson,NE,Nebraska,2023.0,Crude prevalence,8.7,81.7,6.9,13.5,7.0,41.1,32.8,13.7,13.3,73.3,15.0,3.6,18.0,31.0,7.0,24111.0,475.0,571.0,2066.0,91.0,164.0,1185.0,62.0,134.0,2.0,3.0,1.0,1.0,0.0,0.0
31049,4.2,4.7,90.8,86.5,0.8,0.6,9.1,28.2,17.4,3.3,18.4,0.5,0.0,15.7,10.1,1847.0,50.8,26.4,24.2,25.2,9.4,70096.0,Deuel,NE,Nebraska,2023.0,Crude prevalence,9.3,87.3,8.5,14.2,9.1,39.8,29.4,13.0,14.1,79.3,14.6,4.4,9.1,31.0,1.0,1838.0,28.0,70.0,218.0,20.0,49.0,98.0,17.0,42.0,0.0,0.0,0.0,0.0,0.0,0.0
31051,9.1,5.0,92.1,86.2,1.6,2.0,9.2,24.1,13.0,1.6,23.5,2.6,0.4,10.8,22.0,5545.0,43.3,30.4,19.2,23.4,7.3,72454.0,Dixon,NE,Nebraska,2023.0,Crude prevalence,9.0,84.1,8.1,13.2,8.3,43.3,31.3,13.4,13.5,76.2,15.3,4.1,12.0,31.0,2.0,5606.0,36.0,172.0,1363.0,30.0,144.0,483.0,30.0,140.0,0.0,0.0,0.0,0.0,0.0,0.0
31053,6.0,5.6,95.9,89.8,2.3,3.1,6.5,18.8,9.3,3.9,33.1,1.1,0.0,5.4,28.4,37351.0,39.3,34.6,21.3,22.0,11.0,74329.0,Dodge,NE,Nebraska,2023.0,Crude prevalence,9.1,82.9,7.2,11.9,7.0,39.7,28.4,13.7,13.0,75.6,15.0,3.6,12.2,31.0,9.0,37167.0,590.0,1245.0,3886.0,108.0,360.0,1581.0,69.0,266.0,6.0,1.0,0.0,1.0,0.0,0.0
31055,4.6,4.0,96.1,92.2,2.7,2.1,8.3,20.0,5.2,6.8,38.5,1.7,0.9,9.7,39.9,590736.0,35.6,20.4,20.9,42.1,11.8,80391.0,Douglas,NE,Nebraska,2023.0,Crude prevalence,8.7,83.9,5.6,9.8,5.3,36.9,22.1,14.6,11.1,75.5,13.4,2.9,10.3,31.0,163.0,584526.0,16137.0,22724.0,71963.0,1011.0,1576.0,20997.0,359.0,615.0,157.0,70.0,5.0,16.0,0.0,6.0
31057,1.3,5.6,90.0,87.0,0.2,0.0,5.5,13.9,21.7,4.6,26.4,0.3,0.0,10.3,24.0,1736.0,46.4,24.7,34.0,20.2,14.0,58922.0,Dundy,NE,Nebraska,2023.0,Crude prevalence,9.3,86.6,8.6,14.2,9.0,37.0,29.6,13.1,13.9,79.2,14.3,4.4,9.2,31.0,1.0,1654.0,36.0,62.0,384.0,16.0,27.0,314.0,16.0,27.0,0.0,0.0,0.0,0.0,0.0,0.0
31059,2.0,2.2,90.6,84.0,0.3,3.1,4.1,21.6,13.5,2.8,19.6,0.0,0.3,3.8,19.5,5541.0,46.1,33.7,24.2,22.9,8.8,76295.0,Fillmore,NE,Nebraska,2023.0,Crude prevalence,9.3,86.0,7.3,12.3,7.6,42.1,28.6,13.1,12.8,78.3,14.0,3.7,8.1,31.0,2.0,5551.0,65.0,140.0,45.0,43.0,95.0,0.0,40.0,87.0,0.0,0.0,0.0,0.0,0.0,0.0
31061,1.6,4.8,91.2,82.2,1.6,1.6,4.4,19.2,15.5,2.1,16.8,0.2,0.2,2.6,28.6,2846.0,49.0,32.2,25.8,21.3,12.3,60195.0,Franklin,NE,Nebraska,2023.0,Crude prevalence,9.4,85.6,9.2,14.2,9.5,39.2,30.7,13.9,14.3,78.4,15.9,4.6,8.9,31.0,2.0,2889.0,27.0,85.0,932.0,19.0,63.0,580.0,18.0,60.0,0.0,0.0,0.0,0.0,0.0,0.0
31063,3.2,3.1,94.3,76.8,1.6,3.1,6.4,21.2,20.4,2.0,26.0,1.8,2.2,12.7,32.8,2569.0,43.7,27.3,25.4,25.7,11.4,70132.0,Frontier,NE,Nebraska,2023.0,Crude prevalence,9.2,84.6,7.4,11.9,7.9,37.4,26.7,13.5,12.6,77.3,13.0,3.8,8.1,31.0,1.0,2519.0,21.0,124.0,930.0,15.0,86.0,759.0,14.0,82.0,0.0,1.0,1.0,0.0,1.0,0.0
31065,3.8,6.4,90.1,76.8,0.6,1.0,5.7,16.4,20.1,4.2,23.7,0.8,0.4,5.7,34.8,4568.0,47.3,31.9,21.5,24.9,13.0,61048.0,Furnas,NE,Nebraska,2023.0,Crude prevalence,9.4,85.1,8.5,13.5,8.7,44.4,29.1,13.6,13.7,78.0,14.9,4.2,9.5,31.0,1.0,4636.0,85.0,102.0,539.0,52.0,62.0,289.0,49.0,58.0,0.0,0.0,0.0,0.0,0.0,0.0
31067,2.2,4.3,91.1,87.3,1.0,2.2,5.1,21.2,10.3,8.3,26.5,1.1,0.2,5.4,31.6,21629.0,42.6,35.5,20.3,23.1,12.6,67247.0,Gage,NE,Nebraska,2023.0,Crude prevalence,9.4,84.6,8.1,12.6,7.9,41.8,28.7,14.3,13.8,78.2,15.8,3.9,8.9,31.0,7.0,21704.0,776.0,1016.0,5754.0,233.0,403.0,2921.0,154.0,304.0,4.0,3.0,1.0,2.0,0.0,0.0
31069,2.2,3.3,92.9,88.8,2.9,3.3,8.9,13.3,26.9,2.1,21.3,0.3,0.5,29.7,26.6,1761.0,49.9,29.9,29.8,21.1,16.5,41882.0,Garden,NE,Nebraska,2023.0,Crude prevalence,9.4,86.7,9.9,15.5,10.2,40.2,32.6,13.4,15.1,79.1,15.9,5.0,9.2,31.0,1.0,1874.0,18.0,95.0,1151.0,15.0,77.0,955.0,14.0,74.0,0.0,1.0,1.0,0.0,1.0,0.0
31071,0.5,3.8,94.6,87.9,1.8,1.6,3.6,14.8,29.2,6.1,24.0,0.0,0.0,12.9,18.1,1718.0,47.7,27.3,30.7,29.7,8.8,62804.0,Garfield,NE,Nebraska,2023.0,Crude prevalence,9.0,86.8,7.5,12.3,8.4,38.8,26.7,12.5,12.5,78.6,12.4,4.0,7.2,31.0,1.0,1813.0,43.0,35.0,440.0,29.0,24.0,333.0,27.0,22.0,0.0,1.0,0.0,0.0,0.0,0.0
31073,0.0,2.1,96.1,83.1,1.5,1.1,9.4,22.1,31.0,1.0,19.0,3.0,0.0,0.0,19.6,2040.0,48.4,29.5,25.0,27.4,10.3,77500.0,Gosper,NE,Nebraska,2023.0,Crude prevalence,9.0,86.8,7.2,12.4,8.0,38.4,26.5,12.8,12.6,78.1,13.2,3.8,8.0,31.0,1.0,1893.0,8.0,62.0,51.0,6.0,47.0,12.0,6.0,44.0,0.0,0.0,0.0,0.0,0.0,0.0
31075,0.9,6.8,91.2,78.5,0.2,0.0,10.5,26.9,30.2,3.9,29.2,2.1,0.7,13.9,19.4,626.0,40.4,28.4,25.9,28.6,12.2,70147.0,Grant,NE,Nebraska,2023.0,Crude prevalence,9.1,86.4,7.3,12.1,7.8,36.5,25.9,12.9,12.4,77.7,13.3,3.8,7.3,31.0,1.0,611.0,11.0,6.0,69.0,6.0,3.0,59.0,3.0,2.0,0.0,0.0,0.0,0.0,0.0,0.0
31077,3.4,3.4,93.7,85.4,2.1,1.6,4.9,18.3,21.2,2.2,18.3,0.8,0.9,11.5,18.7,2202.0,44.1,35.3,21.2,21.3,13.1,63929.0,Greeley,NE,Nebraska,2023.0,Crude prevalence,9.0,85.1,8.0,12.6,8.3,34.7,28.5,13.5,13.2,76.5,14.3,4.1,8.9,31.0,1.0,2188.0,21.0,58.0,920.0,17.0,47.0,712.0,17.0,46.0,0.0,0.0,0.0,0.0,0.0,0.0
31079,8.9,5.9,93.8,89.9,2.7,2.8,12.9,17.5,3.8,6.6,38.0,2.3,1.2,13.7,33.1,62536.0,36.1,32.1,21.7,21.5,14.1,69251.0,Hall,NE,Nebraska,2023.0,Crude prevalence,8.8,82.1,6.9,12.0,6.7,41.2,31.2,14.0,13.1,74.1,14.6,3.5,16.1,31.0,14.0,62895.0,1622.0,2556.0,16262.0,435.0,570.0,6412.0,175.0,234.0,11.0,6.0,3.0,2.0,3.0,2.0
31081,1.1,1.7,95.8,93.7,1.5,0.6,6.1,20.7,12.2,1.4,17.0,1.0,0.0,11.1,23.5,9464.0,42.0,30.8,23.6,31.3,5.2,83994.0,Hamilton,NE,Nebraska,2023.0,Crude prevalence,9.2,85.6,6.4,10.5,6.8,40.7,24.7,13.4,11.6,77.4,12.5,3.3,7.5,31.0,3.0,9429.0,50.0,175.0,914.0,26.0,92.0,80.0,22.0,80.0,0.0,0.0,0.0,0.0,0.0,0.0
31083,2.4,3.7,95.3,85.1,0.8,1.3,8.5,19.1,36.5,1.1,14.2,4.1,0.0,4.0,19.8,2847.0,47.3,27.3,23.2,29.2,6.7,70625.0,Harlan,NE,Nebraska,2023.0,Crude prevalence,9.1,86.6,8.0,13.0,8.5,35.4,29.3,13.1,13.3,78.4,14.0,4.1,8.2,31.0,1.0,3073.0,13.0,63.0,846.0,11.0,52.0,176.0,10.0,50.0,0.0,0.0,0.0,0.0,0.0,0.0
31085,0.8,4.2,88.6,81.7,0.0,2.4,5.6,28.7,22.6,3.2,32.1,2.7,0.0,1.2,1.2,843.0,47.3,32.7,22.4,19.8,12.7,69250.0,Hayes,NE,Nebraska,2023.0,Crude prevalence,8.9,86.4,8.7,14.1,9.5,41.0,31.2,12.9,14.0,78.6,14.4,4.5,9.6,31.0,1.0,856.0,12.0,19.0,620.0,11.0,18.0,495.0,11.0,17.0,0.0,1.0,1.0,0.0,1.0,0.0
31087,1.8,5.2,88.2,79.6,0.9,1.4,5.6,21.9,28.8,4.0,21.3,1.0,0.1,0.6,35.7,2569.0,45.5,29.6,29.8,20.9,12.8,51567.0,Hitchcock,NE,Nebraska,2023.0,Crude prevalence,9.3,85.6,8.5,13.4,8.7,41.6,29.8,13.7,13.7,77.9,14.8,4.3,8.8,31.0,1.0,2616.0,44.0,82.0,1122.0,35.0,66.0,558.0,35.0,65.0,0.0,1.0,1.0,0.0,1.0,0.0
31089,1.6,4.0,92.1,84.7,0.6,2.3,6.6,16.4,17.3,3.8,27.7,0.5,0.5,6.8,21.7,10102.0,41.6,32.9,18.5,29.1,11.7,68513.0,Holt,NE,Nebraska,2023.0,Crude prevalence,9.2,85.0,8.1,12.9,8.2,38.4,29.4,13.3,13.2,77.3,14.3,4.0,9.2,31.0,4.0,10127.0,152.0,335.0,892.0,49.0,111.0,610.0,34.0,76.0,0.0,1.0,0.0,0.0,0.0,0.0
31091,0.2,4.4,88.1,76.8,2.5,0.0,9.5,14.4,23.6,6.1,44.6,0.0,0.0,4.5,0.0,647.0,43.6,41.1,23.4,24.6,6.2,49464.0,Hooker,NE,Nebraska,2023.0,Crude prevalence,9.2,86.1,8.3,13.3,8.6,39.7,29.0,13.4,13.5,78.3,14.6,4.3,8.3,31.0,1.0,711.0,20.0,1.0,217.0,10.0,1.0,173.0,8.0,0.0,0.0,0.0,0.0,0.0,0.0,0.0
31093,1.9,2.3,90.4,85.3,2.4,0.6,6.8,26.7,13.5,3.0,21.8,1.6,0.0,3.4,26.4,6534.0,42.2,33.8,24.5,26.0,4.8,76767.0,Howard,NE,Nebraska,2023.0,Crude prevalence,9.1,85.5,7.0,11.5,7.3,38.6,27.6,13.4,12.5,77.6,13.7,3.6,7.8,31.0,2.0,6475.0,74.0,169.0,899.0,53.0,117.0,622.0,51.0,110.0,0.0,0.0,0.0,0.0,0.0,0.0
31095,2.1,4.2,89.7,80.2,0.7,1.9,8.4,16.5,14.8,7.6,25.1,0.2,0.0,8.2,31.0,7161.0,44.4,41.7,17.8,20.2,10.1,59044.0,Jefferson,NE,Nebraska,2023.0,Crude prevalence,9.2,85.7,7.7,13.4,8.1,37.4,29.4,13.6,13.2,77.6,14.6,4.0,8.8,31.0,3.0,7240.0,237.0,392.0,2715.0,65.0,112.0,1772.0,49.0,87.0,2.0,2.0,1.0,0.0,0.0,0.0
31097,4.2,8.9,90.5,86.7,1.7,3.4,5.0,26.0,18.6,7.4,32.8,0.2,0.1,7.4,28.7,5261.0,41.1,40.3,18.5,17.7,9.7,57632.0,Johnson,NE,Nebraska,2023.0,Crude prevalence,8.5,82.1,6.9,11.6,6.8,38.1,30.3,13.7,12.5,73.0,15.6,3.5,12.3,31.0,2.0,5290.0,127.0,204.0,652.0,103.0,170.0,162.0,99.0,164.0,0.0,1.0,0.0,0.0,0.0,0.0
31099,3.6,2.5,93.7,90.0,1.2,0.4,6.1,21.3,5.8,0.9,22.5,1.2,0.0,4.5,21.4,6713.0,40.2,24.0,21.6,34.5,7.2,78631.0,Kearney,NE,Nebraska,2023.0,Crude prevalence,9.0,85.9,6.2,10.8,6.7,38.3,24.8,12.8,11.4,76.6,12.4,3.3,7.8,31.0,2.0,6688.0,26.0,111.0,259.0,18.0,54.0,88.0,17.0,49.0,0.0,0.0,0.0,0.0,0.0,0.0
31101,5.2,4.7,92.2,89.1,1.2,0.2,6.6,14.9,25.5,5.6,28.9,0.9,0.5,12.1,26.4,8219.0,48.4,28.9,25.6,22.7,10.4,60645.0,Keith,NE,Nebraska,2023.0,Crude prevalence,9.0,86.4,8.0,13.2,8.5,35.4,31.1,12.9,13.8,76.9,14.0,4.2,9.4,31.0,3.0,8335.0,228.0,360.0,2324.0,59.0,107.0,1509.0,45.0,92.0,2.0,2.0,1.0,1.0,1.0,1.0
31103,2.5,1.1,90.4,84.8,0.6,0.0,9.9,18.7,38.2,1.3,19.2,3.0,0.0,0.0,28.0,822.0,48.5,37.4,24.2,20.6,7.2,64000.0,Keya Paha,NE,Nebraska,2023.0,Crude prevalence,8.9,86.3,9.0,14.2,10.1,36.6,30.1,12.6,13.9,78.8,13.9,4.8,8.9,31.0,1.0,769.0,4.0,4.0,507.0,3.0,3.0,427.0,3.0,3.0,0.0,1.0,1.0,0.0,1.0,0.0
31105,3.3,8.3,92.5,85.0,0.4,4.3,14.4,14.6,16.4,3.8,24.8,0.3,0.0,10.3,39.2,3248.0,49.8,35.5,23.9,15.0,12.2,56712.0,Kimball,NE,Nebraska,2023.0,Crude prevalence,9.5,85.1,9.8,15.2,9.7,42.1,34.1,14.0,15.4,77.8,17.0,4.9,11.6,31.0,1.0,3434.0,56.0,168.0,975.0,35.0,105.0,628.0,33.0,99.0,0.0,1.0,1.0,0.0,1.0,0.0
31107,2.8,4.7,88.5,83.1,2.2,2.2,7.0,19.5,24.3,4.6,21.6,1.3,0.7,11.2,25.9,8363.0,44.3,35.4,21.0,19.0,13.7,64636.0,Knox,NE,Nebraska,2023.0,Crude prevalence,9.5,85.1,9.0,14.1,8.9,39.8,29.9,14.1,14.2,78.2,16.0,4.5,8.9,31.0,3.0,8391.0,157.0,254.0,1308.0,114.0,193.0,372.0,111.0,186.0,0.0,1.0,1.0,0.0,0.0,0.0
31109,2.8,3.6,97.1,92.8,2.2,2.4,5.9,19.0,4.4,6.2,41.1,1.6,0.6,8.8,38.1,326696.0,34.3,20.4,19.9,41.9,11.9,74793.0,Lancaster,NE,Nebraska,2023.0,Crude prevalence,9.2,82.4,5.5,9.6,5.5,34.4,20.2,14.5,10.3,75.7,11.7,2.8,8.7,31.0,81.0,322608.0,8343.0,11241.0,51169.0,903.0,1487.0,20783.0,359.0,734.0,74.0,29.0,5.0,7.0,3.0,2.0
31111,2.1,3.7,95.2,89.5,2.3,3.0,6.6,15.4,10.4,4.1,34.4,0.6,0.4,11.2,32.9,33802.0,42.4,30.7,26.8,22.7,12.4,65148.0,Lincoln,NE,Nebraska,2023.0,Crude prevalence,9.7,84.1,8.0,12.9,8.0,40.1,29.4,14.5,13.6,76.1,15.1,4.0,10.0,31.0,8.0,34676.0,606.0,1730.0,7357.0,249.0,494.0,4205.0,180.0,319.0,4.0,3.0,1.0,1.0,0.0,1.0
31113,1.1,1.1,95.0,86.6,0.2,0.0,7.1,20.1,9.4,0.0,21.1,2.0,0.0,2.1,40.4,773.0,45.5,27.5,28.4,24.1,5.6,74271.0,Logan,NE,Nebraska,2023.0,Crude prevalence,8.9,87.5,7.1,12.0,7.8,35.9,26.4,12.4,12.1,78.7,12.5,3.8,7.1,31.0,1.0,716.0,0.0,6.0,128.0,0.0,5.0,80.0,0.0,4.0,0.0,0.0,0.0,0.0,0.0,0.0
31115,0.2,0.7,96.3,90.6,0.0,1.2,9.5,23.0,43.9,1.6,26.6,1.6,0.0,16.3,8.2,578.0,43.9,34.9,20.0,27.2,6.9,71667.0,Loup,NE,Nebraska,2023.0,Crude prevalence,8.8,87.7,7.8,13.5,8.7,36.4,27.2,12.2,12.7,79.7,12.7,4.2,7.0,31.0,1.0,607.0,4.0,15.0,428.0,4.0,15.0,267.0,4.0,15.0,0.0,0.0,0.0,0.0,0.0,0.0
31117,0.3,4.6,95.3,92.5,0.0,0.5,3.4,18.1,20.9,7.1,34.9,1.4,0.0,0.0,0.0,475.0,45.8,21.1,16.2,25.7,12.2,58684.0,McPherson,NE,Nebraska,2023.0,Crude prevalence,9.2,87.4,8.2,13.3,9.2,38.5,28.6,12.7,13.3,79.9,13.2,4.4,6.9,31.0,1.0,399.0,15.0,2.0,399.0,15.0,2.0,399.0,15.0,2.0,0.0,1.0,1.0,0.0,1.0,0.0
31119,5.0,3.9,93.1,84.4,2.0,1.1,7.5,14.3,6.8,6.9,34.6,1.3,0.5,8.4,29.2,35532.0,37.4,29.9,20.7,23.7,13.1,63128.0,Madison,NE,Nebraska,2023.0,Crude prevalence,9.4,83.5,6.7,11.8,6.7,40.0,27.7,14.0,12.2,75.1,14.4,3.4,10.7,31.0,9.0,35585.0,994.0,1236.0,7034.0,304.0,377.0,3488.0,184.0,252.0,6.0,3.0,0.0,1.0,0.0,1.0
31121,3.9,4.7,93.3,88.5,0.2,1.2,5.3,21.4,10.9,1.9,17.8,1.3,0.2,11.7,24.5,7724.0,43.2,35.0,25.7,18.3,7.9,68354.0,Merrick,NE,Nebraska,2023.0,Crude prevalence,9.2,84.6,7.4,11.7,7.5,39.3,28.8,14.2,13.2,76.2,15.0,3.7,9.3,31.0,3.0,7668.0,61.0,184.0,367.0,22.0,117.0,22.0,18.0,109.0,0.0,1.0,0.0,0.0,0.0,0.0
31123,3.7,5.4,89.2,80.9,2.3,1.3,8.4,21.6,15.5,4.6,22.7,1.1,0.6,2.3,44.1,4534.0,41.5,34.8,23.8,19.4,13.9,58500.0,Morrill,NE,Nebraska,2023.0,Crude prevalence,9.2,83.9,8.4,13.3,8.3,41.6,32.1,14.0,14.0,76.4,15.9,4.2,11.8,31.0,1.0,4555.0,88.0,223.0,1349.0,64.0,163.0,1172.0,59.0,150.0,0.0,0.0,0.0,0.0,0.0,0.0
31125,2.1,5.3,92.5,85.7,2.4,0.5,6.6,22.5,16.4,2.2,27.1,0.5,0.2,18.7,19.3,3324.0,43.1,33.7,25.9,20.1,16.6,65179.0,Nance,NE,Nebraska,2023.0,Crude prevalence,9.5,84.0,8.4,12.7,7.8,41.0,28.6,14.7,13.6,76.5,16.5,3.9,8.7,31.0,1.0,3380.0,30.0,93.0,453.0,21.0,64.0,145.0,19.0,59.0,0.0,0.0,0.0,0.0,0.0,0.0
31127,1.6,7.3,93.3,87.4,3.9,1.1,10.2,20.6,14.1,4.8,34.1,0.5,0.1,9.5,28.3,7046.0,39.3,30.6,21.9,29.4,13.3,60924.0,Nemaha,NE,Nebraska,2023.0,Crude prevalence,9.5,82.2,7.6,11.7,7.4,40.7,29.6,14.8,12.8,75.4,14.8,3.7,9.1,31.0,2.0,7074.0,136.0,378.0,761.0,47.0,135.0,103.0,23.0,69.0,0.0,1.0,0.0,0.0,0.0,0.0
31129,3.0,4.6,91.8,84.6,0.4,1.9,9.3,20.3,13.6,2.9,16.5,1.1,0.0,5.4,18.3,4087.0,50.6,32.9,21.1,23.1,5.7,73976.0,Nuckolls,NE,Nebraska,2023.0,Crude prevalence,9.0,86.5,7.9,12.7,8.4,41.8,27.8,12.8,13.0,78.8,13.5,4.1,8.4,31.0,2.0,4095.0,55.0,109.0,1344.0,18.0,52.0,910.0,12.0,42.0,0.0,1.0,0.0,0.0,0.0,0.0
31131,3.1,3.6,96.0,93.4,1.8,0.8,3.9,21.9,8.8,3.0,17.7,2.5,0.2,5.3,20.0,16241.0,41.7,34.8,18.5,27.2,9.1,82188.0,Otoe,NE,Nebraska,2023.0,Crude prevalence,9.2,85.2,6.8,11.9,7.0,40.7,27.3,13.6,12.6,77.6,13.4,3.4,9.0,31.0,5.0,15912.0,193.0,382.0,4639.0,119.0,208.0,2369.0,99.0,169.0,2.0,1.0,0.0,0.0,0.0,0.0
31133,7.6,6.8,80.6,79.9,1.2,2.1,13.0,22.4,22.6,5.8,19.8,2.8,0.5,7.4,18.5,2530.0,44.9,38.0,17.8,21.2,13.5,62188.0,Pawnee,NE,Nebraska,2023.0,Crude prevalence,9.5,85.3,9.8,14.4,9.9,37.5,33.2,13.7,14.9,78.1,15.7,4.9,9.6,31.0,1.0,2544.0,63.0,64.0,907.0,55.0,56.0,576.0,54.0,55.0,0.0,1.0,1.0,0.0,1.0,0.0
31135,4.3,2.9,96.2,90.4,1.0,0.5,5.6,14.2,12.3,2.6,21.3,1.8,0.0,2.3,29.0,2821.0,41.2,25.2,28.3,25.8,7.2,72778.0,Perkins,NE,Nebraska,2023.0,Crude prevalence,9.1,85.3,7.3,11.9,7.6,40.6,26.7,13.3,12.5,77.2,13.8,3.7,8.9,31.0,1.0,2858.0,31.0,61.0,1302.0,25.0,49.0,1002.0,24.0,47.0,0.0,0.0,0.0,0.0,0.0,0.0
31137,1.9,5.1,95.4,87.2,0.8,1.1,6.2,14.7,6.1,6.2,31.7,2.0,0.1,11.8,30.8,9009.0,41.4,27.9,23.7,29.9,12.2,68919.0,Phelps,NE,Nebraska,2023.0,Crude prevalence,9.2,84.0,7.3,11.5,7.3,38.6,27.2,14.1,13.0,75.7,14.5,3.7,9.3,31.0,3.0,8968.0,243.0,389.0,1179.0,55.0,102.0,750.0,48.0,91.0,2.0,0.0,0.0,0.0,0.0,0.0
31139,1.9,3.5,93.1,86.6,1.4,1.9,4.5,19.9,9.4,3.2,21.9,0.7,0.1,24.3,17.8,7325.0,39.6,29.1,20.9,23.7,7.6,72357.0,Pierce,NE,Nebraska,2023.0,Crude prevalence,9.1,84.8,6.8,10.9,7.0,38.9,26.9,13.7,12.2,76.4,13.7,3.5,7.9,31.0,2.0,7317.0,92.0,209.0,169.0,70.0,159.0,61.0,67.0,152.0,0.0,1.0,0.0,0.0,0.0,0.0
31141,4.8,4.8,93.8,88.7,1.4,2.1,7.3,16.1,4.7,5.1,28.4,1.5,0.4,7.4,32.9,34716.0,37.7,32.1,21.9,23.0,9.8,71552.0,Platte,NE,Nebraska,2023.0,Crude prevalence,8.6,84.2,6.6,11.9,6.8,41.8,27.2,13.4,12.4,76.6,13.5,3.4,12.4,31.0,8.0,34296.0,698.0,969.0,4249.0,107.0,272.0,1543.0,63.0,189.0,4.0,3.0,1.0,1.0,1.0,1.0
31143,1.0,5.0,91.5,84.7,0.9,1.8,5.5,20.8,16.5,2.1,21.1,1.2,0.0,8.7,19.4,5225.0,43.4,34.9,23.9,20.0,7.9,69768.0,Polk,NE,Nebraska,2023.0,Crude prevalence,9.0,85.5,7.2,12.0,7.6,40.4,28.3,13.3,12.5,75.3,13.6,3.7,9.1,31.0,2.0,5214.0,44.0,104.0,646.0,35.0,82.0,119.0,34.0,79.0,0.0,0.0,0.0,0.0,0.0,0.0
31145,2.8,4.0,92.4,83.8,0.9,1.9,8.9,11.3,12.5,9.3,27.0,0.0,0.4,11.8,40.3,10557.0,41.6,30.8,27.0,24.8,14.0,63697.0,Red Willow,NE,Nebraska,2023.0,Crude prevalence,9.5,83.9,7.6,12.1,7.6,42.1,29.6,14.2,13.2,76.4,14.3,3.8,9.0,31.0,3.0,10702.0,420.0,415.0,3815.0,154.0,169.0,2778.0,108.0,143.0,2.0,1.0,0.0,1.0,0.0,1.0
31147,1.7,4.9,88.8,83.8,2.3,1.5,6.2,19.8,12.7,8.0,22.7,1.0,0.0,17.4,15.6,7751.0,47.3,38.1,19.0,23.8,10.5,60108.0,Richardson,NE,Nebraska,2023.0,Crude prevalence,9.4,85.2,8.4,14.0,8.4,45.3,31.5,13.7,13.8,76.7,15.7,4.2,8.7,31.0,3.0,7871.0,285.0,268.0,2259.0,108.0,141.0,1132.0,86.0,125.0,1.0,2.0,1.0,1.0,1.0,0.0
31149,2.3,5.9,96.2,79.0,0.7,1.3,4.9,11.7,25.8,5.8,30.7,0.0,0.0,0.0,25.0,1319.0,49.4,32.1,22.6,27.1,10.8,58125.0,Rock,NE,Nebraska,2023.0,Crude prevalence,9.1,86.6,7.7,12.5,8.2,38.8,27.6,12.7,12.8,78.6,13.4,3.9,8.0,31.0,1.0,1262.0,35.0,32.0,146.0,12.0,11.0,55.0,10.0,9.0,0.0,1.0,0.0,0.0,0.0,0.0
31151,11.8,5.9,92.8,84.6,2.0,1.1,9.7,21.5,11.3,3.2,24.1,1.1,1.7,18.0,15.7,14650.0,37.3,31.0,17.4,21.8,8.9,79910.0,Saline,NE,Nebraska,2023.0,Crude prevalence,8.8,81.8,6.5,11.8,6.5,40.4,29.2,14.2,12.6,73.7,14.1,3.3,14.4,31.0,5.0,14292.0,164.0,230.0,2214.0,93.0,120.0,917.0,80.0,94.0,1.0,1.0,0.0,0.0,0.0,0.0
31153,1.7,2.7,97.8,95.4,1.8,2.0,4.7,21.2,3.5,3.0,29.6,1.0,0.4,8.3,35.7,197389.0,35.7,20.0,22.3,42.6,5.6,103321.0,Sarpy,NE,Nebraska,2023.0,Crude prevalence,8.6,84.8,4.6,9.4,4.7,35.9,21.3,13.5,10.0,76.6,11.1,2.5,7.9,31.0,47.0,190604.0,2251.0,3519.0,57055.0,703.0,679.0,19589.0,217.0,174.0,44.0,8.0,1.0,3.0,0.0,1.0
31155,1.0,2.0,95.5,92.4,1.7,2.0,4.2,26.0,13.4,4.4,17.9,0.4,0.1,4.2,36.0,23048.0,40.3,27.7,21.6,32.6,6.3,94066.0,Saunders,NE,Nebraska,2023.0,Crude prevalence,8.9,85.2,6.1,10.5,6.4,39.3,23.5,13.0,11.2,76.0,12.8,3.1,7.2,31.0,5.0,22278.0,390.0,407.0,5498.0,242.0,274.0,3996.0,216.0,249.0,1.0,0.0,0.0,0.0,0.0,0.0
31157,3.5,5.7,92.1,85.7,1.7,1.9,10.2,15.6,8.5,7.0,30.7,1.7,0.3,9.3,39.6,35843.0,40.3,27.5,26.1,27.0,12.9,63614.0,Scotts Bluff,NE,Nebraska,2023.0,Crude prevalence,9.2,83.9,7.6,13.0,7.5,39.1,29.4,14.1,13.6,77.2,14.0,3.8,12.1,31.0,11.0,36084.0,1053.0,1799.0,6044.0,468.0,535.0,2054.0,313.0,390.0,6.0,3.0,1.0,3.0,0.0,2.0
31159,1.3,4.0,94.4,88.6,1.4,1.9,6.1,22.1,5.8,4.3,28.0,1.3,0.4,7.7,29.7,17641.0,38.0,27.0,19.3,33.2,7.4,82444.0,Seward,NE,Nebraska,2023.0,Crude prevalence,9.1,83.0,5.9,9.5,6.0,34.5,23.7,13.8,11.2,74.2,12.6,3.0,7.4,31.0,4.0,17609.0,294.0,364.0,3619.0,161.0,263.0,1468.0,117.0,165.0,2.0,0.0,0.0,0.0,0.0,0.0
31161,2.1,7.5,88.9,84.0,1.2,1.9,10.9,18.7,22.0,3.7,25.9,1.0,0.7,8.5,24.7,5014.0,46.1,30.2,23.5,24.2,11.3,60121.0,Sheridan,NE,Nebraska,2023.0,Crude prevalence,9.5,85.7,8.7,13.9,8.9,36.0,32.1,13.3,14.1,76.7,15.0,4.5,9.8,31.0,2.0,5127.0,77.0,215.0,1593.0,50.0,150.0,1306.0,46.0,142.0,0.0,2.0,1.0,0.0,1.0,0.0
31163,2.2,5.8,85.5,79.7,1.9,3.1,4.1,21.8,26.2,6.9,24.6,0.0,0.6,2.4,34.0,2967.0,46.9,35.4,24.3,20.5,8.6,63578.0,Sherman,NE,Nebraska,2023.0,Crude prevalence,9.3,85.6,8.8,13.7,9.0,41.4,29.8,13.5,13.9,78.0,15.1,4.4,9.1,31.0,1.0,2959.0,91.0,69.0,397.0,73.0,56.0,121.0,72.0,54.0,0.0,1.0,0.0,0.0,0.0,0.0
31165,1.4,4.2,91.8,77.1,1.0,2.0,8.5,19.7,28.7,5.9,40.4,0.0,0.4,11.9,19.0,1171.0,43.7,26.0,36.5,22.4,14.9,53929.0,Sioux,NE,Nebraska,2023.0,Crude prevalence,9.4,84.9,10.6,16.0,10.9,42.6,32.5,13.8,15.5,78.3,16.8,5.2,10.2,31.0,1.0,1135.0,29.0,11.0,611.0,26.0,10.0,438.0,26.0,10.0,0.0,1.0,1.0,0.0,1.0,0.0
31167,2.0,4.0,91.5,82.2,0.5,0.5,6.1,22.3,6.8,1.6,21.7,0.6,0.5,0.0,35.8,5796.0,40.5,32.2,18.4,24.1,9.4,80687.0,Stanton,NE,Nebraska,2023.0,Crude prevalence,9.1,85.4,6.8,11.5,7.1,39.8,27.5,13.3,12.3,76.1,13.6,3.5,8.7,31.0,2.0,5842.0,37.0,112.0,407.0,28.0,96.0,31.0,24.0,91.0,0.0,0.0,0.0,0.0,0.0,0.0
31169,1.1,4.0,93.3,87.1,1.3,2.2,5.2,16.4,16.4,3.4,22.5,1.3,0.0,6.3,23.0,4901.0,46.0,33.4,20.9,23.8,9.0,66213.0,Thayer,NE,Nebraska,2023.0,Crude prevalence,9.3,85.4,8.4,13.2,8.4,40.0,29.2,13.7,13.9,77.6,15.0,4.2,8.5,31.0,2.0,5034.0,72.0,151.0,1456.0,49.0,112.0,700.0,46.0,108.0,0.0,1.0,1.0,0.0,0.0,0.0
31171,3.5,4.6,96.1,88.5,1.4,2.6,5.0,18.5,14.8,4.6,31.9,0.0,0.0,0.0,5.1,564.0,53.3,28.9,13.7,28.7,8.9,65000.0,Thomas,NE,Nebraska,2023.0,Crude prevalence,9.0,86.5,6.7,11.3,7.3,36.6,25.8,12.6,11.9,77.9,11.9,3.6,8.1,31.0,1.0,669.0,14.0,13.0,301.0,11.0,10.0,260.0,9.0,9.0,0.0,1.0,1.0,0.0,1.0,0.0
31173,1.8,4.3,94.3,87.2,6.5,3.8,9.4,21.3,13.1,5.4,39.0,5.8,3.5,2.9,22.9,6627.0,29.2,34.4,22.8,22.2,13.9,69177.0,Thurston,NE,Nebraska,2023.0,Crude prevalence,11.3,78.8,7.8,13.4,6.9,45.4,30.0,17.7,14.6,74.8,21.0,3.9,10.9,31.0,2.0,6773.0,108.0,293.0,10.0,79.0,217.0,0.0,74.0,204.0,0.0,1.0,0.0,0.0,0.0,0.0
31175,0.8,4.1,92.4,83.2,0.2,3.1,5.6,18.0,14.8,3.5,26.2,0.0,0.3,1.4,17.1,4066.0,46.1,32.0,24.1,25.3,9.3,61852.0,Valley,NE,Nebraska,2023.0,Crude prevalence,9.3,85.4,8.2,12.9,8.5,41.8,28.6,13.3,13.4,77.4,14.0,4.2,8.6,31.0,2.0,4059.0,63.0,176.0,978.0,12.0,63.0,750.0,8.0,55.0,0.0,0.0,0.0,0.0,0.0,0.0
31177,1.5,2.6,95.7,92.0,1.2,1.7,4.2,22.7,3.2,3.0,16.8,0.2,0.0,15.7,35.4,21106.0,42.9,23.8,24.1,36.8,6.4,94396.0,Washington,NE,Nebraska,2023.0,Crude prevalence,8.9,86.0,6.0,10.7,6.3,41.2,23.1,12.9,11.4,77.5,12.2,3.1,7.0,31.0,5.0,20865.0,257.0,395.0,3489.0,140.0,198.0,1629.0,96.0,141.0,2.0,0.0,0.0,1.0,0.0,1.0
31179,2.5,2.2,95.0,90.0,2.9,2.6,5.8,13.4,6.0,5.5,38.7,1.7,0.0,8.5,39.8,9844.0,30.0,33.7,18.5,30.4,13.2,66215.0,Wayne,NE,Nebraska,2023.0,Crude prevalence,9.2,79.3,5.8,9.7,5.8,37.3,25.2,15.5,11.1,74.3,12.0,2.9,8.9,31.0,2.0,9697.0,207.0,256.0,2393.0,62.0,78.0,1151.0,43.0,55.0,1.0,0.0,0.0,1.0,0.0,0.0
31181,1.8,3.1,94.2,92.1,0.4,2.7,5.8,22.9,15.4,3.3,19.4,0.6,0.8,4.0,18.5,3360.0,44.5,36.2,23.2,21.2,9.6,64347.0,Webster,NE,Nebraska,2023.0,Crude prevalence,9.3,85.3,7.7,12.9,7.6,39.1,27.0,13.7,13.2,76.2,14.6,3.8,8.8,31.0,2.0,3395.0,49.0,142.0,981.0,33.0,99.0,535.0,31.0,91.0,0.0,1.0,0.0,0.0,0.0,0.0
31183,0.8,2.5,84.1,76.6,1.6,5.0,9.0,18.4,38.9,3.6,22.3,0.8,1.9,0.0,7.5,847.0,54.3,35.5,21.6,30.3,5.2,70250.0,Wheeler,NE,Nebraska,2023.0,Crude prevalence,8.8,88.2,7.6,13.2,8.5,38.4,26.7,11.8,12.6,79.6,12.8,4.0,7.5,31.0,1.0,774.0,13.0,10.0,714.0,13.0,10.0,653.0,13.0,10.0,0.0,0.0,0.0,0.0,0.0,0.0
31185,2.4,4.4,93.6,90.3,1.0,2.1,5.4,13.0,10.3,6.4,24.5,0.8,0.8,5.5,28.8,14286.0,38.6,28.8,23.9,25.7,9.2,77757.0,York,NE,Nebraska,2023.0,Crude prevalence,9.4,83.4,7.0,11.2,7.1,40.9,26.8,14.3,12.3,74.3,14.1,3.5,9.2,31.0,4.0,14125.0,363.0,420.0,3994.0,162.0,195.0,2287.0,122.0,152.0,2.0,1.0,1.0,1.0,1.0,1.0
32001,1.6,6.5,94.9,89.7,2.9,3.2,8.0,24.1,13.6,3.9,30.1,2.3,0.7,14.7,28.2,25805.0,40.4,34.7,25.2,17.7,8.1,79163.0,Churchill,NV,Nevada,2023.0,Crude prevalence,11.2,84.3,8.2,11.7,7.3,37.8,26.4,18.8,15.6,71.9,16.1,3.8,11.4,32.0,7.0,25516.0,369.0,1012.0,738.0,134.0,327.0,145.0,101.0,239.0,2.0,2.0,0.0,0.0,0.0,0.0
32003,5.8,7.3,97.0,92.5,4.8,3.7,12.2,25.1,9.1,7.6,42.2,3.1,1.6,9.3,48.4,2329548.0,38.5,27.7,22.9,27.8,13.0,76472.0,Clark,NV,Nevada,2023.0,Crude prevalence,10.1,84.8,6.9,12.4,6.2,31.4,27.1,18.7,14.9,73.7,14.8,3.4,15.4,32.0,535.0,2265461.0,65483.0,117447.0,317121.0,3702.0,8538.0,109060.0,1156.0,3006.0,520.0,191.0,10.0,52.0,2.0,10.0
32005,2.1,3.6,96.4,94.0,1.5,1.4,6.0,26.2,14.1,3.3,21.2,1.3,0.6,8.8,46.4,49623.0,55.0,23.9,27.7,31.6,9.0,90754.0,Douglas,NV,Nevada,2023.0,Crude prevalence,10.1,89.6,8.2,12.2,8.5,27.1,21.4,14.5,14.7,78.3,12.0,4.2,8.6,32.0,17.0,49488.0,702.0,1200.0,18072.0,383.0,563.0,11361.0,307.0,388.0,9.0,1.0,0.0,2.0,0.0,1.0
32007,5.9,6.9,94.7,89.3,3.0,2.4,9.0,29.4,11.5,5.6,28.6,2.8,1.0,7.0,30.4,54047.0,35.7,34.6,24.7,17.8,9.8,86487.0,Elko,NV,Nevada,2023.0,Crude prevalence,10.7,82.7,7.3,11.0,6.2,38.0,25.8,18.8,15.1,71.1,17.1,3.3,13.9,32.0,15.0,53702.0,1097.0,1781.0,7163.0,385.0,790.0,4670.0,277.0,592.0,5.0,3.0,1.0,1.0,1.0,1.0
32009,2.6,14.2,98.2,95.8,0.2,1.6,4.7,13.9,27.1,22.9,39.2,0.0,0.0,0.0,75.5,1028.0,55.0,34.3,23.8,21.1,12.4,41715.0,Esmeralda,NV,Nevada,2023.0,Crude prevalence,10.9,87.0,12.5,17.7,12.1,36.1,32.3,16.8,19.4,77.3,18.2,6.1,14.7,32.0,1.0,729.0,115.0,140.0,704.0,112.0,136.0,704.0,111.0,135.0,0.0,0.0,0.0,1.0,0.0,1.0
32011,2.4,3.4,97.6,90.2,0.0,6.3,12.0,18.4,36.3,10.6,17.0,6.3,1.3,0.0,52.7,1585.0,50.7,29.8,42.6,17.1,24.9,70473.0,Eureka,NV,Nevada,2023.0,Crude prevalence,11.4,84.1,12.1,16.1,9.9,38.8,31.5,19.7,19.1,74.3,21.8,5.2,12.3,32.0,1.0,1855.0,66.0,16.0,887.0,48.0,12.0,826.0,45.0,11.0,0.0,1.0,1.0,0.0,1.0,0.0
32013,5.8,5.5,93.9,89.2,3.6,0.9,8.7,28.4,11.0,3.2,26.0,2.6,1.4,10.6,25.8,17289.0,37.7,39.9,20.4,19.3,10.6,81073.0,Humboldt,NV,Nevada,2023.0,Crude prevalence,10.7,83.7,7.6,11.5,6.6,36.2,26.8,18.2,15.1,72.3,15.6,3.5,14.0,32.0,5.0,17285.0,222.0,778.0,4421.0,81.0,415.0,3208.0,59.0,298.0,2.0,1.0,1.0,0.0,1.0,0.0
32015,2.7,9.3,96.1,95.2,5.8,0.0,4.8,24.2,22.3,2.8,22.6,7.2,0.9,2.6,38.7,5770.0,37.6,31.4,22.6,19.3,10.7,89014.0,Lander,NV,Nevada,2023.0,Crude prevalence,10.9,83.2,9.0,13.0,7.7,35.1,28.5,19.1,16.5,71.8,17.8,4.1,13.9,32.0,2.0,5734.0,59.0,244.0,849.0,19.0,121.0,774.0,15.0,103.0,0.0,1.0,0.0,0.0,0.0,0.0
32017,1.0,4.9,99.7,85.8,0.9,0.0,5.5,15.0,30.5,1.9,25.0,2.9,0.0,25.2,33.7,4405.0,45.4,44.8,21.8,20.4,5.0,72307.0,Lincoln,NV,Nevada,2023.0,Crude prevalence,10.4,86.8,8.3,11.8,7.9,31.6,24.2,16.9,15.0,75.0,15.0,4.0,9.4,32.0,2.0,4499.0,32.0,79.0,830.0,15.0,42.0,697.0,10.0,32.0,0.0,0.0,0.0,0.0,0.0,0.0
32019,3.9,8.2,96.6,93.5,3.7,3.8,9.6,29.4,6.6,2.3,23.3,1.8,0.6,8.8,36.0,61680.0,43.2,32.7,27.0,17.0,11.7,80812.0,Lyon,NV,Nevada,2023.0,Crude prevalence,10.8,85.1,8.5,12.3,7.5,35.2,27.4,17.7,15.8,73.5,15.9,3.9,12.4,32.0,18.0,59235.0,540.0,2603.0,19388.0,309.0,1499.0,10263.0,225.0,1050.0,7.0,12.0,3.0,0.0,2.0,0.0
32021,1.0,6.3,92.2,85.7,5.0,3.4,11.4,15.9,19.8,5.1,27.5,2.2,0.0,0.9,17.9,4542.0,44.3,43.7,28.1,13.2,18.5,54855.0,Mineral,NV,Nevada,2023.0,Crude prevalence,11.7,84.7,12.9,17.6,11.1,38.2,34.4,19.3,20.0,76.1,21.4,6.0,13.9,32.0,2.0,4554.0,93.0,255.0,1176.0,60.0,182.0,1136.0,55.0,173.0,0.0,2.0,1.0,0.0,1.0,0.0
32023,4.4,8.4,93.8,84.0,3.4,3.3,8.8,29.0,12.3,5.6,22.2,1.3,1.1,6.8,44.4,54344.0,52.5,35.5,29.4,13.3,14.1,60714.0,Nye,NV,Nevada,2023.0,Crude prevalence,11.1,86.9,11.0,15.7,10.1,39.7,32.1,17.9,18.3,75.1,17.7,5.2,13.1,32.0,15.0,51591.0,1251.0,3307.0,22235.0,713.0,2205.0,14205.0,451.0,1549.0,8.0,9.0,6.0,3.0,4.0,3.0
32027,3.3,9.6,92.1,90.0,1.6,1.3,10.4,26.1,24.4,3.4,27.0,2.9,0.0,0.0,17.8,6487.0,42.4,46.0,27.5,6.1,11.8,66902.0,Pershing,NV,Nevada,2023.0,Crude prevalence,9.8,83.4,8.0,12.1,7.4,35.7,26.5,17.6,15.4,70.9,17.0,3.8,15.0,32.0,1.0,6650.0,59.0,161.0,1308.0,46.0,125.0,1182.0,44.0,119.0,0.0,0.0,0.0,0.0,0.0,0.0
32029,0.5,8.9,99.6,94.1,3.3,2.1,4.4,38.7,7.2,1.6,3.9,0.0,0.0,0.0,50.8,4140.0,52.8,16.7,33.2,31.2,7.1,93409.0,Storey,NV,Nevada,2023.0,Crude prevalence,10.3,89.7,8.1,12.4,8.4,31.6,22.4,14.7,14.4,78.3,12.1,4.1,8.7,32.0,1.0,4104.0,31.0,83.0,6.0,20.0,54.0,0.0,20.0,52.0,0.0,0.0,0.0,0.0,0.0,0.0
32031,5.1,6.0,96.8,91.1,3.4,2.5,9.9,22.5,8.6,6.4,40.1,2.4,2.0,9.9,41.9,497200.0,39.0,23.5,22.8,34.2,10.7,88096.0,Washoe,NV,Nevada,2023.0,Crude prevalence,10.3,84.8,6.7,10.0,6.1,28.5,21.6,17.5,14.0,74.5,12.6,3.2,12.0,32.0,139.0,486492.0,12773.0,20928.0,148919.0,1717.0,3584.0,83435.0,952.0,1833.0,124.0,48.0,10.0,7.0,3.0,3.0
32033,2.1,11.7,95.2,90.1,2.0,4.0,4.7,17.6,19.3,1.9,24.6,1.3,0.4,0.0,22.7,8735.0,43.1,39.1,22.9,12.4,8.2,72865.0,White Pine,NV,Nevada,2023.0,Crude prevalence,10.7,84.1,9.1,12.6,8.1,34.4,26.8,18.5,16.2,72.9,17.5,4.2,13.2,32.0,3.0,9080.0,63.0,284.0,2627.0,33.0,151.0,1578.0,32.0,138.0,0.0,0.0,0.0,0.0,0.0,0.0
32510,3.4,7.4,95.6,91.5,3.2,2.1,11.2,20.5,5.8,6.8,37.7,1.9,1.4,12.0,37.7,58384.0,42.4,27.7,26.9,23.7,10.3,72355.0,Carson City,NV,Nevada,2023.0,Crude prevalence,10.5,85.4,7.8,12.1,7.2,33.1,24.9,17.6,15.1,72.9,14.4,3.7,12.9,32.0,15.0,58639.0,1620.0,2432.0,7546.0,305.0,346.0,3326.0,118.0,159.0,12.0,4.0,0.0,3.0,0.0,2.0
33001,1.1,5.1,95.5,91.9,1.9,3.1,5.9,25.0,32.5,4.0,19.9,0.9,0.5,8.3,41.5,64659.0,48.4,28.6,19.5,33.6,8.5,92783.0,Belknap,NH,New Hampshire,2023.0,Crude prevalence,10.3,89.0,7.5,10.5,7.0,30.5,20.8,15.1,12.9,77.9,12.2,3.6,6.6,33.0,18.0,63705.0,1050.0,1812.0,5610.0,491.0,790.0,2995.0,353.0,557.0,4.0,4.0,2.0,1.0,2.0,0.0
33003,1.4,3.0,97.0,91.5,3.0,3.7,6.8,26.6,46.0,3.1,16.6,0.6,1.4,9.3,32.6,51804.0,54.6,26.4,19.7,38.6,7.6,86463.0,Carroll,NH,New Hampshire,2023.0,Crude prevalence,10.0,90.7,7.5,10.7,7.8,30.7,20.5,13.8,13.0,79.8,10.7,3.8,6.2,33.0,19.0,50107.0,679.0,1091.0,1861.0,549.0,904.0,817.0,445.0,766.0,1.0,8.0,1.0,1.0,1.0,1.0
33005,1.3,4.3,95.4,91.8,2.1,2.6,6.2,23.7,14.7,4.7,27.3,0.7,0.4,10.7,38.0,77297.0,43.6,31.0,18.1,35.5,8.7,83329.0,Cheshire,NH,New Hampshire,2023.0,Crude prevalence,10.5,87.4,7.1,9.5,6.6,29.9,20.8,15.8,12.7,74.7,11.9,3.4,7.0,33.0,18.0,76458.0,1442.0,1943.0,5909.0,690.0,916.0,2830.0,542.0,676.0,5.0,6.0,2.0,2.0,0.0,1.0
33007,2.5,7.1,92.1,86.4,2.3,5.5,7.7,23.1,32.2,9.0,25.8,0.3,0.4,8.6,35.7,31271.0,50.3,39.5,18.5,20.1,13.2,57677.0,Coos,NH,New Hampshire,2023.0,Crude prevalence,11.5,87.6,9.5,13.0,8.4,36.4,28.1,16.0,14.8,78.7,15.2,4.4,8.6,33.0,11.0,31268.0,1261.0,1770.0,2981.0,670.0,861.0,2048.0,577.0,736.0,0.0,9.0,2.0,2.0,2.0,2.0
33009,1.2,4.0,95.2,90.3,1.9,2.7,5.4,22.2,28.5,6.3,28.7,0.5,0.4,8.0,36.9,92120.0,44.1,25.6,15.2,46.7,10.4,88261.0,Grafton,NH,New Hampshire,2023.0,Crude prevalence,10.4,87.0,6.4,9.3,6.4,25.8,19.7,15.0,11.5,74.8,10.5,3.2,6.7,33.0,28.0,91118.0,2348.0,2364.0,12372.0,1379.0,1576.0,7162.0,1021.0,1251.0,6.0,9.0,1.0,5.0,1.0,4.0
33011,2.4,4.2,96.4,93.4,2.2,2.1,5.5,27.3,5.1,5.2,32.6,1.1,0.4,10.5,37.7,426378.0,41.0,25.7,16.8,41.5,6.7,103545.0,Hillsborough,NH,New Hampshire,2023.0,Crude prevalence,10.6,88.1,5.7,9.2,5.6,33.1,22.2,15.3,11.4,77.6,10.7,2.9,7.4,33.0,103.0,422937.0,8825.0,11060.0,109976.0,2605.0,2357.0,62451.0,1513.0,1286.0,70.0,32.0,4.0,9.0,1.0,7.0
33013,1.6,3.9,96.1,92.8,2.0,3.0,5.1,26.6,8.4,4.2,26.5,1.2,0.7,8.3,36.6,155967.0,42.9,28.0,17.0,38.9,7.6,97004.0,Merrimack,NH,New Hampshire,2023.0,Crude prevalence,11.0,88.2,6.4,9.1,5.9,33.2,19.8,15.5,11.7,79.3,10.6,3.1,6.7,33.0,39.0,153808.0,2571.0,4269.0,20199.0,1161.0,1958.0,12376.0,923.0,1482.0,14.0,7.0,3.0,3.0,2.0,1.0
33015,1.3,2.6,97.3,95.0,2.4,1.6,4.1,28.9,7.4,3.1,21.6,0.6,0.3,10.6,39.7,319082.0,45.0,24.1,16.9,45.7,4.8,118331.0,Rockingham,NH,New Hampshire,2023.0,Crude prevalence,10.0,89.8,5.7,9.1,5.7,31.2,18.8,14.4,11.2,78.9,9.9,2.9,5.9,33.0,72.0,314176.0,3935.0,4216.0,120598.0,1850.0,2136.0,82689.0,1212.0,1422.0,51.0,12.0,7.0,7.0,5.0,2.0
33017,1.5,3.7,96.6,93.5,2.4,2.4,5.2,26.0,8.0,4.9,32.9,1.2,0.4,9.0,41.3,132575.0,38.2,26.1,17.9,39.3,8.7,88570.0,Strafford,NH,New Hampshire,2023.0,Crude prevalence,10.7,85.8,6.0,8.6,5.3,32.4,19.3,17.5,11.1,76.8,10.7,2.8,6.7,33.0,30.0,130889.0,2537.0,3816.0,26385.0,738.0,1405.0,13624.0,413.0,923.0,19.0,15.0,6.0,2.0,4.0,0.0
33019,2.9,5.0,93.0,87.1,1.8,4.1,6.0,26.1,24.3,5.3,24.6,1.3,0.5,10.5,43.3,43715.0,47.0,36.4,15.9,30.3,10.1,80858.0,Sullivan,NH,New Hampshire,2023.0,Crude prevalence,10.8,87.5,8.0,11.2,7.3,33.5,24.6,15.7,13.4,76.6,13.0,3.8,7.8,33.0,11.0,43063.0,879.0,1371.0,5705.0,455.0,781.0,3611.0,367.0,639.0,2.0,5.0,3.0,0.0,2.0,0.0
34001,4.7,6.0,95.4,91.2,5.5,2.7,7.0,25.2,17.1,11.0,31.3,2.0,0.9,9.8,47.1,276270.0,42.3,32.2,17.5,31.8,13.2,78050.0,Atlantic,NJ,New Jersey,2023.0,Crude prevalence,9.5,88.7,6.5,12.7,6.8,30.7,27.9,15.9,13.8,80.0,12.9,3.7,11.9,34.0,73.0,274534.0,12057.0,13416.0,64491.0,2404.0,3481.0,35241.0,1103.0,1976.0,60.0,38.0,10.0,11.0,7.0,7.0
34003,4.1,3.0,97.0,94.8,3.9,2.1,6.1,31.2,3.9,7.5,34.7,2.2,1.4,8.3,42.5,962316.0,42.0,20.0,13.0,53.1,6.8,124884.0,Bergen,NJ,New Jersey,2023.0,Crude prevalence,8.0,90.8,4.4,9.7,5.2,25.6,21.7,13.6,10.5,79.0,8.4,2.8,9.8,34.0,203.0,955732.0,26572.0,18954.0,158765.0,2118.0,1069.0,61917.0,701.0,277.0,202.0,37.0,1.0,16.0,0.0,7.0
34005,2.2,3.5,96.4,94.8,3.4,1.6,3.9,29.1,4.9,4.3,23.9,1.0,0.5,10.5,42.0,467805.0,41.7,25.9,17.7,42.5,6.6,108111.0,Burlington,NJ,New Jersey,2023.0,Crude prevalence,9.2,89.9,5.2,10.5,5.6,30.2,23.6,15.0,12.3,79.8,10.9,3.1,8.3,34.0,117.0,461860.0,7699.0,8705.0,122778.0,2453.0,2111.0,62491.0,1394.0,1109.0,101.0,24.0,8.0,15.0,5.0,8.0
34007,4.5,5.6,95.4,92.2,4.6,3.0,6.4,27.4,5.3,10.6,35.3,1.9,0.9,10.5,44.0,527257.0,38.8,29.0,17.1,36.3,12.4,88755.0,Camden,NJ,New Jersey,2023.0,Crude prevalence,9.7,88.3,5.7,11.4,5.7,29.8,26.3,16.2,13.2,77.6,13.1,3.3,11.6,34.0,129.0,523485.0,21376.0,26941.0,66489.0,1420.0,1781.0,17058.0,352.0,496.0,127.0,53.0,4.0,23.0,2.0,9.0
34009,2.0,3.3,96.7,93.1,3.0,1.7,5.0,22.0,54.9,5.7,19.7,1.4,0.4,8.6,46.4,94941.0,51.8,31.0,17.3,39.0,8.7,91128.0,Cape May,NJ,New Jersey,2023.0,Crude prevalence,9.5,91.0,7.2,11.7,7.8,33.5,22.9,14.3,13.7,81.0,11.8,3.9,8.3,34.0,32.0,95263.0,2544.0,3380.0,27269.0,727.0,1184.0,17370.0,421.0,705.0,25.0,12.0,4.0,2.0,2.0,2.0
34011,9.0,9.4,93.6,89.5,3.9,3.4,10.5,25.5,6.1,10.1,33.5,2.5,1.3,10.5,45.6,153305.0,37.7,38.1,16.3,18.9,15.6,67436.0,Cumberland,NJ,New Jersey,2023.0,Crude prevalence,9.7,85.9,7.4,13.5,7.0,40.4,32.8,17.7,16.0,76.8,16.5,4.0,18.4,34.0,41.0,154152.0,5451.0,9464.0,29134.0,1339.0,2882.0,8458.0,636.0,1441.0,27.0,27.0,9.0,10.0,2.0,4.0
34013,7.1,6.2,95.4,90.4,5.8,3.5,11.9,33.6,5.1,21.0,55.1,2.7,3.4,9.0,46.1,863002.0,37.7,27.1,14.6,39.1,14.6,80789.0,Essex,NJ,New Jersey,2023.0,Crude prevalence,9.8,88.0,5.5,12.0,5.6,29.6,28.9,16.0,12.9,77.3,12.4,3.6,14.5,34.0,211.0,863728.0,67128.0,47471.0,85061.0,1149.0,533.0,37767.0,429.0,190.0,211.0,129.0,3.0,11.0,0.0,5.0
34015,2.2,3.8,96.6,93.0,3.5,2.1,4.0,28.2,4.6,5.2,19.9,1.1,0.4,11.1,43.9,306954.0,40.1,30.3,17.3,36.8,7.7,105115.0,Gloucester,NJ,New Jersey,2023.0,Crude prevalence,9.8,88.8,5.4,10.3,5.4,31.5,23.4,16.3,12.1,77.4,11.9,3.0,8.4,34.0,69.0,302294.0,5817.0,7447.0,66793.0,1187.0,1803.0,22773.0,531.0,843.0,58.0,16.0,3.0,5.0,0.0,2.0
34017,7.1,4.9,95.6,91.5,4.2,3.0,11.3,35.4,6.6,33.4,69.3,4.7,3.2,8.9,37.5,718323.0,35.8,22.0,12.3,48.9,14.9,91795.0,Hudson,NJ,New Jersey,2023.0,Crude prevalence,8.4,87.1,4.1,10.5,4.7,27.9,27.9,14.7,12.4,75.6,10.6,2.6,14.6,34.0,183.0,724854.0,100117.0,44096.0,13223.0,1089.0,259.0,5989.0,316.0,130.0,183.0,109.0,1.0,6.0,1.0,2.0
34019,1.6,2.1,97.3,94.6,3.0,1.4,2.8,33.0,2.4,3.3,14.9,0.5,0.4,5.6,41.7,130160.0,46.1,18.9,13.6,57.4,4.0,141715.0,Hunterdon,NJ,New Jersey,2023.0,Crude prevalence,8.8,91.4,4.9,9.2,5.8,26.3,19.4,13.3,11.2,79.1,8.8,2.8,6.6,34.0,30.0,128947.0,1692.0,1825.0,23647.0,1195.0,1177.0,16537.0,950.0,923.0,9.0,0.0,0.0,4.0,0.0,2.0
34021,5.3,5.3,95.6,91.4,4.1,2.6,7.9,27.1,4.6,11.2,37.8,2.6,1.1,8.7,41.3,385864.0,39.5,24.0,14.0,45.4,10.3,100645.0,Mercer,NJ,New Jersey,2023.0,Crude prevalence,9.0,88.9,4.9,11.1,5.4,25.4,24.4,14.5,11.8,78.6,10.5,3.1,11.4,34.0,84.0,387340.0,16114.0,13377.0,99827.0,2255.0,1193.0,50795.0,967.0,491.0,80.0,36.0,4.0,18.0,3.0,9.0
34023,5.5,5.3,96.5,94.3,4.5,2.1,7.2,31.2,3.2,8.0,36.4,3.7,1.8,9.3,38.8,871290.0,39.5,22.8,14.1,45.6,8.6,111549.0,Middlesex,NJ,New Jersey,2023.0,Crude prevalence,8.4,89.0,4.4,11.6,5.1,29.9,25.3,13.8,11.0,78.8,10.0,2.8,10.8,34.0,192.0,863162.0,24726.0,24330.0,193516.0,4308.0,3392.0,80244.0,1479.0,1014.0,187.0,46.0,11.0,30.0,3.0,15.0
34025,2.5,3.3,96.4,93.7,3.6,1.7,5.3,32.1,6.9,6.4,24.4,1.2,0.7,8.3,44.4,645353.0,43.2,21.0,14.7,51.3,6.5,124845.0,Monmouth,NJ,New Jersey,2023.0,Crude prevalence,8.8,90.5,5.0,9.8,5.7,30.4,19.5,13.6,10.9,79.3,9.7,2.9,7.7,34.0,154.0,643615.0,16104.0,13702.0,205308.0,3891.0,2633.0,102853.0,1820.0,1040.0,144.0,20.0,2.0,21.0,1.0,13.0
34027,2.5,2.6,97.1,95.2,3.6,1.7,4.7,29.8,3.1,5.1,25.7,1.0,0.7,6.8,38.4,514528.0,42.6,18.6,12.4,57.8,4.9,137326.0,Morris,NJ,New Jersey,2023.0,Crude prevalence,8.3,90.7,4.2,9.0,5.1,22.8,19.2,13.0,10.3,78.6,8.4,2.6,7.9,34.0,110.0,509285.0,9840.0,7093.0,198899.0,3458.0,2058.0,104511.0,1836.0,990.0,98.0,8.0,1.0,20.0,0.0,11.0
34029,2.6,3.9,93.4,88.7,3.2,1.5,4.1,30.0,17.7,6.0,19.3,1.8,0.5,8.1,50.3,654362.0,41.2,32.7,18.7,34.4,10.5,89863.0,Ocean,NJ,New Jersey,2023.0,Crude prevalence,9.2,89.1,6.8,11.4,7.0,29.8,25.8,15.0,13.9,77.9,13.3,3.6,9.5,34.0,144.0,637229.0,14730.0,15692.0,234340.0,6548.0,5390.0,109908.0,3147.0,2445.0,135.0,47.0,29.0,33.0,12.0,22.0
34031,8.6,6.5,95.1,92.5,5.3,3.2,12.0,26.5,3.7,13.9,46.9,5.1,2.6,8.6,48.4,521012.0,38.1,32.6,15.5,30.9,13.0,87522.0,Passaic,NJ,New Jersey,2023.0,Crude prevalence,8.9,87.3,5.8,12.7,6.1,31.0,31.2,15.8,14.5,74.9,12.3,3.4,18.3,34.0,120.0,524118.0,24809.0,34016.0,65538.0,996.0,995.0,18998.0,287.0,304.0,116.0,67.0,2.0,6.0,0.0,3.0
34033,3.2,6.3,94.7,89.9,4.5,3.1,4.7,26.5,10.4,9.6,29.0,0.4,0.7,10.0,44.9,65275.0,41.9,38.5,17.8,25.0,12.7,79960.0,Salem,NJ,New Jersey,2023.0,Crude prevalence,10.1,87.8,7.2,11.9,6.9,34.0,27.9,17.0,14.2,78.3,14.7,3.8,11.0,34.0,24.0,64837.0,2396.0,3099.0,8264.0,843.0,970.0,3486.0,479.0,510.0,12.0,12.0,3.0,2.0,1.0,1.0
34035,3.1,2.9,97.7,95.8,3.3,1.8,5.4,31.4,2.1,4.0,25.7,2.0,0.9,8.5,40.5,349846.0,41.8,17.6,12.7,57.8,5.4,140374.0,Somerset,NJ,New Jersey,2023.0,Crude prevalence,8.0,90.7,4.1,10.1,4.9,26.3,20.8,12.6,10.4,79.1,8.2,2.6,8.5,34.0,74.0,345361.0,5274.0,4857.0,154772.0,1832.0,1296.0,97027.0,1071.0,808.0,68.0,6.0,0.0,5.0,0.0,5.0
34037,1.4,3.1,97.0,94.5,3.5,1.7,3.8,36.3,8.1,3.3,16.3,0.7,0.6,8.9,46.0,145807.0,43.8,28.2,18.8,40.3,5.5,116186.0,Sussex,NJ,New Jersey,2023.0,Crude prevalence,9.4,89.7,5.4,9.5,5.8,26.9,21.3,14.9,11.8,78.3,11.2,2.9,8.3,34.0,42.0,144221.0,1928.0,1808.0,41924.0,1024.0,879.0,30989.0,785.0,686.0,21.0,4.0,2.0,3.0,1.0,2.0
34039,7.7,6.0,95.8,93.3,4.5,2.9,13.0,30.2,4.3,10.2,42.6,3.7,2.1,8.6,42.8,579290.0,39.1,26.1,15.4,38.9,9.2,103202.0,Union,NJ,New Jersey,2023.0,Crude prevalence,9.0,88.9,5.0,11.6,5.5,29.7,25.5,15.0,12.7,76.9,11.4,3.2,15.0,34.0,120.0,575345.0,20643.0,17870.0,63396.0,708.0,432.0,30638.0,265.0,108.0,120.0,49.0,1.0,2.0,0.0,2.0
34041,1.9,4.1,96.0,92.5,3.4,2.9,4.8,34.0,3.0,5.6,24.9,0.8,0.4,7.3,40.3,110849.0,44.0,30.7,17.5,36.5,8.3,100869.0,Warren,NJ,New Jersey,2023.0,Crude prevalence,9.3,89.7,5.8,10.0,6.1,32.5,25.0,15.3,12.7,77.8,11.6,3.2,9.1,34.0,23.0,109632.0,2542.0,3363.0,22668.0,882.0,1063.0,12625.0,553.0,614.0,12.0,3.0,1.0,4.0,0.0,4.0
35001,4.0,5.4,95.8,90.0,3.3,4.0,8.8,22.9,5.7,6.4,35.5,1.6,1.1,8.5,43.5,673930.0,39.5,22.2,20.9,38.2,15.2,69473.0,Bernalillo,NM,New Mexico,2023.0,Crude prevalence,9.7,84.5,5.6,11.6,6.5,33.0,23.2,15.7,14.3,67.7,12.0,3.4,14.0,35.0,176.0,676444.0,18362.0,48464.0,116201.0,1481.0,6295.0,41178.0,576.0,2772.0,165.0,64.0,7.0,14.0,2.0,3.0
35003,1.6,0.4,86.9,71.6,1.3,3.1,6.3,25.3,47.5,5.9,6.2,0.6,0.0,0.0,49.2,3743.0,63.8,29.9,30.7,31.2,24.8,49864.0,Catron,NM,New Mexico,2023.0,Crude prevalence,10.0,89.3,11.3,17.7,12.4,31.6,27.3,14.1,18.1,76.6,14.8,6.1,10.0,35.0,2.0,3579.0,105.0,166.0,2162.0,95.0,143.0,1964.0,91.0,138.0,0.0,1.0,1.0,0.0,1.0,0.0
35005,8.4,10.7,90.7,83.0,2.8,6.2,10.8,19.3,11.7,5.5,28.7,1.8,0.7,8.0,39.8,64217.0,37.2,29.4,24.4,17.9,24.3,52938.0,Chaves,NM,New Mexico,2023.0,Crude prevalence,9.9,81.4,7.4,14.3,7.5,39.8,31.0,17.3,17.1,69.2,15.1,4.0,20.2,35.0,17.0,65157.0,1302.0,5927.0,13896.0,263.0,1638.0,8309.0,167.0,1194.0,13.0,11.0,3.0,2.0,3.0,1.0
35006,3.5,11.7,90.6,78.1,4.6,4.8,11.9,24.0,24.3,9.1,23.9,3.4,0.9,19.2,35.4,26845.0,40.0,33.8,26.3,17.0,28.4,50759.0,Cibola,NM,New Mexico,2023.0,Crude prevalence,11.5,81.0,8.4,16.6,8.3,39.1,29.5,18.7,18.1,68.4,19.4,4.7,16.1,35.0,9.0,27172.0,775.0,2009.0,8240.0,553.0,1126.0,5704.0,515.0,1011.0,4.0,8.0,5.0,1.0,3.0,1.0
35007,2.7,7.0,90.1,81.3,1.8,2.9,10.1,19.9,44.1,6.6,28.2,0.1,0.4,12.4,34.1,12322.0,49.1,32.8,22.0,25.4,18.2,53554.0,Colfax,NM,New Mexico,2023.0,Crude prevalence,9.4,85.8,8.1,15.5,9.3,31.5,27.5,14.6,16.6,72.3,13.2,4.7,15.8,35.0,3.0,12387.0,352.0,1255.0,1165.0,144.0,633.0,666.0,113.0,509.0,0.0,2.0,0.0,1.0,0.0,1.0
35009,8.4,8.5,93.7,89.2,4.4,4.7,10.1,16.5,13.2,6.1,37.3,2.7,0.8,6.8,41.3,47638.0,31.9,27.1,22.9,23.3,20.5,57309.0,Curry,NM,New Mexico,2023.0,Crude prevalence,10.3,78.6,6.7,12.0,6.4,39.4,28.5,18.3,15.3,66.4,14.4,3.5,17.6,35.0,14.0,48430.0,1141.0,4738.0,6180.0,344.0,793.0,2055.0,256.0,512.0,10.0,7.0,1.0,1.0,0.0,1.0
35011,7.1,3.0,82.4,79.5,5.3,0.1,12.6,11.4,34.9,5.6,28.5,0.0,0.0,12.3,87.7,1576.0,35.3,25.1,46.0,9.3,15.5,,De Baca,NM,New Mexico,2023.0,Crude prevalence,10.0,86.2,8.8,15.3,9.8,32.5,27.7,15.4,17.2,72.4,14.1,4.9,15.3,35.0,1.0,1698.0,46.0,153.0,411.0,28.0,94.0,380.0,22.0,74.0,0.0,0.0,0.0,0.0,0.0,0.0
35013,8.7,7.8,95.1,90.6,3.9,4.1,11.3,22.8,8.2,6.1,34.5,3.0,1.2,7.7,46.7,224266.0,34.3,24.0,18.8,31.7,21.3,56848.0,DoÃ±a Ana,NM,New Mexico,2023.0,Crude prevalence,9.4,81.0,6.0,13.7,6.7,35.9,27.7,15.9,15.6,69.7,12.1,3.6,19.7,35.0,61.0,219561.0,5164.0,20500.0,45342.0,1296.0,6821.0,18918.0,758.0,3974.0,39.0,35.0,12.0,4.0,1.0,2.0
35015,6.6,10.0,92.5,87.1,3.4,2.7,9.8,21.4,12.0,4.7,26.7,2.2,0.9,7.5,28.9,61105.0,36.2,27.5,26.4,19.3,13.8,78426.0,Eddy,NM,New Mexico,2023.0,Crude prevalence,9.7,82.1,5.9,11.6,6.3,39.8,26.7,16.7,14.7,66.3,13.3,3.3,16.9,35.0,13.0,62314.0,1120.0,3345.0,11755.0,296.0,1030.0,5536.0,227.0,799.0,9.0,3.0,1.0,2.0,1.0,1.0
35017,3.2,6.1,93.6,86.8,3.8,2.5,5.2,17.9,23.4,3.2,24.2,0.4,0.7,5.3,39.7,27775.0,49.5,26.7,23.7,30.7,19.5,44958.0,Grant,NM,New Mexico,2023.0,Crude prevalence,9.5,86.1,8.5,15.9,9.8,32.8,28.3,14.5,16.8,72.9,12.7,4.9,15.7,35.0,10.0,28185.0,360.0,2162.0,8196.0,156.0,1217.0,6304.0,95.0,989.0,3.0,6.0,2.0,1.0,2.0,0.0
35019,10.1,7.7,86.5,81.8,1.4,10.9,5.1,19.7,26.6,4.8,25.4,2.8,0.9,10.4,28.9,4381.0,37.8,41.1,18.3,16.4,25.5,42750.0,Guadalupe,NM,New Mexico,2023.0,Crude prevalence,8.6,81.2,6.4,16.5,8.3,36.8,33.2,15.2,17.1,67.5,13.9,4.3,24.5,35.0,1.0,4452.0,71.0,606.0,705.0,40.0,340.0,556.0,32.0,276.0,0.0,1.0,1.0,0.0,1.0,0.0
35021,1.6,6.4,85.7,71.7,7.7,1.0,1.2,20.6,42.3,7.7,23.1,0.7,0.0,12.5,12.5,741.0,42.5,39.4,13.3,33.3,19.4,48553.0,Harding,NM,New Mexico,2023.0,Crude prevalence,9.4,88.4,10.8,19.6,12.9,35.3,32.2,13.6,19.0,76.0,14.3,6.4,16.4,35.0,1.0,657.0,22.0,25.0,370.0,17.0,19.0,342.0,16.0,18.0,0.0,0.0,0.0,0.0,0.0,0.0
35023,4.6,8.4,91.6,78.4,1.9,5.6,13.3,22.2,33.8,9.9,19.2,1.4,0.3,7.7,49.6,4041.0,42.6,39.2,19.4,18.3,23.1,48882.0,Hidalgo,NM,New Mexico,2023.0,Crude prevalence,9.5,83.6,8.3,16.4,9.2,34.5,31.1,15.8,17.9,70.9,14.7,4.8,19.6,35.0,2.0,4178.0,147.0,314.0,1128.0,30.0,86.0,1074.0,20.0,67.0,0.0,2.0,1.0,0.0,1.0,0.0
35025,13.6,11.7,93.8,86.3,4.2,3.4,14.9,24.4,13.1,4.3,28.8,3.7,1.5,7.8,40.6,73733.0,32.5,32.3,19.3,15.5,18.7,68015.0,Lea,NM,New Mexico,2023.0,Crude prevalence,9.6,78.8,6.3,12.0,6.2,37.0,29.8,17.6,15.5,65.0,14.8,3.4,21.6,35.0,18.0,74455.0,1051.0,4886.0,6929.0,164.0,992.0,3315.0,113.0,727.0,12.0,10.0,5.0,0.0,0.0,0.0
35027,2.1,3.3,96.0,84.7,2.6,4.0,9.6,20.0,44.0,3.9,23.2,0.2,0.3,6.4,45.4,20224.0,52.4,24.8,25.6,32.2,19.3,53303.0,Lincoln,NM,New Mexico,2023.0,Crude prevalence,9.6,87.8,8.5,14.4,9.6,30.0,25.4,14.2,16.2,74.7,12.6,4.7,12.4,35.0,9.0,20269.0,388.0,1466.0,3663.0,247.0,933.0,2043.0,194.0,737.0,2.0,4.0,2.0,1.0,0.0,0.0
35028,0.5,1.2,98.1,93.4,0.4,1.1,2.5,14.7,5.3,2.2,25.2,0.6,0.2,10.7,18.2,19435.0,39.3,9.2,13.8,69.7,3.5,147139.0,Los Alamos,NM,New Mexico,2023.0,Crude prevalence,8.8,88.4,3.7,8.0,4.9,25.4,13.5,12.1,9.6,71.7,7.1,2.4,5.7,35.0,4.0,19419.0,181.0,350.0,6305.0,62.0,176.0,2713.0,19.0,88.0,3.0,0.0,0.0,0.0,0.0,0.0
35029,14.1,10.6,87.8,79.4,2.4,4.2,9.3,19.1,20.6,5.2,29.1,1.4,1.3,14.4,35.6,25611.0,36.3,34.5,21.3,14.6,28.6,36419.0,Luna,NM,New Mexico,2023.0,Crude prevalence,9.9,79.8,9.5,17.7,10.1,35.7,35.7,17.6,19.7,68.6,16.9,5.3,25.8,35.0,7.0,25427.0,482.0,2776.0,6847.0,209.0,1363.0,4945.0,164.0,1089.0,4.0,7.0,3.0,0.0,3.0,0.0
35031,6.7,11.4,82.0,64.8,4.4,1.9,16.8,27.0,15.6,10.7,30.2,7.4,3.7,8.2,35.4,70431.0,34.6,35.8,25.1,13.3,33.2,47668.0,McKinley,NM,New Mexico,2023.0,Crude prevalence,14.2,76.5,11.5,19.0,9.5,41.3,32.1,23.3,22.2,66.1,26.8,6.0,15.1,35.0,33.0,72902.0,2280.0,8047.0,10460.0,1389.0,4820.0,3622.0,1093.0,3771.0,7.0,28.0,7.0,4.0,2.0,3.0
35033,1.7,4.6,84.6,63.3,1.7,4.1,2.0,30.7,32.7,2.5,13.3,0.0,0.0,9.2,8.8,4149.0,55.1,30.6,22.3,34.3,21.4,53663.0,Mora,NM,New Mexico,2023.0,Crude prevalence,8.4,87.8,6.6,18.5,9.6,33.1,30.6,12.6,16.6,74.2,10.6,4.7,19.4,35.0,2.0,4189.0,49.0,400.0,2030.0,42.0,372.0,1692.0,41.0,367.0,0.0,1.0,1.0,0.0,1.0,0.0
35035,4.6,7.6,95.3,90.0,4.1,3.8,10.1,22.1,25.0,5.0,33.0,2.8,1.3,9.3,37.5,68816.0,36.4,28.5,26.2,22.7,19.3,55876.0,Otero,NM,New Mexico,2023.0,Crude prevalence,10.0,80.8,7.2,12.7,7.2,37.1,24.6,17.1,15.3,69.1,14.9,3.9,15.7,35.0,21.0,67839.0,1232.0,5283.0,11313.0,510.0,2361.0,6803.0,360.0,1638.0,10.0,9.0,2.0,3.0,2.0,2.0
35037,1.7,6.2,92.4,76.4,4.1,5.0,5.0,11.4,20.7,11.7,28.4,0.2,0.0,16.5,39.5,8564.0,48.9,39.4,26.8,19.6,27.1,41946.0,Quay,NM,New Mexico,2023.0,Crude prevalence,10.0,84.5,9.9,17.2,10.3,37.6,31.6,16.0,18.4,72.7,15.8,5.4,17.5,35.0,3.0,8746.0,512.0,1340.0,1754.0,163.0,406.0,1317.0,140.0,346.0,2.0,3.0,2.0,1.0,2.0,0.0
35039,4.1,8.2,82.0,75.3,2.6,2.0,8.7,30.1,21.2,3.8,20.0,2.0,1.1,4.6,29.7,40070.0,42.0,34.5,25.8,19.0,18.2,57155.0,Rio Arriba,NM,New Mexico,2023.0,Crude prevalence,9.9,84.1,7.0,17.2,8.4,39.9,30.8,15.8,17.5,70.9,14.2,4.5,19.3,35.0,11.0,40363.0,587.0,2948.0,6908.0,335.0,1869.0,4525.0,251.0,1438.0,2.0,6.0,4.0,1.0,2.0,1.0
35041,5.7,7.9,90.5,87.6,3.3,2.8,11.3,15.7,13.2,7.4,39.3,1.8,1.3,11.1,34.7,18928.0,32.3,27.8,29.2,21.2,21.8,52685.0,Roosevelt,NM,New Mexico,2023.0,Crude prevalence,10.0,78.6,6.6,11.5,6.5,32.6,26.9,18.2,15.0,65.0,13.4,3.4,16.2,35.0,5.0,19191.0,549.0,1579.0,4138.0,125.0,577.0,2362.0,79.0,444.0,3.0,4.0,3.0,1.0,2.0,0.0
35043,2.3,4.7,95.1,90.1,3.0,2.9,6.5,30.3,6.6,3.2,16.5,2.0,0.8,9.7,40.3,153604.0,41.3,24.8,23.6,33.8,10.0,86636.0,Sandoval,NM,New Mexico,2023.0,Crude prevalence,9.7,86.2,5.6,11.8,6.4,32.6,22.1,15.3,13.8,69.7,11.2,3.4,12.3,35.0,35.0,148834.0,1804.0,7867.0,67706.0,1009.0,4909.0,44499.0,757.0,3671.0,23.0,8.0,5.0,2.0,3.0,2.0
35045,4.0,9.1,91.8,72.4,3.9,2.6,12.9,24.2,13.5,6.7,28.8,3.6,2.1,7.2,35.2,120942.0,38.3,30.0,26.9,18.3,23.1,55872.0,San Juan,NM,New Mexico,2023.0,Crude prevalence,12.0,80.8,9.2,14.5,8.3,35.1,26.5,19.4,18.3,69.8,20.1,4.7,12.9,35.0,36.0,121661.0,2778.0,9643.0,24544.0,1157.0,4741.0,11055.0,835.0,3362.0,19.0,22.0,11.0,7.0,6.0,4.0
35047,5.0,8.5,88.2,78.6,2.4,3.6,7.1,22.7,19.7,8.7,26.9,2.2,0.7,7.7,48.6,26850.0,47.2,26.3,24.5,26.5,24.4,49431.0,San Miguel,NM,New Mexico,2023.0,Crude prevalence,9.0,84.9,6.5,17.1,8.5,37.3,31.7,14.5,16.9,71.2,11.6,4.4,20.1,35.0,10.0,27201.0,1039.0,3486.0,4508.0,387.0,1614.0,2105.0,262.0,1203.0,3.0,8.0,5.0,3.0,1.0,2.0
35049,4.0,4.2,94.6,90.1,3.0,2.1,8.9,23.8,10.2,4.2,28.5,1.6,0.7,7.6,43.4,156105.0,48.7,19.6,19.1,46.1,12.0,79071.0,Santa Fe,NM,New Mexico,2023.0,Crude prevalence,9.2,87.8,6.3,12.6,7.6,25.6,21.4,13.1,14.1,72.0,10.0,3.8,13.1,35.0,57.0,154823.0,2938.0,7774.0,38230.0,1289.0,3023.0,18734.0,955.0,2083.0,35.0,15.0,4.0,3.0,3.0,2.0
35051,3.8,7.1,89.4,83.5,1.6,3.4,4.1,14.8,33.7,7.3,28.2,0.6,0.8,10.4,40.6,11500.0,57.6,30.7,28.9,17.0,21.4,41600.0,Sierra,NM,New Mexico,2023.0,Crude prevalence,10.1,87.2,11.9,18.2,12.7,36.8,30.9,15.1,19.4,74.7,15.8,6.4,14.7,35.0,4.0,11576.0,397.0,863.0,2667.0,127.0,228.0,2156.0,85.0,138.0,2.0,2.0,1.0,1.0,1.0,0.0
35053,6.2,8.5,75.6,63.0,0.5,2.2,9.4,16.2,31.5,6.7,24.9,4.1,2.2,16.8,45.9,16200.0,40.3,38.5,20.2,19.0,33.2,36570.0,Socorro,NM,New Mexico,2023.0,Crude prevalence,10.0,81.1,8.1,15.7,8.7,36.2,30.9,17.2,17.8,69.0,15.5,4.6,18.0,35.0,6.0,16595.0,354.0,1307.0,7040.0,151.0,778.0,4928.0,95.0,606.0,3.0,4.0,3.0,1.0,2.0,0.0
35055,2.3,5.5,93.5,86.3,4.2,2.9,7.7,25.5,26.8,3.0,22.4,0.9,0.5,7.4,49.1,34543.0,52.6,24.8,20.2,38.5,15.5,58950.0,Taos,NM,New Mexico,2023.0,Crude prevalence,9.4,87.8,7.0,15.2,8.7,27.9,25.2,13.4,15.4,72.3,11.2,4.4,13.8,35.0,10.0,34489.0,474.0,2689.0,3348.0,262.0,1746.0,1725.0,198.0,1412.0,2.0,3.0,2.0,1.0,1.0,0.0
35057,4.4,8.7,92.8,82.6,4.8,7.5,7.8,37.3,17.0,4.3,18.3,2.0,0.8,3.4,30.7,15490.0,43.3,34.0,28.4,16.6,18.3,57842.0,Torrance,NM,New Mexico,2023.0,Crude prevalence,10.2,82.7,9.6,16.5,9.6,34.5,30.7,17.2,18.4,69.9,17.0,5.0,17.8,35.0,5.0,15045.0,263.0,1641.0,1772.0,201.0,1244.0,863.0,182.0,1127.0,0.0,1.0,0.0,1.0,0.0,1.0
35059,2.9,8.2,84.4,84.1,2.7,1.6,10.4,16.7,31.6,4.7,27.6,4.3,1.0,18.5,16.8,4013.0,42.6,41.4,23.0,18.4,16.6,46694.0,Union,NM,New Mexico,2023.0,Crude prevalence,9.7,83.1,8.4,14.7,8.7,34.3,28.2,16.0,16.8,69.3,15.3,4.5,17.0,35.0,1.0,4079.0,68.0,290.0,2354.0,47.0,199.0,1660.0,45.0,191.0,0.0,1.0,1.0,0.0,1.0,0.0
35061,6.1,7.9,94.2,83.8,3.6,3.7,8.3,30.2,10.3,3.0,16.8,2.7,0.5,13.1,43.1,78458.0,39.4,31.9,23.0,20.9,18.1,58933.0,Valencia,NM,New Mexico,2023.0,Crude prevalence,9.6,83.3,6.6,14.6,7.4,35.4,29.0,16.1,16.4,69.3,13.5,3.9,18.6,35.0,25.0,76205.0,817.0,6612.0,24776.0,436.0,3607.0,12347.0,247.0,2067.0,12.0,14.0,8.0,0.0,5.0,0.0
36001,2.8,3.5,95.3,90.5,3.2,2.8,3.2,21.4,8.8,12.6,43.4,1.0,0.7,9.6,37.2,317018.0,38.4,21.3,14.7,46.4,13.0,85333.0,Albany,NY,New York,2023.0,Crude prevalence,10.8,88.1,5.7,9.2,5.5,29.8,21.2,15.4,11.6,79.4,10.5,3.0,5.5,36.0,85.0,314848.0,17005.0,14841.0,62551.0,1940.0,1904.0,26921.0,728.0,941.0,72.0,26.0,4.0,13.0,0.0,4.0
36003,3.4,5.0,92.1,86.7,3.8,3.2,5.2,22.8,24.8,7.7,20.7,1.0,0.6,7.1,38.9,47159.0,38.7,35.2,16.8,24.9,16.2,62869.0,Allegany,NY,New York,2023.0,Crude prevalence,11.2,86.7,8.1,11.1,7.3,34.4,25.5,17.4,14.2,80.0,13.8,3.7,6.0,36.0,16.0,46456.0,1362.0,2813.0,48.0,816.0,1731.0,0.0,698.0,1487.0,0.0,11.0,0.0,3.0,0.0,1.0
36005,12.8,11.8,93.4,86.8,6.6,10.0,7.1,43.3,4.5,61.1,79.9,6.7,5.3,8.9,51.2,1404779.0,36.0,28.3,16.8,22.4,27.8,48676.0,Bronx,NY,New York,2023.0,Crude prevalence,11.8,86.8,6.9,16.1,7.0,33.5,38.1,16.4,16.8,81.6,13.2,4.4,15.6,36.0,361.0,1472654.0,326220.0,206275.0,21600.0,3320.0,1164.0,3733.0,0.0,0.0,361.0,289.0,8.0,11.0,0.0,1.0
36007,2.6,5.9,93.3,89.8,4.0,3.1,3.4,19.6,12.0,13.5,35.5,1.2,0.6,7.3,43.2,197378.0,39.2,29.4,17.9,31.0,18.5,62616.0,Broome,NY,New York,2023.0,Crude prevalence,11.5,86.9,7.7,10.9,7.1,33.1,24.4,16.6,13.6,81.2,13.2,3.7,6.4,36.0,57.0,198683.0,11088.0,12589.0,37553.0,1998.0,3235.0,14263.0,1092.0,2266.0,40.0,33.0,3.0,11.0,1.0,3.0
36009,4.3,6.3,89.4,83.9,2.7,3.4,6.1,22.6,21.0,10.7,24.8,1.3,0.5,10.4,35.2,76145.0,42.8,40.8,15.6,21.1,19.1,59540.0,Cattaraugus,NY,New York,2023.0,Crude prevalence,11.4,87.7,9.4,12.1,8.0,35.7,28.4,17.5,15.6,81.2,16.5,4.1,6.6,36.0,24.0,77042.0,3403.0,5729.0,1073.0,1523.0,2547.0,11.0,1270.0,2047.0,4.0,18.0,0.0,8.0,0.0,5.0
36011,3.2,7.4,93.8,89.1,2.2,3.1,4.5,22.8,14.4,9.1,28.6,0.4,0.9,10.4,39.6,75102.0,43.8,31.5,17.3,24.6,13.5,67904.0,Cayuga,NY,New York,2023.0,Crude prevalence,11.1,88.7,8.6,11.8,7.7,35.7,28.1,16.6,15.0,81.3,15.1,3.9,6.6,36.0,24.0,76248.0,2854.0,4663.0,2750.0,1007.0,1736.0,176.0,756.0,1351.0,7.0,10.0,1.0,8.0,0.0,3.0
36013,4.1,6.3,92.5,88.5,3.3,3.6,5.3,19.6,19.7,11.1,31.1,1.0,0.3,10.1,39.4,125544.0,42.9,32.9,16.9,25.1,17.4,58351.0,Chautauqua,NY,New York,2023.0,Crude prevalence,11.2,88.2,8.8,12.6,7.9,36.3,27.8,16.7,15.3,81.4,14.9,4.0,7.3,36.0,36.0,127657.0,5913.0,10617.0,10472.0,1657.0,3087.0,5068.0,1291.0,2386.0,19.0,28.0,3.0,10.0,2.0,7.0
36015,2.4,6.9,93.8,88.0,3.5,4.4,4.1,20.2,10.2,9.8,31.6,0.4,0.2,7.1,44.5,82147.0,42.0,34.1,16.5,27.2,16.3,63716.0,Chemung,NY,New York,2023.0,Crude prevalence,11.2,88.6,8.2,11.5,7.3,30.7,26.5,17.1,14.5,81.1,14.9,3.8,6.4,36.0,25.0,84148.0,3444.0,5824.0,6396.0,409.0,1136.0,1073.0,240.0,813.0,18.0,18.0,1.0,2.0,0.0,0.0
36017,3.0,7.2,92.7,88.8,3.7,3.1,3.4,22.8,19.1,7.8,24.6,1.3,0.7,9.7,32.5,46321.0,45.0,41.2,16.1,19.6,11.8,62948.0,Chenango,NY,New York,2023.0,Crude prevalence,11.2,88.9,9.0,12.3,8.1,36.3,27.8,16.9,15.1,80.2,15.3,4.1,6.4,36.0,16.0,47220.0,1549.0,2874.0,109.0,750.0,1595.0,0.0,652.0,1387.0,2.0,11.0,0.0,2.0,0.0,2.0
36019,3.4,8.5,93.8,88.0,2.3,3.4,3.1,20.4,10.9,10.4,30.6,0.8,0.8,8.0,37.9,78493.0,41.9,31.6,16.8,27.6,13.7,71224.0,Clinton,NY,New York,2023.0,Crude prevalence,11.6,87.4,7.8,10.7,7.0,33.2,26.7,17.6,14.1,79.9,14.4,3.5,6.3,36.0,22.0,79843.0,3485.0,5663.0,6078.0,1321.0,2792.0,2926.0,916.0,2143.0,9.0,7.0,1.0,4.0,0.0,2.0
36021,3.3,4.8,93.8,89.7,3.1,2.9,3.4,25.7,20.3,6.1,23.7,1.0,0.4,8.5,48.9,61100.0,49.8,27.2,12.6,39.4,12.1,81528.0,Columbia,NY,New York,2023.0,Crude prevalence,10.5,90.9,7.7,11.8,7.8,30.8,24.6,14.3,13.5,82.0,12.4,3.9,5.7,36.0,21.0,61570.0,1623.0,2592.0,1770.0,842.0,1500.0,817.0,666.0,1225.0,3.0,6.0,0.0,4.0,0.0,2.0
36023,2.8,5.3,94.5,88.3,2.9,3.2,4.5,22.3,8.8,11.7,33.7,0.8,0.1,8.4,42.0,46246.0,37.0,31.7,18.4,29.1,12.8,70418.0,Cortland,NY,New York,2023.0,Crude prevalence,11.3,86.4,6.9,9.3,6.2,30.5,23.8,17.9,13.1,79.0,12.8,3.1,5.8,36.0,13.0,46809.0,2223.0,2947.0,2754.0,518.0,997.0,1030.0,380.0,785.0,7.0,7.0,0.0,2.0,0.0,2.0
36025,2.6,6.4,91.2,87.8,3.5,2.7,5.0,25.7,36.1,8.6,22.7,1.0,0.5,6.9,37.7,44487.0,48.8,36.7,15.5,27.6,14.4,63337.0,Delaware,NY,New York,2023.0,Crude prevalence,10.9,89.0,9.0,12.5,8.5,32.8,28.6,16.1,15.2,81.8,14.5,4.3,6.5,36.0,18.0,44308.0,1644.0,2390.0,1940.0,961.0,1535.0,0.0,839.0,1375.0,1.0,13.0,0.0,3.0,0.0,3.0
36027,2.8,5.3,96.3,93.5,3.3,2.6,3.9,31.2,5.6,7.2,30.8,0.9,0.7,8.7,43.7,298220.0,42.5,24.9,16.0,41.6,8.4,99478.0,Dutchess,NY,New York,2023.0,Crude prevalence,10.4,89.9,5.9,9.9,6.0,28.2,21.6,14.8,11.9,80.0,11.0,3.1,6.5,36.0,82.0,295911.0,8348.0,9145.0,81201.0,2746.0,3047.0,43023.0,1697.0,2000.0,48.0,12.0,3.0,9.0,0.0,6.0
36029,3.0,4.5,94.1,90.2,3.0,3.2,2.9,21.3,7.2,11.5,34.2,0.7,0.5,9.0,41.3,950622.0,40.4,25.1,17.4,38.0,13.9,72839.0,Erie,NY,New York,2023.0,Crude prevalence,11.5,89.0,6.9,10.8,6.5,32.8,24.8,16.0,13.1,82.9,12.4,3.4,5.9,36.0,260.0,954236.0,47159.0,63474.0,129107.0,4374.0,5715.0,53798.0,2339.0,3094.0,226.0,117.0,7.0,38.0,2.0,18.0
36031,2.1,5.8,94.4,91.9,2.2,1.9,5.0,22.7,35.9,7.4,22.7,0.6,0.5,5.4,41.6,36973.0,49.9,32.6,15.7,32.8,11.2,71661.0,Essex,NY,New York,2023.0,Crude prevalence,10.7,90.2,8.3,11.8,8.1,34.8,25.8,15.1,14.4,81.5,13.5,4.0,5.8,36.0,18.0,37381.0,1203.0,1711.0,1524.0,621.0,987.0,545.0,461.0,794.0,2.0,7.0,0.0,1.0,0.0,1.0
36033,4.3,8.9,90.6,86.4,2.1,5.8,5.7,20.7,23.5,10.6,27.5,0.8,0.5,8.6,28.9,46696.0,42.0,33.4,16.4,23.8,18.2,65151.0,Franklin,NY,New York,2023.0,Crude prevalence,11.4,87.8,8.6,12.2,7.6,40.7,28.9,17.3,15.2,79.4,16.3,3.9,6.9,36.0,15.0,47555.0,2066.0,3410.0,5587.0,1236.0,2104.0,3374.0,993.0,1711.0,3.0,9.0,2.0,6.0,0.0,5.0
36035,3.1,7.3,92.2,89.1,2.1,2.6,3.8,25.4,18.9,10.2,28.6,0.8,0.2,10.5,31.0,52487.0,44.1,36.4,16.9,20.9,13.1,66533.0,Fulton,NY,New York,2023.0,Crude prevalence,11.9,88.5,9.1,12.1,7.8,35.8,28.5,17.4,15.5,80.7,16.0,4.0,6.7,36.0,17.0,53324.0,2331.0,3521.0,3879.0,457.0,1089.0,2571.0,363.0,916.0,8.0,12.0,0.0,1.0,0.0,1.0
36037,2.5,4.5,93.5,90.0,2.9,3.8,3.7,23.5,5.0,8.8,26.2,1.4,0.2,9.6,35.3,57787.0,42.4,36.5,17.1,23.8,10.6,73314.0,Genesee,NY,New York,2023.0,Crude prevalence,10.9,89.1,7.4,10.7,6.9,30.2,24.8,16.4,13.8,80.7,13.5,3.5,5.9,36.0,18.0,58388.0,2182.0,3374.0,4318.0,603.0,1346.0,1748.0,420.0,1019.0,9.0,6.0,0.0,3.0,0.0,2.0
36039,3.1,7.9,92.5,85.8,2.2,3.3,3.7,28.9,35.8,7.3,22.8,1.3,0.5,7.8,35.0,47409.0,47.4,31.4,16.4,29.9,9.9,77945.0,Greene,NY,New York,2023.0,Crude prevalence,10.8,89.6,8.0,11.7,7.6,34.4,26.2,15.5,14.5,81.6,13.5,3.9,6.6,36.0,18.0,47931.0,1354.0,1477.0,4741.0,786.0,970.0,2815.0,656.0,825.0,4.0,2.0,0.0,2.0,0.0,1.0
36041,4.0,6.0,94.3,90.2,2.2,2.4,3.5,22.6,69.4,3.5,17.6,0.6,0.2,9.3,46.0,5089.0,58.1,29.5,14.6,33.2,10.6,68835.0,Hamilton,NY,New York,2023.0,Crude prevalence,10.9,91.8,9.4,13.4,9.3,31.0,27.0,14.5,15.2,83.8,13.4,4.5,5.4,36.0,4.0,5107.0,84.0,119.0,1153.0,75.0,109.0,273.0,70.0,102.0,0.0,1.0,0.0,0.0,0.0,0.0
36043,2.9,5.6,92.3,88.3,2.5,2.5,4.9,25.7,20.7,9.6,23.4,0.6,0.6,8.9,32.5,59757.0,44.8,33.9,18.5,22.7,13.4,68515.0,Herkimer,NY,New York,2023.0,Crude prevalence,11.0,89.1,8.4,11.3,7.6,37.0,28.1,16.6,14.7,80.6,14.6,3.9,5.9,36.0,20.0,60139.0,2477.0,3806.0,3632.0,886.0,1402.0,1573.0,726.0,1160.0,8.0,6.0,1.0,6.0,1.0,4.0
36045,2.9,5.1,94.4,90.8,3.2,3.8,5.5,19.5,23.0,9.7,45.3,1.4,0.5,9.4,38.4,115040.0,33.7,31.8,20.8,26.5,13.7,66301.0,Jefferson,NY,New York,2023.0,Crude prevalence,11.2,85.6,6.9,10.0,6.0,37.8,25.4,17.4,12.8,79.4,13.9,3.1,7.2,36.0,36.0,116721.0,4623.0,7529.0,19929.0,1622.0,3103.0,12221.0,1202.0,2464.0,11.0,17.0,3.0,5.0,3.0,5.0
36047,8.2,7.4,93.5,89.5,5.1,5.9,5.8,41.7,8.3,56.4,70.5,6.1,4.9,8.5,42.3,2631580.0,36.5,23.5,12.4,42.1,19.1,80263.0,Kings,NY,New York,2023.0,Crude prevalence,10.3,88.6,5.8,12.0,5.7,25.1,26.2,15.2,12.8,80.0,12.1,3.6,8.9,36.0,804.0,2736074.0,569113.0,231177.0,2765.0,505.0,248.0,21.0,0.0,0.0,802.0,475.0,2.0,8.0,0.0,0.0
36049,2.4,5.3,91.7,86.5,3.0,4.3,5.7,24.2,29.0,5.4,19.8,1.6,0.8,11.1,31.2,26607.0,41.9,45.0,15.4,18.6,12.3,68182.0,Lewis,NY,New York,2023.0,Crude prevalence,11.0,88.6,8.6,11.8,7.7,40.9,27.8,16.8,15.1,81.1,15.1,3.9,6.2,36.0,9.0,26582.0,595.0,1394.0,989.0,407.0,1022.0,446.0,361.0,904.0,0.0,8.0,1.0,1.0,0.0,0.0
36051,2.7,4.7,92.9,88.4,2.9,2.2,3.9,25.1,10.4,5.8,23.7,0.4,0.2,9.8,46.6,61498.0,41.5,31.7,16.5,30.6,11.1,74001.0,Livingston,NY,New York,2023.0,Crude prevalence,11.0,88.1,7.1,10.1,6.6,30.8,23.1,16.3,13.0,79.9,12.3,3.4,5.7,36.0,18.0,61834.0,1413.0,2552.0,723.0,747.0,1468.0,9.0,594.0,1191.0,3.0,6.0,0.0,3.0,0.0,3.0
36053,2.3,5.0,93.1,89.3,2.4,3.6,3.8,23.6,14.6,6.0,21.7,0.4,0.3,8.8,37.2,67328.0,42.4,32.8,16.0,29.6,10.0,75499.0,Madison,NY,New York,2023.0,Crude prevalence,11.0,88.8,7.1,10.3,6.7,36.4,22.7,16.3,13.2,81.2,12.5,3.4,5.3,36.0,19.0,68016.0,1577.0,3056.0,5358.0,639.0,1438.0,2855.0,501.0,1099.0,5.0,5.0,0.0,1.0,0.0,0.0
36055,3.1,4.8,94.9,90.4,3.1,3.6,3.1,19.9,6.2,10.8,36.3,0.8,0.6,8.9,42.4,753753.0,39.6,23.2,15.6,41.5,13.6,76382.0,Monroe,NY,New York,2023.0,Crude prevalence,10.9,89.1,6.3,11.2,6.3,31.4,25.4,15.3,13.1,79.6,11.6,3.3,6.0,36.0,210.0,759443.0,34301.0,47855.0,202027.0,4721.0,6707.0,108103.0,2291.0,3362.0,193.0,91.0,11.0,32.0,2.0,18.0
36057,4.4,7.1,90.1,84.6,2.9,2.8,7.2,24.0,14.7,11.4,29.6,0.7,0.7,6.2,38.7,49528.0,40.3,35.1,16.3,22.9,14.6,64943.0,Montgomery,NY,New York,2023.0,Crude prevalence,11.0,88.1,8.2,11.5,7.4,38.8,27.7,16.8,14.9,79.3,15.2,3.8,8.3,36.0,16.0,49532.0,2230.0,3014.0,3574.0,661.0,827.0,1971.0,547.0,651.0,9.0,7.0,0.0,3.0,0.0,2.0
36059,4.3,3.5,96.5,94.8,3.1,2.1,3.8,36.0,4.4,6.8,18.1,2.3,1.1,9.5,45.5,1389591.0,42.0,20.7,13.7,49.7,5.4,146202.0,Nassau,NY,New York,2023.0,Crude prevalence,9.6,91.3,4.8,10.1,5.4,28.4,23.2,13.2,11.2,82.1,8.5,2.9,6.0,36.0,281.0,1395774.0,31006.0,22835.0,130148.0,2090.0,951.0,47312.0,735.0,329.0,280.0,9.0,1.0,21.0,1.0,8.0
36061,5.7,4.8,95.7,92.4,5.0,4.6,4.2,31.2,15.7,78.0,74.9,2.5,2.6,9.2,38.8,1629477.0,38.9,12.0,9.7,64.2,16.5,103931.0,New York,NY,New York,2023.0,Crude prevalence,9.6,89.2,4.4,8.9,4.9,19.2,20.4,14.5,11.1,79.7,8.2,2.7,6.8,36.0,310.0,1694251.0,607348.0,112139.0,4065.0,937.0,212.0,0.0,0.0,0.0,310.0,112.0,1.0,5.0,0.0,0.0
36063,2.3,5.6,93.4,89.8,3.6,3.4,2.9,22.5,8.5,9.9,28.8,0.9,0.3,9.2,39.5,210721.0,43.3,32.5,17.6,28.0,13.5,69633.0,Niagara,NY,New York,2023.0,Crude prevalence,11.3,89.3,7.7,11.3,7.0,39.5,26.3,16.2,14.3,82.5,13.7,3.7,5.8,36.0,65.0,212666.0,9118.0,13529.0,22954.0,1575.0,2996.0,8242.0,929.0,1916.0,46.0,34.0,4.0,11.0,0.0,7.0
36065,4.7,6.3,93.1,88.8,2.7,3.7,3.3,20.6,9.7,12.0,32.3,1.8,0.4,8.8,37.3,229124.0,40.7,30.1,17.9,27.8,15.5,70154.0,Oneida,NY,New York,2023.0,Crude prevalence,11.0,88.3,8.0,11.5,7.3,36.1,28.1,16.7,14.1,80.4,14.2,3.7,6.7,36.0,75.0,232125.0,11412.0,15855.0,24005.0,1953.0,3170.0,10564.0,1351.0,2341.0,48.0,33.0,2.0,12.0,0.0,7.0
36067,2.9,5.3,95.2,91.6,3.2,3.3,3.3,20.2,6.7,12.0,34.1,1.1,0.5,9.0,41.4,471129.0,39.6,23.7,16.4,39.2,13.8,76945.0,Onondaga,NY,New York,2023.0,Crude prevalence,11.3,88.8,6.8,10.9,6.5,36.9,23.1,16.5,13.2,82.0,11.9,3.4,5.8,36.0,142.0,476516.0,23723.0,28395.0,80546.0,2653.0,3507.0,34761.0,1365.0,1977.0,118.0,61.0,3.0,22.0,1.0,12.0
36069,2.6,3.9,95.6,91.3,2.3,2.6,3.3,22.3,9.5,6.1,26.3,0.9,0.5,11.4,35.0,112625.0,44.2,25.0,16.4,38.0,9.0,82324.0,Ontario,NY,New York,2023.0,Crude prevalence,10.6,90.1,6.8,10.5,6.8,30.7,22.0,15.2,12.8,81.5,11.5,3.4,5.4,36.0,40.0,112458.0,2971.0,4174.0,25476.0,1524.0,2101.0,13153.0,1117.0,1450.0,20.0,8.0,3.0,6.0,2.0,5.0
36071,3.8,6.4,92.0,89.3,3.4,1.9,4.7,34.1,7.4,9.4,32.2,2.9,0.8,9.2,48.0,406616.0,37.0,27.9,19.0,32.5,12.6,97178.0,Orange,NY,New York,2023.0,Crude prevalence,10.5,88.3,6.1,11.2,5.8,32.2,26.0,16.0,13.2,79.4,12.0,3.2,8.6,36.0,92.0,401310.0,13012.0,14898.0,72614.0,2783.0,3679.0,33579.0,1532.0,2161.0,64.0,23.0,4.0,14.0,1.0,10.0
36073,4.3,9.7,91.1,87.2,2.9,4.6,6.4,26.1,11.5,7.9,22.8,0.4,0.2,5.4,33.5,39608.0,43.5,39.9,17.7,17.9,12.7,65969.0,Orleans,NY,New York,2023.0,Crude prevalence,11.4,88.2,8.5,11.7,7.5,32.9,28.3,17.2,15.0,80.3,15.7,3.9,7.2,36.0,13.0,40343.0,1277.0,2498.0,2306.0,491.0,1331.0,355.0,395.0,1113.0,5.0,6.0,1.0,1.0,0.0,1.0
36075,2.6,7.5,94.5,90.5,4.2,3.9,4.2,25.1,13.9,8.4,26.6,1.1,0.6,8.6,42.2,117953.0,40.9,37.4,18.0,21.6,16.3,69183.0,Oswego,NY,New York,2023.0,Crude prevalence,11.3,87.2,8.3,11.2,7.2,36.4,28.5,18.0,14.7,80.3,15.7,3.7,6.4,36.0,44.0,117525.0,3962.0,7542.0,5035.0,1407.0,3973.0,1360.0,1052.0,3234.0,12.0,27.0,2.0,3.0,0.0,3.0
36077,2.4,4.7,93.2,87.2,3.5,2.6,5.2,22.9,22.8,7.3,26.1,0.6,0.6,10.1,33.9,60108.0,39.9,31.2,16.1,34.4,12.5,68885.0,Otsego,NY,New York,2023.0,Crude prevalence,11.3,86.7,7.2,10.2,6.8,29.9,24.2,17.4,13.4,78.5,12.1,3.4,5.9,36.0,22.0,58524.0,1683.0,2285.0,4094.0,815.0,1188.0,1584.0,649.0,951.0,5.0,11.0,1.0,1.0,1.0,0.0
36079,3.6,3.2,96.6,94.8,2.8,1.7,3.6,39.3,7.6,4.6,16.2,1.6,0.5,6.7,55.6,98107.0,44.0,24.3,15.1,45.5,7.1,126257.0,Putnam,NY,New York,2023.0,Crude prevalence,9.9,90.9,5.3,9.7,5.8,27.5,21.6,13.7,11.6,80.7,9.6,2.9,6.3,36.0,24.0,97668.0,1641.0,1152.0,33561.0,1056.0,702.0,22583.0,752.0,473.0,13.0,1.0,0.0,4.0,0.0,2.0
36081,10.4,7.0,95.9,92.3,4.6,5.0,8.2,42.9,7.6,37.4,55.1,5.8,4.2,9.2,43.7,2323052.0,40.7,25.1,13.8,36.1,12.9,86136.0,Queens,NY,New York,2023.0,Crude prevalence,8.9,89.6,5.4,14.3,6.0,24.0,31.0,13.6,12.8,81.1,10.9,3.5,10.6,36.0,724.0,2405464.0,314790.0,133891.0,15655.0,1756.0,533.0,4867.0,259.0,87.0,720.0,341.0,1.0,22.0,0.0,6.0
36083,2.9,4.5,95.7,91.6,3.4,2.1,3.4,24.0,10.5,9.8,35.2,1.1,0.5,8.7,38.8,160332.0,40.1,24.5,16.8,37.6,11.8,87915.0,Rensselaer,NY,New York,2023.0,Crude prevalence,10.9,88.8,6.5,9.9,6.0,31.5,23.2,16.0,12.6,79.6,11.9,3.1,5.7,36.0,48.0,161130.0,6513.0,7264.0,18765.0,1000.0,1234.0,8339.0,632.0,855.0,29.0,16.0,0.0,5.0,0.0,1.0
36085,5.7,5.9,95.4,91.1,3.3,4.6,4.1,43.1,7.5,15.9,32.3,3.6,1.8,9.2,47.6,494956.0,40.6,29.7,15.6,35.7,11.5,98333.0,Richmond,NY,New York,2023.0,Crude prevalence,10.2,89.9,6.0,11.9,5.8,30.3,26.5,14.6,12.8,81.8,12.1,3.2,7.6,36.0,125.0,495747.0,27235.0,22803.0,11436.0,312.0,345.0,1472.0,34.0,22.0,125.0,35.0,1.0,10.0,0.0,4.0
36087,6.3,6.5,91.7,87.8,3.5,2.9,4.1,29.7,4.7,9.8,32.1,5.5,1.4,10.0,52.6,341883.0,34.8,20.9,15.9,42.7,16.2,109959.0,Rockland,NY,New York,2023.0,Crude prevalence,10.5,88.8,6.1,11.3,6.3,30.5,27.2,15.0,12.4,80.2,11.4,3.4,8.2,36.0,80.0,338329.0,10131.0,12398.0,99119.0,1348.0,1882.0,42848.0,578.0,624.0,80.0,26.0,3.0,12.0,0.0,6.0
36089,4.1,6.0,91.3,86.8,2.8,3.6,6.0,21.0,19.8,10.1,28.1,1.4,0.7,9.9,40.7,107226.0,39.3,33.6,17.1,25.3,16.9,62850.0,St. Lawrence,NY,New York,2023.0,Crude prevalence,11.7,86.4,8.6,11.9,7.3,41.8,28.0,18.2,14.7,81.2,15.3,3.8,6.5,36.0,30.0,108505.0,4214.0,6467.0,8253.0,2227.0,3387.0,4937.0,1811.0,2771.0,10.0,19.0,4.0,13.0,2.0,12.0
36091,2.2,3.3,96.0,92.8,2.1,1.9,2.6,25.5,9.1,4.7,27.7,0.8,0.4,7.8,33.2,238284.0,43.6,23.3,14.7,45.4,7.1,100787.0,Saratoga,NY,New York,2023.0,Crude prevalence,10.3,90.6,5.8,9.6,6.0,33.1,19.8,14.7,11.8,80.7,10.6,3.0,4.7,36.0,65.0,235509.0,4780.0,6660.0,72251.0,1858.0,3067.0,40123.0,1207.0,2113.0,40.0,8.0,1.0,10.0,0.0,8.0
36093,3.0,5.3,95.1,89.6,3.6,3.6,3.1,22.8,6.1,12.4,36.0,1.4,0.4,9.5,44.4,160369.0,39.6,25.1,17.4,36.1,13.3,79623.0,Schenectady,NY,New York,2023.0,Crude prevalence,11.0,88.7,6.4,10.2,6.1,34.3,22.6,15.8,12.5,79.7,12.1,3.3,6.2,36.0,45.0,158061.0,8292.0,9338.0,23574.0,727.0,602.0,10971.0,423.0,325.0,41.0,20.0,0.0,4.0,0.0,3.0
36095,2.4,5.8,93.2,87.8,2.8,3.1,4.6,30.6,22.3,6.6,23.6,0.8,0.8,8.7,38.5,30049.0,45.8,34.0,16.9,26.2,11.7,70133.0,Schoharie,NY,New York,2023.0,Crude prevalence,11.0,89.0,7.9,11.3,7.6,32.4,25.3,16.1,13.9,81.5,13.4,3.8,5.9,36.0,8.0,29714.0,844.0,1764.0,2738.0,565.0,1200.0,1006.0,469.0,1004.0,2.0,5.0,1.0,3.0,1.0,3.0
36097,3.0,6.6,92.9,88.6,3.7,2.7,3.9,24.1,24.6,6.8,20.8,1.6,0.4,13.7,36.3,17562.0,47.6,33.4,16.3,26.4,14.8,67663.0,Schuyler,NY,New York,2023.0,Crude prevalence,11.2,89.5,9.0,12.4,8.2,31.7,26.2,16.2,15.1,81.4,15.1,4.1,6.0,36.0,5.0,17898.0,501.0,1111.0,0.0,356.0,812.0,0.0,303.0,691.0,0.0,2.0,0.0,1.0,0.0,1.0
36099,5.5,9.8,91.5,86.4,2.5,4.6,9.0,21.3,16.0,8.8,29.0,0.8,0.2,7.1,37.4,32920.0,43.0,30.4,16.4,25.2,13.5,68089.0,Seneca,NY,New York,2023.0,Crude prevalence,11.2,88.3,8.7,11.6,7.8,34.7,28.4,16.8,15.0,81.0,15.3,4.0,7.2,36.0,11.0,33814.0,1201.0,1637.0,3464.0,721.0,937.0,1360.0,526.0,667.0,3.0,3.0,2.0,4.0,2.0,2.0
36101,3.0,5.3,92.8,86.9,3.5,2.8,4.8,22.2,17.7,10.1,26.7,1.1,0.5,10.4,33.6,92588.0,43.0,35.0,16.0,26.3,13.8,65887.0,Steuben,NY,New York,2023.0,Crude prevalence,11.0,88.6,8.3,11.5,7.5,34.8,26.2,16.4,14.4,81.0,14.6,3.8,5.9,36.0,31.0,93584.0,3947.0,4761.0,6593.0,1361.0,2143.0,3936.0,1122.0,1795.0,11.0,15.0,0.0,6.0,0.0,5.0
36103,5.4,4.2,96.5,93.2,3.1,2.5,4.7,31.1,11.7,5.1,17.8,1.9,0.9,9.8,49.0,1530146.0,41.7,24.8,15.9,40.2,6.4,130686.0,Suffolk,NY,New York,2023.0,Crude prevalence,10.2,90.5,5.4,10.0,5.7,29.7,24.1,14.4,11.9,81.5,9.6,3.0,7.2,36.0,384.0,1525920.0,23672.0,33009.0,451274.0,6805.0,7520.0,241393.0,3664.0,3460.0,368.0,20.0,10.0,35.0,5.0,23.0
36105,4.7,7.4,93.4,89.4,3.4,2.2,5.5,28.0,37.1,8.6,32.6,3.6,1.1,8.9,39.3,79721.0,41.7,29.8,18.1,30.1,15.9,72382.0,Sullivan,NY,New York,2023.0,Crude prevalence,10.6,88.9,7.5,12.1,7.2,31.9,28.7,15.7,14.3,80.4,13.7,3.7,8.5,36.0,31.0,78624.0,2692.0,5383.0,3207.0,1534.0,3024.0,1944.0,1229.0,2400.0,4.0,15.0,3.0,5.0,3.0,4.0
36107,2.6,6.0,92.9,90.3,3.2,4.0,2.8,23.0,7.9,7.2,20.9,0.7,0.1,8.9,42.3,47864.0,44.8,36.2,14.9,25.3,13.4,72739.0,Tioga,NY,New York,2023.0,Crude prevalence,11.0,89.5,8.1,11.3,7.6,30.5,26.1,16.0,14.3,81.3,13.9,3.8,5.8,36.0,11.0,48455.0,1456.0,2730.0,1942.0,827.0,1873.0,584.0,687.0,1585.0,3.0,6.0,0.0,5.0,0.0,5.0
36109,2.0,2.5,96.6,90.6,3.2,3.0,4.4,20.1,9.5,14.1,45.9,0.4,0.9,9.6,49.0,104537.0,32.3,16.6,12.6,58.8,16.4,74024.0,Tompkins,NY,New York,2023.0,Crude prevalence,10.5,86.1,4.8,7.6,4.8,24.6,17.9,16.1,10.5,76.5,9.0,2.4,4.7,36.0,26.0,105740.0,6098.0,3869.0,16086.0,1890.0,2199.0,9042.0,1347.0,1776.0,14.0,12.0,3.0,14.0,2.0,11.0
36111,2.4,5.5,94.5,92.4,3.1,2.3,6.9,27.5,14.1,7.3,30.1,0.9,0.7,7.6,49.6,182601.0,44.1,27.5,17.2,38.2,14.6,86271.0,Ulster,NY,New York,2023.0,Crude prevalence,10.4,89.7,6.9,10.9,6.8,30.5,24.1,15.2,13.3,81.5,11.8,3.5,6.5,36.0,50.0,181851.0,5448.0,7262.0,16095.0,2144.0,3270.0,6686.0,1493.0,2364.0,18.0,18.0,3.0,10.0,1.0,8.0
36113,2.0,4.8,93.3,90.7,2.6,2.3,3.7,21.5,25.3,7.8,27.9,0.4,0.5,11.2,36.9,65517.0,46.8,27.3,17.0,36.4,10.5,78442.0,Warren,NY,New York,2023.0,Crude prevalence,10.9,90.2,7.4,11.2,7.2,31.0,23.5,15.3,13.7,81.9,12.2,3.6,5.3,36.0,23.0,65737.0,2350.0,2940.0,15965.0,968.0,1075.0,10711.0,791.0,858.0,12.0,6.0,2.0,4.0,0.0,2.0
36115,2.6,7.3,92.9,86.2,2.9,1.8,4.9,26.9,16.2,8.2,23.4,0.8,0.3,10.6,40.2,60522.0,45.4,38.0,17.9,22.4,10.7,73495.0,Washington,NY,New York,2023.0,Crude prevalence,11.1,89.1,8.1,11.2,7.4,31.4,26.7,16.4,14.5,81.7,14.7,3.8,6.2,36.0,21.0,61302.0,2007.0,2955.0,2501.0,823.0,1327.0,1236.0,719.0,1164.0,5.0,6.0,0.0,2.0,0.0,1.0
36117,4.0,5.1,93.1,89.6,2.0,2.8,6.8,23.8,9.8,7.2,20.1,1.0,0.7,7.4,37.1,90929.0,43.6,31.4,20.7,25.6,11.4,74506.0,Wayne,NY,New York,2023.0,Crude prevalence,11.1,89.4,7.7,11.2,7.3,37.4,26.0,16.1,14.1,80.8,13.9,3.7,6.2,36.0,25.0,91283.0,2759.0,4368.0,8011.0,1585.0,2571.0,4551.0,1176.0,1961.0,6.0,10.0,2.0,9.0,2.0,7.0
36119,5.5,5.2,96.3,93.7,3.9,2.8,5.1,34.6,5.4,14.3,38.2,2.7,2.3,9.7,44.5,999677.0,41.8,17.8,12.3,53.1,9.0,118976.0,Westchester,NY,New York,2023.0,Crude prevalence,9.3,90.8,4.9,10.5,5.6,26.0,22.0,13.3,11.2,80.6,9.2,3.0,7.5,36.0,241.0,1004457.0,53196.0,34921.0,217648.0,4450.0,2160.0,119258.0,2083.0,930.0,229.0,58.0,5.0,33.0,3.0,20.0
36121,3.4,9.5,92.2,84.8,2.0,2.5,3.6,25.2,9.9,7.3,24.1,0.5,0.4,7.2,34.2,39753.0,43.3,38.7,16.6,18.2,11.1,69110.0,Wyoming,NY,New York,2023.0,Crude prevalence,10.9,88.5,8.1,11.2,7.3,35.6,26.1,16.5,14.3,80.5,15.1,3.7,7.0,36.0,12.0,40531.0,1193.0,1816.0,85.0,745.0,1137.0,0.0,616.0,940.0,0.0,4.0,0.0,4.0,0.0,4.0
36123,10.2,5.0,83.6,79.1,1.7,2.6,19.7,22.3,28.2,14.0,22.8,1.4,0.2,13.5,21.8,24526.0,42.5,35.0,13.7,25.5,12.7,69701.0,Yates,NY,New York,2023.0,Crude prevalence,11.3,87.9,8.9,11.6,7.9,33.9,26.6,16.7,14.8,80.9,14.8,4.0,6.8,36.0,8.0,24774.0,1327.0,1012.0,1208.0,1039.0,781.0,521.0,889.0,675.0,1.0,5.0,1.0,7.0,1.0,5.0
37001,4.1,7.0,94.4,90.2,3.2,3.5,10.2,25.9,9.1,4.7,35.0,1.5,0.5,8.9,37.8,176893.0,38.9,27.9,20.8,28.7,13.4,65651.0,Alamance,NC,North Carolina,2023.0,Crude prevalence,10.9,87.0,7.4,12.2,6.7,38.5,24.4,17.2,13.2,80.0,13.9,3.8,11.7,37.0,37.0,171415.0,3325.0,9499.0,24420.0,851.0,3093.0,7134.0,491.0,1893.0,23.0,13.0,3.0,4.0,1.0,0.0
37003,4.1,10.1,90.1,85.1,2.8,2.3,8.1,25.6,12.9,3.1,19.3,1.0,0.9,8.2,31.3,36412.0,43.8,38.4,20.6,16.7,12.6,65354.0,Alexander,NC,North Carolina,2023.0,Crude prevalence,10.8,86.8,9.2,12.7,8.0,36.5,26.3,17.5,14.6,79.3,16.8,4.1,11.1,37.0,7.0,36444.0,432.0,1902.0,5430.0,332.0,1469.0,3658.0,260.0,1132.0,1.0,3.0,0.0,1.0,0.0,0.0
37005,3.6,13.2,90.6,80.5,1.8,2.5,13.8,26.5,33.7,6.0,25.6,1.7,0.6,10.6,29.5,11174.0,52.6,29.0,22.2,23.6,16.0,47172.0,Alleghany,NC,North Carolina,2023.0,Crude prevalence,10.8,88.2,11.6,16.0,10.5,36.5,29.6,16.4,16.6,81.7,17.2,5.3,12.4,37.0,3.0,10888.0,313.0,725.0,406.0,228.0,604.0,0.0,180.0,518.0,0.0,2.0,0.0,1.0,0.0,1.0
37007,4.8,12.1,90.6,85.4,2.8,2.7,13.3,29.4,14.1,9.4,31.5,0.4,0.4,4.3,35.3,22289.0,41.9,45.9,17.7,9.9,21.7,47302.0,Anson,NC,North Carolina,2023.0,Crude prevalence,12.0,85.7,10.5,17.2,8.8,43.3,33.1,18.9,16.2,81.2,19.7,5.5,14.0,37.0,9.0,22055.0,805.0,2889.0,1898.0,570.0,2156.0,1160.0,457.0,1738.0,1.0,6.0,0.0,3.0,0.0,2.0
37009,4.4,6.8,90.4,85.2,2.5,1.0,9.8,25.3,29.1,4.4,20.6,0.4,0.1,7.6,33.8,26950.0,49.8,30.0,21.3,25.9,13.5,56866.0,Ashe,NC,North Carolina,2023.0,Crude prevalence,10.6,88.8,10.0,14.0,9.4,36.2,26.3,16.2,15.1,81.4,15.5,4.6,10.2,37.0,9.0,26577.0,532.0,1709.0,486.0,439.0,1465.0,0.0,360.0,1243.0,0.0,4.0,0.0,2.0,0.0,1.0
37011,5.3,6.9,92.1,85.2,2.3,2.1,12.5,23.7,52.2,5.1,17.0,1.3,0.7,8.3,32.3,17680.0,47.1,30.3,22.7,25.0,10.2,61428.0,Avery,NC,North Carolina,2023.0,Crude prevalence,10.6,86.9,9.2,12.9,8.4,37.1,25.4,16.8,14.5,79.7,15.8,4.2,10.8,37.0,5.0,17806.0,347.0,946.0,340.0,284.0,801.0,0.0,239.0,667.0,0.0,2.0,0.0,1.0,0.0,0.0
37013,3.8,6.9,89.9,87.5,2.2,1.2,9.0,24.8,21.0,6.2,30.5,0.8,0.4,9.8,41.2,44499.0,47.7,31.9,24.9,21.2,17.8,58357.0,Beaufort,NC,North Carolina,2023.0,Crude prevalence,11.2,88.8,10.0,15.6,9.2,36.8,28.3,16.5,15.2,82.3,16.1,5.0,10.9,37.0,13.0,44652.0,1198.0,3243.0,4691.0,571.0,1905.0,2235.0,453.0,1548.0,3.0,8.0,2.0,3.0,2.0,1.0
37015,4.0,14.1,86.4,71.6,2.3,1.8,9.9,24.7,20.5,8.7,27.3,2.2,0.0,7.2,37.9,17170.0,46.6,35.0,19.0,19.0,16.1,48750.0,Bertie,NC,North Carolina,2023.0,Crude prevalence,12.0,87.6,10.7,19.3,9.6,43.0,34.2,17.5,16.2,83.2,18.3,6.3,13.2,37.0,5.0,17934.0,620.0,1706.0,298.0,512.0,1361.0,0.0,479.0,1265.0,0.0,4.0,0.0,3.0,0.0,3.0
37017,3.5,7.9,91.4,85.1,2.7,1.7,10.2,28.3,22.6,7.8,30.8,0.7,0.9,7.1,44.2,29566.0,44.7,34.3,22.3,19.5,22.0,42422.0,Bladen,NC,North Carolina,2023.0,Crude prevalence,11.6,87.9,10.0,16.6,9.1,41.3,31.3,17.4,15.6,82.3,16.8,5.3,12.0,37.0,11.0,29606.0,922.0,3093.0,494.0,512.0,2090.0,0.0,362.0,1735.0,0.0,6.0,0.0,3.0,0.0,3.0
37019,2.2,4.3,96.6,93.3,2.3,1.5,7.5,25.7,30.2,2.4,15.4,1.4,0.3,5.5,46.3,152568.0,56.4,25.8,21.2,34.7,9.2,77024.0,Brunswick,NC,North Carolina,2023.0,Crude prevalence,10.4,91.5,8.5,13.5,8.8,32.8,22.5,14.0,13.3,84.3,12.4,4.3,7.9,37.0,43.0,136693.0,1693.0,5908.0,50790.0,1187.0,4065.0,33257.0,794.0,2616.0,23.0,16.0,4.0,2.0,2.0,1.0
37021,2.5,4.9,93.4,90.3,2.5,1.6,10.9,21.1,24.3,4.7,33.8,0.9,1.1,12.1,41.8,274360.0,42.6,22.4,16.1,45.9,11.8,74436.0,Buncombe,NC,North Carolina,2023.0,Crude prevalence,10.3,88.5,6.9,10.9,6.7,31.3,20.3,15.3,12.2,79.1,12.3,3.4,9.0,37.0,65.0,269452.0,4822.0,9660.0,87149.0,1750.0,4512.0,44662.0,874.0,2786.0,48.0,18.0,8.0,11.0,5.0,4.0
37023,5.5,8.5,91.0,84.7,2.5,2.0,11.0,23.4,10.0,4.8,25.5,2.0,0.4,6.8,30.1,87795.0,44.9,32.3,20.6,21.0,15.6,58592.0,Burke,NC,North Carolina,2023.0,Crude prevalence,10.9,86.9,9.8,13.8,8.6,36.8,28.4,17.3,15.1,80.3,17.0,4.4,11.6,37.0,21.0,87570.0,1740.0,5202.0,14591.0,878.0,3102.0,5007.0,452.0,1763.0,8.0,11.0,3.0,2.0,1.0,0.0
37025,3.3,4.7,96.4,93.0,3.2,2.1,7.9,27.3,10.1,4.0,28.8,1.9,1.3,9.2,40.8,236133.0,37.7,24.9,19.7,37.9,9.3,89005.0,Cabarrus,NC,North Carolina,2023.0,Crude prevalence,10.4,88.1,5.8,10.8,5.5,33.3,21.7,16.2,11.6,78.8,12.4,3.1,9.9,37.0,47.0,225804.0,3373.0,8695.0,80662.0,1313.0,3369.0,35991.0,695.0,1886.0,36.0,14.0,4.0,9.0,2.0,6.0
37027,4.9,10.2,89.0,86.4,2.9,1.8,10.5,25.9,12.0,4.7,26.5,1.6,0.2,8.7,31.1,80536.0,45.4,34.1,21.3,18.8,13.4,56425.0,Caldwell,NC,North Carolina,2023.0,Crude prevalence,11.0,86.9,9.6,13.2,8.4,33.4,27.3,17.6,15.2,80.0,17.0,4.3,11.3,37.0,19.0,80652.0,1545.0,4717.0,14446.0,898.0,2713.0,2720.0,574.0,1481.0,8.0,11.0,4.0,5.0,2.0,4.0
37029,2.9,4.0,94.9,93.1,3.6,1.0,4.5,28.2,6.7,1.4,17.9,1.4,0.0,0.0,27.5,10927.0,40.8,30.7,21.4,28.6,6.1,91078.0,Camden,NC,North Carolina,2023.0,Crude prevalence,10.6,88.8,6.5,10.7,6.1,35.2,21.2,16.1,12.1,79.9,13.1,3.3,8.2,37.0,2.0,10355.0,55.0,426.0,52.0,45.0,363.0,0.0,40.0,317.0,0.0,0.0,0.0,0.0,0.0,0.0
37031,1.4,4.8,97.3,93.4,2.2,1.9,8.1,23.2,38.7,3.7,25.3,0.5,0.3,5.5,51.5,69148.0,50.5,22.9,24.6,34.5,10.1,72322.0,Carteret,NC,North Carolina,2023.0,Crude prevalence,10.4,90.3,8.1,12.5,8.1,34.0,22.1,14.7,13.3,82.3,12.7,4.0,8.0,37.0,31.0,67686.0,1195.0,2886.0,22307.0,514.0,1541.0,11503.0,299.0,945.0,19.0,7.0,2.0,1.0,1.0,0.0
37033,4.5,11.2,90.1,83.3,2.6,3.3,9.8,30.6,16.1,6.0,24.8,0.7,0.1,8.7,33.0,22404.0,46.7,33.2,20.7,17.9,18.6,59755.0,Caswell,NC,North Carolina,2023.0,Crude prevalence,11.3,87.5,9.5,15.5,8.5,39.3,28.9,17.2,15.1,81.4,16.9,5.0,11.8,37.0,6.0,22736.0,532.0,1778.0,111.0,462.0,1561.0,0.0,356.0,1243.0,0.0,4.0,0.0,1.0,0.0,1.0
37035,4.1,7.7,94.4,88.5,2.2,2.5,10.6,23.4,9.4,5.2,27.8,1.7,0.6,12.3,28.7,163573.0,42.1,28.7,21.1,26.1,12.7,67864.0,Catawba,NC,North Carolina,2023.0,Crude prevalence,10.7,87.3,7.8,12.1,7.1,37.4,24.3,16.7,13.4,78.9,14.7,3.7,10.9,37.0,34.0,160610.0,3438.0,7896.0,25309.0,1640.0,3978.0,5157.0,901.0,2247.0,17.0,13.0,7.0,8.0,1.0,5.0
37037,3.9,5.2,95.8,89.1,1.7,1.2,9.4,28.4,8.1,2.6,19.4,1.6,0.4,8.8,39.2,80151.0,47.6,17.4,15.3,48.9,11.0,94317.0,Chatham,NC,North Carolina,2023.0,Crude prevalence,10.2,90.5,7.3,12.9,7.8,30.1,22.5,13.8,12.5,82.6,11.5,4.0,9.3,37.0,19.0,76285.0,846.0,1675.0,18187.0,578.0,1237.0,12194.0,452.0,990.0,4.0,6.0,1.0,1.0,1.0,0.0
37039,2.5,5.3,93.8,83.6,2.0,1.5,12.5,25.2,28.1,5.8,16.3,0.8,0.5,15.8,27.6,29562.0,53.5,33.5,22.7,24.2,12.4,53628.0,Cherokee,NC,North Carolina,2023.0,Crude prevalence,10.7,89.8,10.8,15.2,10.3,34.8,27.1,15.7,15.6,82.9,15.6,5.1,9.2,37.0,12.0,28774.0,765.0,1577.0,1096.0,631.0,1215.0,40.0,518.0,977.0,0.0,8.0,1.0,3.0,0.0,2.0
37041,3.3,6.6,94.0,88.9,2.3,2.4,8.2,27.8,14.7,9.8,29.5,0.0,0.0,13.0,41.5,13836.0,48.6,36.7,18.0,25.0,19.1,53864.0,Chowan,NC,North Carolina,2023.0,Crude prevalence,11.5,88.5,10.5,17.0,9.5,40.4,30.2,16.7,15.8,82.8,16.8,5.5,11.2,37.0,4.0,13708.0,599.0,1359.0,1595.0,324.0,805.0,802.0,234.0,587.0,1.0,1.0,1.0,2.0,1.0,2.0
37043,3.0,4.5,88.6,83.3,1.2,3.0,15.9,23.2,32.2,6.4,18.8,0.9,0.0,8.2,32.3,11610.0,55.0,23.9,22.7,31.8,12.9,56971.0,Clay,NC,North Carolina,2023.0,Crude prevalence,10.5,90.5,10.0,14.3,9.9,35.3,25.5,14.7,14.7,83.0,13.8,4.8,8.5,37.0,4.0,11089.0,327.0,570.0,61.0,284.0,517.0,0.0,204.0,433.0,0.0,0.0,0.0,1.0,0.0,1.0
37045,3.5,8.1,91.3,85.0,3.0,1.9,9.3,25.3,12.3,5.0,29.1,1.5,0.5,8.6,40.9,100991.0,41.3,33.2,20.0,22.0,16.6,58534.0,Cleveland,NC,North Carolina,2023.0,Crude prevalence,11.5,86.7,9.1,13.6,7.8,38.6,27.5,17.8,14.6,80.2,16.4,4.4,10.9,37.0,24.0,99519.0,1949.0,8280.0,7817.0,987.0,4290.0,2117.0,636.0,2773.0,8.0,12.0,4.0,3.0,0.0,1.0
37047,3.9,9.3,90.8,83.1,2.2,1.3,12.7,29.3,14.9,5.5,28.9,1.6,0.6,10.2,39.6,50140.0,42.6,37.6,22.5,14.6,18.2,49442.0,Columbus,NC,North Carolina,2023.0,Crude prevalence,11.8,86.4,10.0,15.6,8.6,41.1,31.1,18.3,15.8,80.8,18.3,5.1,12.3,37.0,15.0,50623.0,1110.0,4531.0,66.0,738.0,3234.0,0.0,630.0,2807.0,0.0,12.0,0.0,4.0,0.0,4.0
37049,2.5,5.2,93.3,85.6,2.2,4.1,7.8,21.7,11.7,6.3,31.6,1.0,0.4,9.2,37.1,102612.0,38.8,27.1,26.0,27.5,13.7,65873.0,Craven,NC,North Carolina,2023.0,Crude prevalence,10.9,87.3,7.9,12.5,7.4,36.9,24.8,16.7,13.4,80.9,14.0,4.0,10.2,37.0,26.0,100720.0,2709.0,6015.0,24147.0,804.0,2452.0,11110.0,448.0,1557.0,16.0,12.0,5.0,6.0,2.0,1.0
37051,2.3,4.8,95.0,91.1,4.0,2.5,9.5,21.6,9.8,6.8,45.0,1.5,1.0,9.0,42.9,338545.0,32.0,26.7,26.3,27.8,16.7,61291.0,Cumberland,NC,North Carolina,2023.0,Crude prevalence,11.4,84.9,6.5,12.2,5.7,40.1,25.3,18.4,12.8,79.3,14.8,3.6,11.8,37.0,81.0,334728.0,8840.0,24156.0,110832.0,2490.0,8008.0,42563.0,775.0,2748.0,67.0,47.0,24.0,21.0,9.0,7.0
37053,2.0,4.9,97.1,91.4,1.9,1.2,8.8,35.5,30.6,2.1,12.7,1.0,0.0,15.6,32.5,30601.0,41.6,31.2,22.4,30.9,7.5,93511.0,Currituck,NC,North Carolina,2023.0,Crude prevalence,10.4,89.1,6.7,10.7,6.3,34.5,21.6,15.8,12.2,80.0,13.2,3.2,8.1,37.0,9.0,28100.0,244.0,686.0,1440.0,199.0,561.0,776.0,164.0,453.0,1.0,1.0,0.0,0.0,0.0,0.0
37055,1.5,3.8,97.9,91.7,3.8,1.0,8.6,22.4,52.3,2.7,21.6,3.1,0.1,8.2,39.8,37875.0,49.0,21.3,22.0,43.2,6.6,88994.0,Dare,NC,North Carolina,2023.0,Crude prevalence,10.1,90.8,7.0,11.2,7.1,31.6,20.2,14.2,12.0,81.9,11.4,3.5,7.3,37.0,10.0,36915.0,449.0,851.0,14012.0,238.0,470.0,10432.0,164.0,363.0,6.0,1.0,0.0,0.0,0.0,0.0
37057,4.1,7.4,94.4,88.4,2.4,1.8,9.4,24.3,8.6,3.9,25.6,1.1,0.6,7.9,34.2,172954.0,42.2,32.1,23.5,21.7,12.8,64172.0,Davidson,NC,North Carolina,2023.0,Crude prevalence,11.0,87.2,8.7,12.7,7.6,36.2,26.5,17.5,14.2,79.5,15.8,4.1,11.1,37.0,42.0,168930.0,2749.0,9151.0,39129.0,1700.0,4633.0,24400.0,1199.0,3201.0,20.0,14.0,6.0,5.0,4.0,5.0
37059,2.7,5.9,94.5,91.7,2.8,1.3,8.8,27.3,10.6,6.1,17.8,0.4,0.5,4.7,40.6,44122.0,45.0,30.5,23.4,27.3,9.4,75057.0,Davie,NC,North Carolina,2023.0,Crude prevalence,10.5,88.8,7.8,12.1,7.5,33.4,23.6,15.8,13.3,80.3,13.5,3.9,9.4,37.0,10.0,42712.0,1045.0,2020.0,7752.0,802.0,1555.0,4560.0,543.0,1204.0,2.0,1.0,0.0,3.0,0.0,2.0
37061,9.0,8.6,90.0,82.8,3.1,2.0,15.0,29.3,12.9,5.8,29.7,2.7,0.8,7.3,34.5,49335.0,40.7,30.6,23.3,17.6,20.5,55148.0,Duplin,NC,North Carolina,2023.0,Crude prevalence,11.2,86.6,9.4,15.5,8.4,39.4,29.9,17.3,15.4,80.4,16.3,4.9,15.8,37.0,21.0,48715.0,1209.0,3290.0,520.0,870.0,2442.0,0.0,736.0,2121.0,0.0,15.0,0.0,2.0,0.0,1.0
37063,4.5,4.0,97.3,93.5,2.6,1.9,10.8,22.6,7.3,6.7,44.5,1.8,0.8,10.4,38.0,332353.0,36.1,15.7,13.7,55.2,11.5,82316.0,Durham,NC,North Carolina,2023.0,Crude prevalence,10.8,87.4,5.1,10.5,5.0,36.1,21.6,15.3,10.7,80.4,10.7,3.0,9.6,37.0,68.0,324833.0,9512.0,12872.0,99645.0,1644.0,2995.0,41570.0,602.0,1242.0,64.0,28.0,9.0,18.0,2.0,12.0
37065,5.1,9.9,88.0,80.0,5.1,1.6,11.0,22.5,15.6,10.0,39.2,3.1,0.8,7.2,41.2,48736.0,41.7,39.2,19.7,17.5,21.7,51265.0,Edgecombe,NC,North Carolina,2023.0,Crude prevalence,12.4,87.5,10.0,17.9,8.8,43.7,33.5,18.2,16.0,82.5,17.7,5.7,13.0,37.0,14.0,48900.0,1971.0,4642.0,4251.0,639.0,1764.0,2145.0,419.0,1264.0,5.0,11.0,3.0,4.0,1.0,3.0
37067,4.0,5.6,95.6,90.2,3.1,2.0,9.8,22.7,8.9,6.2,36.4,1.4,0.8,9.6,39.5,389977.0,38.4,23.6,19.3,38.5,14.5,67165.0,Forsyth,NC,North Carolina,2023.0,Crude prevalence,11.1,87.7,7.0,12.4,6.5,41.2,25.2,16.4,12.6,80.0,13.4,3.7,10.9,37.0,95.0,382590.0,9963.0,22305.0,145366.0,2367.0,7138.0,70303.0,894.0,3344.0,84.0,36.0,15.0,14.0,5.0,6.0
37069,5.0,6.5,93.1,89.0,2.8,2.4,9.2,33.3,10.2,3.8,21.4,2.2,0.3,8.1,46.5,74386.0,41.0,29.1,22.0,27.0,11.1,74240.0,Franklin,NC,North Carolina,2023.0,Crude prevalence,11.0,87.8,7.6,12.8,6.8,38.8,25.0,16.8,13.3,80.2,14.8,3.9,11.1,37.0,16.0,68573.0,1090.0,3551.0,2416.0,824.0,2835.0,2075.0,667.0,2377.0,1.0,12.0,0.0,2.0,0.0,2.0
37071,3.8,7.9,94.2,89.0,3.0,1.8,10.7,27.0,8.0,5.1,33.2,1.8,0.7,9.8,40.8,234881.0,39.1,29.2,20.9,26.5,13.5,67478.0,Gaston,NC,North Carolina,2023.0,Crude prevalence,11.1,87.2,7.7,12.3,6.7,36.2,25.3,17.4,13.5,79.7,15.0,3.7,10.9,37.0,85.0,227943.0,4793.0,15034.0,66865.0,1288.0,5112.0,29671.0,591.0,2459.0,65.0,43.0,17.0,5.0,8.0,2.0
37073,2.8,7.1,92.9,76.8,3.2,1.4,6.2,41.7,13.2,2.3,19.1,1.0,0.0,0.9,24.8,10376.0,47.6,42.0,27.3,10.9,9.4,66333.0,Gates,NC,North Carolina,2023.0,Crude prevalence,11.5,88.4,9.5,15.8,8.6,39.0,29.2,17.3,15.1,81.5,16.6,5.1,10.1,37.0,3.0,10478.0,98.0,585.0,27.0,88.0,531.0,0.0,75.0,459.0,0.0,2.0,0.0,0.0,0.0,0.0
37075,5.0,9.2,88.2,83.4,3.6,2.5,12.5,24.8,32.7,10.6,19.3,1.1,0.5,19.5,29.0,8072.0,45.6,40.9,20.4,17.6,6.7,49684.0,Graham,NC,North Carolina,2023.0,Crude prevalence,10.9,87.9,9.2,13.1,8.7,35.1,25.7,16.8,14.7,80.4,15.7,4.3,9.9,37.0,3.0,8030.0,372.0,518.0,495.0,307.0,420.0,21.0,234.0,309.0,0.0,3.0,0.0,1.0,0.0,1.0
37077,5.3,6.4,94.6,88.1,2.5,3.2,9.3,30.8,9.3,3.6,22.9,1.0,0.2,9.3,34.9,60877.0,42.4,30.9,21.9,25.2,15.2,71111.0,Granville,NC,North Carolina,2023.0,Crude prevalence,11.3,87.6,8.0,13.6,7.2,36.2,26.5,17.0,13.8,80.5,15.4,4.2,11.6,37.0,15.0,60992.0,800.0,3131.0,3590.0,487.0,1988.0,2847.0,360.0,1546.0,2.0,6.0,1.0,2.0,1.0,1.0
37079,8.6,12.4,92.1,82.3,2.9,1.0,16.6,25.9,12.9,5.8,33.5,2.7,0.7,6.6,34.9,20486.0,39.9,34.2,22.2,12.2,21.0,53244.0,Greene,NC,North Carolina,2023.0,Crude prevalence,11.3,84.2,9.6,15.9,8.1,42.8,32.4,18.7,15.7,78.8,19.6,4.9,16.9,37.0,5.0,20451.0,403.0,1513.0,125.0,291.0,1242.0,0.0,255.0,1075.0,0.0,4.0,0.0,1.0,0.0,1.0
37081,3.7,5.5,95.4,91.2,2.9,1.8,8.4,22.0,7.7,6.7,40.1,1.8,0.8,9.7,42.3,547940.0,37.5,22.4,20.5,39.0,14.6,68642.0,Guilford,NC,North Carolina,2023.0,Crude prevalence,11.2,87.3,6.5,12.2,6.1,38.0,23.7,16.8,12.4,80.6,13.0,3.6,10.3,37.0,126.0,541299.0,14751.0,33985.0,115820.0,2972.0,7543.0,52236.0,1326.0,3674.0,105.0,55.0,7.0,23.0,1.0,12.0
37083,5.5,12.2,86.2,75.4,4.8,1.1,9.1,25.6,18.0,9.1,37.1,1.3,0.5,7.1,42.3,47675.0,43.6,37.0,20.4,16.1,22.8,45590.0,Halifax,NC,North Carolina,2023.0,Crude prevalence,12.4,86.9,11.5,19.4,9.8,42.6,35.2,18.4,17.2,82.7,19.8,6.3,13.6,37.0,16.0,48622.0,1847.0,5922.0,2339.0,1001.0,3004.0,1026.0,834.0,2434.0,5.0,13.0,2.0,5.0,1.0,5.0
37085,4.3,7.1,94.4,85.2,2.6,1.7,9.7,32.8,9.2,3.9,29.0,1.8,0.5,8.8,36.3,139150.0,35.6,28.0,22.8,24.5,13.7,71287.0,Harnett,NC,North Carolina,2023.0,Crude prevalence,11.0,86.2,7.1,11.8,6.2,36.9,25.9,18.1,13.1,79.0,15.3,3.5,12.1,37.0,28.0,133568.0,1929.0,7587.0,20173.0,1292.0,5400.0,11157.0,999.0,4206.0,6.0,10.0,4.0,4.0,2.0,4.0
37087,3.1,5.7,92.9,84.4,1.7,1.7,11.4,23.8,23.7,4.0,25.1,0.5,0.3,8.8,42.8,62662.0,47.8,26.9,21.9,29.5,13.1,61912.0,Haywood,NC,North Carolina,2023.0,Crude prevalence,10.6,89.0,8.7,12.4,8.3,33.3,23.9,15.9,14.0,80.6,13.9,4.1,9.0,37.0,21.0,62089.0,1078.0,3675.0,15081.0,600.0,2560.0,6595.0,334.0,1667.0,11.0,6.0,4.0,1.0,3.0,1.0
37089,4.1,4.3,95.7,90.0,2.0,2.3,12.4,22.5,12.0,3.5,25.0,1.1,0.3,9.6,38.1,118484.0,47.5,25.2,19.6,36.5,11.6,68187.0,Henderson,NC,North Carolina,2023.0,Crude prevalence,10.3,89.6,8.2,12.5,8.2,30.3,23.2,14.9,13.4,81.5,12.7,4.1,9.9,37.0,30.0,116281.0,1806.0,4687.0,31949.0,1027.0,2669.0,20033.0,669.0,1886.0,17.0,10.0,4.0,6.0,4.0,3.0
37091,4.3,11.6,89.1,82.8,3.0,2.4,8.6,26.5,15.6,7.9,32.6,0.9,0.2,7.2,56.1,19908.0,42.6,33.5,22.4,16.6,22.9,45537.0,Hertford,NC,North Carolina,2023.0,Crude prevalence,12.3,87.0,10.2,18.9,9.1,42.5,33.2,18.2,16.0,83.2,17.6,6.0,12.9,37.0,8.0,21552.0,656.0,2305.0,127.0,371.0,1395.0,0.0,274.0,1065.0,0.0,5.0,0.0,0.0,0.0,0.0
37093,4.2,7.1,93.2,90.0,3.5,2.0,10.3,28.8,7.9,4.8,27.0,2.3,0.8,7.7,42.5,53835.0,33.9,28.1,22.9,23.5,17.1,64912.0,Hoke,NC,North Carolina,2023.0,Crude prevalence,11.7,85.6,7.0,13.3,6.0,38.5,28.0,19.0,13.9,79.3,16.5,3.8,13.0,37.0,12.0,52082.0,917.0,3864.0,9378.0,457.0,2214.0,3310.0,275.0,1357.0,4.0,6.0,0.0,1.0,0.0,0.0
37095,5.4,6.1,82.2,72.0,1.1,0.3,15.6,30.5,34.3,11.1,28.1,1.1,0.0,14.7,47.8,4592.0,47.1,38.4,23.2,14.7,22.2,53713.0,Hyde,NC,North Carolina,2023.0,Crude prevalence,11.0,86.7,10.8,17.0,9.6,41.0,31.5,17.2,16.2,80.9,19.0,5.5,13.7,37.0,2.0,4589.0,215.0,436.0,1227.0,160.0,343.0,251.0,138.0,300.0,0.0,2.0,1.0,1.0,0.0,1.0
37097,3.3,5.2,96.1,93.6,2.7,1.7,9.0,25.1,9.3,3.7,28.1,1.8,0.3,8.4,35.2,196544.0,40.8,27.1,19.9,34.1,10.0,81419.0,Iredell,NC,North Carolina,2023.0,Crude prevalence,10.5,88.3,6.6,10.7,6.2,32.8,21.6,15.9,12.2,80.2,12.9,3.3,9.1,37.0,46.0,186693.0,2790.0,6163.0,50344.0,1426.0,3510.0,25193.0,965.0,2501.0,24.0,17.0,2.0,3.0,0.0,1.0
37099,3.7,5.7,93.9,78.9,2.7,2.5,15.8,20.2,33.7,3.1,39.2,1.8,0.8,8.7,33.5,43771.0,38.1,29.7,19.3,31.1,18.0,55815.0,Jackson,NC,North Carolina,2023.0,Crude prevalence,11.1,84.6,8.2,12.1,7.4,34.5,24.2,18.3,13.6,78.7,14.2,3.8,9.8,37.0,9.0,43109.0,573.0,2242.0,12174.0,423.0,1722.0,7759.0,296.0,1225.0,2.0,5.0,2.0,2.0,2.0,2.0
37101,4.3,5.2,95.8,89.4,2.5,1.5,10.4,32.2,6.2,3.7,23.9,2.2,0.6,11.1,37.1,234263.0,38.1,27.5,21.3,28.9,10.6,83384.0,Johnston,NC,North Carolina,2023.0,Crude prevalence,10.8,87.4,6.6,11.6,5.9,35.1,23.6,16.9,12.7,79.3,14.2,3.3,11.4,37.0,53.0,215999.0,3175.0,9747.0,53788.0,1867.0,6325.0,34789.0,1390.0,4827.0,19.0,27.0,4.0,5.0,2.0,5.0
37103,3.7,7.2,89.3,79.7,2.4,6.2,9.2,28.1,12.2,6.6,20.6,2.2,0.3,14.3,26.0,9302.0,47.2,34.4,25.7,19.8,18.4,59641.0,Jones,NC,North Carolina,2023.0,Crude prevalence,11.6,87.6,10.8,17.0,9.4,40.0,30.9,17.6,16.3,81.9,18.1,5.5,11.8,37.0,3.0,9172.0,271.0,641.0,169.0,223.0,526.0,0.0,201.0,469.0,0.0,2.0,0.0,0.0,0.0,0.0
37105,6.4,8.6,95.7,78.1,2.3,2.1,12.2,25.8,7.4,3.9,32.7,1.7,1.0,8.0,35.8,65816.0,39.5,28.1,23.1,21.3,16.5,65387.0,Lee,NC,North Carolina,2023.0,Crude prevalence,10.9,86.8,8.0,13.5,7.2,37.8,27.4,17.5,14.2,79.6,15.5,4.0,13.8,37.0,16.0,63285.0,977.0,3822.0,14153.0,428.0,1833.0,7524.0,268.0,1254.0,8.0,7.0,3.0,1.0,2.0,0.0
37107,5.8,11.3,91.0,81.3,5.1,3.2,10.1,24.3,13.1,9.1,40.8,2.9,1.0,7.3,39.1,54919.0,41.9,32.9,20.9,16.3,22.0,45143.0,Lenoir,NC,North Carolina,2023.0,Crude prevalence,12.2,86.6,11.1,17.8,9.5,42.4,34.2,18.5,16.9,82.2,19.3,5.8,13.9,37.0,17.0,55122.0,2128.0,6384.0,9348.0,593.0,2970.0,6605.0,448.0,2429.0,9.0,11.0,1.0,2.0,1.0,1.0
37109,4.1,6.3,94.2,91.1,2.0,1.4,8.7,29.3,6.8,3.3,21.1,1.8,1.0,3.3,38.4,92716.0,44.4,27.9,20.9,28.3,11.2,80016.0,Lincoln,NC,North Carolina,2023.0,Crude prevalence,10.6,88.5,7.6,11.5,7.0,35.0,22.9,16.2,13.0,79.7,14.0,3.6,9.4,37.0,18.0,86810.0,1229.0,4204.0,3370.0,748.0,2623.0,861.0,543.0,1906.0,3.0,5.0,1.0,2.0,0.0,1.0
37111,4.3,10.4,89.7,83.6,2.2,1.5,11.5,24.7,13.6,6.2,24.4,1.7,0.8,6.9,32.8,44817.0,44.3,35.5,18.9,18.1,14.8,57168.0,McDowell,NC,North Carolina,2023.0,Crude prevalence,10.9,87.0,9.6,13.0,8.3,35.2,26.3,17.4,14.9,80.0,17.0,4.3,11.2,37.0,12.0,44578.0,1150.0,3419.0,1440.0,780.0,2111.0,128.0,590.0,1438.0,2.0,6.0,1.0,3.0,0.0,3.0
37113,4.1,6.1,90.5,83.3,1.5,2.0,13.7,22.6,32.4,6.1,22.4,1.0,0.5,4.1,34.0,37941.0,49.7,29.5,20.7,27.9,11.6,59061.0,Macon,NC,North Carolina,2023.0,Crude prevalence,10.6,89.0,10.1,14.2,9.6,35.3,27.0,15.8,15.1,82.0,14.9,4.7,10.4,37.0,10.0,37014.0,1124.0,1640.0,3274.0,912.0,1208.0,1117.0,698.0,906.0,2.0,3.0,1.0,4.0,1.0,4.0
37115,3.3,6.2,87.4,83.3,1.7,1.5,8.4,32.7,26.5,4.5,22.5,0.3,1.1,6.7,34.2,21867.0,44.5,31.1,18.9,32.2,12.1,58531.0,Madison,NC,North Carolina,2023.0,Crude prevalence,10.7,87.9,8.1,11.6,7.6,34.6,23.0,16.3,13.3,80.5,13.9,3.8,8.8,37.0,7.0,21193.0,378.0,1017.0,2612.0,338.0,943.0,53.0,296.0,866.0,0.0,4.0,2.0,1.0,0.0,1.0
37117,3.7,12.0,91.2,83.5,3.5,1.7,7.1,26.2,14.1,8.6,33.2,1.6,0.0,5.2,36.4,21644.0,46.8,33.3,23.7,16.7,20.4,48578.0,Martin,NC,North Carolina,2023.0,Crude prevalence,12.0,88.4,10.6,17.8,9.5,40.4,31.2,17.5,16.2,82.9,17.3,5.8,11.8,37.0,6.0,22031.0,813.0,1912.0,1557.0,442.0,1187.0,1080.0,367.0,1021.0,1.0,4.0,1.0,2.0,1.0,2.0
37119,4.9,4.4,97.3,94.1,3.1,1.3,11.5,25.1,7.3,5.8,44.9,1.7,0.8,9.3,40.1,1154681.0,35.5,16.5,17.0,49.2,10.4,87005.0,Mecklenburg,NC,North Carolina,2023.0,Crude prevalence,10.4,87.7,5.0,10.1,4.8,29.7,20.9,15.7,10.7,78.6,10.8,2.8,10.1,37.0,305.0,1115482.0,27225.0,40445.0,407494.0,6199.0,9983.0,151629.0,1683.0,2679.0,298.0,90.0,41.0,51.0,9.0,19.0
37121,2.8,6.5,89.6,82.4,3.6,1.8,9.3,24.4,24.3,8.1,23.7,0.7,0.0,8.9,31.9,14992.0,48.0,29.2,23.7,24.2,12.9,57602.0,Mitchell,NC,North Carolina,2023.0,Crude prevalence,10.6,88.8,9.0,12.8,8.4,37.2,24.9,16.2,14.2,81.0,14.6,4.2,9.3,37.0,4.0,14903.0,532.0,1117.0,210.0,456.0,953.0,0.0,370.0,785.0,0.0,2.0,0.0,3.0,0.0,3.0
37123,4.9,11.6,92.9,82.7,1.5,1.1,12.5,27.1,29.0,4.8,25.0,1.1,0.4,3.1,34.6,26007.0,44.0,31.9,20.3,19.2,15.4,57766.0,Montgomery,NC,North Carolina,2023.0,Crude prevalence,11.1,87.3,9.8,15.1,8.8,38.7,28.9,17.1,15.6,81.2,16.4,4.8,13.5,37.0,10.0,25751.0,506.0,1984.0,321.0,356.0,1439.0,0.0,290.0,1162.0,0.0,8.0,0.0,0.0,0.0,0.0
37125,2.3,4.0,95.9,90.9,2.6,1.2,7.6,26.6,12.5,4.2,23.6,0.9,0.7,10.7,38.1,104876.0,43.0,20.5,20.1,41.0,10.1,86080.0,Moore,NC,North Carolina,2023.0,Crude prevalence,10.3,89.8,7.0,11.5,7.3,32.6,21.0,14.7,12.2,81.7,11.4,3.7,8.4,37.0,29.0,99727.0,1847.0,3772.0,30608.0,1212.0,2787.0,22194.0,855.0,2110.0,12.0,4.0,0.0,5.0,0.0,4.0
37127,3.6,9.3,92.9,84.7,2.9,1.3,11.4,23.7,11.4,6.9,36.4,1.0,1.5,10.1,30.5,96216.0,41.5,33.3,19.8,22.1,11.8,62426.0,Nash,NC,North Carolina,2023.0,Crude prevalence,11.5,87.8,8.3,15.0,7.5,38.4,28.9,17.2,14.2,81.5,15.6,4.6,11.6,37.0,25.0,94970.0,2677.0,7087.0,11829.0,1039.0,3334.0,3817.0,614.0,2164.0,12.0,10.0,3.0,6.0,0.0,4.0
37129,2.6,3.4,97.0,93.3,2.9,1.5,9.6,20.6,12.7,5.6,38.6,1.0,0.3,8.2,46.7,235229.0,39.9,18.2,19.6,45.4,12.3,75166.0,New Hanover,NC,North Carolina,2023.0,Crude prevalence,10.5,87.6,6.5,10.6,6.3,31.1,20.9,16.3,11.7,79.9,11.6,3.3,8.4,37.0,54.0,225702.0,5887.0,9694.0,86709.0,1117.0,2193.0,39540.0,370.0,877.0,52.0,18.0,3.0,10.0,1.0,6.0
37131,5.0,9.9,86.5,74.3,4.2,1.3,8.6,29.9,26.2,7.0,25.4,1.6,0.2,11.6,39.1,16931.0,52.0,33.6,21.3,17.9,21.1,50086.0,Northampton,NC,North Carolina,2023.0,Crude prevalence,12.0,89.6,11.2,20.3,10.6,42.7,33.6,16.5,16.5,85.0,17.2,6.7,11.7,37.0,10.0,17471.0,547.0,2078.0,29.0,385.0,1564.0,0.0,347.0,1425.0,0.0,8.0,0.0,1.0,0.0,0.0
37133,2.2,4.6,97.2,92.8,2.5,2.5,9.5,22.4,13.8,4.3,36.3,1.7,0.6,10.4,40.4,207906.0,27.7,29.3,25.9,26.0,11.6,68148.0,Onslow,NC,North Carolina,2023.0,Crude prevalence,10.2,81.1,5.6,8.6,4.7,33.4,20.9,18.9,11.2,76.5,13.3,2.6,11.7,37.0,45.0,204576.0,3209.0,9138.0,60945.0,1551.0,5214.0,28281.0,914.0,3150.0,25.0,21.0,8.0,7.0,6.0,3.0
37135,3.4,3.2,97.4,94.0,2.2,1.6,6.5,23.6,8.8,4.9,36.2,1.8,0.4,9.6,48.5,149678.0,36.1,12.6,11.9,61.8,12.5,90089.0,Orange,NC,North Carolina,2023.0,Crude prevalence,10.2,87.1,5.0,9.3,5.2,28.0,18.1,15.3,10.0,79.1,9.3,2.7,7.5,37.0,42.0,148696.0,2812.0,3352.0,37469.0,984.0,1716.0,19204.0,539.0,1214.0,27.0,8.0,5.0,5.0,2.0,1.0
37137,3.3,6.6,90.7,87.4,2.2,1.3,8.4,26.5,25.5,3.5,17.1,0.1,0.1,7.0,40.9,12390.0,54.1,31.8,23.1,25.4,15.2,59717.0,Pamlico,NC,North Carolina,2023.0,Crude prevalence,10.6,90.2,9.6,15.2,9.6,36.0,26.5,15.0,14.7,83.2,14.3,5.0,9.6,37.0,6.0,12276.0,189.0,591.0,240.0,149.0,475.0,0.0,116.0,383.0,0.0,2.0,0.0,0.0,0.0,0.0
37139,3.1,7.6,94.7,91.7,3.4,2.1,11.0,28.0,10.9,5.7,32.5,0.7,0.4,5.1,45.0,40834.0,39.6,26.8,23.1,27.6,11.0,66589.0,Pasquotank,NC,North Carolina,2023.0,Crude prevalence,11.3,87.5,7.2,13.0,6.7,38.3,25.2,17.1,13.0,81.1,13.9,4.0,10.0,37.0,10.0,40568.0,897.0,2771.0,1094.0,236.0,1064.0,92.0,159.0,782.0,4.0,3.0,0.0,0.0,0.0,0.0
37141,3.0,6.1,94.5,88.6,2.9,1.3,8.8,30.1,20.6,3.2,17.3,1.8,0.3,8.6,41.6,65550.0,41.6,28.2,20.4,30.6,9.7,80396.0,Pender,NC,North Carolina,2023.0,Crude prevalence,10.7,88.3,7.3,11.8,6.8,36.3,22.1,16.5,13.0,79.6,14.3,3.6,9.6,37.0,15.0,60203.0,821.0,2977.0,20675.0,686.0,2466.0,14745.0,586.0,2040.0,5.0,3.0,0.0,1.0,0.0,1.0
37143,3.8,8.0,90.8,85.1,1.8,2.5,9.7,32.0,19.4,5.8,23.5,1.7,0.4,10.2,35.5,13244.0,50.7,31.6,25.0,21.7,9.8,67917.0,Perquimans,NC,North Carolina,2023.0,Crude prevalence,11.1,89.6,9.7,15.3,9.2,37.3,27.4,15.9,14.8,82.9,15.2,5.0,9.9,37.0,4.0,13005.0,323.0,770.0,98.0,244.0,616.0,0.0,213.0,539.0,0.0,1.0,0.0,1.0,0.0,1.0
37145,3.8,7.4,93.5,88.6,3.4,1.7,9.4,30.9,13.6,4.9,22.7,1.0,0.2,6.1,54.3,39542.0,44.2,34.7,23.0,19.3,17.5,63300.0,Person,NC,North Carolina,2023.0,Crude prevalence,11.4,87.9,9.1,14.9,8.2,38.8,28.4,17.3,14.8,81.1,16.2,4.7,10.8,37.0,7.0,39097.0,780.0,3298.0,2263.0,378.0,1891.0,425.0,226.0,1307.0,2.0,4.0,1.0,2.0,0.0,1.0
37147,3.7,5.5,94.4,88.5,4.9,1.3,10.0,22.1,9.8,9.0,48.6,1.0,0.4,8.3,42.3,177193.0,33.0,24.8,19.6,33.8,19.8,58188.0,Pitt,NC,North Carolina,2023.0,Crude prevalence,11.5,84.9,6.7,12.0,6.0,39.0,25.2,18.2,12.4,79.3,13.8,3.6,10.2,37.0,42.0,170243.0,6699.0,11320.0,34036.0,2193.0,4145.0,13043.0,1167.0,2487.0,27.0,21.0,5.0,15.0,2.0,10.0
37149,1.4,5.2,94.3,84.8,2.7,2.6,9.9,28.4,18.7,4.0,23.1,2.0,0.6,9.4,42.7,19891.0,54.9,27.5,20.2,36.2,14.0,67758.0,Polk,NC,North Carolina,2023.0,Crude prevalence,10.5,90.7,9.4,14.1,9.5,35.2,25.1,14.5,14.3,82.9,13.0,4.7,8.8,37.0,8.0,19328.0,360.0,873.0,1533.0,261.0,742.0,1071.0,189.0,629.0,1.0,2.0,0.0,2.0,0.0,1.0
37151,6.1,9.5,92.9,87.1,2.1,2.5,11.1,25.3,8.2,3.7,27.5,2.2,0.7,8.7,35.1,146348.0,41.4,34.9,20.4,17.9,14.5,61022.0,Randolph,NC,North Carolina,2023.0,Crude prevalence,10.9,86.3,9.2,13.2,7.8,39.9,27.8,17.9,14.9,79.4,16.7,4.1,13.0,37.0,34.0,144171.0,2116.0,8752.0,20351.0,1130.0,5383.0,10053.0,805.0,3993.0,12.0,18.0,5.0,4.0,1.0,4.0
37153,4.5,11.9,92.2,87.4,5.6,1.5,11.6,24.1,14.4,10.7,34.1,0.8,1.7,9.9,41.4,42344.0,40.5,31.8,24.3,16.0,25.2,44883.0,Richmond,NC,North Carolina,2023.0,Crude prevalence,12.1,85.5,10.6,16.4,8.8,42.9,32.1,19.1,16.4,80.7,19.5,5.2,13.4,37.0,11.0,42946.0,1830.0,4868.0,9255.0,927.0,2476.0,4702.0,616.0,1675.0,6.0,9.0,3.0,6.0,2.0,5.0
37155,6.6,13.4,90.7,77.6,3.0,1.4,14.2,25.3,12.2,7.9,34.2,2.0,1.6,9.0,39.2,116902.0,36.4,35.6,19.5,14.7,27.2,41978.0,Robeson,NC,North Carolina,2023.0,Crude prevalence,13.3,83.5,11.4,18.4,9.3,47.9,35.6,20.1,18.0,81.3,22.5,5.8,16.2,37.0,35.0,116530.0,3425.0,14065.0,6641.0,1675.0,8141.0,2428.0,1133.0,5924.0,9.0,33.0,2.0,8.0,0.0,3.0
37157,4.1,10.4,90.7,85.0,3.3,3.0,9.1,27.0,9.7,6.7,27.9,0.4,1.3,11.8,39.1,92131.0,44.7,33.5,24.0,17.0,16.3,57053.0,Rockingham,NC,North Carolina,2023.0,Crude prevalence,11.3,87.4,9.7,14.5,8.4,37.3,28.6,17.8,15.3,80.9,17.3,4.7,11.7,37.0,22.0,91096.0,2641.0,7022.0,10617.0,1184.0,3510.0,2773.0,687.0,2194.0,11.0,9.0,6.0,7.0,1.0,4.0
37159,4.1,7.0,94.3,90.2,3.2,1.2,9.3,26.2,9.4,6.5,27.7,2.5,0.4,8.9,37.8,149875.0,40.4,32.5,22.1,23.3,16.0,65725.0,Rowan,NC,North Carolina,2023.0,Crude prevalence,11.0,86.7,8.4,12.7,7.3,37.4,27.3,17.5,14.3,79.6,15.9,4.0,11.7,37.0,31.0,146875.0,3805.0,9438.0,21845.0,1704.0,4379.0,8763.0,997.0,2671.0,15.0,19.0,9.0,9.0,5.0,7.0
37161,4.1,8.6,89.9,82.9,3.5,2.3,12.0,26.1,18.7,5.1,26.1,1.6,0.8,8.6,38.2,64930.0,45.3,30.9,22.6,21.5,16.8,51410.0,Rutherford,NC,North Carolina,2023.0,Crude prevalence,11.3,87.0,10.3,14.4,8.9,38.1,28.8,17.7,15.6,80.1,17.3,4.7,11.2,37.0,22.0,64444.0,1350.0,5183.0,3282.0,901.0,3186.0,624.0,620.0,2165.0,3.0,15.0,3.0,2.0,1.0,1.0
37163,6.4,9.5,89.1,84.7,2.9,1.7,15.6,26.5,16.4,4.8,26.2,3.1,1.3,6.2,40.6,59470.0,39.7,34.6,20.7,16.2,21.8,52432.0,Sampson,NC,North Carolina,2023.0,Crude prevalence,11.3,86.1,9.2,15.6,8.1,41.8,30.6,18.1,15.5,79.8,17.2,4.7,15.4,37.0,20.0,59036.0,1028.0,4361.0,3347.0,745.0,3387.0,629.0,616.0,2926.0,3.0,13.0,1.0,2.0,1.0,1.0
37165,3.7,13.1,92.6,87.3,5.8,1.9,9.9,25.1,12.9,10.8,38.2,1.4,4.5,9.0,42.9,33590.0,38.7,36.1,20.3,16.6,25.8,45730.0,Scotland,NC,North Carolina,2023.0,Crude prevalence,12.4,84.5,10.9,17.4,9.0,45.2,33.7,19.7,16.9,80.6,21.3,5.6,14.2,37.0,9.0,34174.0,1357.0,3980.0,3964.0,556.0,1908.0,1769.0,445.0,1552.0,4.0,7.0,2.0,3.0,1.0,2.0
37167,3.5,7.9,93.4,88.4,2.4,1.6,9.0,28.1,11.8,5.5,25.5,1.4,0.5,9.6,39.3,64651.0,40.5,32.1,22.8,19.9,15.2,60704.0,Stanly,NC,North Carolina,2023.0,Crude prevalence,11.0,86.8,8.6,12.7,7.6,36.3,25.4,17.6,14.3,79.0,16.0,4.0,10.8,37.0,17.0,62504.0,1383.0,3880.0,5093.0,661.0,2299.0,2288.0,536.0,1811.0,4.0,5.0,2.0,3.0,0.0,1.0
37169,2.9,5.7,92.1,86.7,1.7,3.3,7.6,31.6,9.1,4.5,20.8,2.2,0.3,6.0,40.1,45139.0,47.7,39.3,21.9,18.2,11.2,62969.0,Stokes,NC,North Carolina,2023.0,Crude prevalence,10.9,88.1,9.4,13.2,8.4,37.1,26.3,16.9,14.7,80.8,16.2,4.3,9.8,37.0,13.0,44520.0,887.0,2889.0,1209.0,715.0,2164.0,726.0,557.0,1694.0,1.0,5.0,1.0,2.0,1.0,1.0
37171,6.3,9.9,91.6,86.0,2.5,3.2,10.8,24.3,11.5,4.8,26.6,1.5,0.5,8.8,34.5,71425.0,43.8,28.8,22.6,20.4,16.8,55656.0,Surry,NC,North Carolina,2023.0,Crude prevalence,11.2,86.8,10.1,13.7,8.7,40.9,28.8,17.7,15.5,80.1,17.1,4.5,12.5,37.0,23.0,71359.0,1425.0,5839.0,5032.0,863.0,3611.0,2674.0,663.0,2652.0,5.0,9.0,2.0,2.0,1.0,1.0
37173,5.1,8.2,89.2,77.3,4.3,3.3,23.8,20.5,30.3,6.6,27.3,1.6,2.6,6.5,31.7,14013.0,42.6,34.7,21.4,21.4,19.1,52349.0,Swain,NC,North Carolina,2023.0,Crude prevalence,12.1,85.9,10.3,15.2,8.7,40.7,28.0,19.2,16.5,80.1,19.8,4.8,11.4,37.0,5.0,14117.0,396.0,882.0,121.0,309.0,702.0,5.0,212.0,509.0,0.0,3.0,0.0,2.0,0.0,2.0
37175,1.5,4.6,93.5,86.9,1.4,2.0,11.3,21.9,24.3,4.6,25.3,1.2,1.3,6.6,41.2,33691.0,51.6,24.1,19.8,40.0,13.2,66184.0,Transylvania,NC,North Carolina,2023.0,Crude prevalence,10.3,90.4,8.5,12.9,9.0,33.7,22.3,14.5,13.4,83.1,12.0,4.3,7.9,37.0,12.0,32986.0,666.0,1647.0,3479.0,345.0,1075.0,1341.0,226.0,824.0,3.0,4.0,0.0,1.0,0.0,0.0
37177,3.8,12.7,82.4,80.9,1.2,2.7,13.9,34.2,30.6,10.7,22.2,1.2,0.0,8.5,43.7,3423.0,47.8,40.8,24.0,13.0,18.7,41685.0,Tyrrell,NC,North Carolina,2023.0,Crude prevalence,11.1,87.1,10.6,17.5,9.7,41.3,32.1,17.0,16.2,81.3,18.1,5.7,14.1,37.0,1.0,3245.0,166.0,423.0,377.0,140.0,357.0,298.0,136.0,345.0,0.0,1.0,0.0,1.0,0.0,1.0
37179,4.0,5.1,96.9,94.1,2.8,1.4,7.7,29.8,5.2,2.4,18.4,2.0,0.6,7.3,35.9,250958.0,39.2,22.5,18.6,40.5,7.7,102900.0,Union,NC,North Carolina,2023.0,Crude prevalence,10.3,88.4,5.7,10.5,5.5,33.4,21.6,15.8,11.6,79.7,11.9,2.9,9.3,37.0,48.0,238267.0,1986.0,6424.0,112419.0,1244.0,4553.0,68359.0,852.0,3402.0,33.0,10.0,5.0,3.0,5.0,1.0
37181,6.1,8.8,90.4,85.3,4.8,3.0,13.2,25.9,17.1,8.0,39.9,2.5,0.7,10.4,46.5,42322.0,39.9,37.1,21.7,17.2,19.8,50465.0,Vance,NC,North Carolina,2023.0,Crude prevalence,12.0,87.2,9.4,16.8,8.3,42.6,31.3,18.1,15.4,82.4,17.3,5.2,13.2,37.0,12.0,42578.0,1299.0,3920.0,1393.0,354.0,1512.0,249.0,249.0,1079.0,5.0,8.0,1.0,2.0,0.0,1.0
37183,2.8,3.1,98.1,95.3,2.8,1.2,7.5,25.1,7.2,4.4,35.9,1.3,0.7,10.1,38.1,1178653.0,37.3,14.3,14.7,57.2,8.1,105768.0,Wake,NC,North Carolina,2023.0,Crude prevalence,10.1,89.1,4.6,9.5,4.7,29.3,18.0,14.7,9.5,80.2,9.6,2.6,7.9,37.0,230.0,1129410.0,20156.0,28628.0,411968.0,5663.0,9168.0,189234.0,2399.0,4126.0,215.0,62.0,32.0,46.0,13.0,23.0
37185,5.7,10.0,88.7,82.5,3.6,1.3,10.8,29.5,30.5,7.6,30.6,1.0,0.1,10.8,42.6,18795.0,49.6,36.1,19.8,18.9,21.1,50638.0,Warren,NC,North Carolina,2023.0,Crude prevalence,11.9,88.3,11.5,20.0,10.5,43.9,33.8,17.2,16.8,83.8,18.6,6.5,12.7,37.0,7.0,18642.0,621.0,1882.0,83.0,503.0,1578.0,0.0,441.0,1392.0,0.0,5.0,0.0,3.0,0.0,2.0
37187,5.5,8.4,83.0,78.2,5.8,3.1,9.2,32.4,21.5,14.1,32.0,2.5,0.6,16.2,33.3,10812.0,48.8,35.4,24.5,14.8,24.1,41813.0,Washington,NC,North Carolina,2023.0,Crude prevalence,12.2,88.5,12.4,20.6,11.1,43.6,35.0,17.7,17.6,84.2,19.0,6.8,12.8,37.0,4.0,11003.0,668.0,1608.0,229.0,458.0,1039.0,140.0,383.0,858.0,0.0,3.0,0.0,2.0,0.0,2.0
37189,2.6,4.7,95.2,90.7,4.6,1.8,9.3,21.2,36.4,4.4,37.9,1.0,0.4,7.2,58.7,55123.0,31.4,20.8,16.6,48.1,25.5,51693.0,Watauga,NC,North Carolina,2023.0,Crude prevalence,10.9,82.0,7.0,9.8,6.3,33.0,21.5,19.0,12.2,77.6,12.3,3.1,8.8,37.0,13.0,54086.0,926.0,1589.0,12994.0,533.0,1050.0,9123.0,423.0,866.0,5.0,6.0,2.0,1.0,1.0,1.0
37191,5.8,7.8,93.5,90.0,3.0,2.0,12.1,22.9,11.2,6.8,38.5,2.3,0.8,10.1,37.2,118652.0,37.3,29.7,22.6,21.7,17.3,59733.0,Wayne,NC,North Carolina,2023.0,Crude prevalence,11.5,85.9,8.4,14.2,7.4,39.5,28.3,17.9,14.4,80.1,16.2,4.4,13.0,37.0,30.0,117333.0,3246.0,9310.0,19745.0,1132.0,4781.0,11058.0,615.0,3286.0,14.0,17.0,6.0,6.0,2.0,2.0
37193,5.7,12.7,90.8,88.1,2.8,1.3,10.5,25.9,14.9,5.8,26.5,1.7,0.3,8.2,34.8,65935.0,45.7,32.0,20.5,16.9,16.7,51721.0,Wilkes,NC,North Carolina,2023.0,Crude prevalence,11.0,87.0,10.4,13.9,9.0,38.0,28.0,17.5,15.7,80.3,17.1,4.7,11.8,37.0,18.0,65969.0,1562.0,4180.0,10690.0,1135.0,3176.0,4609.0,744.0,2175.0,5.0,16.0,5.0,5.0,3.0,2.0
37195,6.2,8.4,88.1,85.7,3.2,2.7,12.2,22.5,10.8,7.0,40.0,1.5,1.0,6.3,40.4,79290.0,40.6,33.7,18.8,21.7,19.8,56423.0,Wilson,NC,North Carolina,2023.0,Crude prevalence,11.9,86.6,9.9,16.8,8.6,38.4,31.9,18.1,15.9,81.9,18.0,5.2,13.8,37.0,25.0,78784.0,2319.0,6000.0,8937.0,585.0,1656.0,4195.0,440.0,1234.0,15.0,15.0,2.0,1.0,1.0,1.0
37197,4.8,8.6,92.5,87.9,3.1,2.2,12.0,29.6,13.0,5.2,23.1,1.7,0.5,20.3,30.1,37574.0,44.3,34.8,22.8,17.5,14.0,62932.0,Yadkin,NC,North Carolina,2023.0,Crude prevalence,10.9,87.1,9.5,13.3,8.4,36.3,27.1,17.3,15.2,80.0,16.3,4.3,11.9,37.0,9.0,37214.0,773.0,2145.0,21.0,597.0,1657.0,0.0,526.0,1455.0,0.0,2.0,0.0,2.0,0.0,2.0
37199,4.3,5.1,88.2,81.4,4.0,2.1,7.2,27.1,28.5,4.6,20.6,1.3,0.6,4.8,42.7,18797.0,49.2,34.7,19.4,25.1,15.2,58709.0,Yancey,NC,North Carolina,2023.0,Crude prevalence,10.8,88.1,10.0,13.7,9.1,35.6,26.5,16.6,15.1,80.9,15.9,4.5,10.4,37.0,5.0,18470.0,376.0,1120.0,1087.0,309.0,939.0,0.0,266.0,810.0,0.0,0.0,0.0,2.0,0.0,1.0
38001,3.4,4.6,86.9,84.7,1.3,2.8,5.3,15.2,22.3,9.4,28.2,1.4,0.0,10.6,20.0,2145.0,46.1,34.9,22.7,24.4,14.8,62500.0,Adams,ND,North Dakota,2023.0,Crude prevalence,10.0,85.9,9.2,14.1,9.7,34.8,29.0,13.2,14.5,78.2,15.3,4.8,8.0,38.0,1.0,2200.0,97.0,130.0,1048.0,75.0,100.0,756.0,70.0,94.0,0.0,0.0,0.0,0.0,0.0,0.0
38003,1.8,3.7,93.1,83.0,2.3,1.9,4.5,19.5,13.9,6.4,29.2,0.7,0.0,4.0,31.3,10773.0,43.5,29.3,21.3,30.7,12.1,68038.0,Barnes,ND,North Dakota,2023.0,Crude prevalence,9.9,84.5,7.0,11.5,7.5,37.7,23.8,13.5,12.3,75.0,13.3,3.7,6.8,38.0,4.0,10853.0,313.0,308.0,3790.0,86.0,99.0,2239.0,45.0,51.0,2.0,1.0,1.0,0.0,0.0,0.0
38005,2.9,9.4,87.5,80.9,1.8,3.6,10.4,16.1,20.1,8.8,26.9,5.0,1.7,11.9,27.0,5808.0,32.6,30.4,19.4,21.9,25.6,64033.0,Benson,ND,North Dakota,2023.0,Crude prevalence,12.4,80.1,9.8,15.4,9.0,43.3,31.3,17.3,16.7,75.3,22.0,4.8,9.8,38.0,3.0,5964.0,178.0,416.0,1901.0,158.0,367.0,1218.0,132.0,308.0,0.0,3.0,2.0,0.0,1.0,0.0
38007,3.3,1.5,87.0,80.8,1.4,0.0,6.0,24.4,25.5,2.0,22.1,0.0,0.0,0.0,11.1,1024.0,41.8,33.3,12.1,32.6,10.8,86806.0,Billings,ND,North Dakota,2023.0,Crude prevalence,9.4,85.9,7.2,12.1,8.4,36.4,24.8,12.7,12.6,77.3,13.5,3.9,7.2,38.0,1.0,945.0,8.0,0.0,780.0,8.0,0.0,697.0,8.0,0.0,0.0,0.0,0.0,0.0,0.0,0.0
38009,1.2,4.7,94.6,91.6,0.9,2.9,8.4,21.7,32.4,1.7,20.8,1.0,1.2,3.1,18.1,6378.0,44.2,29.4,21.3,30.4,7.6,85000.0,Bottineau,ND,North Dakota,2023.0,Crude prevalence,10.0,86.3,7.3,11.9,8.0,37.7,24.4,13.0,12.6,77.1,13.4,3.9,6.7,38.0,3.0,6379.0,46.0,138.0,2389.0,20.0,52.0,1850.0,18.0,44.0,0.0,1.0,1.0,0.0,1.0,0.0
38011,3.0,5.7,91.4,89.0,2.0,2.3,7.2,17.7,21.0,3.3,16.7,0.4,0.2,0.0,18.6,2906.0,42.8,31.9,16.1,27.0,13.4,72109.0,Bowman,ND,North Dakota,2023.0,Crude prevalence,9.9,85.9,7.4,11.4,7.8,36.3,24.5,13.1,12.7,76.6,13.6,3.8,7.9,38.0,2.0,2993.0,43.0,66.0,570.0,27.0,42.0,495.0,14.0,22.0,0.0,0.0,0.0,0.0,0.0,0.0
38013,2.2,4.2,97.0,93.0,2.3,1.5,4.4,24.3,33.6,4.8,24.9,1.2,0.0,1.0,22.3,2156.0,39.7,29.7,29.1,22.8,5.9,91591.0,Burke,ND,North Dakota,2023.0,Crude prevalence,9.7,86.3,6.7,11.1,7.3,37.3,22.6,12.8,12.2,76.5,13.1,3.5,6.9,38.0,1.0,2201.0,43.0,67.0,1635.0,38.0,59.0,1471.0,37.0,57.0,0.0,0.0,0.0,0.0,0.0,0.0
38015,2.0,3.0,94.7,89.0,1.5,2.3,4.5,17.5,5.7,6.1,28.8,1.3,0.6,7.5,31.5,100600.0,38.5,22.2,18.7,39.1,7.9,86851.0,Burleigh,ND,North Dakota,2023.0,Crude prevalence,9.8,84.6,5.6,9.3,5.9,35.2,18.4,13.1,10.7,75.2,11.8,2.9,6.3,38.0,19.0,98458.0,2509.0,2377.0,15604.0,498.0,529.0,6240.0,267.0,300.0,13.0,4.0,0.0,3.0,0.0,2.0
38017,1.6,2.5,96.6,89.6,2.2,1.2,5.5,17.1,5.7,6.8,48.0,1.3,0.8,8.2,31.9,193400.0,32.8,17.9,21.4,42.6,11.0,75555.0,Cass,ND,North Dakota,2023.0,Crude prevalence,9.8,81.8,4.5,7.9,4.8,33.8,17.6,13.9,9.6,74.3,11.2,2.4,6.3,38.0,44.0,184525.0,5742.0,5219.0,32488.0,467.0,397.0,16626.0,262.0,224.0,38.0,11.0,2.0,6.0,1.0,1.0
38019,1.6,6.0,93.8,88.0,0.6,3.9,4.3,18.8,26.0,3.8,18.7,0.0,0.0,10.3,43.8,3633.0,48.3,23.4,29.6,22.1,8.5,69531.0,Cavalier,ND,North Dakota,2023.0,Crude prevalence,9.7,87.3,7.2,11.8,8.5,39.5,23.9,12.4,12.6,79.1,12.4,4.0,6.6,38.0,2.0,3704.0,59.0,73.0,1348.0,29.0,42.0,1249.0,17.0,29.0,0.0,0.0,0.0,0.0,0.0,0.0
38021,3.1,5.7,95.3,87.0,2.7,3.2,7.7,15.8,18.0,1.3,20.3,1.6,0.2,8.1,32.2,4935.0,39.5,25.3,20.9,28.9,11.8,68654.0,Dickey,ND,North Dakota,2023.0,Crude prevalence,10.1,83.5,7.0,11.2,7.3,38.7,24.3,14.2,12.6,75.0,13.8,3.6,7.4,38.0,3.0,4999.0,25.0,108.0,867.0,16.0,35.0,552.0,13.0,22.0,0.0,0.0,0.0,0.0,0.0,0.0
38023,3.0,5.4,94.2,92.0,1.4,0.2,10.0,21.6,28.1,3.6,22.7,0.1,1.7,0.0,17.2,2167.0,49.7,20.7,27.5,26.7,9.3,91852.0,Divide,ND,North Dakota,2023.0,Crude prevalence,10.0,86.4,7.8,12.6,8.6,37.4,25.6,13.2,13.4,77.8,14.1,4.1,7.6,38.0,1.0,2195.0,37.0,18.0,1163.0,28.0,14.0,1016.0,27.0,13.0,0.0,0.0,0.0,0.0,0.0,0.0
38025,1.3,4.9,94.4,89.5,2.2,1.1,14.8,27.6,24.8,2.0,25.7,3.1,0.7,1.8,9.7,4040.0,40.4,30.9,22.3,25.2,7.4,97689.0,Dunn,ND,North Dakota,2023.0,Crude prevalence,10.1,84.1,6.8,11.5,7.1,36.7,24.0,14.1,12.5,74.9,14.8,3.6,7.8,38.0,1.0,4095.0,32.0,58.0,2190.0,29.0,53.0,1737.0,28.0,51.0,0.0,0.0,0.0,0.0,0.0,0.0
38027,2.4,3.9,90.4,88.1,1.6,3.0,4.9,21.8,13.6,3.8,28.0,0.3,0.0,0.0,15.1,2307.0,47.5,26.3,17.9,30.5,14.2,50850.0,Eddy,ND,North Dakota,2023.0,Crude prevalence,10.5,84.6,8.7,13.5,8.8,38.7,27.5,14.1,14.4,77.0,16.2,4.4,8.1,38.0,1.0,2347.0,45.0,77.0,771.0,24.0,42.0,498.0,23.0,40.0,0.0,0.0,0.0,0.0,0.0,0.0
38029,6.4,4.7,87.0,80.4,1.3,2.6,6.3,19.3,25.5,6.0,20.2,0.7,0.0,22.0,35.2,3254.0,51.7,29.8,25.2,22.2,9.1,66538.0,Emmons,ND,North Dakota,2023.0,Crude prevalence,10.1,86.3,8.8,13.5,9.5,38.1,26.0,13.1,14.0,78.6,14.7,4.6,7.5,38.0,1.0,3301.0,91.0,139.0,1037.0,58.0,88.0,618.0,53.0,82.0,0.0,0.0,0.0,0.0,0.0,0.0
38031,2.2,4.5,91.9,92.6,0.7,1.8,4.9,12.9,13.7,8.0,20.3,1.2,0.0,0.0,51.5,3358.0,43.4,25.6,22.7,28.5,8.8,87831.0,Foster,ND,North Dakota,2023.0,Crude prevalence,10.0,86.3,7.2,11.8,7.8,35.7,24.4,13.1,12.7,77.1,13.3,3.8,6.6,38.0,1.0,3397.0,123.0,146.0,1298.0,86.0,102.0,1042.0,80.0,95.0,0.0,0.0,0.0,1.0,0.0,0.0
38033,1.4,2.1,95.0,89.8,2.1,3.6,2.2,20.6,22.5,3.7,20.5,0.3,0.1,23.0,9.0,1653.0,47.2,30.9,25.0,22.6,19.8,68021.0,Golden Valley,ND,North Dakota,2023.0,Crude prevalence,10.3,85.9,8.8,13.7,9.4,37.6,28.7,13.8,14.2,78.0,15.6,4.5,7.6,38.0,1.0,1736.0,26.0,114.0,796.0,18.0,77.0,717.0,17.0,74.0,0.0,0.0,0.0,0.0,0.0,0.0
38035,1.6,2.5,95.5,88.0,1.6,1.2,4.5,15.8,7.7,7.1,48.2,0.9,1.0,7.9,36.6,72923.0,30.9,21.6,23.0,38.0,13.2,68075.0,Grand Forks,ND,North Dakota,2023.0,Crude prevalence,10.4,79.7,5.3,9.1,5.4,35.2,21.5,15.3,11.0,73.0,11.3,2.7,7.1,38.0,22.0,73170.0,2216.0,1892.0,5677.0,112.0,138.0,2110.0,67.0,112.0,16.0,12.0,0.0,3.0,0.0,0.0
38037,5.0,6.0,85.6,80.5,2.1,2.5,4.3,20.5,35.2,4.4,16.6,0.4,1.5,12.4,49.6,2269.0,48.9,31.3,23.4,20.7,16.6,57875.0,Grant,ND,North Dakota,2023.0,Crude prevalence,10.3,86.3,10.3,15.2,11.0,41.3,30.9,13.4,15.5,78.9,16.4,5.3,8.0,38.0,1.0,2301.0,47.0,123.0,1254.0,40.0,104.0,1073.0,39.0,102.0,0.0,1.0,1.0,0.0,1.0,0.0
38039,3.0,4.0,93.6,85.5,0.9,1.2,5.2,16.3,27.1,5.9,23.4,0.0,0.0,8.2,28.3,2245.0,51.5,27.3,26.7,26.0,11.7,61711.0,Griggs,ND,North Dakota,2023.0,Crude prevalence,9.4,87.3,7.7,12.3,9.0,36.8,23.9,11.9,12.8,78.4,12.3,4.3,6.5,38.0,1.0,2306.0,59.0,57.0,479.0,42.0,41.0,262.0,40.0,39.0,0.0,0.0,0.0,0.0,0.0,0.0
38041,2.4,4.2,92.2,85.8,3.2,1.2,5.0,16.1,21.7,3.8,23.2,0.4,0.3,5.2,30.5,2432.0,42.9,34.4,25.8,22.0,11.0,73026.0,Hettinger,ND,North Dakota,2023.0,Crude prevalence,10.2,85.5,7.5,11.7,8.1,37.4,25.1,13.9,13.0,76.8,14.5,3.9,7.3,38.0,2.0,2489.0,43.0,47.0,870.0,31.0,33.0,617.0,28.0,31.0,0.0,0.0,0.0,0.0,0.0,0.0
38043,2.3,6.7,86.2,74.6,0.8,7.4,2.3,19.8,29.5,1.1,23.9,0.0,0.0,2.5,33.3,2377.0,48.1,29.0,18.8,26.2,10.2,65610.0,Kidder,ND,North Dakota,2023.0,Crude prevalence,9.9,86.5,8.1,12.8,8.9,39.9,26.9,13.2,13.7,78.0,14.5,4.3,7.4,38.0,1.0,2394.0,13.0,63.0,1200.0,9.0,44.0,1003.0,9.0,42.0,0.0,0.0,0.0,0.0,0.0,0.0
38045,5.1,3.0,93.9,89.9,1.6,1.4,5.0,18.8,15.5,3.2,16.4,0.5,0.0,2.3,24.0,4118.0,46.5,30.7,22.7,25.3,8.7,80664.0,LaMoure,ND,North Dakota,2023.0,Crude prevalence,9.9,86.2,8.0,12.5,8.8,34.4,25.8,12.9,13.3,77.8,13.8,4.2,7.3,38.0,2.0,4093.0,55.0,100.0,770.0,39.0,71.0,676.0,36.0,65.0,0.0,0.0,0.0,0.0,0.0,0.0
38047,5.2,3.5,89.2,82.5,1.0,1.5,2.9,14.9,27.4,3.1,17.0,0.3,1.8,18.3,31.7,1819.0,50.3,27.9,18.4,25.8,12.4,62750.0,Logan,ND,North Dakota,2023.0,Crude prevalence,10.2,85.1,8.9,13.2,9.6,39.8,27.9,13.6,14.3,77.3,14.9,4.6,8.1,38.0,1.0,1876.0,24.0,40.0,1002.0,20.0,34.0,698.0,19.0,32.0,0.0,1.0,1.0,0.0,1.0,0.0
38049,3.9,4.9,90.0,82.3,2.6,3.0,8.3,29.7,20.8,3.2,18.6,0.5,0.0,6.6,18.4,5207.0,43.4,34.8,21.7,20.3,9.7,80733.0,McHenry,ND,North Dakota,2023.0,Crude prevalence,10.0,85.4,7.6,11.9,7.8,42.1,26.2,13.7,13.4,76.7,15.2,3.8,7.5,38.0,2.0,5345.0,72.0,141.0,2280.0,57.0,113.0,1804.0,55.0,108.0,0.0,0.0,0.0,0.0,0.0,0.0
38051,6.9,3.2,88.6,82.2,1.8,0.8,4.9,11.3,28.7,5.6,20.8,0.4,0.0,5.5,21.4,2497.0,53.0,35.4,15.5,20.9,12.2,64419.0,McIntosh,ND,North Dakota,2023.0,Crude prevalence,10.2,86.4,9.7,14.4,10.1,35.8,29.2,13.4,15.2,78.8,15.6,5.0,8.6,38.0,1.0,2530.0,67.0,77.0,463.0,26.0,30.0,263.0,22.0,25.0,0.0,1.0,0.0,0.0,0.0,0.0
38053,5.2,5.6,95.7,89.1,0.9,1.2,10.9,22.9,22.6,5.0,46.6,4.0,2.1,5.2,17.1,14321.0,31.5,28.1,25.1,19.1,12.0,93404.0,McKenzie,ND,North Dakota,2023.0,Crude prevalence,10.3,81.0,5.6,9.6,5.4,41.1,23.9,15.4,11.9,71.0,15.2,2.8,9.4,38.0,5.0,14704.0,297.0,205.0,4979.0,204.0,132.0,2496.0,166.0,103.0,1.0,1.0,1.0,0.0,1.0,0.0
38055,2.0,4.1,94.7,84.7,0.8,3.1,4.4,24.4,24.6,3.3,15.8,1.2,0.5,12.8,14.0,9823.0,47.7,29.9,21.3,26.1,8.9,83583.0,McLean,ND,North Dakota,2023.0,Crude prevalence,9.9,87.2,7.2,12.1,8.1,40.2,25.2,12.9,12.8,78.6,13.6,3.9,6.6,38.0,3.0,9771.0,144.0,166.0,3622.0,105.0,116.0,2455.0,101.0,110.0,0.0,0.0,0.0,0.0,0.0,0.0
38057,3.9,4.7,93.3,89.6,1.4,1.7,7.6,18.6,23.0,2.5,18.9,0.7,0.5,4.4,51.0,8337.0,42.9,26.2,23.1,23.3,9.7,80946.0,Mercer,ND,North Dakota,2023.0,Crude prevalence,10.3,85.5,7.9,12.2,8.2,39.8,25.3,13.7,13.6,76.6,15.1,4.0,7.5,38.0,3.0,8350.0,89.0,98.0,1243.0,37.0,64.0,817.0,18.0,44.0,0.0,0.0,0.0,0.0,0.0,0.0
38059,2.4,2.8,95.7,91.4,1.1,1.3,5.6,19.8,9.8,2.5,25.8,0.6,0.3,7.6,36.3,33777.0,37.6,29.5,24.3,28.8,8.0,79382.0,Morton,ND,North Dakota,2023.0,Crude prevalence,10.2,83.9,5.9,9.6,6.2,38.6,22.5,14.1,11.3,75.2,13.5,3.0,7.1,38.0,7.0,33291.0,347.0,592.0,17968.0,140.0,303.0,14461.0,110.0,245.0,5.0,0.0,0.0,0.0,0.0,0.0
38061,4.0,7.4,94.7,88.5,0.7,1.0,15.9,19.1,23.5,4.3,38.5,3.1,2.5,5.4,20.9,9507.0,35.4,30.5,20.6,22.7,14.5,80717.0,Mountrail,ND,North Dakota,2023.0,Crude prevalence,11.2,81.1,7.3,12.8,6.9,42.2,29.8,16.3,14.1,72.9,19.2,3.7,10.1,38.0,3.0,9809.0,168.0,183.0,2109.0,115.0,126.0,1036.0,105.0,115.0,0.0,2.0,0.0,0.0,0.0,0.0
38063,1.4,5.5,94.4,83.5,0.7,2.3,4.0,19.6,25.0,3.1,24.9,0.7,0.1,2.4,18.0,3016.0,50.1,24.8,22.0,29.4,7.2,67193.0,Nelson,ND,North Dakota,2023.0,Crude prevalence,9.7,87.2,7.5,12.4,8.5,39.6,23.8,12.3,12.8,78.2,13.2,4.0,6.9,38.0,1.0,3015.0,42.0,66.0,1305.0,35.0,55.0,922.0,33.0,52.0,0.0,0.0,0.0,0.0,0.0,0.0
38065,3.2,2.2,95.2,89.7,0.6,1.0,4.7,25.9,18.8,2.3,4.8,2.1,1.1,0.0,0.0,1839.0,46.1,30.6,25.8,23.0,5.2,77240.0,Oliver,ND,North Dakota,2023.0,Crude prevalence,9.8,86.9,7.0,11.7,7.9,34.6,24.0,12.8,12.4,77.8,13.1,3.8,6.4,38.0,1.0,1877.0,17.0,9.0,717.0,15.0,8.0,332.0,15.0,8.0,0.0,1.0,1.0,0.0,0.0,0.0
38067,3.8,4.0,93.0,89.5,2.0,2.8,7.0,17.0,15.1,3.2,25.4,0.9,0.0,1.6,27.0,6727.0,45.5,31.8,21.2,24.6,9.2,68393.0,Pembina,ND,North Dakota,2023.0,Crude prevalence,9.8,85.7,7.8,12.8,8.6,41.9,26.5,13.4,13.7,76.5,14.7,4.1,8.0,38.0,4.0,6844.0,95.0,256.0,2125.0,61.0,159.0,1590.0,52.0,133.0,0.0,0.0,0.0,0.0,0.0,0.0
38069,2.5,5.0,92.9,89.1,0.7,2.6,7.8,11.3,9.2,2.4,18.4,0.6,0.1,0.0,39.2,3928.0,45.1,31.8,20.8,28.2,10.8,59365.0,Pierce,ND,North Dakota,2023.0,Crude prevalence,10.1,85.9,7.5,12.1,8.0,40.7,25.8,13.4,13.1,77.7,14.2,3.9,7.0,38.0,2.0,3990.0,44.0,133.0,1667.0,31.0,94.0,1308.0,28.0,84.0,0.0,0.0,0.0,0.0,0.0,0.0
38071,2.8,4.4,90.0,82.2,0.8,5.7,8.3,13.9,7.9,10.7,45.5,0.0,1.6,12.9,33.4,11556.0,40.3,29.1,23.8,25.7,15.2,61006.0,Ramsey,ND,North Dakota,2023.0,Crude prevalence,10.2,83.9,7.9,12.3,8.1,40.8,26.0,14.3,13.5,76.9,15.4,4.0,7.7,38.0,3.0,11605.0,580.0,590.0,1500.0,133.0,186.0,1179.0,112.0,161.0,1.0,2.0,0.0,2.0,0.0,0.0
38073,4.1,3.6,90.5,86.2,1.8,2.8,2.8,19.4,8.2,4.0,25.3,0.3,0.0,4.6,34.3,5643.0,43.1,30.2,22.9,22.9,10.4,75736.0,Ransom,ND,North Dakota,2023.0,Crude prevalence,9.9,84.7,7.4,12.1,7.8,37.9,25.1,13.8,13.0,76.9,14.8,3.8,7.7,38.0,3.0,5703.0,93.0,136.0,1030.0,31.0,72.0,763.0,18.0,59.0,0.0,0.0,0.0,0.0,0.0,0.0
38075,5.1,3.2,97.5,93.7,0.6,1.5,5.4,29.5,27.6,2.7,21.3,1.3,0.0,11.9,32.7,2304.0,43.8,33.6,26.5,19.7,9.1,74301.0,Renville,ND,North Dakota,2023.0,Crude prevalence,9.9,85.3,6.9,11.1,7.2,39.0,24.4,13.7,12.4,75.5,14.1,3.5,7.0,38.0,1.0,2282.0,26.0,64.0,1191.0,21.0,52.0,806.0,21.0,51.0,0.0,1.0,1.0,0.0,1.0,0.0
38077,1.4,4.1,94.6,91.4,1.1,2.0,6.7,21.1,9.0,6.3,31.9,0.9,0.2,7.1,25.1,16584.0,38.0,25.7,22.8,24.9,9.7,75432.0,Richland,ND,North Dakota,2023.0,Crude prevalence,10.0,82.7,6.6,10.5,7.0,36.1,23.7,14.3,12.1,74.7,13.2,3.4,7.1,38.0,6.0,16529.0,434.0,426.0,4213.0,82.0,126.0,3080.0,68.0,115.0,2.0,0.0,0.0,1.0,0.0,0.0
38079,3.1,12.4,90.9,89.8,2.1,6.3,22.1,16.8,17.9,10.8,37.2,7.1,1.0,2.8,28.0,11924.0,32.5,26.0,24.1,18.0,24.3,59517.0,Rolette,ND,North Dakota,2023.0,Crude prevalence,13.8,78.9,9.7,17.9,8.5,50.2,34.5,19.2,18.2,74.4,25.9,5.0,10.8,38.0,4.0,12187.0,408.0,965.0,1342.0,283.0,711.0,710.0,245.0,622.0,0.0,3.0,1.0,1.0,1.0,1.0
38081,2.3,4.5,95.5,88.2,0.5,2.1,5.2,16.2,12.3,3.0,27.5,0.6,0.1,1.2,17.7,3804.0,44.9,35.3,23.1,18.2,6.9,77946.0,Sargent,ND,North Dakota,2023.0,Crude prevalence,9.7,85.3,7.0,11.8,7.7,41.2,24.5,13.4,12.8,76.2,13.8,3.7,7.5,38.0,2.0,3862.0,52.0,94.0,1322.0,40.0,67.0,891.0,40.0,63.0,0.0,0.0,0.0,0.0,0.0,0.0
38083,2.7,7.1,91.3,87.1,0.6,1.2,6.3,21.8,19.5,3.0,16.0,0.0,0.3,12.3,13.7,1303.0,51.5,35.3,24.5,18.9,10.1,62639.0,Sheridan,ND,North Dakota,2023.0,Crude prevalence,9.8,88.2,9.0,13.9,10.5,36.2,28.2,12.2,14.4,80.0,13.8,5.0,7.5,38.0,1.0,1265.0,20.0,48.0,775.0,18.0,43.0,623.0,17.0,42.0,0.0,0.0,0.0,0.0,0.0,0.0
38085,2.1,10.0,86.8,80.6,9.0,9.1,21.1,17.8,13.1,12.7,53.4,7.6,2.8,4.1,26.7,3740.0,28.2,31.2,23.2,16.3,43.3,42083.0,Sioux,ND,North Dakota,2023.0,Crude prevalence,14.7,74.2,12.2,20.2,9.9,49.1,39.1,22.2,21.4,73.5,32.9,6.0,13.3,38.0,2.0,3898.0,141.0,409.0,1436.0,122.0,356.0,1141.0,99.0,293.0,0.0,2.0,1.0,0.0,1.0,0.0
38087,1.0,6.0,90.9,78.1,1.7,0.5,4.4,21.0,18.0,0.8,19.3,0.0,0.0,25.0,17.9,766.0,54.1,31.6,16.6,29.3,5.0,71250.0,Slope,ND,North Dakota,2023.0,Crude prevalence,9.8,87.8,9.4,14.6,10.3,38.3,27.0,12.4,14.6,79.1,15.2,4.9,6.9,38.0,1.0,706.0,3.0,9.0,603.0,3.0,9.0,541.0,3.0,9.0,0.0,0.0,0.0,0.0,0.0,0.0
38089,3.2,4.3,93.5,89.0,2.1,1.2,6.5,17.5,12.7,7.9,33.2,2.2,0.9,5.1,35.1,33302.0,34.8,30.9,21.9,30.0,12.1,84449.0,Stark,ND,North Dakota,2023.0,Crude prevalence,9.8,81.8,6.0,9.5,6.0,37.4,23.5,14.6,11.7,73.6,14.1,3.0,8.5,38.0,9.0,33646.0,1064.0,1021.0,8977.0,411.0,318.0,3828.0,221.0,178.0,6.0,0.0,0.0,2.0,0.0,2.0
38091,1.3,3.3,82.0,77.7,1.9,0.4,6.4,18.2,28.0,0.7,22.2,0.7,3.7,7.4,18.5,1804.0,46.9,32.0,23.3,28.9,12.9,77500.0,Steele,ND,North Dakota,2023.0,Crude prevalence,9.8,86.3,7.9,12.7,8.7,35.0,24.9,13.1,13.2,77.3,14.2,4.1,7.1,38.0,1.0,1798.0,6.0,27.0,632.0,5.0,21.0,218.0,5.0,21.0,0.0,0.0,0.0,0.0,0.0,0.0
38093,3.3,3.6,93.7,87.2,2.4,4.0,5.5,14.1,9.4,6.6,36.9,0.1,0.0,13.3,39.9,21549.0,41.1,36.2,19.5,25.9,12.6,61856.0,Stutsman,ND,North Dakota,2023.0,Crude prevalence,10.3,82.9,7.3,10.9,7.3,39.7,24.7,14.7,13.0,73.8,15.3,3.6,7.9,38.0,7.0,21593.0,626.0,885.0,4445.0,199.0,175.0,2600.0,88.0,94.0,4.0,2.0,1.0,2.0,1.0,1.0
38095,5.2,3.8,91.4,86.5,0.4,0.7,4.6,16.5,21.2,2.6,21.2,0.0,0.0,6.9,23.1,2079.0,48.9,25.3,26.7,23.5,8.5,67350.0,Towner,ND,North Dakota,2023.0,Crude prevalence,10.5,85.8,9.9,15.0,10.1,43.9,30.3,14.0,15.3,78.5,16.9,4.9,8.6,38.0,1.0,2162.0,26.0,45.0,1210.0,21.0,36.0,1002.0,20.0,34.0,0.0,0.0,0.0,0.0,0.0,0.0
38097,1.7,3.8,93.2,84.2,1.5,1.5,4.5,19.9,9.0,4.6,25.7,1.1,0.1,5.5,29.5,7970.0,40.4,26.4,20.7,30.9,9.1,87004.0,Traill,ND,North Dakota,2023.0,Crude prevalence,9.7,85.2,6.2,10.5,6.8,38.2,22.5,13.4,11.9,75.4,12.3,3.3,6.8,38.0,4.0,7997.0,153.0,147.0,1316.0,66.0,75.0,906.0,50.0,62.0,0.0,0.0,0.0,0.0,0.0,0.0
38099,4.7,6.5,92.1,85.5,1.3,2.5,8.0,18.0,15.1,3.2,24.0,1.5,0.0,2.1,33.0,10396.0,43.2,34.8,21.0,19.2,11.2,71944.0,Walsh,ND,North Dakota,2023.0,Crude prevalence,9.9,84.9,7.8,12.4,8.2,35.8,26.7,13.4,13.5,77.0,14.8,4.1,9.9,38.0,6.0,10563.0,142.0,182.0,1904.0,46.0,77.0,1106.0,31.0,58.0,0.0,2.0,0.0,0.0,0.0,0.0
38101,2.5,2.8,96.1,90.6,2.2,2.0,6.4,19.3,12.1,4.8,39.2,2.5,0.6,7.1,31.3,68973.0,33.6,28.5,25.7,29.6,8.6,78238.0,Ward,ND,North Dakota,2023.0,Crude prevalence,9.9,82.1,5.2,8.8,5.3,33.9,22.6,14.4,11.0,72.2,12.6,2.7,7.7,38.0,16.0,69919.0,1383.0,2025.0,17730.0,279.0,509.0,10164.0,135.0,264.0,11.0,6.0,1.0,2.0,1.0,0.0
38103,3.6,4.0,93.2,82.3,1.2,1.8,3.7,14.6,19.1,4.8,22.9,1.2,0.0,19.5,28.7,3890.0,46.3,39.1,19.9,21.7,9.1,66114.0,Wells,ND,North Dakota,2023.0,Crude prevalence,10.1,86.4,9.0,13.8,9.5,37.8,27.0,13.3,14.3,78.5,14.7,4.6,7.3,38.0,2.0,3982.0,85.0,117.0,1074.0,31.0,47.0,708.0,22.0,36.0,0.0,1.0,0.0,0.0,0.0,0.0
38105,1.6,5.3,97.2,92.3,3.2,3.5,11.5,18.7,25.6,6.6,47.0,3.7,2.0,10.0,19.0,39555.0,31.8,34.9,18.4,24.4,8.6,85595.0,Williams,ND,North Dakota,2023.0,Crude prevalence,10.2,80.0,5.4,8.9,5.1,40.4,24.1,16.0,11.3,70.4,15.6,2.7,9.5,38.0,8.0,40950.0,997.0,902.0,11308.0,360.0,260.0,6561.0,220.0,184.0,5.0,0.0,0.0,1.0,0.0,1.0
39001,3.6,10.5,90.3,84.5,3.3,3.0,8.2,36.4,18.2,7.4,28.3,1.6,0.3,10.8,46.9,27540.0,42.1,45.0,14.9,14.9,20.2,50264.0,Adams,OH,Ohio,2023.0,Crude prevalence,11.8,83.7,11.8,15.7,9.2,40.3,35.3,19.8,17.4,79.3,21.9,4.6,9.6,39.0,7.0,27477.0,771.0,2153.0,136.0,500.0,1537.0,0.0,440.0,1377.0,0.0,6.0,0.0,1.0,0.0,1.0
39003,1.7,5.7,93.3,88.8,3.5,2.4,5.9,18.7,7.8,7.5,32.3,1.0,0.5,6.1,34.9,101348.0,39.7,40.5,20.8,20.1,13.3,64038.0,Allen,OH,Ohio,2023.0,Crude prevalence,11.1,85.5,9.1,14.5,7.9,39.7,29.3,18.3,14.6,81.3,17.0,3.9,8.3,39.0,35.0,102206.0,3115.0,5691.0,13640.0,635.0,1047.0,5521.0,433.0,635.0,23.0,15.0,2.0,2.0,0.0,0.0
39005,3.1,5.5,92.4,88.0,2.2,1.9,7.1,23.9,8.2,6.5,22.1,1.4,0.3,5.8,36.7,52256.0,41.2,43.0,17.1,22.6,13.3,69860.0,Ashland,OH,Ohio,2023.0,Crude prevalence,11.0,85.3,9.6,13.9,8.2,38.3,30.7,18.0,15.7,79.8,17.7,4.0,8.2,39.0,12.0,52447.0,1347.0,1854.0,9477.0,756.0,998.0,5600.0,609.0,802.0,6.0,2.0,1.0,3.0,1.0,3.0
39007,4.6,7.8,92.3,88.1,3.8,2.4,10.3,27.0,15.6,7.8,24.3,1.6,0.4,11.2,36.7,97167.0,43.0,41.7,20.1,16.1,17.6,57728.0,Ashtabula,OH,Ohio,2023.0,Crude prevalence,11.3,84.6,11.0,16.2,9.2,45.8,34.5,19.5,16.9,78.5,20.1,4.5,10.0,39.0,28.0,97574.0,3064.0,7161.0,13237.0,1668.0,3003.0,7039.0,1337.0,2211.0,14.0,19.0,4.0,7.0,4.0,6.0
39009,1.8,6.4,93.2,86.9,3.7,3.0,5.7,24.1,13.1,6.8,39.6,1.2,0.4,11.3,46.4,61737.0,33.2,29.2,18.3,34.9,21.5,56001.0,Athens,OH,Ohio,2023.0,Crude prevalence,11.6,79.8,7.7,11.5,6.2,34.5,24.8,20.9,13.3,76.4,15.2,3.1,7.8,39.0,15.0,62431.0,1574.0,3314.0,183.0,633.0,1464.0,0.0,462.0,1084.0,4.0,12.0,0.0,2.0,0.0,1.0
39011,1.3,3.8,93.5,87.8,1.8,2.1,3.5,18.8,5.6,4.0,21.9,0.4,1.1,5.7,26.6,46125.0,41.0,41.3,19.3,21.6,7.1,78660.0,Auglaize,OH,Ohio,2023.0,Crude prevalence,10.7,86.6,8.1,12.2,7.5,39.5,26.5,17.2,13.7,79.7,15.3,3.5,7.2,39.0,11.0,46422.0,762.0,1289.0,5692.0,351.0,467.0,3115.0,274.0,331.0,5.0,0.0,0.0,2.0,0.0,0.0
39013,1.6,6.3,87.7,86.0,2.9,2.3,5.5,25.1,13.7,7.1,26.4,0.4,0.1,8.3,38.5,65473.0,44.1,45.0,16.8,18.9,15.8,57017.0,Belmont,OH,Ohio,2023.0,Crude prevalence,11.1,85.9,9.8,14.5,8.6,40.9,32.1,18.1,16.2,80.0,18.1,4.1,8.2,39.0,22.0,66497.0,1939.0,4138.0,7367.0,679.0,1714.0,3132.0,486.0,1235.0,10.0,14.0,4.0,4.0,1.0,2.0
39015,3.4,9.3,90.9,84.3,2.8,2.3,6.4,33.9,12.4,5.9,22.8,0.8,0.4,11.5,37.2,43845.0,42.5,45.0,16.8,15.7,19.6,71270.0,Brown,OH,Ohio,2023.0,Crude prevalence,11.4,85.3,10.4,14.5,8.7,41.6,34.1,18.9,16.1,80.4,19.7,4.2,8.7,39.0,10.0,43676.0,1007.0,2904.0,4.0,632.0,1738.0,0.0,520.0,1388.0,0.0,7.0,0.0,4.0,0.0,3.0
39017,3.2,5.5,95.5,92.2,3.2,2.3,6.2,24.3,5.5,4.7,30.1,1.2,0.5,7.9,40.3,392876.0,37.2,31.1,18.7,32.8,11.8,81590.0,Butler,OH,Ohio,2023.0,Crude prevalence,10.8,85.2,7.2,12.5,6.6,39.0,27.8,17.8,13.3,80.3,14.6,3.3,7.9,39.0,86.0,390357.0,6863.0,14429.0,116128.0,1510.0,3227.0,42085.0,661.0,1506.0,76.0,34.0,9.0,4.0,3.0,2.0
39019,4.2,5.1,90.0,78.7,3.1,2.4,10.1,31.5,16.3,6.8,21.3,1.7,0.1,16.4,20.7,26659.0,45.6,49.0,15.9,16.1,12.9,64835.0,Carroll,OH,Ohio,2023.0,Crude prevalence,11.1,86.1,10.5,14.9,9.1,38.9,32.4,18.3,16.4,80.5,19.0,4.4,8.4,39.0,7.0,26721.0,764.0,1344.0,4.0,563.0,1014.0,0.0,484.0,884.0,0.0,3.0,0.0,2.0,0.0,2.0
39021,1.6,7.2,93.7,88.8,3.0,1.9,5.1,27.1,7.7,5.6,23.2,0.9,0.2,9.4,28.2,38804.0,41.7,43.1,20.1,19.0,8.0,75556.0,Champaign,OH,Ohio,2023.0,Crude prevalence,11.0,86.3,8.5,12.7,7.5,43.2,27.5,17.7,14.4,79.4,16.4,3.6,7.6,39.0,10.0,38714.0,869.0,1599.0,1545.0,380.0,763.0,781.0,304.0,634.0,3.0,2.0,1.0,1.0,1.0,1.0
39023,2.3,8.7,94.4,90.4,3.9,3.7,6.6,23.1,8.4,7.2,30.6,0.9,0.5,9.1,34.5,135158.0,41.2,35.6,22.7,20.2,15.2,63132.0,Clark,OH,Ohio,2023.0,Crude prevalence,11.4,85.7,9.9,15.0,8.4,42.2,33.5,18.8,15.8,80.3,17.9,4.2,8.9,39.0,45.0,136001.0,4025.0,10097.0,22990.0,827.0,2134.0,10556.0,443.0,1267.0,34.0,19.0,2.0,4.0,0.0,2.0
39025,2.2,5.7,95.7,92.6,2.7,2.2,5.8,28.1,4.0,4.6,26.4,1.1,0.6,7.6,32.5,211181.0,40.8,32.2,18.9,31.6,9.1,85510.0,Clermont,OH,Ohio,2023.0,Crude prevalence,10.6,86.8,7.6,12.6,7.0,34.7,25.3,17.2,13.3,79.3,15.6,3.3,7.2,39.0,48.0,208601.0,3866.0,6700.0,66151.0,1900.0,3297.0,30482.0,1081.0,1938.0,31.0,13.0,5.0,9.0,1.0,4.0
39027,1.7,6.0,94.1,87.2,2.8,1.6,6.0,24.6,7.1,4.8,28.2,0.8,0.1,5.5,33.8,42012.0,40.8,41.6,20.1,19.3,12.9,70407.0,Clinton,OH,Ohio,2023.0,Crude prevalence,11.3,85.0,9.3,13.5,8.0,39.7,30.3,18.4,15.0,79.4,17.7,3.9,8.1,39.0,10.0,42018.0,799.0,1888.0,3374.0,365.0,787.0,1616.0,281.0,584.0,4.0,3.0,1.0,1.0,1.0,0.0
39029,2.2,8.0,92.0,86.7,2.6,2.3,7.1,24.6,10.1,7.6,27.3,1.2,0.2,6.3,39.5,100704.0,44.6,44.1,17.4,17.1,15.2,58180.0,Columbiana,OH,Ohio,2023.0,Crude prevalence,11.2,85.8,10.3,15.2,8.8,41.1,32.0,17.9,16.4,79.4,18.5,4.3,8.6,39.0,25.0,101877.0,3163.0,6288.0,6916.0,985.0,2386.0,2142.0,650.0,1732.0,10.0,9.0,3.0,4.0,2.0,3.0
39031,8.6,7.9,87.9,82.8,3.1,2.6,12.1,24.8,9.3,11.8,27.1,0.8,0.6,7.6,40.1,36744.0,41.3,40.6,16.7,16.7,18.5,55577.0,Coshocton,OH,Ohio,2023.0,Crude prevalence,11.3,84.5,11.1,15.3,9.1,41.5,32.3,18.9,16.8,79.4,20.1,4.5,9.4,39.0,10.0,36612.0,1749.0,2702.0,3591.0,1164.0,1460.0,2060.0,999.0,1177.0,4.0,8.0,2.0,4.0,2.0,4.0
39033,2.2,6.4,94.4,89.7,2.9,2.4,6.1,23.9,8.8,5.3,26.9,0.6,0.6,12.9,32.7,41711.0,43.4,44.2,18.6,17.2,11.8,58044.0,Crawford,OH,Ohio,2023.0,Crude prevalence,11.1,85.4,10.3,14.6,8.8,39.5,32.2,18.6,15.8,79.1,18.3,4.2,8.7,39.0,13.0,42025.0,957.0,2496.0,6556.0,242.0,729.0,3269.0,141.0,489.0,10.0,6.0,2.0,0.0,1.0,0.0
39035,2.5,6.0,94.0,89.5,4.2,2.8,5.7,23.3,9.9,12.2,40.6,0.8,0.3,9.5,38.8,1245873.0,40.4,27.3,19.6,36.5,16.1,64468.0,Cuyahoga,OH,Ohio,2023.0,Crude prevalence,11.6,87.4,7.7,13.4,6.9,35.3,24.7,16.1,13.5,80.1,14.8,4.0,8.4,39.0,427.0,1264817.0,67457.0,90557.0,207894.0,3912.0,4446.0,83656.0,1100.0,1194.0,423.0,208.0,6.0,44.0,1.0,16.0
39037,2.4,6.8,90.7,86.8,1.7,2.2,7.2,23.0,6.0,5.2,27.6,0.9,0.3,8.9,32.0,51594.0,41.8,45.8,20.0,16.5,11.0,64486.0,Darke,OH,Ohio,2023.0,Crude prevalence,11.0,85.6,9.7,14.3,8.5,36.4,30.0,18.3,15.6,79.8,17.7,4.1,8.3,39.0,14.0,51881.0,1099.0,1728.0,2253.0,392.0,936.0,588.0,299.0,775.0,4.0,5.0,0.0,1.0,0.0,1.0
39039,2.2,5.1,93.9,88.0,3.3,1.7,8.4,19.8,7.5,5.0,20.7,0.8,0.9,4.7,26.0,38343.0,41.1,41.8,20.0,19.0,10.5,73064.0,Defiance,OH,Ohio,2023.0,Crude prevalence,10.6,86.0,8.2,13.3,7.6,35.3,27.8,17.2,14.3,79.4,15.9,3.6,9.2,39.0,9.0,38286.0,765.0,1431.0,2604.0,377.0,603.0,671.0,303.0,470.0,3.0,2.0,1.0,0.0,1.0,0.0
39041,1.1,1.9,97.9,96.0,2.1,1.1,4.7,25.4,4.6,3.2,21.5,0.9,0.2,9.1,33.0,226834.0,40.1,16.4,14.7,59.4,4.7,133540.0,Delaware,OH,Ohio,2023.0,Crude prevalence,9.5,89.0,4.9,10.1,5.0,31.5,17.7,13.5,9.8,81.6,10.1,2.5,5.0,39.0,40.0,214124.0,2667.0,3002.0,81404.0,1259.0,1434.0,51627.0,766.0,937.0,28.0,2.0,1.0,6.0,0.0,3.0
39043,1.6,5.3,93.9,88.3,3.3,2.8,5.2,21.5,15.7,6.9,28.1,0.4,0.3,6.3,36.3,74581.0,45.3,33.8,21.1,29.0,13.0,71993.0,Erie,OH,Ohio,2023.0,Crude prevalence,10.9,87.6,8.9,14.4,8.3,40.1,28.0,16.8,14.3,82.0,14.9,4.0,7.7,39.0,19.0,75622.0,2245.0,3695.0,11008.0,556.0,680.0,4321.0,322.0,374.0,13.0,7.0,1.0,2.0,0.0,0.0
39045,1.7,4.4,96.3,92.5,2.4,2.0,5.9,28.0,5.7,4.1,25.1,0.8,0.4,10.3,37.8,163453.0,39.5,32.1,21.2,32.3,8.0,90966.0,Fairfield,OH,Ohio,2023.0,Crude prevalence,10.8,86.9,7.2,12.2,6.6,35.6,24.4,16.6,12.9,79.8,14.4,3.3,7.1,39.0,36.0,158921.0,2465.0,5469.0,42026.0,1014.0,2283.0,18612.0,528.0,1237.0,22.0,10.0,4.0,4.0,0.0,0.0
39047,3.2,10.0,91.6,85.1,2.2,1.6,9.0,27.0,9.0,4.8,35.3,1.8,0.3,7.5,28.4,28876.0,39.9,46.5,17.3,14.4,15.5,63275.0,Fayette,OH,Ohio,2023.0,Crude prevalence,11.4,84.3,10.2,14.3,8.2,41.3,32.3,19.2,16.1,78.2,19.9,4.1,9.4,39.0,7.0,28951.0,553.0,1653.0,4911.0,218.0,674.0,2556.0,150.0,504.0,4.0,2.0,1.0,0.0,0.0,0.0
39049,3.5,5.3,97.1,94.1,3.2,1.7,8.8,21.5,7.1,7.4,47.2,1.8,0.7,8.7,37.6,1333048.0,34.8,23.9,18.1,42.1,14.7,75176.0,Franklin,OH,Ohio,2023.0,Crude prevalence,11.2,85.3,6.3,11.8,5.6,33.7,23.7,18.1,12.8,79.6,13.9,3.1,8.4,39.0,328.0,1323807.0,40786.0,60349.0,254471.0,4441.0,5804.0,84057.0,1091.0,1416.0,322.0,154.0,19.0,41.0,3.0,15.0
39051,1.6,3.9,93.6,89.8,2.5,2.3,5.1,24.1,4.2,2.8,19.8,0.8,0.3,4.3,26.5,42240.0,41.5,41.7,21.5,20.2,9.4,72864.0,Fulton,OH,Ohio,2023.0,Crude prevalence,10.5,86.6,8.1,13.3,7.4,37.0,27.3,17.1,13.9,79.5,15.1,3.6,8.5,39.0,10.0,42713.0,483.0,1633.0,3118.0,262.0,949.0,790.0,193.0,726.0,2.0,0.0,0.0,0.0,0.0,0.0
39053,4.0,8.9,87.5,78.9,1.9,2.3,8.7,25.4,13.7,8.2,25.3,2.4,0.3,4.5,36.1,29068.0,41.4,40.7,15.7,20.5,16.4,56830.0,Gallia,OH,Ohio,2023.0,Crude prevalence,11.5,84.3,11.0,15.3,9.2,36.6,35.2,19.6,17.3,79.7,20.8,4.4,9.3,39.0,8.0,29220.0,948.0,2206.0,1107.0,632.0,1549.0,495.0,476.0,1226.0,1.0,6.0,1.0,4.0,0.0,3.0
39055,5.8,2.5,92.2,88.9,1.9,1.8,8.1,27.0,5.1,8.1,12.8,1.7,0.2,6.9,35.9,95481.0,45.0,26.4,17.3,40.9,5.6,107860.0,Geauga,OH,Ohio,2023.0,Crude prevalence,10.3,88.4,7.6,12.4,7.4,32.6,23.2,15.2,12.8,80.9,12.8,3.5,6.4,39.0,21.0,95397.0,2897.0,1572.0,15997.0,2358.0,1214.0,9168.0,1932.0,940.0,4.0,0.0,0.0,9.0,0.0,9.0
39057,1.7,4.1,96.4,92.8,2.6,1.8,4.9,22.0,5.8,4.4,32.0,0.6,0.4,9.4,31.4,169688.0,38.7,23.0,19.4,41.7,9.8,87309.0,Greene,OH,Ohio,2023.0,Crude prevalence,10.8,86.7,6.6,11.2,6.4,37.8,22.6,16.3,12.1,79.6,12.3,3.1,6.5,39.0,42.0,167966.0,3026.0,5229.0,40914.0,1007.0,1456.0,18196.0,551.0,785.0,29.0,10.0,3.0,6.0,2.0,4.0
39059,4.9,8.3,90.4,86.4,3.0,2.3,11.9,22.9,14.3,8.8,27.9,1.2,0.7,7.6,39.0,38223.0,42.9,41.9,19.4,15.6,15.3,58478.0,Guernsey,OH,Ohio,2023.0,Crude prevalence,11.3,84.7,10.6,14.8,8.9,38.3,32.5,19.1,16.1,79.5,19.0,4.3,9.1,39.0,10.0,38438.0,1438.0,2790.0,4387.0,772.0,1183.0,1654.0,544.0,797.0,4.0,6.0,2.0,6.0,0.0,4.0
39061,2.2,5.1,95.1,91.3,3.3,2.4,5.8,22.8,7.0,10.3,40.7,1.2,0.7,8.4,40.3,830774.0,36.9,24.8,17.6,41.8,15.0,72470.0,Hamilton,OH,Ohio,2023.0,Crude prevalence,11.4,86.2,7.1,13.2,6.5,35.6,24.4,17.3,12.2,79.7,13.9,3.5,7.7,39.0,226.0,830639.0,36435.0,43374.0,155551.0,3305.0,4122.0,48651.0,677.0,1089.0,221.0,97.0,10.0,36.0,1.0,15.0
39063,1.0,3.2,96.5,91.2,2.0,1.2,5.7,18.0,6.8,5.1,29.2,0.8,0.1,5.9,30.8,74866.0,39.5,36.0,19.2,30.3,9.9,73141.0,Hancock,OH,Ohio,2023.0,Crude prevalence,10.6,86.0,7.5,12.5,6.9,39.3,26.7,17.4,13.3,79.2,14.5,3.3,7.5,39.0,15.0,74920.0,1620.0,2838.0,7517.0,489.0,771.0,1967.0,336.0,493.0,9.0,4.0,2.0,4.0,0.0,2.0
39065,2.7,4.6,93.1,85.7,2.8,2.4,11.1,23.6,9.2,6.6,25.3,0.9,1.0,7.6,27.0,30475.0,35.2,46.6,17.2,19.5,17.3,62484.0,Hardin,OH,Ohio,2023.0,Crude prevalence,11.2,82.1,9.1,12.9,7.5,40.3,30.4,19.9,15.2,77.8,17.7,3.6,8.7,39.0,8.0,30696.0,775.0,1448.0,3485.0,451.0,691.0,1447.0,374.0,520.0,4.0,4.0,2.0,3.0,1.0,2.0
39067,3.4,7.1,87.2,83.1,2.3,1.0,12.2,29.4,19.4,6.1,23.7,1.9,0.0,7.4,30.5,14306.0,45.5,51.2,15.3,11.5,13.1,54414.0,Harrison,OH,Ohio,2023.0,Crude prevalence,11.3,85.9,10.6,15.6,9.1,41.4,31.6,18.7,16.2,79.5,19.0,4.4,8.6,39.0,5.0,14483.0,364.0,811.0,50.0,266.0,527.0,0.0,237.0,457.0,0.0,2.0,0.0,1.0,0.0,0.0
39069,2.3,4.6,93.5,87.7,2.5,1.5,5.1,23.7,5.3,3.7,17.5,0.6,0.2,3.1,28.2,27567.0,41.6,41.3,19.5,19.5,8.7,80099.0,Henry,OH,Ohio,2023.0,Crude prevalence,10.8,86.5,8.3,13.1,7.6,38.6,28.0,17.2,14.4,79.9,15.8,3.7,8.5,39.0,7.0,27662.0,427.0,701.0,3837.0,293.0,442.0,839.0,227.0,316.0,2.0,0.0,0.0,0.0,0.0,0.0
39071,3.4,9.0,90.8,83.4,1.9,2.9,7.6,29.1,11.0,6.8,25.7,2.0,0.3,7.2,32.5,43517.0,41.0,40.1,18.8,16.3,14.1,65785.0,Highland,OH,Ohio,2023.0,Crude prevalence,11.4,84.8,10.4,14.7,8.5,41.3,32.7,19.2,16.2,78.5,19.5,4.2,9.0,39.0,11.0,43317.0,1145.0,2555.0,2663.0,711.0,1575.0,784.0,559.0,1237.0,2.0,6.0,2.0,4.0,1.0,3.0
39073,2.9,7.6,91.8,85.8,3.1,2.5,7.4,30.3,11.1,5.7,21.2,0.4,1.1,17.0,35.4,27799.0,43.4,43.6,20.0,13.5,16.0,62960.0,Hocking,OH,Ohio,2023.0,Crude prevalence,11.4,84.9,10.9,15.7,9.2,36.1,33.4,19.3,16.7,80.1,20.5,4.4,8.7,39.0,7.0,28050.0,662.0,1923.0,2448.0,416.0,1145.0,1361.0,341.0,962.0,1.0,6.0,1.0,1.0,1.0,1.0
39075,34.8,6.4,70.9,63.5,1.4,1.5,41.5,20.9,8.0,30.9,21.0,2.8,0.8,2.6,32.8,44418.0,32.7,33.3,9.7,11.1,9.3,76140.0,Holmes,OH,Ohio,2023.0,Crude prevalence,12.0,80.0,10.7,12.7,7.8,38.2,33.9,21.5,17.0,75.1,21.5,3.9,12.3,39.0,10.0,44223.0,4144.0,645.0,30.0,3670.0,435.0,0.0,3298.0,362.0,0.0,1.0,0.0,7.0,0.0,7.0
39077,3.3,5.8,91.8,88.4,2.8,2.5,6.5,22.4,8.2,4.3,26.0,0.9,0.5,7.7,34.9,58319.0,40.1,44.6,19.7,16.7,13.2,67878.0,Huron,OH,Ohio,2023.0,Crude prevalence,11.1,85.4,9.0,13.5,7.7,35.0,30.3,18.0,15.0,79.7,17.2,3.8,9.0,39.0,13.0,58565.0,1017.0,2665.0,3938.0,302.0,914.0,1401.0,207.0,663.0,6.0,2.0,0.0,1.0,0.0,0.0
39079,3.8,9.7,90.4,84.3,2.1,3.6,7.9,29.4,11.1,7.6,26.1,3.7,0.0,3.0,43.3,32650.0,40.0,45.7,14.6,15.9,18.5,57106.0,Jackson,OH,Ohio,2023.0,Crude prevalence,11.5,84.1,10.5,14.9,8.4,44.9,33.8,20.0,16.9,78.9,20.1,4.1,9.1,39.0,7.0,32653.0,980.0,2588.0,2246.0,537.0,1291.0,1240.0,427.0,1005.0,2.0,6.0,2.0,3.0,2.0,2.0
39081,2.3,5.5,89.3,86.6,2.8,2.5,5.2,23.8,12.5,8.5,29.5,0.5,0.4,6.6,37.4,64518.0,44.3,40.7,17.0,20.3,16.5,59055.0,Jefferson,OH,Ohio,2023.0,Crude prevalence,11.7,85.9,10.1,15.1,8.7,42.5,31.3,18.7,16.1,80.3,17.6,4.2,8.0,39.0,22.0,65249.0,2308.0,4493.0,5630.0,483.0,1277.0,2094.0,335.0,911.0,13.0,9.0,1.0,1.0,0.0,0.0
39083,4.3,4.6,93.1,89.3,1.5,1.7,11.3,25.7,9.9,6.3,24.5,1.3,0.3,9.9,35.7,63142.0,39.4,37.9,18.5,24.7,11.6,73878.0,Knox,OH,Ohio,2023.0,Crude prevalence,11.0,85.3,8.5,12.6,7.5,37.1,27.6,17.7,13.8,78.2,15.5,3.6,7.6,39.0,14.0,62721.0,1486.0,2462.0,4647.0,941.0,1236.0,2583.0,802.0,1039.0,4.0,2.0,1.0,5.0,1.0,4.0
39085,1.7,3.8,95.5,92.8,2.6,2.0,4.5,23.1,4.9,5.1,24.2,0.6,0.4,6.9,38.4,232216.0,44.1,31.9,21.1,31.6,8.3,80925.0,Lake,OH,Ohio,2023.0,Crude prevalence,10.7,88.0,7.7,12.9,7.3,36.9,25.4,16.2,13.9,81.3,14.5,3.5,7.1,39.0,59.0,232603.0,5141.0,7547.0,62192.0,1098.0,1679.0,24359.0,464.0,748.0,54.0,10.0,2.0,5.0,2.0,2.0
39087,2.8,7.1,90.4,84.7,1.4,3.1,5.5,23.2,14.6,6.8,27.7,1.4,0.2,7.4,36.6,56819.0,41.9,43.1,18.9,18.5,17.7,58325.0,Lawrence,OH,Ohio,2023.0,Crude prevalence,11.7,85.2,10.6,15.1,8.6,41.6,32.4,19.6,16.3,80.3,19.6,4.3,8.6,39.0,18.0,58240.0,1538.0,4751.0,6043.0,694.0,2226.0,3118.0,493.0,1617.0,8.0,14.0,1.0,3.0,1.0,1.0
39089,1.8,4.7,95.2,92.4,2.0,2.1,5.3,26.6,6.4,5.2,26.3,1.6,0.4,6.9,34.5,181837.0,40.3,34.6,20.5,29.3,10.2,84426.0,Licking,OH,Ohio,2023.0,Crude prevalence,10.9,86.1,7.6,12.9,6.8,37.5,24.1,17.1,13.3,79.2,15.4,3.4,7.2,39.0,46.0,178519.0,3580.0,8177.0,35676.0,1162.0,2987.0,19872.0,688.0,2002.0,26.0,13.0,6.0,6.0,2.0,5.0
39091,1.8,5.8,94.4,89.0,2.5,2.7,6.0,21.8,18.0,6.1,22.4,1.1,0.3,6.9,28.9,46089.0,41.9,44.1,18.9,18.7,11.1,71551.0,Logan,OH,Ohio,2023.0,Crude prevalence,11.0,86.1,9.2,14.0,8.0,39.3,29.2,17.9,15.0,79.6,17.5,3.9,7.8,39.0,11.0,46150.0,1185.0,2201.0,3101.0,468.0,699.0,1106.0,351.0,473.0,4.0,4.0,1.0,3.0,1.0,2.0
39093,2.1,6.0,94.8,88.9,2.6,2.8,5.3,25.4,6.6,5.7,26.0,1.0,0.2,8.6,38.7,317129.0,42.1,30.8,22.1,28.5,12.1,73347.0,Lorain,OH,Ohio,2023.0,Crude prevalence,11.0,86.8,8.2,14.2,7.6,36.8,29.0,17.4,14.5,80.2,15.0,3.7,8.6,39.0,79.0,312964.0,7231.0,14487.0,80992.0,1645.0,2656.0,31818.0,738.0,1079.0,66.0,28.0,5.0,6.0,1.0,3.0
39095,2.3,6.1,94.4,89.4,4.0,3.2,4.9,20.5,8.8,8.6,38.0,1.0,0.5,8.0,37.0,428018.0,38.5,29.9,21.9,29.4,17.7,62224.0,Lucas,OH,Ohio,2023.0,Crude prevalence,11.3,85.8,8.6,14.0,7.5,36.1,29.8,18.3,14.6,80.8,16.4,3.9,9.0,39.0,168.0,431279.0,15841.0,29998.0,55904.0,770.0,1489.0,20713.0,218.0,472.0,160.0,89.0,3.0,7.0,1.0,1.0
39097,2.3,8.1,94.9,90.7,2.1,2.2,7.7,24.9,5.0,3.3,22.5,0.6,0.1,12.9,29.4,44423.0,41.5,37.2,20.4,24.2,8.5,87045.0,Madison,OH,Ohio,2023.0,Crude prevalence,10.6,85.4,7.8,12.4,6.8,37.3,26.9,17.6,13.6,78.8,16.5,3.4,8.4,39.0,12.0,43824.0,514.0,1522.0,5055.0,266.0,786.0,1999.0,208.0,621.0,3.0,1.0,0.0,0.0,0.0,0.0
39099,2.3,5.9,92.0,87.3,3.7,3.0,4.9,22.5,9.2,8.4,29.7,0.4,0.4,7.4,42.7,226491.0,43.2,35.7,20.2,27.0,18.9,56942.0,Mahoning,OH,Ohio,2023.0,Crude prevalence,11.0,86.1,9.5,14.8,8.4,38.6,28.2,17.6,15.3,79.4,16.9,4.3,9.1,39.0,75.0,228614.0,8281.0,18645.0,48911.0,1626.0,3813.0,20374.0,710.0,1626.0,63.0,44.0,8.0,12.0,5.0,6.0
39101,2.8,7.9,93.2,86.8,3.4,2.9,5.4,24.5,9.8,6.9,32.5,0.6,0.2,8.3,39.5,65020.0,40.1,42.2,22.3,14.7,16.6,59371.0,Marion,OH,Ohio,2023.0,Crude prevalence,10.9,84.3,10.0,14.8,8.3,44.2,33.8,18.7,16.1,79.1,19.6,4.1,9.5,39.0,18.0,65359.0,1706.0,4191.0,8343.0,373.0,1114.0,3415.0,210.0,785.0,13.0,9.0,0.0,3.0,0.0,1.0
39103,1.6,4.1,96.2,92.9,1.9,1.5,4.0,26.5,4.1,4.0,19.7,0.4,0.3,10.7,33.9,183660.0,43.3,28.9,19.9,36.2,6.3,94968.0,Medina,OH,Ohio,2023.0,Crude prevalence,10.5,88.0,7.0,11.9,6.8,36.3,24.2,15.8,12.7,80.3,13.1,3.2,6.2,39.0,42.0,182470.0,2944.0,4760.0,50345.0,1199.0,2175.0,29338.0,694.0,1387.0,27.0,3.0,0.0,5.0,0.0,4.0
39105,3.9,9.8,87.3,78.2,2.6,2.9,6.6,31.4,14.7,6.4,24.6,1.1,0.1,5.9,41.9,21896.0,44.1,46.0,15.7,12.2,21.8,46873.0,Meigs,OH,Ohio,2023.0,Crude prevalence,11.6,84.4,12.9,17.3,10.3,44.5,39.1,20.3,18.5,79.8,22.5,5.0,9.6,39.0,6.0,22210.0,583.0,2282.0,599.0,382.0,1587.0,72.0,305.0,1307.0,1.0,5.0,1.0,0.0,0.0,0.0
39107,1.0,3.9,93.9,91.5,1.1,0.8,3.6,18.5,9.4,4.0,20.4,1.2,0.5,11.5,25.0,42484.0,39.4,43.1,17.5,21.9,7.3,76782.0,Mercer,OH,Ohio,2023.0,Crude prevalence,10.4,86.4,7.9,12.1,7.3,36.3,27.5,17.1,13.4,79.0,15.0,3.5,7.2,39.0,9.0,42528.0,662.0,1119.0,3916.0,376.0,529.0,845.0,274.0,331.0,2.0,0.0,0.0,1.0,0.0,1.0
39109,1.4,5.8,95.1,92.3,2.0,2.7,4.7,22.0,4.9,5.7,26.6,0.8,0.1,8.6,34.4,110296.0,41.3,36.8,18.6,26.8,9.4,76817.0,Miami,OH,Ohio,2023.0,Crude prevalence,10.8,86.7,8.0,12.7,7.3,33.6,26.1,16.9,13.8,79.2,15.3,3.5,7.2,39.0,23.0,108774.0,2540.0,3455.0,21033.0,828.0,1115.0,11311.0,527.0,659.0,14.0,5.0,2.0,4.0,2.0,3.0
39111,3.4,5.6,87.6,80.4,2.9,2.4,7.7,33.3,20.8,9.4,20.1,1.0,0.7,6.9,36.1,13227.0,46.3,49.2,15.4,12.1,15.2,60134.0,Monroe,OH,Ohio,2023.0,Crude prevalence,11.2,85.7,11.6,16.1,9.9,40.4,34.0,18.5,16.9,80.4,20.0,4.8,8.7,39.0,4.0,13385.0,530.0,757.0,175.0,362.0,534.0,0.0,297.0,444.0,0.0,4.0,0.0,2.0,0.0,2.0
39113,2.3,5.1,94.6,90.6,3.6,2.2,6.5,21.9,8.5,8.5,37.5,1.2,0.3,8.6,38.2,536096.0,38.8,27.8,23.3,31.3,15.0,66139.0,Montgomery,OH,Ohio,2023.0,Crude prevalence,11.5,85.9,8.1,14.5,7.2,37.0,29.3,18.0,14.0,80.8,15.2,3.9,7.9,39.0,156.0,537309.0,19669.0,31126.0,111679.0,2337.0,3662.0,42233.0,839.0,1466.0,147.0,72.0,9.0,19.0,3.0,8.0
39115,2.1,10.0,87.8,81.7,1.8,4.1,6.4,37.5,22.0,6.7,21.1,0.9,1.0,9.2,39.1,13651.0,44.6,44.0,19.2,14.4,12.9,59351.0,Morgan,OH,Ohio,2023.0,Crude prevalence,11.5,85.7,11.1,16.0,9.4,41.1,33.5,18.5,16.7,80.8,19.5,4.6,8.8,39.0,4.0,13802.0,383.0,935.0,111.0,280.0,764.0,0.0,228.0,676.0,0.0,4.0,0.0,1.0,0.0,0.0
39117,4.3,5.6,92.9,88.3,1.8,2.9,10.3,32.8,8.4,5.3,18.8,2.2,0.3,12.6,29.0,35404.0,43.2,44.1,17.5,19.4,12.8,75283.0,Morrow,OH,Ohio,2023.0,Crude prevalence,11.1,86.1,9.2,13.8,7.8,40.0,29.8,18.1,15.2,80.0,17.8,3.8,8.0,39.0,9.0,34950.0,708.0,1594.0,0.0,584.0,1117.0,0.0,527.0,989.0,0.0,5.0,0.0,2.0,0.0,2.0
39119,2.6,6.8,93.0,89.3,2.5,2.7,6.6,25.4,10.4,7.7,31.8,1.2,0.5,6.5,39.4,86411.0,40.3,41.8,18.3,20.6,15.1,60780.0,Muskingum,OH,Ohio,2023.0,Crude prevalence,11.5,85.0,9.6,14.4,8.0,43.9,29.9,18.9,15.3,81.4,18.1,3.9,8.2,39.0,21.0,86410.0,2662.0,6638.0,10646.0,896.0,2387.0,4891.0,534.0,1549.0,11.0,10.0,4.0,4.0,2.0,2.0
39121,4.0,11.7,81.5,78.2,0.5,2.2,7.7,23.0,20.3,7.7,16.5,1.2,0.0,12.0,11.0,14282.0,53.4,47.9,12.7,15.7,10.6,56098.0,Noble,OH,Ohio,2023.0,Crude prevalence,10.2,87.8,11.8,18.0,11.9,41.6,33.6,16.3,17.2,81.8,18.5,5.4,8.8,39.0,4.0,14115.0,355.0,456.0,41.0,283.0,344.0,0.0,261.0,311.0,0.0,1.0,0.0,1.0,0.0,1.0
39123,1.1,4.5,94.5,87.8,1.8,1.5,3.9,24.8,36.0,3.5,16.4,0.2,0.4,10.4,33.4,39994.0,50.6,33.9,19.8,29.5,8.4,76101.0,Ottawa,OH,Ohio,2023.0,Crude prevalence,10.5,89.2,8.5,13.8,8.5,38.0,28.4,15.5,14.3,81.2,14.0,3.9,7.0,39.0,15.0,40364.0,651.0,1441.0,4651.0,397.0,584.0,3018.0,325.0,433.0,5.0,3.0,0.0,0.0,0.0,0.0
39125,2.2,7.3,92.1,82.2,2.3,1.7,5.2,24.0,10.8,3.2,19.9,1.4,0.7,8.6,31.1,18791.0,41.0,43.5,19.8,16.9,8.9,67731.0,Paulding,OH,Ohio,2023.0,Crude prevalence,10.9,86.0,9.2,14.1,8.1,41.3,30.8,17.8,15.0,79.7,17.2,3.9,8.7,39.0,5.0,18806.0,247.0,878.0,0.0,199.0,631.0,0.0,185.0,547.0,0.0,1.0,0.0,1.0,0.0,1.0
39127,2.0,9.6,92.3,86.5,2.1,3.5,8.1,33.2,10.6,7.2,23.6,0.7,0.6,7.5,36.3,35535.0,41.3,46.3,16.1,16.2,14.7,67460.0,Perry,OH,Ohio,2023.0,Crude prevalence,11.2,84.9,10.1,14.3,8.3,38.6,32.1,18.8,15.9,79.2,19.3,4.0,8.8,39.0,9.0,35408.0,973.0,2145.0,4565.0,500.0,1344.0,2746.0,366.0,1090.0,2.0,5.0,1.0,2.0,1.0,2.0
39129,1.9,8.2,94.6,89.8,2.1,2.3,5.8,27.9,4.7,6.7,26.0,1.3,0.6,7.0,35.9,60131.0,39.6,40.7,19.3,21.7,11.5,74040.0,Pickaway,OH,Ohio,2023.0,Crude prevalence,11.0,84.4,8.5,12.6,7.1,39.8,29.4,18.5,14.4,78.5,17.9,3.5,8.5,39.0,16.0,58539.0,1458.0,2630.0,3781.0,596.0,1296.0,1972.0,480.0,1070.0,5.0,8.0,0.0,3.0,0.0,3.0
39131,3.2,9.9,93.0,82.3,2.7,3.3,4.8,29.7,10.3,5.4,31.5,2.1,0.1,8.4,39.7,27044.0,41.7,48.5,12.7,16.3,21.3,52736.0,Pike,OH,Ohio,2023.0,Crude prevalence,11.9,83.4,12.5,16.2,9.6,43.2,36.6,21.0,18.1,79.7,22.9,4.8,10.2,39.0,7.0,27088.0,587.0,2583.0,1000.0,423.0,2085.0,704.0,350.0,1772.0,1.0,6.0,1.0,1.0,1.0,1.0
39133,1.9,5.2,95.7,89.8,3.4,2.0,5.0,24.8,8.5,6.6,29.9,0.6,0.3,8.1,46.7,161956.0,39.6,34.6,17.8,32.5,11.7,75766.0,Portage,OH,Ohio,2023.0,Crude prevalence,10.8,84.7,7.6,11.8,6.8,32.9,25.0,17.8,13.1,79.1,14.5,3.3,7.1,39.0,38.0,161791.0,4291.0,6649.0,41362.0,1949.0,3467.0,22621.0,1139.0,2362.0,19.0,10.0,4.0,12.0,1.0,9.0
39135,1.8,5.7,93.6,88.0,1.9,2.7,5.4,26.4,7.8,4.0,20.3,1.2,0.1,6.9,30.5,40765.0,43.3,46.3,19.4,18.5,12.6,69223.0,Preble,OH,Ohio,2023.0,Crude prevalence,10.9,86.5,9.1,13.4,7.9,39.7,30.3,17.9,14.8,79.5,17.0,3.8,7.5,39.0,12.0,40999.0,663.0,1707.0,1263.0,326.0,1011.0,312.0,265.0,850.0,2.0,3.0,1.0,1.0,0.0,0.0
39137,1.9,2.8,93.0,88.0,1.2,1.0,3.1,22.3,5.3,2.1,12.9,1.0,0.4,9.4,24.2,34314.0,40.6,38.2,16.6,26.4,5.5,84928.0,Putnam,OH,Ohio,2023.0,Crude prevalence,10.5,87.4,7.4,12.3,7.0,43.7,24.7,16.4,13.4,80.3,14.0,3.3,7.3,39.0,8.0,34451.0,278.0,898.0,3139.0,201.0,638.0,2452.0,179.0,576.0,1.0,0.0,0.0,0.0,0.0,0.0
39139,2.9,7.1,92.9,87.9,3.0,2.9,8.1,21.8,8.3,7.2,32.1,0.9,0.3,10.1,32.2,125099.0,40.9,42.9,20.2,17.9,13.8,59509.0,Richland,OH,Ohio,2023.0,Crude prevalence,11.0,84.8,9.7,14.5,8.3,39.0,30.2,18.8,15.6,78.6,18.0,4.1,9.2,39.0,30.0,124936.0,3583.0,7440.0,30858.0,1379.0,2096.0,12509.0,935.0,1268.0,23.0,14.0,4.0,9.0,1.0,7.0
39141,2.7,8.2,93.3,88.0,2.0,2.2,6.8,26.4,7.1,6.3,30.4,1.0,0.3,10.0,37.7,76492.0,41.1,44.1,20.3,17.4,15.7,61303.0,Ross,OH,Ohio,2023.0,Crude prevalence,11.6,84.2,10.0,15.0,8.1,44.3,30.8,19.2,15.7,78.0,19.8,4.1,9.3,39.0,17.0,77093.0,1870.0,4916.0,5751.0,1051.0,2812.0,1823.0,700.0,2165.0,7.0,8.0,3.0,3.0,1.0,3.0
39143,1.7,4.7,93.4,86.9,2.5,2.1,6.3,20.7,6.8,3.5,26.6,1.1,0.0,7.7,35.0,58778.0,42.5,44.1,20.5,18.4,15.0,62295.0,Sandusky,OH,Ohio,2023.0,Crude prevalence,10.7,86.1,8.8,14.4,8.0,40.7,29.3,17.6,15.1,80.1,16.6,3.9,9.2,39.0,15.0,58896.0,854.0,3340.0,3711.0,177.0,883.0,994.0,108.0,636.0,8.0,7.0,3.0,1.0,0.0,0.0
39145,3.7,7.5,90.7,86.3,2.9,3.3,5.7,27.9,12.7,7.9,31.6,1.3,0.5,10.7,45.4,72627.0,41.1,43.6,19.2,18.2,21.8,50609.0,Scioto,OH,Ohio,2023.0,Crude prevalence,11.6,83.8,11.4,15.3,9.0,44.7,35.9,21.0,17.6,80.9,20.8,4.4,9.5,39.0,21.0,74008.0,2277.0,6527.0,3589.0,633.0,2718.0,967.0,429.0,2010.0,9.0,17.0,2.0,1.0,0.0,0.0
39147,1.5,5.2,93.0,88.1,2.2,3.1,5.3,20.7,7.1,6.1,26.6,1.0,0.8,7.8,33.7,54770.0,40.2,43.0,18.4,20.6,11.9,66025.0,Seneca,OH,Ohio,2023.0,Crude prevalence,10.8,85.3,8.5,13.2,7.4,35.8,29.3,18.0,14.5,78.5,16.4,3.6,8.2,39.0,14.0,55069.0,1369.0,3001.0,8193.0,595.0,1217.0,6132.0,497.0,1061.0,7.0,5.0,2.0,2.0,2.0,2.0
39149,1.4,7.1,96.2,92.5,2.7,2.5,4.2,19.0,6.2,4.1,26.3,1.5,0.5,8.1,28.0,47929.0,40.3,41.8,16.5,21.4,11.6,73978.0,Shelby,OH,Ohio,2023.0,Crude prevalence,11.0,85.3,8.8,13.3,7.7,39.6,29.3,18.1,14.8,78.7,17.0,3.7,8.0,39.0,10.0,48230.0,779.0,1657.0,2727.0,245.0,636.0,681.0,171.0,499.0,4.0,2.0,0.0,1.0,0.0,0.0
39151,1.8,5.0,94.1,87.4,2.4,3.3,5.5,21.7,7.1,6.7,30.8,0.6,0.3,7.4,34.9,373713.0,41.8,36.7,21.3,25.9,12.5,67934.0,Stark,OH,Ohio,2023.0,Crude prevalence,11.2,86.2,8.8,13.7,7.9,40.4,29.1,17.7,14.6,79.1,17.1,3.9,7.8,39.0,90.0,374853.0,10438.0,19848.0,84632.0,2281.0,3933.0,46932.0,1453.0,2585.0,73.0,30.0,1.0,14.0,0.0,6.0
39153,2.4,4.8,95.4,91.6,3.3,4.4,5.6,23.2,6.7,7.9,32.5,0.6,0.4,9.3,39.0,537864.0,41.4,28.8,19.9,35.8,12.8,71622.0,Summit,OH,Ohio,2023.0,Crude prevalence,11.2,86.6,7.9,13.7,7.0,37.6,26.2,17.2,13.9,81.2,14.6,3.6,7.4,39.0,138.0,540428.0,18225.0,32721.0,127734.0,2406.0,3473.0,57197.0,947.0,1269.0,128.0,57.0,3.0,16.0,0.0,8.0
39155,3.4,6.2,90.5,85.2,2.6,2.6,7.0,23.4,8.4,8.2,28.7,0.8,0.2,8.0,39.1,200929.0,43.7,42.2,18.5,20.9,16.6,56435.0,Trumbull,OH,Ohio,2023.0,Crude prevalence,11.3,85.7,10.2,15.5,8.9,39.7,31.3,18.5,15.7,80.5,18.4,4.4,8.7,39.0,54.0,201977.0,7068.0,12094.0,41835.0,2673.0,3638.0,17440.0,1697.0,1916.0,38.0,32.0,11.0,13.0,5.0,8.0
39157,5.0,6.1,90.4,85.3,2.7,2.1,8.5,23.2,5.9,7.4,31.1,1.3,0.2,9.3,35.7,92385.0,41.1,44.4,16.3,19.8,13.4,65044.0,Tuscarawas,OH,Ohio,2023.0,Crude prevalence,11.2,85.2,9.7,13.6,8.2,43.4,29.9,18.4,15.0,79.7,17.5,4.0,9.1,39.0,24.0,93263.0,2848.0,5437.0,7216.0,1276.0,2091.0,3526.0,937.0,1413.0,9.0,9.0,1.0,6.0,1.0,5.0
39159,0.9,3.3,97.6,95.2,1.8,1.2,3.8,26.0,3.7,2.4,20.8,0.6,0.2,7.9,26.7,67324.0,38.5,29.6,18.9,39.2,5.0,112322.0,Union,OH,Ohio,2023.0,Crude prevalence,10.4,87.4,5.7,10.2,5.2,39.8,23.2,16.1,11.4,79.3,12.6,2.6,6.3,39.0,13.0,62784.0,581.0,1177.0,8692.0,405.0,717.0,4871.0,347.0,578.0,4.0,2.0,0.0,1.0,0.0,1.0
39161,1.8,4.1,93.4,88.6,2.2,0.7,4.0,19.7,8.1,3.6,17.9,0.3,0.5,5.5,31.5,28826.0,41.6,43.8,19.9,17.1,9.0,67917.0,Van Wert,OH,Ohio,2023.0,Crude prevalence,10.8,86.0,8.8,13.2,7.8,37.3,29.3,17.8,14.4,79.4,16.5,3.7,8.1,39.0,9.0,28931.0,415.0,867.0,2460.0,163.0,273.0,985.0,140.0,218.0,5.0,3.0,0.0,0.0,0.0,0.0
39163,3.8,13.4,83.7,80.1,2.9,4.8,7.6,35.8,10.2,5.4,24.5,1.8,0.4,5.6,33.7,12630.0,44.0,46.3,13.0,13.4,17.3,55336.0,Vinton,OH,Ohio,2023.0,Crude prevalence,11.7,84.3,11.4,15.4,8.9,40.3,33.0,19.6,17.1,79.1,21.2,4.4,9.5,39.0,3.0,12800.0,286.0,1111.0,19.0,212.0,822.0,0.0,186.0,725.0,0.0,1.0,0.0,1.0,0.0,1.0
39165,1.7,3.3,97.5,94.9,2.0,1.4,3.9,25.3,4.2,3.1,20.6,0.9,0.4,8.9,32.4,250008.0,40.1,24.4,16.6,45.6,6.0,110132.0,Warren,OH,Ohio,2023.0,Crude prevalence,9.9,87.9,5.8,11.0,5.8,32.6,20.4,15.2,11.4,79.7,12.2,2.8,6.0,39.0,44.0,242337.0,2833.0,4235.0,97714.0,1344.0,1771.0,47564.0,768.0,965.0,34.0,6.0,2.0,4.0,2.0,2.0
39167,1.4,4.8,92.9,87.5,2.8,1.7,6.2,23.5,11.3,5.5,24.6,0.7,0.4,8.3,41.4,58978.0,44.0,38.7,20.4,21.9,13.7,63603.0,Washington,OH,Ohio,2023.0,Crude prevalence,10.9,86.2,9.6,13.8,8.6,43.7,29.9,17.6,15.1,80.9,17.0,4.1,7.7,39.0,18.0,59771.0,1370.0,3347.0,5862.0,562.0,1413.0,2472.0,357.0,947.0,8.0,6.0,2.0,1.0,1.0,1.0
39169,8.2,5.1,89.5,85.3,2.0,1.7,13.9,20.6,5.5,10.0,23.4,1.5,0.3,8.8,25.2,116588.0,38.9,38.2,15.9,25.1,9.4,73574.0,Wayne,OH,Ohio,2023.0,Crude prevalence,11.0,84.7,8.7,12.9,7.6,37.5,27.3,17.8,14.4,78.6,16.3,3.7,8.5,39.0,32.0,116894.0,4451.0,3632.0,23102.0,3135.0,1799.0,11853.0,2651.0,1266.0,16.0,3.0,1.0,9.0,1.0,7.0
39171,1.7,6.5,91.5,85.5,2.5,2.1,4.8,19.8,6.6,5.5,23.7,0.5,0.1,10.8,32.8,36719.0,41.6,45.7,22.1,13.7,12.7,61048.0,Williams,OH,Ohio,2023.0,Crude prevalence,11.1,85.4,9.5,14.4,8.3,40.6,31.6,18.2,15.3,79.0,17.8,4.0,9.0,39.0,9.0,37102.0,851.0,2195.0,1374.0,351.0,1018.0,19.0,253.0,779.0,2.0,3.0,1.0,0.0,0.0,0.0
39173,1.4,3.5,96.8,92.8,2.9,1.7,4.2,20.5,5.9,5.1,35.6,0.8,0.4,8.1,35.6,132064.0,36.2,28.3,20.2,36.5,12.2,74216.0,Wood,OH,Ohio,2023.0,Crude prevalence,10.6,84.4,6.6,10.7,6.1,37.4,22.9,17.4,12.2,79.2,12.7,2.9,7.0,39.0,31.0,132248.0,2784.0,3766.0,27280.0,1123.0,1934.0,16005.0,809.0,1335.0,17.0,8.0,1.0,5.0,1.0,4.0
39175,1.2,4.0,93.3,87.7,1.2,3.8,3.5,20.7,9.0,4.5,25.9,0.4,0.2,11.5,20.3,21598.0,41.7,47.7,17.5,19.6,8.8,69768.0,Wyandot,OH,Ohio,2023.0,Crude prevalence,10.7,86.6,8.4,13.0,7.6,35.6,27.1,17.0,14.0,79.8,15.5,3.6,7.4,39.0,6.0,21900.0,409.0,755.0,2005.0,190.0,399.0,1287.0,150.0,339.0,2.0,0.0,0.0,0.0,0.0,0.0
40001,5.3,10.5,85.7,71.1,3.8,4.9,18.5,25.7,12.5,9.0,31.5,2.5,0.7,6.1,33.0,19575.0,37.9,44.9,22.1,12.3,21.5,48041.0,Adair,OK,Oklahoma,2023.0,Crude prevalence,13.6,81.7,11.7,17.5,9.6,46.2,40.8,21.2,19.1,77.8,25.8,5.3,13.5,40.0,5.0,19495.0,640.0,1805.0,1009.0,433.0,1335.0,7.0,335.0,1088.0,0.0,3.0,0.0,2.0,0.0,2.0
40003,4.1,10.1,94.6,87.6,1.9,3.2,10.5,22.1,21.4,1.8,22.5,0.5,1.4,5.1,29.3,5696.0,44.6,36.8,23.6,20.1,16.5,64615.0,Alfalfa,OK,Oklahoma,2023.0,Crude prevalence,10.4,85.7,8.5,13.5,8.3,40.6,31.7,16.2,14.5,77.9,17.9,4.0,11.2,40.0,3.0,5699.0,35.0,183.0,1006.0,22.0,106.0,546.0,19.0,97.0,0.0,1.0,0.0,0.0,0.0,0.0
40005,3.2,11.8,88.6,79.5,2.2,2.3,19.2,27.5,17.1,7.5,25.6,3.2,1.0,10.2,27.0,14379.0,40.6,42.1,19.3,16.9,17.3,54785.0,Atoka,OK,Oklahoma,2023.0,Crude prevalence,11.7,82.6,10.3,14.6,8.9,40.3,34.7,18.8,16.5,76.6,21.3,4.6,12.7,40.0,4.0,14143.0,371.0,742.0,1187.0,255.0,580.0,238.0,216.0,517.0,0.0,2.0,1.0,1.0,0.0,1.0
40007,7.7,6.9,95.8,90.4,1.5,0.5,11.6,17.7,32.3,1.3,19.1,0.0,1.0,15.8,19.8,5028.0,40.8,32.9,19.3,22.0,13.3,64276.0,Beaver,OK,Oklahoma,2023.0,Crude prevalence,10.5,85.5,8.5,13.9,8.4,38.4,33.9,16.2,15.1,79.1,15.3,4.1,15.2,40.0,3.0,5049.0,22.0,71.0,2307.0,16.0,23.0,1762.0,16.0,21.0,0.0,1.0,0.0,0.0,0.0,0.0
40009,5.1,12.2,93.6,88.8,3.9,2.2,10.9,16.2,19.2,5.2,32.2,3.4,1.0,11.4,37.2,22148.0,37.1,43.4,17.9,12.9,21.7,53328.0,Beckham,OK,Oklahoma,2023.0,Crude prevalence,11.2,81.3,9.5,13.3,7.9,40.0,35.0,18.7,15.6,76.2,20.0,4.0,14.8,40.0,4.0,22410.0,423.0,1519.0,2753.0,220.0,786.0,997.0,155.0,550.0,1.0,3.0,0.0,1.0,0.0,1.0
40011,4.7,9.4,91.2,85.4,4.5,3.1,11.6,19.0,26.2,3.3,26.6,1.3,0.7,6.0,37.1,8570.0,41.2,38.8,22.7,18.1,17.4,61642.0,Blaine,OK,Oklahoma,2023.0,Crude prevalence,11.3,85.4,9.4,14.3,8.6,38.3,33.2,17.4,15.6,79.6,17.6,4.3,12.1,40.0,5.0,8735.0,111.0,482.0,535.0,56.0,252.0,79.0,41.0,199.0,0.0,3.0,0.0,0.0,0.0,0.0
40013,3.5,8.3,92.2,83.3,2.7,1.9,18.7,20.4,11.5,5.6,36.2,2.8,0.7,10.4,34.4,48253.0,37.0,33.7,22.2,26.5,16.6,57225.0,Bryan,OK,Oklahoma,2023.0,Crude prevalence,12.2,83.2,9.4,13.4,8.1,40.0,34.1,18.9,16.0,78.5,19.0,4.2,11.5,40.0,13.0,46067.0,1039.0,2486.0,5299.0,501.0,1382.0,1473.0,399.0,1075.0,4.0,7.0,2.0,2.0,0.0,1.0
40015,4.0,8.5,92.0,83.9,3.1,2.8,16.8,23.8,21.6,6.9,27.3,2.6,0.4,7.0,30.1,26447.0,37.8,45.3,21.0,15.8,18.3,55353.0,Caddo,OK,Oklahoma,2023.0,Crude prevalence,11.5,81.2,9.5,14.9,8.2,40.2,37.4,19.0,16.5,76.6,21.5,4.3,15.8,40.0,10.0,26945.0,628.0,1391.0,1445.0,365.0,818.0,922.0,315.0,709.0,1.0,3.0,1.0,0.0,1.0,0.0
40017,2.8,4.5,97.3,93.6,3.0,2.7,9.3,25.2,6.0,3.3,25.2,1.5,1.1,7.7,38.0,168985.0,36.3,27.1,23.9,31.9,8.0,87751.0,Canadian,OK,Oklahoma,2023.0,Crude prevalence,10.7,85.5,5.9,10.4,5.6,39.0,26.8,17.3,12.2,78.2,13.4,2.8,9.4,40.0,37.0,154405.0,1939.0,4863.0,25363.0,520.0,1233.0,8501.0,295.0,718.0,28.0,5.0,0.0,1.0,0.0,0.0
40019,3.4,8.6,95.3,83.4,2.3,2.7,14.3,20.8,11.9,4.8,33.2,1.5,0.8,5.7,39.2,48555.0,38.3,36.9,23.6,19.9,16.2,60723.0,Carter,OK,Oklahoma,2023.0,Crude prevalence,11.7,84.5,8.8,13.7,7.7,39.7,34.6,18.4,15.1,78.7,18.0,4.0,11.1,40.0,16.0,48003.0,908.0,3090.0,1650.0,387.0,1283.0,399.0,305.0,1020.0,6.0,7.0,0.0,0.0,0.0,0.0
40021,3.3,7.5,92.4,82.8,2.9,3.1,18.2,23.8,16.4,6.9,34.3,2.2,1.4,8.5,33.9,47942.0,37.3,32.2,22.2,29.2,18.2,53218.0,Cherokee,OK,Oklahoma,2023.0,Crude prevalence,12.7,82.8,8.9,14.3,8.1,42.9,31.6,19.6,16.1,78.8,18.9,4.2,10.8,40.0,13.0,47078.0,1285.0,3092.0,6936.0,733.0,2047.0,3074.0,498.0,1539.0,4.0,8.0,2.0,1.0,0.0,1.0
40023,3.5,9.1,89.9,77.0,2.5,4.1,17.7,23.4,16.8,8.0,34.2,1.3,1.1,11.6,33.7,14297.0,42.1,42.8,21.2,15.2,23.2,44081.0,Choctaw,OK,Oklahoma,2023.0,Crude prevalence,12.6,84.4,11.5,17.2,9.9,45.4,38.6,19.3,18.0,79.7,21.5,5.3,11.9,40.0,5.0,14204.0,472.0,1472.0,5101.0,179.0,774.0,3340.0,115.0,606.0,3.0,3.0,3.0,2.0,0.0,0.0
40025,6.4,6.9,93.1,79.9,0.2,0.6,19.8,8.0,48.2,3.7,21.6,0.0,0.0,0.0,47.8,2218.0,46.6,35.9,15.8,33.4,7.4,62188.0,Cimarron,OK,Oklahoma,2023.0,Crude prevalence,10.1,88.0,8.1,13.7,8.7,37.6,31.7,14.4,14.1,80.5,13.0,4.1,13.0,40.0,2.0,2296.0,26.0,39.0,911.0,7.0,10.0,881.0,7.0,9.0,0.0,1.0,0.0,0.0,0.0,0.0
40027,2.4,5.3,97.0,93.3,3.1,2.4,9.7,23.7,6.1,4.3,36.1,2.1,0.6,8.9,39.3,300047.0,35.4,24.7,22.6,36.2,12.9,77068.0,Cleveland,OK,Oklahoma,2023.0,Crude prevalence,11.0,83.9,6.4,10.9,5.9,36.3,26.6,17.5,12.3,77.3,13.2,3.0,9.4,40.0,71.0,295528.0,4981.0,11590.0,60077.0,763.0,2757.0,25881.0,333.0,1547.0,63.0,24.0,4.0,6.0,2.0,0.0
40029,3.4,10.9,88.5,83.5,3.9,4.2,22.4,20.2,20.7,6.5,30.6,3.3,0.4,7.0,33.2,5320.0,39.3,40.2,19.8,18.3,20.8,50423.0,Coal,OK,Oklahoma,2023.0,Crude prevalence,12.8,83.1,12.4,17.2,10.4,42.6,39.2,20.0,18.7,79.0,23.1,5.4,12.6,40.0,2.0,5266.0,134.0,362.0,492.0,102.0,267.0,116.0,98.0,258.0,0.0,2.0,0.0,0.0,0.0,0.0
40031,3.0,6.0,95.8,90.1,3.6,2.8,11.5,18.3,14.7,8.2,44.4,1.6,0.5,9.2,34.0,121825.0,34.1,33.3,25.3,24.3,18.1,60761.0,Comanche,OK,Oklahoma,2023.0,Crude prevalence,11.3,82.8,7.5,12.8,6.6,43.0,33.1,18.9,14.3,78.0,17.6,3.6,12.1,40.0,38.0,121125.0,3690.0,7246.0,19192.0,553.0,1161.0,10308.0,352.0,728.0,27.0,20.0,4.0,2.0,1.0,0.0
40033,3.6,8.1,92.6,85.0,1.9,2.6,8.7,27.4,24.4,6.2,19.7,0.7,0.3,17.7,19.1,5485.0,41.9,32.9,25.6,23.1,20.5,58425.0,Cotton,OK,Oklahoma,2023.0,Crude prevalence,11.8,85.0,10.5,15.4,9.2,43.1,35.0,18.0,16.7,79.2,19.3,4.7,11.3,40.0,2.0,5527.0,127.0,363.0,454.0,73.0,220.0,39.0,64.0,201.0,0.0,1.0,0.0,0.0,0.0,0.0
40035,3.6,11.1,91.6,73.3,2.6,1.6,14.9,23.6,18.7,5.5,26.3,1.5,1.1,8.5,29.0,14302.0,40.6,39.1,22.1,15.3,19.0,51922.0,Craig,OK,Oklahoma,2023.0,Crude prevalence,12.4,83.4,11.2,15.9,9.6,41.8,36.1,19.7,17.7,78.7,22.2,5.1,12.0,40.0,5.0,14107.0,287.0,755.0,3377.0,150.0,436.0,2327.0,118.0,361.0,2.0,3.0,2.0,0.0,1.0,0.0
40037,2.3,6.7,94.6,88.0,1.8,2.0,11.1,25.4,10.7,4.9,25.6,2.4,1.0,7.5,33.4,72830.0,40.4,40.6,22.6,18.7,14.5,62338.0,Creek,OK,Oklahoma,2023.0,Crude prevalence,11.7,85.1,8.9,13.4,8.0,39.8,31.3,17.9,15.1,79.2,18.4,4.1,10.1,40.0,23.0,71754.0,1398.0,4169.0,5460.0,736.0,2380.0,3090.0,597.0,1908.0,6.0,8.0,0.0,1.0,0.0,0.0
40039,4.6,6.6,96.0,90.7,2.9,2.6,11.3,19.0,14.9,4.8,39.8,1.8,0.5,10.6,39.0,28259.0,32.8,30.1,20.8,31.7,16.4,59738.0,Custer,OK,Oklahoma,2023.0,Crude prevalence,11.1,81.3,7.5,11.8,6.9,41.0,31.4,18.4,13.8,76.0,15.4,3.4,12.0,40.0,7.0,28513.0,531.0,1303.0,6973.0,198.0,510.0,5239.0,167.0,437.0,5.0,2.0,2.0,0.0,2.0,0.0
40041,3.4,8.1,92.8,85.9,2.6,2.7,13.7,28.6,29.7,4.0,22.9,2.3,1.5,6.9,37.7,41279.0,46.9,39.3,22.1,19.9,19.0,56676.0,Delaware,OK,Oklahoma,2023.0,Crude prevalence,12.1,85.9,11.5,16.7,10.4,37.8,35.9,18.5,17.8,80.3,20.5,5.3,10.8,40.0,13.0,40397.0,690.0,2682.0,2336.0,559.0,2233.0,866.0,479.0,1925.0,1.0,9.0,1.0,1.0,1.0,1.0
40043,1.9,6.2,92.4,85.7,2.0,0.3,12.6,19.6,25.3,2.5,23.6,2.0,0.7,17.9,18.7,4360.0,38.5,43.2,20.9,22.4,14.1,62569.0,Dewey,OK,Oklahoma,2023.0,Crude prevalence,11.3,85.1,9.2,13.5,8.3,38.2,32.5,17.5,15.2,78.8,17.5,4.1,10.1,40.0,3.0,4484.0,41.0,148.0,1294.0,27.0,106.0,679.0,25.0,100.0,0.0,0.0,0.0,0.0,0.0,0.0
40045,5.0,4.0,95.1,87.3,2.9,2.0,11.1,21.9,30.5,3.9,17.9,2.3,0.7,3.2,25.9,3683.0,43.5,40.0,24.8,21.4,13.0,61016.0,Ellis,OK,Oklahoma,2023.0,Crude prevalence,11.0,86.6,9.5,14.1,9.1,39.6,33.2,16.5,15.2,79.8,16.4,4.4,10.6,40.0,2.0,3749.0,58.0,170.0,729.0,43.0,126.0,425.0,40.0,116.0,0.0,0.0,0.0,0.0,0.0,0.0
40047,3.8,8.1,94.7,87.0,3.0,2.7,12.4,17.6,14.1,4.9,34.0,2.3,0.9,8.5,33.7,62146.0,36.0,37.2,19.9,23.3,12.5,66182.0,Garfield,OK,Oklahoma,2023.0,Crude prevalence,11.0,83.6,8.2,12.6,7.3,41.7,32.0,16.9,13.9,78.1,16.9,3.7,12.3,40.0,17.0,62846.0,1172.0,3734.0,4602.0,250.0,819.0,774.0,194.0,670.0,10.0,6.0,0.0,0.0,0.0,0.0
40049,4.4,8.6,93.8,86.9,1.9,1.8,16.1,24.3,16.3,4.9,32.3,2.0,0.7,6.0,30.3,25860.0,38.6,42.3,21.8,18.3,17.0,58556.0,Garvin,OK,Oklahoma,2023.0,Crude prevalence,11.7,84.1,9.6,14.1,8.2,38.6,34.4,18.7,15.7,78.4,19.2,4.2,12.0,40.0,9.0,25656.0,494.0,1438.0,1109.0,278.0,824.0,87.0,224.0,679.0,1.0,5.0,0.0,1.0,0.0,1.0
40051,2.8,6.3,93.0,86.9,3.3,2.3,11.8,26.3,12.1,4.4,25.0,3.1,0.8,5.4,29.8,56606.0,40.0,38.7,21.5,22.8,12.2,75419.0,Grady,OK,Oklahoma,2023.0,Crude prevalence,11.1,85.1,7.9,12.0,7.1,38.4,29.3,17.7,13.9,78.0,16.3,3.6,10.0,40.0,15.0,54795.0,919.0,2534.0,3797.0,405.0,1420.0,1138.0,281.0,1054.0,5.0,4.0,1.0,1.0,0.0,0.0
40053,3.5,5.1,92.5,76.9,2.4,2.0,9.9,27.2,25.5,3.9,23.7,1.3,0.9,0.0,24.6,4131.0,43.2,36.8,19.8,23.1,17.5,60758.0,Grant,OK,Oklahoma,2023.0,Crude prevalence,11.0,86.3,9.2,13.5,8.8,36.3,32.5,16.8,15.1,79.9,16.9,4.3,9.6,40.0,2.0,4169.0,63.0,191.0,1911.0,41.0,116.0,1764.0,39.0,111.0,0.0,0.0,0.0,0.0,0.0,0.0
40055,2.9,17.0,91.3,82.3,3.2,1.8,7.4,15.1,25.4,5.1,22.0,1.8,0.2,3.0,45.2,5489.0,42.0,36.0,20.6,14.0,16.9,59406.0,Greer,OK,Oklahoma,2023.0,Crude prevalence,10.8,83.4,8.4,13.0,7.6,42.1,33.1,17.6,14.9,76.8,17.9,3.9,12.9,40.0,2.0,5491.0,100.0,494.0,593.0,44.0,219.0,385.0,39.0,197.0,0.0,0.0,0.0,0.0,0.0,0.0
40057,10.0,9.8,86.6,85.2,3.8,2.3,18.7,18.2,28.8,9.8,30.3,1.6,0.0,2.0,32.7,2406.0,40.3,41.3,18.2,13.4,22.7,43333.0,Harmon,OK,Oklahoma,2023.0,Crude prevalence,11.1,84.9,10.1,17.0,9.4,42.4,39.3,17.2,17.1,79.7,17.8,4.8,16.7,40.0,1.0,2488.0,94.0,215.0,586.0,50.0,114.0,411.0,44.0,100.0,0.0,1.0,1.0,0.0,0.0,0.0
40059,7.8,3.8,96.5,85.3,1.6,0.9,14.1,19.4,22.2,1.4,16.4,2.6,2.8,0.6,5.0,3203.0,40.9,24.9,26.1,29.3,13.1,64053.0,Harper,OK,Oklahoma,2023.0,Crude prevalence,10.7,86.1,9.0,14.0,8.5,39.4,33.3,16.2,15.3,79.0,16.2,4.1,13.8,40.0,2.0,3272.0,18.0,59.0,779.0,9.0,31.0,415.0,8.0,28.0,0.0,1.0,0.0,0.0,0.0,0.0
40061,5.0,10.0,88.7,82.5,3.6,2.6,16.1,25.7,19.6,5.5,21.7,2.1,0.7,12.7,30.1,11683.0,40.8,40.8,19.2,15.5,20.8,49806.0,Haskell,OK,Oklahoma,2023.0,Crude prevalence,12.2,84.2,10.8,15.4,9.5,42.2,36.3,18.8,17.2,79.2,20.7,4.9,11.6,40.0,4.0,11561.0,253.0,1019.0,954.0,177.0,789.0,0.0,153.0,686.0,0.0,4.0,1.0,1.0,0.0,0.0
40063,4.1,11.3,87.8,81.0,2.2,1.0,14.4,25.3,30.2,3.2,25.9,1.2,0.8,6.6,32.2,13389.0,38.8,40.1,22.3,16.0,20.2,51581.0,Hughes,OK,Oklahoma,2023.0,Crude prevalence,11.9,82.1,10.5,15.1,9.0,41.9,36.5,19.3,16.9,77.4,21.8,4.7,13.3,40.0,5.0,13367.0,129.0,638.0,456.0,86.0,370.0,88.0,78.0,334.0,1.0,3.0,0.0,0.0,0.0,0.0
40065,5.9,7.5,94.5,89.5,3.3,3.3,13.0,13.1,19.0,6.4,40.8,1.3,0.4,12.6,23.9,24678.0,35.1,26.6,22.7,24.8,16.2,62799.0,Jackson,OK,Oklahoma,2023.0,Crude prevalence,11.0,83.3,7.9,13.2,7.3,40.4,34.4,17.5,14.6,77.4,16.1,3.7,13.9,40.0,8.0,24785.0,627.0,1494.0,3757.0,85.0,259.0,1022.0,34.0,167.0,5.0,4.0,0.0,1.0,0.0,0.0
40067,5.2,9.9,92.9,74.3,2.8,3.6,14.0,27.1,20.9,9.1,29.1,2.5,0.6,5.8,30.0,5380.0,41.8,41.8,22.9,16.0,23.1,48668.0,Jefferson,OK,Oklahoma,2023.0,Crude prevalence,11.7,84.2,11.6,16.3,10.1,41.2,38.3,18.5,17.7,79.1,20.9,5.1,13.0,40.0,3.0,5337.0,197.0,487.0,476.0,104.0,261.0,278.0,96.0,238.0,0.0,3.0,0.0,1.0,0.0,1.0
40069,3.5,8.7,89.5,79.7,2.2,3.9,14.7,24.7,17.4,5.7,27.8,3.1,0.6,12.1,27.7,10278.0,39.3,36.5,21.6,20.5,22.9,52688.0,Johnston,OK,Oklahoma,2023.0,Crude prevalence,12.4,82.6,10.8,15.3,9.3,39.4,36.9,19.8,17.4,78.2,21.0,4.8,11.7,40.0,4.0,10272.0,220.0,756.0,1188.0,114.0,449.0,697.0,92.0,373.0,0.0,2.0,0.0,0.0,0.0,0.0
40071,2.1,7.4,93.6,84.4,3.4,3.0,11.3,18.9,19.8,6.0,30.8,1.8,0.4,6.8,32.7,43625.0,38.5,35.0,23.8,19.2,16.0,58423.0,Kay,OK,Oklahoma,2023.0,Crude prevalence,11.8,84.3,9.6,14.1,8.6,42.6,32.1,18.6,15.8,77.8,18.7,4.3,11.2,40.0,11.0,43700.0,1002.0,2880.0,7828.0,283.0,842.0,2175.0,170.0,475.0,7.0,5.0,2.0,1.0,1.0,0.0
40073,5.6,5.2,95.2,91.3,1.4,1.8,11.4,21.8,12.0,4.1,25.5,1.8,0.6,5.2,30.1,15430.0,38.2,37.2,21.2,24.3,12.8,71975.0,Kingfisher,OK,Oklahoma,2023.0,Crude prevalence,10.8,85.0,7.7,11.9,7.2,37.1,33.6,17.0,14.0,77.4,15.6,3.6,12.1,40.0,4.0,15184.0,232.0,466.0,1738.0,109.0,273.0,1087.0,88.0,240.0,0.0,0.0,0.0,1.0,0.0,0.0
40075,3.8,6.6,91.9,86.6,2.8,2.6,8.9,23.2,26.3,4.8,30.3,1.7,0.0,7.1,50.5,8383.0,42.4,35.6,27.5,16.7,22.9,44962.0,Kiowa,OK,Oklahoma,2023.0,Crude prevalence,11.8,84.6,11.4,16.6,10.1,42.7,36.4,18.4,17.5,79.5,19.9,5.1,12.9,40.0,3.0,8509.0,166.0,715.0,782.0,80.0,334.0,372.0,73.0,299.0,0.0,2.0,0.0,0.0,0.0,0.0
40077,2.8,12.4,92.4,79.7,2.6,4.4,15.5,23.8,17.1,3.7,27.6,1.4,0.7,9.7,41.5,9518.0,41.9,38.3,20.4,10.6,20.7,41405.0,Latimer,OK,Oklahoma,2023.0,Crude prevalence,12.6,83.2,12.1,17.0,10.6,42.3,37.9,19.9,18.7,78.4,22.4,5.5,12.2,40.0,3.0,9444.0,144.0,731.0,539.0,111.0,575.0,6.0,101.0,528.0,0.0,3.0,0.0,0.0,0.0,0.0
40079,4.7,9.8,91.8,81.4,2.7,3.2,17.4,24.2,15.3,6.3,27.2,2.1,0.5,10.3,35.0,49053.0,38.7,40.8,18.6,15.4,19.4,51565.0,Le Flore,OK,Oklahoma,2023.0,Crude prevalence,12.3,82.7,10.8,15.1,9.1,40.3,37.9,19.8,17.3,78.5,21.9,4.7,12.7,40.0,12.0,48129.0,1127.0,3768.0,5305.0,706.0,2493.0,1525.0,552.0,1908.0,3.0,7.0,4.0,2.0,1.0,1.0
40081,2.7,8.3,93.6,82.1,2.2,2.0,12.0,29.7,9.8,3.4,19.7,1.0,0.6,14.3,29.5,34219.0,41.5,39.2,24.9,16.1,17.3,62216.0,Lincoln,OK,Oklahoma,2023.0,Crude prevalence,11.7,84.7,9.8,14.1,8.6,44.1,33.3,18.0,15.9,78.7,18.9,4.3,10.3,40.0,8.0,33458.0,441.0,1968.0,277.0,349.0,1584.0,0.0,309.0,1406.0,0.0,3.0,0.0,0.0,0.0,0.0
40083,2.5,6.0,96.6,91.2,2.1,2.4,11.5,29.0,8.4,3.4,14.8,1.9,0.6,11.9,41.3,51938.0,40.6,31.4,21.5,31.4,11.6,83899.0,Logan,OK,Oklahoma,2023.0,Crude prevalence,11.2,86.0,7.4,12.0,6.9,40.2,28.8,16.9,13.3,78.9,15.3,3.5,9.4,40.0,13.0,49555.0,605.0,1907.0,5823.0,314.0,932.0,3343.0,262.0,768.0,4.0,3.0,0.0,1.0,0.0,1.0
40085,4.8,8.7,94.1,84.1,3.1,1.9,13.2,23.4,17.6,3.2,27.0,3.4,1.3,8.0,21.9,10261.0,39.1,37.2,25.3,16.6,15.0,66580.0,Love,OK,Oklahoma,2023.0,Crude prevalence,11.4,84.4,9.3,14.4,8.5,38.8,35.0,18.0,15.9,78.3,18.5,4.3,13.7,40.0,3.0,10146.0,126.0,537.0,714.0,65.0,347.0,162.0,49.0,287.0,0.0,1.0,0.0,0.0,0.0,0.0
40087,2.6,7.9,96.0,92.2,3.0,2.0,9.5,27.9,6.9,1.6,20.7,1.8,0.3,11.0,39.3,45273.0,38.6,32.0,22.2,28.7,8.5,84552.0,McClain,OK,Oklahoma,2023.0,Crude prevalence,11.1,85.7,7.1,11.3,6.6,38.5,28.6,17.1,13.5,77.7,15.4,3.3,9.8,40.0,9.0,41662.0,258.0,1281.0,1626.0,192.0,835.0,580.0,161.0,704.0,1.0,0.0,0.0,0.0,0.0,0.0
40089,5.0,8.9,88.5,81.5,2.6,3.2,15.0,24.0,20.5,7.2,26.9,2.3,1.1,9.7,31.5,30863.0,37.7,41.1,21.0,16.3,21.2,51929.0,McCurtain,OK,Oklahoma,2023.0,Crude prevalence,12.5,83.2,10.5,15.5,8.9,42.6,36.5,19.5,17.0,78.5,21.2,4.8,12.4,40.0,9.0,30814.0,802.0,2376.0,3385.0,542.0,1694.0,2119.0,468.0,1473.0,1.0,5.0,1.0,3.0,1.0,2.0
40091,4.3,8.3,91.4,78.2,2.2,2.0,18.4,26.7,34.6,5.0,23.4,1.0,0.8,11.5,36.9,19400.0,47.1,41.5,22.7,15.9,21.1,46281.0,McIntosh,OK,Oklahoma,2023.0,Crude prevalence,12.4,85.3,12.4,17.7,11.1,44.8,39.8,18.9,18.6,80.8,21.8,5.6,11.3,40.0,8.0,18941.0,391.0,1589.0,1038.0,245.0,1044.0,74.0,208.0,894.0,0.0,7.0,1.0,0.0,0.0,0.0
40093,4.3,5.5,95.9,90.3,1.6,4.6,8.2,25.4,14.4,2.8,17.5,1.6,0.8,8.3,33.9,7628.0,42.0,41.5,20.0,20.1,11.0,71266.0,Major,OK,Oklahoma,2023.0,Crude prevalence,11.0,85.8,9.1,13.3,8.4,41.9,33.9,16.9,15.1,78.5,16.9,4.1,11.0,40.0,3.0,7782.0,90.0,405.0,1310.0,45.0,240.0,409.0,35.0,204.0,0.0,0.0,0.0,0.0,0.0,0.0
40095,5.1,8.5,93.1,83.8,2.5,3.0,18.1,25.2,32.3,3.1,22.4,2.4,0.5,5.0,32.9,15792.0,41.6,36.2,23.3,18.2,16.1,57245.0,Marshall,OK,Oklahoma,2023.0,Crude prevalence,11.6,85.3,10.5,15.7,9.6,39.4,37.3,17.8,16.9,79.6,18.7,4.8,13.6,40.0,6.0,15312.0,186.0,723.0,108.0,130.0,369.0,0.0,116.0,305.0,0.0,3.0,0.0,0.0,0.0,0.0
40097,3.0,7.5,92.8,88.2,3.6,2.3,14.9,25.1,16.7,4.5,25.6,2.4,1.1,7.8,32.9,39604.0,40.4,39.5,22.8,18.0,16.2,60305.0,Mayes,OK,Oklahoma,2023.0,Crude prevalence,12.4,84.4,10.0,14.6,8.7,41.8,34.9,19.0,16.7,78.8,20.3,4.5,10.5,40.0,10.0,39046.0,687.0,2160.0,8377.0,490.0,1517.0,6076.0,401.0,1246.0,3.0,5.0,2.0,2.0,1.0,1.0
40099,4.4,8.8,92.0,78.0,1.4,1.9,12.5,21.4,24.4,4.1,27.9,1.9,1.0,5.8,30.7,13753.0,41.6,40.6,21.2,19.6,12.7,66322.0,Murray,OK,Oklahoma,2023.0,Crude prevalence,11.7,85.6,9.5,14.3,8.7,41.4,34.9,17.5,15.9,79.7,17.9,4.4,11.0,40.0,5.0,13904.0,204.0,605.0,1821.0,115.0,399.0,986.0,88.0,326.0,1.0,1.0,0.0,0.0,0.0,0.0
40101,3.7,8.6,92.6,79.4,3.0,5.2,13.9,22.1,12.3,7.5,33.5,1.8,1.7,10.2,38.5,66444.0,37.9,35.8,22.8,18.8,19.1,53619.0,Muskogee,OK,Oklahoma,2023.0,Crude prevalence,12.6,83.2,10.1,15.2,8.5,41.5,35.8,20.1,17.1,78.9,20.7,4.6,12.1,40.0,20.0,66339.0,1931.0,5071.0,11612.0,623.0,1797.0,3639.0,364.0,1113.0,12.0,9.0,3.0,3.0,2.0,0.0
40103,3.1,7.1,91.6,82.5,1.5,1.0,5.8,19.2,18.3,2.3,22.3,0.9,1.5,15.9,31.2,10897.0,42.2,33.7,26.6,18.2,12.9,66365.0,Noble,OK,Oklahoma,2023.0,Crude prevalence,11.5,86.3,8.8,13.3,8.2,41.6,33.3,17.3,15.2,80.1,16.8,4.1,9.4,40.0,4.0,10924.0,97.0,450.0,1787.0,65.0,284.0,759.0,54.0,223.0,1.0,0.0,0.0,0.0,0.0,0.0
40105,1.9,6.3,91.5,73.3,2.4,2.2,15.2,28.1,15.5,4.0,26.5,3.2,1.7,4.6,35.1,9435.0,41.3,42.7,21.8,16.8,17.2,54333.0,Nowata,OK,Oklahoma,2023.0,Crude prevalence,12.3,85.0,10.2,15.2,9.0,40.5,35.1,18.7,16.7,79.6,20.3,4.7,10.2,40.0,4.0,9320.0,146.0,648.0,759.0,99.0,432.0,104.0,78.0,339.0,0.0,2.0,0.0,0.0,0.0,0.0
40107,4.6,10.0,91.6,81.7,1.6,2.7,13.6,25.5,16.4,8.4,31.2,2.5,1.3,6.3,28.6,11278.0,40.5,40.2,22.9,14.3,25.8,48363.0,Okfuskee,OK,Oklahoma,2023.0,Crude prevalence,12.5,82.1,12.1,17.3,10.1,45.8,39.0,19.9,18.4,78.0,24.4,5.4,13.5,40.0,4.0,11310.0,337.0,761.0,1754.0,186.0,450.0,348.0,147.0,368.0,0.0,3.0,1.0,0.0,0.0,0.0
40109,5.0,6.5,95.9,91.7,3.1,3.2,13.7,21.9,9.0,6.7,41.8,2.1,0.7,8.7,40.6,806199.0,35.2,23.9,21.3,35.9,16.0,66679.0,Oklahoma,OK,Oklahoma,2023.0,Crude prevalence,11.5,84.4,7.0,12.6,6.7,37.7,29.2,17.4,13.3,78.1,14.3,3.5,12.5,40.0,266.0,796292.0,21827.0,48425.0,95960.0,1581.0,4314.0,45987.0,824.0,2263.0,243.0,135.0,4.0,16.0,1.0,4.0
40111,3.2,8.1,91.6,83.7,3.8,3.0,13.0,24.7,14.9,6.6,29.9,3.1,1.0,7.3,39.0,36899.0,39.5,34.3,23.7,17.7,18.0,54029.0,Okmulgee,OK,Oklahoma,2023.0,Crude prevalence,12.7,83.8,9.9,15.4,8.6,45.0,37.2,19.5,16.5,78.6,20.0,4.6,11.1,40.0,11.0,36706.0,937.0,3042.0,3319.0,321.0,1340.0,1285.0,227.0,1027.0,4.0,5.0,3.0,2.0,1.0,0.0
40113,2.2,7.7,94.4,88.9,2.9,2.9,10.5,24.6,12.6,5.7,21.7,2.3,0.4,7.9,37.6,45997.0,43.5,35.2,21.5,22.7,13.1,62847.0,Osage,OK,Oklahoma,2023.0,Crude prevalence,12.1,86.1,9.2,14.4,8.7,46.4,31.9,17.4,15.3,80.4,17.9,4.5,10.1,40.0,13.0,45818.0,984.0,2418.0,6954.0,639.0,1520.0,1872.0,379.0,1033.0,2.0,3.0,1.0,1.0,0.0,1.0
40115,3.9,8.4,91.8,82.6,1.6,2.7,15.9,20.6,13.0,6.1,32.5,2.5,0.9,10.7,35.7,30341.0,37.2,35.7,26.6,15.0,20.9,49947.0,Ottawa,OK,Oklahoma,2023.0,Crude prevalence,12.6,82.6,10.7,15.2,9.1,41.7,36.3,19.8,17.1,78.1,21.3,4.7,11.8,40.0,9.0,30285.0,726.0,2096.0,4089.0,344.0,991.0,1506.0,270.0,756.0,5.0,6.0,3.0,0.0,1.0,0.0
40117,3.3,9.4,94.4,81.8,2.4,2.5,12.3,28.0,16.6,3.9,20.5,1.7,0.5,10.8,34.5,15795.0,41.6,40.4,22.2,16.9,18.2,58738.0,Pawnee,OK,Oklahoma,2023.0,Crude prevalence,11.9,84.9,9.9,14.3,8.8,39.7,33.3,18.2,16.0,79.0,19.3,4.4,10.7,40.0,5.0,15553.0,241.0,947.0,381.0,135.0,627.0,8.0,110.0,542.0,0.0,3.0,0.0,0.0,0.0,0.0
40119,2.6,3.9,96.3,87.2,3.4,2.3,11.0,18.4,12.0,5.9,49.0,1.6,1.3,8.2,48.8,82972.0,27.7,27.3,19.2,39.7,22.6,49809.0,Payne,OK,Oklahoma,2023.0,Crude prevalence,11.5,78.5,6.7,9.8,5.7,33.9,27.1,19.1,12.3,75.3,14.0,2.9,9.4,40.0,23.0,81646.0,1924.0,3303.0,15204.0,597.0,1371.0,7122.0,411.0,1081.0,15.0,14.0,3.0,2.0,2.0,1.0
40121,3.6,8.7,93.3,87.5,3.0,2.5,14.8,21.3,19.8,7.1,28.6,1.2,0.6,10.8,38.9,43561.0,40.6,35.8,22.4,20.2,17.7,55310.0,Pittsburg,OK,Oklahoma,2023.0,Crude prevalence,11.8,84.2,9.9,14.3,8.9,40.1,33.8,18.2,16.2,79.1,19.2,4.5,11.2,40.0,14.0,43773.0,1261.0,3243.0,4283.0,552.0,1469.0,641.0,423.0,1171.0,4.0,5.0,2.0,2.0,0.0,0.0
40123,2.5,6.9,94.9,87.3,2.2,8.0,16.3,17.7,13.7,6.4,34.0,1.5,0.4,8.4,29.2,38235.0,37.7,32.8,19.9,30.3,12.6,63017.0,Pontotoc,OK,Oklahoma,2023.0,Crude prevalence,11.8,84.7,7.9,12.3,7.4,39.9,29.7,17.9,14.3,78.6,16.5,3.8,9.8,40.0,11.0,38065.0,972.0,2330.0,9436.0,419.0,1203.0,5457.0,271.0,863.0,6.0,3.0,1.0,1.0,1.0,0.0
40125,2.5,8.9,93.9,87.4,2.9,4.0,12.2,24.2,11.2,4.3,29.6,2.4,0.5,8.4,33.0,73463.0,37.9,35.0,25.0,20.4,15.9,61398.0,Pottawatomie,OK,Oklahoma,2023.0,Crude prevalence,12.3,84.3,8.9,13.0,7.5,41.2,32.2,19.2,15.2,79.5,18.1,3.9,10.3,40.0,20.0,72454.0,1167.0,5005.0,3756.0,542.0,2558.0,1355.0,396.0,1969.0,8.0,5.0,1.0,0.0,0.0,0.0
40127,3.1,9.1,89.0,73.3,2.2,2.7,18.5,25.7,22.4,6.7,25.1,1.8,0.4,13.5,31.5,10790.0,43.8,41.9,21.7,15.6,20.7,47940.0,Pushmataha,OK,Oklahoma,2023.0,Crude prevalence,12.4,84.1,12.8,17.7,11.0,39.1,39.6,19.2,18.9,79.5,23.6,5.6,12.2,40.0,4.0,10812.0,298.0,785.0,1980.0,152.0,525.0,984.0,124.0,467.0,0.0,3.0,1.0,0.0,0.0,0.0
40129,1.5,4.2,93.9,89.2,1.9,1.3,10.5,25.8,23.3,1.7,16.9,0.6,0.4,5.1,37.7,3359.0,42.0,36.4,25.4,24.9,14.7,66094.0,Roger Mills,OK,Oklahoma,2023.0,Crude prevalence,11.2,86.1,9.9,14.6,9.3,40.3,33.5,17.1,15.6,80.2,17.4,4.5,10.0,40.0,1.0,3442.0,24.0,148.0,1771.0,21.0,129.0,1481.0,20.0,123.0,0.0,0.0,0.0,0.0,0.0,0.0
40131,2.4,4.9,96.6,90.6,3.0,1.8,11.0,25.7,6.9,2.8,22.2,2.2,0.7,9.7,32.2,98610.0,39.1,33.1,22.7,26.7,8.9,80067.0,Rogers,OK,Oklahoma,2023.0,Crude prevalence,11.4,85.8,7.6,12.4,7.2,40.1,28.5,16.9,13.9,78.0,15.7,3.6,9.0,40.0,28.0,95240.0,1012.0,3941.0,12489.0,554.0,2384.0,4354.0,399.0,1842.0,9.0,6.0,0.0,0.0,0.0,0.0
40133,3.7,9.8,89.5,80.7,3.2,2.6,17.1,24.0,19.0,7.0,29.0,2.6,0.9,7.5,38.9,23494.0,39.2,37.2,23.8,15.9,21.7,48062.0,Seminole,OK,Oklahoma,2023.0,Crude prevalence,12.7,82.8,11.4,16.1,9.6,45.0,37.9,20.3,18.2,79.1,22.5,5.0,12.3,40.0,9.0,23556.0,614.0,2014.0,1347.0,322.0,1024.0,709.0,262.0,838.0,2.0,7.0,1.0,0.0,1.0,0.0
40135,4.4,10.7,91.8,82.5,2.5,2.5,15.1,25.0,15.9,5.2,29.2,3.3,0.6,7.6,36.3,39860.0,40.6,38.7,20.8,15.2,20.2,51093.0,Sequoyah,OK,Oklahoma,2023.0,Crude prevalence,12.8,83.3,11.5,16.6,9.7,47.1,37.4,20.3,18.4,79.2,22.8,5.1,12.2,40.0,12.0,39281.0,806.0,3283.0,2491.0,401.0,1866.0,726.0,304.0,1443.0,3.0,8.0,1.0,1.0,0.0,0.0
40137,3.0,7.2,93.9,86.4,2.8,2.2,12.6,23.7,13.6,5.7,25.6,1.4,0.7,5.5,40.8,43551.0,41.0,41.6,22.3,20.6,18.0,61620.0,Stephens,OK,Oklahoma,2023.0,Crude prevalence,11.6,84.9,9.8,14.2,8.8,39.1,34.3,17.9,16.0,79.6,18.6,4.4,11.3,40.0,11.0,42848.0,1002.0,3096.0,10389.0,432.0,1246.0,7344.0,351.0,969.0,6.0,3.0,1.0,1.0,0.0,1.0
40139,15.7,8.2,91.3,87.4,2.2,5.1,11.9,16.9,19.3,5.1,33.6,3.5,1.7,6.7,35.0,20774.0,33.0,32.0,17.7,22.1,15.7,60069.0,Texas,OK,Oklahoma,2023.0,Crude prevalence,10.3,81.8,7.2,13.7,7.0,44.1,37.4,16.9,15.1,75.0,16.0,3.5,21.5,40.0,6.0,21384.0,345.0,458.0,7055.0,168.0,179.0,5813.0,156.0,156.0,4.0,2.0,2.0,0.0,2.0,0.0
40141,8.4,9.4,87.5,74.9,3.1,3.1,10.4,23.7,28.8,9.6,27.2,1.9,0.0,3.4,46.8,6910.0,40.8,40.9,18.4,16.8,21.0,48939.0,Tillman,OK,Oklahoma,2023.0,Crude prevalence,11.1,85.0,9.8,16.2,9.2,44.0,37.4,17.2,16.6,79.2,18.1,4.7,15.9,40.0,5.0,6968.0,257.0,517.0,151.0,55.0,146.0,20.0,36.0,108.0,0.0,3.0,0.0,0.0,0.0,0.0
40143,4.5,5.6,96.0,91.4,3.5,2.6,13.3,20.3,8.5,6.3,40.3,2.3,1.0,9.2,36.7,680794.0,36.0,24.9,21.8,34.4,14.7,69009.0,Tulsa,OK,Oklahoma,2023.0,Crude prevalence,11.2,84.8,7.2,11.7,6.6,35.7,30.8,17.9,13.5,76.6,14.7,3.4,11.6,40.0,208.0,669279.0,17116.0,34993.0,82858.0,1368.0,3484.0,31548.0,541.0,1615.0,193.0,79.0,6.0,11.0,2.0,2.0
40145,2.7,5.1,96.6,92.7,2.7,2.0,11.3,26.2,8.2,2.7,18.7,2.1,0.5,8.7,33.4,86609.0,38.9,30.8,23.4,27.7,9.2,81207.0,Wagoner,OK,Oklahoma,2023.0,Crude prevalence,11.2,86.0,7.4,11.9,6.8,36.1,28.4,16.7,13.5,78.1,15.5,3.5,9.4,40.0,25.0,80981.0,838.0,2692.0,21031.0,471.0,1446.0,10833.0,332.0,990.0,14.0,3.0,1.0,1.0,1.0,1.0
40147,1.7,5.7,93.4,86.9,2.5,6.2,11.1,20.7,11.7,5.3,28.1,1.4,0.3,11.6,39.4,53326.0,39.2,34.8,20.2,30.1,16.1,60162.0,Washington,OK,Oklahoma,2023.0,Crude prevalence,11.6,85.5,8.8,13.2,8.2,42.4,30.9,17.2,14.6,78.9,16.9,4.1,10.0,40.0,14.0,52455.0,1111.0,3254.0,10978.0,223.0,923.0,4806.0,116.0,571.0,10.0,6.0,2.0,1.0,0.0,0.0
40149,2.7,9.1,92.3,84.1,3.4,2.6,11.4,22.4,19.6,3.0,24.0,1.2,0.2,10.0,25.4,10815.0,40.6,41.0,20.7,20.3,14.1,63501.0,Washita,OK,Oklahoma,2023.0,Crude prevalence,11.2,85.3,9.3,13.4,8.4,39.5,32.5,17.2,15.1,78.8,17.5,4.1,10.9,40.0,4.0,10924.0,123.0,616.0,1182.0,65.0,355.0,719.0,58.0,318.0,0.0,2.0,1.0,0.0,1.0,0.0
40151,3.4,7.0,93.2,84.0,2.8,1.4,7.6,14.7,19.4,7.9,34.7,0.1,0.7,5.9,51.6,8596.0,34.3,28.8,23.0,32.5,19.9,53275.0,Woods,OK,Oklahoma,2023.0,Crude prevalence,10.9,82.1,7.6,11.1,7.2,36.6,29.1,17.9,13.4,77.2,14.7,3.5,10.1,40.0,4.0,8624.0,282.0,328.0,2291.0,188.0,204.0,1103.0,169.0,183.0,1.0,2.0,2.0,1.0,1.0,1.0
40153,2.4,9.3,93.8,89.6,3.9,1.6,12.5,21.3,15.6,4.0,26.8,0.6,0.0,7.6,26.9,20158.0,37.8,39.2,24.3,20.7,14.0,61417.0,Woodward,OK,Oklahoma,2023.0,Crude prevalence,10.9,84.2,8.2,12.1,7.5,41.5,30.7,17.4,14.3,77.0,16.9,3.7,12.2,40.0,5.0,20470.0,317.0,731.0,6477.0,87.0,274.0,5399.0,64.0,216.0,3.0,2.0,1.0,0.0,1.0,0.0
41001,3.1,4.7,93.1,87.8,2.7,3.4,4.2,15.1,15.7,5.3,28.5,0.7,0.7,4.5,37.7,16840.0,47.0,27.5,25.2,26.1,14.9,60936.0,Baker,OR,Oregon,2023.0,Crude prevalence,11.9,85.8,9.1,13.6,9.0,37.7,21.3,16.7,15.7,76.2,13.8,4.4,7.7,41.0,6.0,16668.0,392.0,1225.0,2931.0,134.0,583.0,1504.0,100.0,478.0,2.0,3.0,1.0,0.0,0.0,0.0
41003,1.6,3.0,97.5,92.9,4.3,3.4,4.8,19.6,5.9,7.4,43.1,0.9,0.7,7.5,55.1,96303.0,34.5,13.9,18.9,54.2,18.2,77702.0,Benton,OR,Oregon,2023.0,Crude prevalence,11.6,80.4,5.7,9.3,5.7,25.9,16.2,18.0,12.0,71.5,9.6,2.8,6.7,41.0,22.0,95184.0,2867.0,5123.0,24040.0,681.0,1516.0,14661.0,367.0,1039.0,17.0,10.0,3.0,3.0,1.0,3.0
41005,1.8,3.4,97.2,94.0,2.8,3.2,4.3,26.5,6.0,4.8,29.3,1.5,0.7,8.7,44.6,423975.0,42.3,21.3,23.5,40.5,7.7,103517.0,Clackamas,OR,Oregon,2023.0,Crude prevalence,11.6,86.0,6.0,10.5,6.1,34.0,19.7,16.5,13.1,73.9,10.5,3.1,6.7,41.0,87.0,421401.0,7916.0,16492.0,94632.0,2262.0,5172.0,41926.0,1285.0,3326.0,69.0,12.0,4.0,13.0,3.0,8.0
41007,1.4,5.4,96.4,92.7,2.6,4.9,7.1,21.6,23.1,7.7,36.8,0.8,1.3,10.2,40.5,41363.0,46.0,25.5,26.8,28.7,12.3,71822.0,Clatsop,OR,Oregon,2023.0,Crude prevalence,12.1,85.4,8.3,12.6,8.0,34.8,21.5,17.0,15.2,75.4,13.2,4.0,8.2,41.0,11.0,41072.0,1387.0,2752.0,6610.0,381.0,1111.0,3333.0,240.0,714.0,5.0,3.0,2.0,2.0,1.0,1.0
41009,2.3,8.0,96.1,93.3,2.4,4.5,5.4,31.7,5.6,4.4,23.9,1.6,0.7,8.7,45.0,53493.0,43.3,33.8,27.1,19.8,8.9,87458.0,Columbia,OR,Oregon,2023.0,Crude prevalence,12.2,84.2,7.9,12.1,7.2,33.5,22.1,18.0,14.9,72.3,14.3,3.7,8.1,41.0,11.0,52589.0,915.0,3258.0,2547.0,349.0,1472.0,799.0,277.0,1172.0,3.0,6.0,1.0,0.0,0.0,0.0
41011,1.8,6.5,94.5,90.8,3.1,4.4,6.9,18.3,9.9,7.0,28.8,1.5,0.4,10.4,41.5,64827.0,48.6,30.0,28.0,22.6,16.1,62143.0,Coos,OR,Oregon,2023.0,Crude prevalence,12.4,85.3,9.9,14.2,9.4,34.1,24.1,17.4,17.2,76.3,15.2,4.7,8.6,41.0,21.0,64929.0,2006.0,6711.0,4997.0,500.0,2423.0,1795.0,320.0,1784.0,10.0,12.0,2.0,3.0,1.0,1.0
41013,2.9,7.7,96.3,89.4,3.4,4.2,5.7,26.7,8.6,4.9,25.9,3.3,1.2,15.8,40.8,26277.0,47.2,32.1,25.9,21.3,11.3,81965.0,Crook,OR,Oregon,2023.0,Crude prevalence,12.0,85.8,8.1,12.5,7.9,36.1,21.2,17.1,14.8,74.9,13.0,3.9,7.9,41.0,7.0,24738.0,533.0,1579.0,2797.0,267.0,897.0,1373.0,244.0,815.0,1.0,2.0,0.0,1.0,0.0,0.0
41015,1.5,7.2,94.1,89.6,2.6,2.0,4.9,18.5,15.6,4.1,25.8,1.9,0.8,13.0,35.2,23381.0,57.7,30.2,29.5,22.1,15.2,62244.0,Curry,OR,Oregon,2023.0,Crude prevalence,12.1,88.1,10.5,15.7,10.5,38.4,23.8,16.1,16.9,77.6,13.4,5.2,8.1,41.0,7.0,23446.0,452.0,1676.0,2193.0,262.0,986.0,905.0,205.0,830.0,2.0,6.0,2.0,0.0,0.0,0.0
41017,1.5,3.1,97.8,92.7,2.8,2.6,6.2,19.6,14.5,4.0,30.0,2.6,0.6,9.6,40.5,206334.0,42.9,19.8,21.4,45.0,8.8,92758.0,Deschutes,OR,Oregon,2023.0,Crude prevalence,11.6,85.8,6.4,10.2,6.4,27.2,16.6,15.7,12.7,75.1,10.6,3.2,6.8,41.0,45.0,198253.0,3411.0,8417.0,56265.0,1228.0,3942.0,26565.0,730.0,2625.0,28.0,8.0,3.0,6.0,1.0,5.0
41019,3.1,5.7,93.0,88.8,2.7,4.6,5.2,20.6,6.0,5.2,27.3,1.4,0.7,9.8,41.4,112072.0,46.5,31.6,29.0,19.3,16.3,61310.0,Douglas,OR,Oregon,2023.0,Crude prevalence,12.8,84.7,9.7,14.3,9.1,37.6,25.8,17.8,16.7,76.0,14.5,4.5,8.6,41.0,29.0,111201.0,2452.0,10041.0,11937.0,656.0,3600.0,3498.0,343.0,2263.0,12.0,16.0,7.0,3.0,2.0,0.0
41021,1.2,10.1,93.5,87.7,1.4,2.4,5.6,19.0,23.1,5.1,25.9,0.0,0.0,8.7,29.0,1971.0,50.1,30.6,29.8,21.0,15.3,66917.0,Gilliam,OR,Oregon,2023.0,Crude prevalence,12.3,85.7,10.4,14.8,9.8,35.4,25.5,17.2,17.1,76.1,14.8,4.9,9.1,41.0,1.0,1995.0,45.0,101.0,726.0,28.0,62.0,448.0,25.0,56.0,0.0,0.0,0.0,0.0,0.0,0.0
41023,1.7,6.6,91.8,81.6,2.6,2.7,7.5,20.1,17.2,2.4,23.3,1.6,0.8,5.2,32.8,7209.0,50.4,31.4,33.9,17.7,12.8,59450.0,Grant,OR,Oregon,2023.0,Crude prevalence,12.1,86.0,10.2,14.6,10.0,33.6,24.7,16.9,16.7,75.9,14.4,4.9,8.0,41.0,3.0,7233.0,83.0,538.0,1454.0,49.0,338.0,1038.0,36.0,266.0,0.0,2.0,2.0,0.0,1.0,0.0
41025,3.7,5.7,90.1,83.0,2.0,3.8,6.2,14.0,16.2,7.8,32.6,4.2,0.4,9.9,30.5,7499.0,45.9,35.2,25.8,18.3,13.7,55208.0,Harney,OR,Oregon,2023.0,Crude prevalence,12.6,84.3,10.6,15.0,9.8,38.8,26.5,18.5,17.5,74.5,16.2,4.9,8.9,41.0,3.0,7495.0,245.0,723.0,2405.0,96.0,317.0,1869.0,64.0,223.0,1.0,2.0,1.0,0.0,1.0,0.0
41027,10.0,3.5,98.1,95.0,2.6,2.3,9.5,18.3,13.1,5.8,30.6,2.3,0.7,11.2,38.1,23905.0,40.7,17.6,20.5,41.0,8.0,88947.0,Hood River,OR,Oregon,2023.0,Crude prevalence,11.3,84.6,6.4,11.3,6.4,31.5,20.7,16.1,13.8,72.4,11.4,3.2,11.3,41.0,6.0,23977.0,516.0,1202.0,4810.0,129.0,586.0,2711.0,72.0,434.0,4.0,0.0,0.0,1.0,0.0,0.0
41029,2.5,5.5,96.3,91.1,3.1,3.8,5.7,19.1,6.1,5.8,34.1,1.8,1.1,10.5,45.5,222645.0,42.8,25.6,25.7,31.7,12.4,73999.0,Jackson,OR,Oregon,2023.0,Crude prevalence,12.1,84.7,8.0,12.7,7.5,32.8,21.8,18.0,14.8,75.5,12.9,3.8,9.3,41.0,52.0,223259.0,5299.0,16488.0,35446.0,1099.0,4822.0,15523.0,569.0,3211.0,38.0,19.0,5.0,8.0,4.0,4.0
41031,4.6,6.4,97.3,89.9,4.4,5.8,7.3,25.3,16.9,4.5,28.0,2.8,1.5,6.5,37.3,25203.0,41.5,32.7,25.8,21.2,13.4,76260.0,Jefferson,OR,Oregon,2023.0,Crude prevalence,12.1,83.0,8.0,13.4,7.6,35.5,23.3,18.1,15.6,72.7,14.6,3.9,11.2,41.0,8.0,24502.0,397.0,2176.0,3870.0,198.0,1232.0,1694.0,137.0,947.0,2.0,5.0,3.0,1.0,1.0,0.0
41033,2.2,7.4,95.1,91.3,3.2,4.2,6.6,21.5,7.1,4.8,28.3,2.0,1.2,10.4,45.5,88179.0,47.3,31.0,29.3,19.7,15.6,60098.0,Josephine,OR,Oregon,2023.0,Crude prevalence,12.4,84.4,10.4,14.8,9.5,33.8,25.7,18.1,17.5,75.2,15.5,4.9,9.6,41.0,22.0,88090.0,1763.0,8836.0,9555.0,366.0,3673.0,4083.0,190.0,2420.0,11.0,18.0,3.0,1.0,2.0,0.0
41035,3.3,7.3,95.0,86.1,3.6,3.8,6.8,17.9,12.6,6.6,30.6,1.9,0.8,7.1,47.8,70247.0,41.3,33.0,24.4,22.7,18.3,58830.0,Klamath,OR,Oregon,2023.0,Crude prevalence,12.5,83.0,9.4,14.1,8.6,37.9,26.3,18.7,16.6,73.6,15.1,4.3,10.3,41.0,22.0,69413.0,1921.0,6861.0,8826.0,398.0,2283.0,3210.0,264.0,1803.0,11.0,15.0,3.0,2.0,1.0,1.0
41037,5.1,4.0,87.8,74.2,2.0,5.9,4.9,13.8,17.8,5.1,32.7,2.0,0.3,3.6,47.1,8267.0,45.7,36.8,24.3,21.1,14.9,62787.0,Lake,OR,Oregon,2023.0,Crude prevalence,12.0,84.1,10.0,14.7,9.4,37.7,25.7,17.5,16.8,74.8,15.6,4.7,10.0,41.0,2.0,8160.0,178.0,591.0,2463.0,108.0,394.0,1806.0,98.0,361.0,0.0,1.0,1.0,1.0,1.0,1.0
41039,2.1,4.6,97.2,92.1,3.9,4.4,5.6,20.2,5.5,7.7,40.3,1.7,0.9,8.5,46.4,384207.0,40.3,22.9,26.2,34.0,15.3,71544.0,Lane,OR,Oregon,2023.0,Crude prevalence,12.2,81.7,7.5,10.8,6.8,34.3,19.2,18.8,14.1,72.2,12.2,3.6,8.1,41.0,92.0,382971.0,12300.0,30686.0,46966.0,1774.0,6692.0,15373.0,936.0,4138.0,70.0,37.0,7.0,8.0,2.0,6.0
41041,2.3,5.5,95.6,91.0,3.9,2.7,7.9,22.1,29.2,4.5,28.5,1.9,0.7,9.9,41.0,50964.0,52.7,23.8,30.2,28.6,15.9,63165.0,Lincoln,OR,Oregon,2023.0,Crude prevalence,12.4,87.2,9.8,14.9,9.5,35.7,23.6,16.5,17.0,77.1,13.6,4.7,8.3,41.0,18.0,50395.0,1033.0,4876.0,8312.0,418.0,2442.0,5061.0,299.0,1759.0,8.0,10.0,1.0,1.0,1.0,1.0
41043,2.2,5.6,96.3,91.0,3.6,3.7,6.3,25.7,4.9,4.2,33.1,2.6,1.0,8.5,44.8,130706.0,40.1,29.6,29.6,21.6,13.0,76329.0,Linn,OR,Oregon,2023.0,Crude prevalence,12.5,83.0,8.0,12.0,7.1,40.1,22.6,18.8,15.2,73.4,14.2,3.7,8.9,41.0,28.0,128610.0,2150.0,10009.0,14082.0,636.0,3219.0,5590.0,408.0,2276.0,17.0,11.0,4.0,1.0,2.0,1.0
41045,7.7,8.6,91.7,87.6,2.6,3.6,9.0,19.0,12.2,6.7,36.8,6.9,2.2,6.2,32.2,31954.0,36.1,32.6,24.9,15.2,17.6,54519.0,Malheur,OR,Oregon,2023.0,Crude prevalence,11.7,79.6,8.6,13.9,7.8,41.2,28.3,18.9,16.7,70.6,15.9,4.0,15.7,41.0,8.0,31571.0,694.0,2916.0,3581.0,340.0,1252.0,1950.0,269.0,932.0,2.0,5.0,3.0,2.0,1.0,2.0
41047,6.9,7.0,96.1,91.6,3.3,4.3,8.6,24.1,4.1,6.2,37.7,3.6,1.6,9.3,44.2,349244.0,37.5,25.6,25.0,26.0,13.0,77351.0,Marion,OR,Oregon,2023.0,Crude prevalence,12.2,82.2,7.2,12.5,6.5,43.4,22.2,18.4,14.8,72.4,12.4,3.5,12.3,41.0,65.0,345920.0,7892.0,24964.0,50441.0,919.0,4091.0,22332.0,424.0,2096.0,51.0,23.0,4.0,8.0,2.0,3.0
41049,12.4,11.4,93.6,89.1,1.4,3.0,9.6,23.4,11.9,3.5,28.4,5.9,1.8,5.1,29.5,12300.0,36.3,30.3,26.7,10.1,13.2,75448.0,Morrow,OR,Oregon,2023.0,Crude prevalence,12.1,80.2,8.9,14.5,7.9,39.2,27.9,19.3,17.5,71.1,16.0,4.1,17.8,41.0,3.0,12186.0,151.0,843.0,2606.0,118.0,647.0,588.0,105.0,572.0,0.0,2.0,1.0,0.0,0.0,0.0
41051,3.5,4.0,97.2,93.6,4.0,5.3,5.6,24.4,5.8,12.6,46.6,1.7,1.6,9.3,43.7,801477.0,38.7,16.6,19.7,48.9,12.6,88766.0,Multnomah,OR,Oregon,2023.0,Crude prevalence,11.7,84.4,5.3,9.5,5.2,28.9,17.6,18.1,12.3,70.7,12.0,2.7,7.5,41.0,197.0,815428.0,44147.0,56291.0,53869.0,905.0,1944.0,20757.0,137.0,649.0,193.0,64.0,6.0,9.0,2.0,2.0
41053,2.9,5.4,96.1,91.3,3.4,4.5,4.9,25.3,5.4,4.8,35.3,2.1,1.2,12.1,39.7,89662.0,37.8,23.8,26.6,31.2,12.7,85118.0,Polk,OR,Oregon,2023.0,Crude prevalence,12.4,82.8,7.0,10.9,6.6,32.5,20.2,17.6,13.6,71.4,11.8,3.4,8.9,41.0,16.0,87433.0,1596.0,6530.0,19790.0,564.0,2374.0,11478.0,401.0,1722.0,11.0,6.0,2.0,5.0,2.0,3.0
41055,3.0,5.8,96.6,83.7,0.5,4.9,2.6,22.6,17.0,6.2,34.1,0.2,0.6,1.3,37.0,1938.0,44.7,33.5,30.8,16.0,22.0,60161.0,Sherman,OR,Oregon,2023.0,Crude prevalence,12.2,85.0,9.9,14.2,9.4,36.6,24.7,17.8,16.9,75.3,15.3,4.7,9.0,41.0,1.0,1870.0,50.0,191.0,341.0,38.0,144.0,174.0,34.0,129.0,0.0,1.0,0.0,0.0,0.0,0.0
41057,2.7,6.6,95.1,90.9,2.2,1.7,4.8,19.4,37.9,4.3,25.7,1.5,1.0,14.6,28.2,27496.0,49.0,27.7,27.5,26.2,12.7,69105.0,Tillamook,OR,Oregon,2023.0,Crude prevalence,11.9,86.1,9.0,13.5,8.6,32.1,22.1,16.6,15.5,75.9,13.2,4.3,8.7,41.0,10.0,27390.0,517.0,1921.0,2682.0,238.0,1072.0,1423.0,162.0,810.0,2.0,4.0,1.0,1.0,1.0,0.0
41059,7.6,8.2,93.5,87.1,3.0,3.2,6.7,19.1,10.8,5.2,32.1,2.9,0.9,12.2,31.7,79940.0,36.9,32.5,24.0,18.3,11.8,67728.0,Umatilla,OR,Oregon,2023.0,Crude prevalence,12.0,80.8,7.8,12.5,7.0,37.7,25.0,18.4,15.7,72.1,14.6,3.6,13.6,41.0,18.0,80075.0,1507.0,5875.0,12240.0,613.0,2387.0,7597.0,426.0,1677.0,9.0,11.0,5.0,2.0,3.0,0.0
41061,2.1,4.3,93.5,83.7,3.4,3.7,6.9,16.3,7.9,7.3,34.5,2.3,1.0,9.2,32.4,26144.0,40.0,32.5,25.7,26.1,16.1,65661.0,Union,OR,Oregon,2023.0,Crude prevalence,12.2,82.7,8.4,12.2,7.8,35.8,21.7,18.6,15.0,73.5,13.7,3.9,8.1,41.0,8.0,26196.0,794.0,2114.0,4138.0,203.0,766.0,2332.0,137.0,526.0,4.0,5.0,2.0,1.0,2.0,0.0
41063,1.0,5.1,95.6,84.2,2.1,2.2,6.3,15.4,22.1,3.7,27.5,2.5,0.1,11.9,32.7,7553.0,49.7,24.7,24.8,38.2,7.8,67112.0,Wallowa,OR,Oregon,2023.0,Crude prevalence,11.7,87.7,8.2,12.6,8.3,34.2,20.4,15.6,14.5,77.1,11.8,4.1,6.6,41.0,3.0,7391.0,126.0,406.0,793.0,74.0,250.0,458.0,61.0,212.0,0.0,3.0,0.0,0.0,0.0,0.0
41065,6.4,7.4,95.2,89.4,4.6,5.3,8.5,18.9,13.4,6.0,32.5,2.1,1.1,3.8,42.5,26552.0,41.0,26.4,25.6,22.4,11.6,64175.0,Wasco,OR,Oregon,2023.0,Crude prevalence,12.1,83.2,8.6,13.3,7.9,37.9,23.6,17.9,15.9,72.9,14.5,4.0,11.4,41.0,8.0,26670.0,638.0,2299.0,5090.0,189.0,798.0,1448.0,100.0,583.0,5.0,3.0,2.0,1.0,1.0,0.0
41067,3.6,3.6,98.0,95.4,3.1,3.5,5.2,24.0,3.2,5.6,39.2,2.3,1.2,10.2,39.1,603947.0,38.1,16.6,20.0,47.5,8.1,107772.0,Washington,OR,Oregon,2023.0,Crude prevalence,11.2,84.1,5.0,9.9,5.0,32.4,17.7,16.1,12.4,70.3,9.7,2.6,7.8,41.0,134.0,600372.0,13218.0,24720.0,114770.0,1532.0,3797.0,47809.0,528.0,1674.0,123.0,23.0,5.0,14.0,1.0,6.0
41069,3.1,6.0,92.7,81.5,1.2,0.3,3.2,24.0,22.6,3.4,28.2,0.0,0.6,0.0,49.1,1485.0,59.3,28.2,27.4,18.8,10.8,55284.0,Wheeler,OR,Oregon,2023.0,Crude prevalence,12.2,87.6,11.4,16.5,11.3,35.8,25.8,16.2,17.8,78.5,14.1,5.6,8.5,41.0,1.0,1451.0,24.0,78.0,465.0,17.0,54.0,304.0,15.0,48.0,0.0,1.0,0.0,0.0,0.0,0.0
41071,4.2,6.2,96.5,92.6,2.8,3.6,5.9,26.2,4.7,5.5,30.6,2.2,1.0,9.6,46.3,108734.0,39.7,27.1,24.9,29.6,10.3,90063.0,Yamhill,OR,Oregon,2023.0,Crude prevalence,11.8,83.7,6.8,11.2,6.4,37.0,20.8,16.9,13.9,72.5,11.8,3.3,9.4,41.0,19.0,107722.0,2172.0,6210.0,14353.0,659.0,2050.0,8733.0,488.0,1561.0,11.0,9.0,3.0,3.0,1.0,2.0
42001,3.0,5.6,94.3,90.0,2.1,2.2,6.0,28.2,6.5,4.5,21.1,0.7,0.3,11.5,32.5,106115.0,43.7,39.9,16.6,25.8,8.2,84092.0,,,,,,,,,,,,,,,,,,,42.0,27.0,103852.0,1832.0,3350.0,3957.0,976.0,1940.0,2379.0,779.0,1538.0,6.0,4.0,0.0,3.0,0.0,3.0
42003,1.5,2.9,94.0,90.8,3.3,3.2,3.8,25.2,10.1,11.9,34.8,0.6,0.4,8.8,37.4,1238177.0,40.6,25.2,14.8,45.8,11.5,78548.0,,,,,,,,,,,,,,,,,,,42.0,394.0,1250578.0,65143.0,70877.0,286641.0,5663.0,8695.0,110199.0,1729.0,2905.0,380.0,132.0,14.0,55.0,2.0,22.0
42005,1.9,5.1,90.9,86.8,2.5,4.4,4.0,28.6,12.7,7.8,21.2,0.6,0.3,11.5,31.8,64622.0,47.2,47.8,14.6,19.0,11.8,65008.0,,,,,,,,,,,,,,,,,,,42.0,19.0,65558.0,2195.0,4387.0,4321.0,1023.0,2288.0,3014.0,827.0,1886.0,6.0,12.0,0.0,6.0,0.0,5.0
42007,1.4,3.2,93.0,89.0,3.3,3.0,3.9,25.5,8.9,7.5,25.0,0.5,0.4,9.3,33.0,166324.0,44.7,36.7,17.5,28.7,9.9,71089.0,,,,,,,,,,,,,,,,,,,42.0,53.0,168215.0,5421.0,10006.0,36672.0,1324.0,2999.0,15380.0,676.0,1742.0,36.0,21.0,5.0,6.0,0.0,4.0
42009,3.2,6.3,87.2,83.1,2.2,2.6,7.8,26.5,16.2,5.7,22.5,0.8,0.3,10.2,39.8,47513.0,47.5,48.0,15.8,16.1,11.6,59992.0,,,,,,,,,,,,,,,,,,,42.0,12.0,47577.0,1128.0,3116.0,4949.0,686.0,2053.0,2989.0,608.0,1803.0,2.0,5.0,1.0,2.0,0.0,2.0
42011,4.6,7.0,93.3,89.6,3.5,3.3,7.3,25.4,4.9,8.7,28.7,1.1,0.7,9.3,42.7,433015.0,39.9,36.6,14.8,27.7,12.2,79777.0,,,,,,,,,,,,,,,,,,,42.0,107.0,428849.0,14157.0,22640.0,60352.0,2299.0,4277.0,29431.0,1385.0,2842.0,75.0,32.0,0.0,11.0,0.0,7.0
42013,1.9,4.2,89.5,86.2,2.6,3.6,5.8,20.5,9.6,8.6,27.6,0.6,0.2,10.2,36.2,121277.0,43.1,45.3,14.7,24.4,12.0,62382.0,,,,,,,,,,,,,,,,,,,42.0,38.0,122822.0,4324.0,9068.0,6442.0,924.0,1876.0,2714.0,530.0,1171.0,25.0,17.0,0.0,5.0,0.0,4.0
42015,2.8,6.5,91.9,85.4,3.5,2.9,6.7,24.1,16.5,6.9,27.8,0.7,0.3,8.0,30.8,59858.0,43.6,46.6,14.5,20.6,12.6,63675.0,,,,,,,,,,,,,,,,,,,42.0,15.0,59967.0,1710.0,3572.0,825.0,776.0,2041.0,51.0,673.0,1760.0,4.0,8.0,0.0,2.0,0.0,2.0
42017,1.9,3.1,97.0,94.8,2.9,2.1,3.9,29.0,3.1,4.9,22.2,1.1,0.5,8.6,39.3,647461.0,44.2,27.3,14.8,44.8,6.1,114764.0,,,,,,,,,,,,,,,,,,,42.0,147.0,646538.0,12107.0,19418.0,177666.0,3278.0,4304.0,86614.0,1462.0,2020.0,122.0,14.0,2.0,15.0,0.0,8.0
42019,1.1,3.2,94.2,90.6,2.7,2.1,3.4,27.4,7.5,5.5,23.1,0.4,0.2,9.4,32.6,197254.0,43.4,31.6,14.4,39.4,8.1,89843.0,,,,,,,,,,,,,,,,,,,42.0,47.0,193763.0,4415.0,7285.0,37054.0,1727.0,3020.0,18226.0,1141.0,2088.0,25.0,7.0,3.0,5.0,0.0,2.0
42021,2.1,4.8,89.8,84.9,2.5,4.3,3.3,23.4,13.2,10.4,23.6,0.6,0.2,7.7,34.9,131538.0,45.6,43.4,15.3,23.9,14.2,58418.0,,,,,,,,,,,,,,,,,,,42.0,42.0,133472.0,5807.0,10559.0,12012.0,1372.0,2869.0,3343.0,848.0,1891.0,23.0,23.0,3.0,12.0,0.0,4.0
42023,1.4,6.0,90.8,84.1,4.1,6.7,2.1,18.7,43.5,10.2,27.6,0.9,0.0,6.2,34.9,4427.0,53.0,49.9,18.3,12.6,13.5,50573.0,,,,,,,,,,,,,,,,,,,42.0,2.0,4547.0,227.0,577.0,715.0,91.0,250.0,497.0,72.0,201.0,0.0,2.0,1.0,0.0,0.0,0.0
42025,2.8,6.7,91.4,88.7,4.5,2.8,5.8,32.5,20.8,6.4,23.6,1.1,0.4,6.8,36.7,65382.0,46.3,43.4,16.9,19.2,12.3,67554.0,,,,,,,,,,,,,,,,,,,42.0,17.0,64749.0,1745.0,4252.0,1539.0,535.0,1659.0,282.0,318.0,1227.0,4.0,9.0,0.0,2.0,0.0,1.0
42027,2.0,3.4,93.5,85.5,2.4,1.7,5.2,20.2,11.2,11.1,38.2,0.8,1.5,8.0,49.1,158576.0,34.2,28.8,11.7,46.2,16.3,74291.0,,,,,,,,,,,,,,,,,,,42.0,41.0,158172.0,6579.0,4910.0,26482.0,2048.0,2011.0,13880.0,1307.0,1325.0,24.0,14.0,1.0,14.0,1.0,11.0
42029,2.5,2.6,97.0,94.7,2.5,2.3,4.4,26.9,3.6,4.3,24.9,0.9,0.5,8.8,38.9,547840.0,40.8,19.3,12.4,57.1,6.0,127208.0,,,,,,,,,,,,,,,,,,,42.0,124.0,534413.0,8790.0,11536.0,196741.0,3667.0,4468.0,109879.0,2346.0,2866.0,92.0,11.0,4.0,11.0,2.0,7.0
42031,3.3,5.4,90.6,85.3,3.0,3.9,6.1,24.6,20.2,6.5,27.5,0.6,0.2,5.8,38.7,37179.0,41.7,45.2,13.1,23.6,13.1,62649.0,,,,,,,,,,,,,,,,,,,42.0,13.0,37241.0,981.0,2363.0,516.0,628.0,1478.0,0.0,491.0,1157.0,1.0,9.0,0.0,2.0,0.0,2.0
42033,3.1,6.2,89.7,83.9,3.3,4.4,5.9,25.3,14.9,7.4,21.5,0.4,0.3,8.9,32.8,78635.0,45.4,45.8,13.5,20.2,14.6,62152.0,,,,,,,,,,,,,,,,,,,42.0,20.0,80562.0,2401.0,6255.0,11663.0,1257.0,3681.0,7937.0,905.0,2852.0,7.0,14.0,1.0,8.0,1.0,5.0
42035,3.1,6.6,90.2,84.9,3.3,3.1,10.5,23.6,17.2,9.0,27.7,1.1,0.3,9.0,34.4,37798.0,39.8,46.1,13.5,21.5,14.8,60816.0,,,,,,,,,,,,,,,,,,,42.0,10.0,37450.0,1382.0,2457.0,4314.0,848.0,1118.0,843.0,697.0,799.0,4.0,6.0,2.0,4.0,0.0,4.0
42037,2.0,5.4,92.9,87.8,3.5,2.6,4.0,21.7,11.6,7.3,30.5,0.4,0.1,10.0,32.0,65362.0,41.0,44.0,14.2,26.6,13.7,64644.0,,,,,,,,,,,,,,,,,,,42.0,16.0,64727.0,1917.0,2826.0,1536.0,796.0,1091.0,80.0,650.0,891.0,7.0,6.0,0.0,3.0,0.0,3.0
42039,3.7,5.6,89.4,85.0,2.7,3.3,9.0,23.3,19.7,10.5,25.3,0.8,0.5,9.4,36.0,82716.0,44.0,46.5,14.9,21.1,14.3,60476.0,,,,,,,,,,,,,,,,,,,42.0,23.0,83938.0,3560.0,6313.0,11940.0,1624.0,3242.0,5597.0,1233.0,2490.0,8.0,15.0,2.0,8.0,1.0,3.0
42041,2.1,4.2,94.9,92.2,2.3,2.2,5.4,21.8,4.4,5.0,28.7,0.8,0.4,8.0,33.7,268323.0,40.2,30.6,14.5,40.0,7.5,87494.0,,,,,,,,,,,,,,,,,,,42.0,55.0,259469.0,5365.0,8281.0,64286.0,1536.0,2842.0,27958.0,929.0,1646.0,41.0,13.0,3.0,10.0,1.0,5.0
42043,3.6,5.3,94.0,90.3,2.9,4.0,6.4,21.5,5.1,9.4,36.9,1.2,0.5,7.6,37.8,289593.0,39.4,31.5,16.1,34.4,12.9,76242.0,,,,,,,,,,,,,,,,,,,42.0,67.0,286401.0,11383.0,16085.0,56401.0,1538.0,2581.0,28129.0,893.0,1460.0,56.0,27.0,4.0,13.0,3.0,7.0
42045,2.4,3.7,96.4,93.3,4.5,3.4,4.6,28.1,5.6,9.6,30.4,0.9,0.5,8.9,45.9,579222.0,39.1,27.3,16.6,41.9,10.2,89546.0,,,,,,,,,,,,,,,,,,,42.0,152.0,576830.0,20907.0,28783.0,95039.0,1747.0,1470.0,48716.0,971.0,594.0,148.0,53.0,2.0,10.0,0.0,4.0
42047,1.7,4.0,90.8,87.7,3.4,2.6,2.3,18.3,21.1,6.3,20.5,0.1,0.4,5.6,38.0,30506.0,48.4,47.9,13.5,20.6,8.7,66380.0,,,,,,,,,,,,,,,,,,,42.0,9.0,30990.0,835.0,1932.0,3120.0,309.0,785.0,1425.0,226.0,595.0,3.0,1.0,1.0,1.0,0.0,1.0
42049,2.2,4.8,93.9,89.0,3.2,4.3,4.2,19.6,7.9,9.9,31.9,0.8,0.4,7.6,41.5,269052.0,40.2,37.3,15.7,30.3,15.0,63354.0,,,,,,,,,,,,,,,,,,,42.0,73.0,270876.0,10958.0,21112.0,29805.0,1388.0,3396.0,13232.0,776.0,2199.0,54.0,35.0,3.0,8.0,0.0,6.0
42051,2.6,7.2,89.4,83.9,3.4,4.6,4.6,26.0,11.2,9.0,27.6,0.7,0.2,8.3,35.2,125997.0,45.4,47.1,14.2,19.1,16.8,58236.0,,,,,,,,,,,,,,,,,,,42.0,36.0,128804.0,4969.0,12964.0,13754.0,1681.0,5477.0,6495.0,1129.0,3789.0,14.0,24.0,4.0,8.0,2.0,6.0
42053,5.0,9.8,89.2,74.8,0.7,1.8,6.4,23.0,72.3,6.7,21.7,0.3,0.0,9.7,19.3,6715.0,48.7,50.7,17.5,12.3,11.9,52191.0,,,,,,,,,,,,,,,,,,,42.0,2.0,6973.0,128.0,268.0,259.0,103.0,216.0,0.0,74.0,161.0,0.0,2.0,0.0,0.0,0.0,0.0
42055,2.6,6.1,93.2,89.1,2.5,2.5,8.9,24.3,5.4,4.6,26.5,1.1,0.4,11.5,29.2,157379.0,42.1,42.4,15.7,24.7,8.5,77003.0,,,,,,,,,,,,,,,,,,,42.0,33.0,155932.0,2928.0,6967.0,24123.0,1364.0,3173.0,14918.0,972.0,2295.0,15.0,9.0,3.0,7.0,1.0,7.0
42057,3.5,7.2,88.3,85.1,1.7,3.5,5.1,31.5,11.4,5.3,22.4,0.7,0.8,8.8,27.8,14531.0,46.1,47.6,13.7,17.7,11.2,65836.0,,,,,,,,,,,,,,,,,,,42.0,3.0,14556.0,336.0,883.0,122.0,224.0,668.0,0.0,188.0,588.0,0.0,0.0,0.0,1.0,0.0,1.0
42059,2.7,7.4,91.7,86.2,2.9,3.3,4.5,29.2,11.6,4.7,22.9,0.7,0.9,8.2,30.8,34835.0,43.3,43.9,15.5,21.7,13.5,68041.0,,,,,,,,,,,,,,,,,,,42.0,10.0,35954.0,676.0,2977.0,3359.0,337.0,1834.0,376.0,255.0,1277.0,2.0,2.0,0.0,0.0,0.0,0.0
42061,2.7,5.8,89.4,85.9,2.4,3.5,4.7,31.2,22.1,7.1,20.8,1.0,0.4,7.7,31.6,43653.0,44.0,50.0,12.7,19.2,10.6,65557.0,,,,,,,,,,,,,,,,,,,42.0,13.0,44092.0,1162.0,2191.0,3715.0,609.0,1311.0,707.0,503.0,1139.0,2.0,6.0,0.0,2.0,0.0,1.0
42063,2.3,5.1,90.3,80.7,3.8,3.4,7.2,24.9,13.7,7.5,27.9,0.9,0.5,7.4,41.8,83042.0,40.0,40.5,14.9,27.0,14.0,60208.0,,,,,,,,,,,,,,,,,,,42.0,24.0,83246.0,2444.0,5289.0,4452.0,1358.0,2822.0,2613.0,1187.0,2374.0,9.0,15.0,1.0,4.0,0.0,3.0
42065,3.1,4.8,88.9,81.9,2.4,4.0,8.5,23.5,16.9,8.3,25.1,1.1,0.6,7.7,36.3,43864.0,44.0,50.1,13.3,18.4,14.1,58686.0,,,,,,,,,,,,,,,,,,,42.0,13.0,44492.0,1518.0,2728.0,3289.0,703.0,1320.0,2019.0,597.0,1127.0,5.0,9.0,0.0,3.0,0.0,3.0
42067,4.5,11.7,87.6,83.9,1.3,1.9,13.8,31.0,14.1,6.9,26.2,1.6,2.4,5.7,20.1,23379.0,43.3,50.0,10.5,15.0,9.7,66318.0,,,,,,,,,,,,,,,,,,,42.0,6.0,23509.0,626.0,939.0,116.0,480.0,738.0,0.0,404.0,641.0,0.0,3.0,0.0,3.0,0.0,2.0
42069,2.8,5.5,93.2,87.5,2.9,3.5,4.9,21.1,11.9,9.4,34.6,1.1,0.3,8.5,39.8,216146.0,41.9,34.4,16.5,30.6,14.4,66223.0,,,,,,,,,,,,,,,,,,,42.0,60.0,215896.0,8298.0,15738.0,22270.0,898.0,2015.0,11645.0,522.0,1275.0,50.0,27.0,0.0,4.0,0.0,0.0
42071,6.0,6.5,92.3,88.1,2.2,3.0,11.2,23.8,3.0,8.6,30.2,1.7,0.6,8.6,37.8,557931.0,39.4,33.7,13.4,32.4,8.2,86959.0,,,,,,,,,,,,,,,,,,,42.0,116.0,552984.0,18325.0,19471.0,106988.0,8823.0,5623.0,50594.0,6893.0,3742.0,80.0,20.0,4.0,36.0,3.0,34.0
42073,2.2,5.3,91.7,86.7,3.3,3.9,5.1,23.4,8.8,8.0,24.2,0.4,0.3,13.3,37.6,85024.0,44.9,42.4,16.9,23.4,11.9,61931.0,,,,,,,,,,,,,,,,,,,42.0,28.0,86070.0,2890.0,7368.0,9530.0,872.0,2178.0,3216.0,506.0,1313.0,17.0,14.0,1.0,4.0,0.0,3.0
42075,3.7,7.7,92.5,87.7,2.7,4.0,9.0,22.1,5.4,6.5,28.7,1.0,0.7,10.6,36.3,144186.0,41.1,41.5,14.8,24.3,10.1,78425.0,,,,,,,,,,,,,,,,,,,42.0,33.0,143257.0,3660.0,6934.0,30696.0,982.0,1501.0,18397.0,657.0,1014.0,22.0,9.0,1.0,5.0,0.0,4.0
42077,4.0,5.6,94.7,90.0,3.8,4.1,6.4,24.9,4.5,8.3,34.4,1.4,0.6,10.0,44.9,378792.0,39.6,31.7,15.4,34.2,11.6,80079.0,,,,,,,,,,,,,,,,,,,42.0,81.0,374557.0,12050.0,22198.0,65146.0,1172.0,1803.0,32414.0,576.0,971.0,71.0,29.0,1.0,6.0,0.0,2.0
42079,3.6,6.2,92.0,87.8,3.5,3.8,6.6,23.5,10.7,9.5,32.2,1.1,0.5,8.1,38.3,327675.0,42.0,36.8,17.3,25.3,15.3,63691.0,,,,,,,,,,,,,,,,,,,42.0,101.0,325594.0,12819.0,26482.0,39465.0,1853.0,4908.0,16307.0,1015.0,3036.0,78.0,51.0,5.0,8.0,3.0,3.0
42081,2.0,6.5,92.2,87.9,3.1,3.6,5.2,21.1,11.1,9.7,30.9,0.6,0.3,9.9,37.3,113489.0,41.4,38.7,16.2,24.8,12.8,63917.0,,,,,,,,,,,,,,,,,,,42.0,32.0,114188.0,4556.0,6961.0,11320.0,1013.0,1834.0,5920.0,800.0,1456.0,17.0,13.0,1.0,6.0,0.0,4.0
42083,2.4,5.3,92.6,87.9,2.7,4.1,4.7,20.4,15.9,8.7,22.0,0.5,0.1,10.4,31.1,39904.0,44.0,46.1,14.7,20.8,13.7,62905.0,,,,,,,,,,,,,,,,,,,42.0,12.0,40432.0,1426.0,3038.0,881.0,558.0,1403.0,199.0,473.0,1184.0,3.0,5.0,0.0,2.0,0.0,1.0
42085,2.8,5.5,90.5,85.7,2.9,3.4,6.4,21.7,8.7,9.6,27.6,0.8,0.3,8.5,37.2,109257.0,45.1,40.3,16.4,25.6,13.2,59976.0,,,,,,,,,,,,,,,,,,,42.0,35.0,110652.0,4461.0,8100.0,10801.0,1665.0,2867.0,3037.0,1164.0,1837.0,18.0,19.0,5.0,10.0,1.0,8.0
42087,5.2,10.2,86.0,82.9,1.6,3.3,12.8,25.0,13.8,10.1,28.9,2.0,1.0,8.9,29.8,46041.0,43.4,46.9,13.8,14.9,16.2,63953.0,,,,,,,,,,,,,,,,,,,42.0,13.0,46143.0,1864.0,3151.0,1941.0,791.0,1036.0,1113.0,586.0,737.0,5.0,8.0,0.0,3.0,0.0,3.0
42089,2.7,6.9,95.9,92.8,4.2,3.3,6.3,38.1,23.1,5.5,19.8,1.5,0.2,8.8,48.2,167515.0,44.1,36.1,18.6,27.4,10.7,83565.0,,,,,,,,,,,,,,,,,,,42.0,51.0,168327.0,3357.0,9234.0,36695.0,1751.0,6335.0,23081.0,1110.0,4582.0,19.0,15.0,6.0,5.0,3.0,2.0
42091,1.8,3.0,96.7,94.3,3.0,2.1,3.9,27.8,4.2,5.7,28.6,1.0,0.7,8.7,40.3,867573.0,41.2,21.9,13.1,53.0,6.5,113915.0,,,,,,,,,,,,,,,,,,,42.0,219.0,856553.0,19056.0,22272.0,252513.0,3751.0,3828.0,117315.0,1748.0,1596.0,211.0,22.0,2.0,28.0,0.0,14.0
42093,2.0,4.4,92.4,89.0,1.7,1.2,3.7,19.4,3.5,8.1,31.5,0.7,0.5,8.5,29.7,18103.0,42.9,34.4,12.4,38.7,8.8,76976.0,,,,,,,,,,,,,,,,,,,42.0,4.0,18136.0,637.0,511.0,3495.0,250.0,311.0,2834.0,228.0,294.0,2.0,1.0,0.0,2.0,0.0,2.0
42095,2.4,4.7,94.6,90.8,2.9,2.9,4.4,27.0,5.3,6.5,28.9,0.7,0.6,9.3,40.7,318580.0,42.0,32.0,16.1,34.7,8.8,89184.0,,,,,,,,,,,,,,,,,,,42.0,74.0,312951.0,7963.0,12621.0,54135.0,1457.0,2319.0,22137.0,873.0,1590.0,60.0,17.0,0.0,6.0,0.0,4.0
42097,2.4,7.3,90.0,85.1,2.1,3.3,5.1,25.2,12.7,9.2,24.5,0.5,0.4,9.3,33.3,90560.0,44.5,47.0,15.0,19.4,12.6,60583.0,,,,,,,,,,,,,,,,,,,42.0,25.0,91647.0,3498.0,5909.0,5633.0,781.0,1281.0,1506.0,523.0,793.0,15.0,14.0,2.0,3.0,1.0,2.0
42099,3.7,6.8,90.7,87.3,1.9,2.1,10.3,32.0,8.7,5.7,18.2,0.8,0.5,5.8,37.0,46239.0,43.8,45.0,14.2,20.2,8.0,79444.0,,,,,,,,,,,,,,,,,,,42.0,10.0,45842.0,1038.0,1934.0,158.0,834.0,1508.0,0.0,718.0,1279.0,0.0,1.0,0.0,2.0,0.0,2.0
42101,5.0,7.3,94.3,89.1,5.2,5.6,7.1,31.7,9.2,27.9,48.2,1.8,1.2,8.2,44.1,1579706.0,35.3,29.7,16.1,35.4,21.4,61953.0,,,,,,,,,,,,,,,,,,,42.0,408.0,1603797.0,189616.0,177955.0,20889.0,785.0,710.0,2580.0,76.0,65.0,408.0,256.0,3.0,15.0,0.0,6.0
42103,1.8,5.0,95.9,91.8,4.2,3.2,5.8,42.3,39.6,5.3,13.0,1.2,0.3,5.7,44.7,60621.0,49.4,34.5,18.1,29.7,9.8,81323.0,,,,,,,,,,,,,,,,,,,42.0,25.0,58535.0,1286.0,3046.0,2477.0,932.0,2606.0,968.0,840.0,2387.0,3.0,3.0,0.0,3.0,0.0,3.0
42105,2.8,5.5,91.2,85.8,2.1,3.5,6.6,24.0,43.6,6.1,20.3,1.8,1.1,12.6,28.4,16188.0,48.4,47.4,16.2,18.2,13.0,59020.0,,,,,,,,,,,,,,,,,,,42.0,7.0,16396.0,426.0,978.0,564.0,283.0,633.0,170.0,249.0,562.0,0.0,5.0,0.0,0.0,0.0,0.0
42107,2.5,7.2,91.6,86.7,3.2,5.0,6.9,27.3,13.8,8.0,23.9,0.9,0.4,8.3,33.9,143558.0,43.7,44.8,14.5,19.9,12.8,68313.0,,,,,,,,,,,,,,,,,,,42.0,42.0,143049.0,4611.0,9958.0,9996.0,891.0,2012.0,7167.0,605.0,1338.0,22.0,21.0,1.0,0.0,1.0,0.0
42109,7.1,9.0,87.6,83.0,1.5,1.3,12.2,22.9,9.1,6.8,24.4,1.1,0.5,9.0,33.0,39668.0,40.6,43.7,10.8,20.6,9.4,66876.0,,,,,,,,,,,,,,,,,,,42.0,8.0,39736.0,986.0,1455.0,221.0,620.0,826.0,0.0,538.0,686.0,2.0,4.0,0.0,2.0,0.0,2.0
42111,3.3,5.8,87.9,82.0,2.7,2.7,6.6,24.9,22.5,6.3,19.6,0.4,0.3,8.9,30.6,72799.0,46.9,49.5,13.6,17.9,11.0,61446.0,,,,,,,,,,,,,,,,,,,42.0,24.0,74129.0,1861.0,4209.0,3108.0,933.0,2002.0,1785.0,735.0,1526.0,4.0,13.0,1.0,5.0,1.0,4.0
42113,1.1,6.3,92.8,81.9,2.9,1.2,4.1,31.4,54.3,5.1,15.1,1.1,0.7,10.0,24.8,5888.0,55.9,47.6,12.5,21.5,11.6,69764.0,,,,,,,,,,,,,,,,,,,42.0,4.0,5840.0,131.0,207.0,150.0,87.0,153.0,0.0,63.0,127.0,0.0,2.0,0.0,0.0,0.0,0.0
42115,2.1,6.9,92.0,88.4,3.2,2.3,6.2,26.9,27.3,5.2,21.5,0.9,0.2,8.2,36.2,38219.0,48.6,45.6,16.1,19.5,11.4,68487.0,,,,,,,,,,,,,,,,,,,42.0,12.0,38434.0,802.0,2002.0,5.0,487.0,1307.0,0.0,445.0,1202.0,0.0,4.0,0.0,1.0,0.0,0.0
42117,1.7,6.1,92.1,87.3,2.6,2.1,6.0,24.4,22.6,5.5,22.6,1.4,0.2,11.0,35.2,40945.0,45.1,43.2,15.8,22.3,11.7,64899.0,,,,,,,,,,,,,,,,,,,42.0,10.0,41045.0,924.0,2344.0,325.0,585.0,1580.0,96.0,481.0,1310.0,0.0,6.0,0.0,1.0,0.0,1.0
42119,4.9,9.0,88.6,80.3,1.1,3.2,10.4,17.9,10.2,9.7,27.7,1.0,0.5,8.6,39.0,42456.0,41.0,41.2,10.4,26.5,9.0,76404.0,,,,,,,,,,,,,,,,,,,42.0,11.0,42681.0,1417.0,1711.0,6052.0,746.0,893.0,3404.0,625.0,729.0,3.0,3.0,0.0,3.0,0.0,3.0
42121,2.4,6.2,91.6,88.3,3.1,3.5,4.4,23.1,18.5,7.6,24.7,0.7,0.5,11.5,36.4,49801.0,47.6,45.6,16.3,19.1,13.2,61522.0,,,,,,,,,,,,,,,,,,,42.0,17.0,50454.0,1623.0,4145.0,3453.0,714.0,2134.0,435.0,506.0,1533.0,7.0,12.0,1.0,1.0,0.0,1.0
42123,2.6,4.2,92.0,85.2,2.4,3.6,4.1,20.7,25.5,6.2,20.5,0.4,0.2,7.7,25.3,37920.0,47.1,46.5,15.6,19.9,10.8,60480.0,,,,,,,,,,,,,,,,,,,42.0,13.0,38587.0,1003.0,2361.0,1377.0,487.0,1083.0,9.0,384.0,860.0,3.0,8.0,0.0,1.0,0.0,0.0
42125,1.6,3.8,93.6,89.9,2.9,2.8,3.9,26.8,9.6,7.3,23.9,0.6,0.6,8.5,31.8,210042.0,44.2,35.7,14.8,32.9,9.6,78958.0,,,,,,,,,,,,,,,,,,,42.0,62.0,209349.0,6463.0,12279.0,42852.0,2064.0,4768.0,24613.0,1354.0,3537.0,36.0,20.0,2.0,11.0,1.0,8.0
42127,1.9,5.9,92.3,86.7,3.1,2.2,6.8,28.9,35.1,6.9,19.5,1.6,0.3,5.4,46.6,51262.0,49.2,42.3,17.2,23.4,12.1,62381.0,,,,,,,,,,,,,,,,,,,42.0,17.0,51155.0,1435.0,2708.0,534.0,863.0,2087.0,174.0,749.0,1814.0,1.0,9.0,0.0,3.0,0.0,3.0
42129,1.1,3.3,92.3,88.5,2.9,2.8,3.0,26.7,8.2,6.2,21.6,0.3,0.1,7.0,32.7,352500.0,47.2,34.5,15.9,32.8,10.3,74109.0,,,,,,,,,,,,,,,,,,,42.0,113.0,354663.0,9606.0,21526.0,82723.0,3172.0,7268.0,37416.0,1835.0,4380.0,76.0,43.0,6.0,12.0,3.0,7.0
42131,1.5,5.8,92.2,87.0,2.9,3.3,3.9,25.6,15.4,5.2,22.1,0.7,0.2,5.0,31.9,25967.0,45.1,44.8,16.4,22.1,11.5,72460.0,,,,,,,,,,,,,,,,,,,42.0,7.0,26069.0,563.0,1732.0,85.0,424.0,1351.0,0.0,371.0,1193.0,0.0,1.0,0.0,1.0,0.0,0.0
42133,2.4,5.7,93.9,90.3,2.9,3.1,4.8,26.3,4.4,5.9,23.7,0.9,0.4,9.7,38.3,462924.0,41.1,38.4,16.5,27.6,8.4,84829.0,,,,,,,,,,,,,,,,,,,42.0,108.0,456438.0,10771.0,20436.0,104378.0,2900.0,5589.0,61459.0,2001.0,3984.0,75.0,24.0,1.0,12.0,0.0,6.0
44001,2.4,4.0,94.8,92.6,1.9,3.3,2.3,26.4,7.0,5.8,28.2,0.5,0.1,9.9,35.9,50490.0,44.2,19.8,13.8,53.0,6.5,114490.0,Bristol,RI,Rhode Island,2023.0,Crude prevalence,10.7,90.4,5.9,9.8,6.0,25.6,18.8,14.5,11.3,86.1,10.1,2.9,5.0,44.0,11.0,50793.0,1156.0,1074.0,17916.0,162.0,302.0,8145.0,76.0,135.0,11.0,0.0,0.0,0.0,0.0,0.0
44003,2.6,4.3,95.3,92.7,3.1,2.4,3.2,25.1,4.8,6.0,26.9,1.0,0.2,9.9,39.6,171456.0,43.8,28.5,19.8,34.7,7.5,94345.0,Kent,RI,Rhode Island,2023.0,Crude prevalence,11.7,90.0,7.0,11.8,6.4,33.0,23.7,15.8,12.8,85.6,12.7,3.3,6.3,44.0,39.0,170363.0,4352.0,8756.0,29661.0,799.0,1504.0,10832.0,234.0,585.0,34.0,5.0,1.0,5.0,0.0,4.0
44005,1.7,2.7,96.9,94.1,3.5,1.7,3.9,22.8,15.6,7.3,32.1,0.5,0.8,10.3,39.4,84657.0,46.9,19.4,15.9,54.1,8.5,103514.0,Newport,RI,Rhode Island,2023.0,Crude prevalence,10.6,90.7,6.3,10.3,6.9,27.4,20.1,13.9,11.6,85.4,9.2,3.3,5.4,44.0,23.0,85643.0,2685.0,3030.0,15870.0,524.0,676.0,8933.0,324.0,466.0,17.0,5.0,1.0,3.0,0.0,2.0
44007,6.7,6.8,94.0,90.5,4.3,5.3,5.4,25.9,6.7,11.5,43.1,1.9,1.1,10.3,37.0,664854.0,38.0,29.0,17.6,32.3,13.4,78787.0,Providence,RI,Rhode Island,2023.0,Crude prevalence,12.4,88.4,6.7,11.6,6.2,33.4,28.7,17.9,14.0,83.1,12.2,3.2,10.1,44.0,145.0,660741.0,29859.0,46094.0,48924.0,1421.0,2142.0,23039.0,859.0,1267.0,135.0,66.0,0.0,8.0,0.0,4.0
44009,1.0,3.3,95.9,94.4,2.7,2.0,2.0,26.0,20.8,4.4,22.5,0.6,0.2,9.3,42.0,130344.0,45.5,19.5,15.7,52.4,8.2,106638.0,Washington,RI,Rhode Island,2023.0,Crude prevalence,10.8,89.9,6.3,9.0,6.4,27.0,17.8,14.4,11.3,85.5,9.5,3.1,4.9,44.0,29.0,129839.0,2324.0,2987.0,35276.0,1095.0,1452.0,20256.0,642.0,906.0,17.0,2.0,2.0,6.0,2.0,4.0
45001,3.2,9.5,90.6,82.2,2.0,0.7,10.1,24.7,17.3,6.6,21.9,2.1,0.4,11.4,30.5,24420.0,44.0,38.4,16.0,20.4,15.7,52935.0,Abbeville,SC,South Carolina,2023.0,Crude prevalence,10.3,86.2,9.9,16.9,8.6,37.6,31.0,17.6,16.5,81.9,16.0,5.0,12.5,45.0,7.0,24295.0,647.0,1411.0,5639.0,464.0,1036.0,4369.0,377.0,863.0,2.0,4.0,2.0,1.0,2.0,1.0
45003,3.0,6.5,94.7,91.0,3.5,1.4,8.8,25.0,12.6,5.9,23.5,1.3,0.6,6.2,38.6,174160.0,42.0,29.9,19.8,31.9,14.3,70609.0,Aiken,SC,South Carolina,2023.0,Crude prevalence,9.8,87.6,7.5,13.9,7.1,34.4,26.5,15.6,14.0,81.6,13.4,4.1,11.8,45.0,43.0,168808.0,4092.0,7543.0,40974.0,2051.0,4162.0,21143.0,1402.0,2898.0,23.0,21.0,6.0,11.0,3.0,8.0
45005,3.6,16.9,78.2,73.6,3.7,1.3,12.1,35.7,20.0,18.0,38.3,1.0,0.0,9.8,35.3,7661.0,44.7,39.8,18.5,14.3,28.2,32328.0,Allendale,SC,South Carolina,2023.0,Crude prevalence,11.0,85.2,10.7,21.6,9.1,46.7,38.4,18.3,17.8,82.4,19.0,6.4,17.6,45.0,3.0,8039.0,583.0,928.0,72.0,369.0,613.0,5.0,325.0,540.0,0.0,3.0,0.0,2.0,0.0,2.0
45007,3.3,8.6,94.4,88.6,3.1,1.4,10.2,26.5,9.1,5.7,25.2,1.3,0.6,8.8,38.8,210478.0,40.6,30.1,20.3,26.5,14.6,66651.0,Anderson,SC,South Carolina,2023.0,Crude prevalence,10.2,86.2,8.2,13.3,7.2,36.3,26.4,17.7,15.0,78.7,14.2,4.0,12.2,45.0,51.0,203718.0,4778.0,8864.0,45554.0,1900.0,3856.0,25162.0,1240.0,2721.0,28.0,22.0,7.0,8.0,3.0,5.0
45009,6.6,15.6,89.5,79.2,8.0,4.0,12.4,28.0,29.4,12.9,29.6,1.0,0.6,18.9,37.5,13042.0,42.3,33.0,15.8,17.9,24.3,44370.0,Bamberg,SC,South Carolina,2023.0,Crude prevalence,10.9,86.3,9.9,19.5,8.7,42.0,32.7,17.7,16.7,83.2,16.3,5.9,14.1,45.0,6.0,13311.0,601.0,1117.0,7.0,336.0,679.0,0.0,269.0,582.0,0.0,5.0,0.0,2.0,0.0,2.0
45011,6.1,10.0,85.2,75.2,4.0,2.4,12.2,27.2,18.2,10.6,29.1,2.6,0.8,13.2,33.9,20521.0,40.4,39.7,18.2,13.9,25.0,46626.0,Barnwell,SC,South Carolina,2023.0,Crude prevalence,11.0,84.6,11.6,19.4,9.2,44.2,36.2,18.9,17.9,81.4,19.5,5.9,15.9,45.0,8.0,20589.0,857.0,1990.0,16.0,408.0,1107.0,0.0,350.0,944.0,0.0,6.0,0.0,3.0,0.0,3.0
45013,2.0,3.4,97.2,94.0,1.3,1.2,8.5,23.6,20.2,4.3,24.1,1.6,0.6,7.8,45.0,195289.0,48.1,21.0,19.6,46.0,9.6,86573.0,Beaufort,SC,South Carolina,2023.0,Crude prevalence,8.5,89.1,7.0,12.7,7.5,29.6,19.9,13.1,12.6,82.6,9.6,4.0,10.6,45.0,42.0,187117.0,3507.0,4306.0,91096.0,2282.0,2608.0,56394.0,1610.0,1792.0,28.0,11.0,6.0,13.0,5.0,7.0
45015,2.7,6.1,96.0,89.8,2.0,1.3,9.2,29.7,6.8,4.0,25.5,1.1,0.7,8.6,42.7,246802.0,36.9,27.7,21.8,31.0,9.9,84358.0,Berkeley,SC,South Carolina,2023.0,Crude prevalence,9.5,86.2,6.2,12.9,5.6,37.9,25.6,16.7,13.0,79.7,12.9,3.3,11.6,45.0,48.0,229861.0,3717.0,6615.0,85983.0,2145.0,3575.0,44728.0,1344.0,2226.0,32.0,18.0,9.0,9.0,4.0,7.0
45017,4.1,8.9,89.2,81.0,3.2,2.2,8.1,26.4,12.6,5.5,15.0,1.6,0.2,2.7,38.8,14182.0,47.0,30.7,18.8,24.5,12.9,58682.0,Calhoun,SC,South Carolina,2023.0,Crude prevalence,10.1,88.6,8.8,17.3,8.2,40.7,29.1,15.8,15.3,83.5,14.1,5.0,11.6,45.0,4.0,14119.0,341.0,817.0,69.0,259.0,659.0,0.0,244.0,621.0,0.0,1.0,0.0,1.0,0.0,0.0
45019,2.3,4.2,96.3,88.9,2.2,1.1,8.3,25.1,14.7,5.9,36.1,1.2,0.5,8.6,44.8,420264.0,39.2,18.0,17.3,50.3,11.3,88494.0,Charleston,SC,South Carolina,2023.0,Crude prevalence,8.8,88.1,5.7,11.4,5.5,30.0,20.3,14.4,11.4,79.4,10.5,3.2,9.5,45.0,98.0,408235.0,10520.0,11493.0,122763.0,2185.0,2459.0,48595.0,1036.0,1197.0,87.0,34.0,12.0,16.0,2.0,8.0
45021,4.0,10.7,90.9,80.7,3.5,0.9,10.5,25.1,12.3,5.4,26.2,1.9,1.0,8.9,36.8,56647.0,40.4,37.9,19.3,18.4,18.4,50288.0,Cherokee,SC,South Carolina,2023.0,Crude prevalence,10.3,84.9,9.4,15.0,7.7,38.8,31.4,18.7,16.2,79.2,17.3,4.4,14.0,45.0,16.0,56216.0,1197.0,3105.0,5803.0,640.0,1768.0,2566.0,437.0,1256.0,4.0,7.0,4.0,3.0,3.0,2.0
45023,3.1,11.6,91.1,83.0,3.2,2.4,11.7,31.6,11.1,6.3,21.6,1.9,0.1,6.2,39.1,32182.0,42.4,41.0,22.2,14.0,18.7,52458.0,Chester,SC,South Carolina,2023.0,Crude prevalence,10.7,85.6,9.9,16.9,8.3,37.9,32.8,18.5,16.6,80.7,17.8,5.1,13.8,45.0,11.0,32294.0,827.0,2204.0,860.0,318.0,1232.0,31.0,267.0,1055.0,3.0,11.0,1.0,1.0,0.0,1.0
45025,5.5,11.9,89.7,82.8,4.3,1.5,11.6,24.5,15.9,9.0,27.2,2.3,0.7,7.0,45.0,43784.0,42.0,39.7,19.1,13.6,20.3,49235.0,Chesterfield,SC,South Carolina,2023.0,Crude prevalence,10.4,85.3,10.3,18.1,8.5,45.2,34.6,18.4,17.6,81.1,18.1,5.2,15.5,45.0,14.0,43273.0,1575.0,3158.0,1473.0,996.0,2186.0,1209.0,786.0,1781.0,1.0,13.0,1.0,5.0,1.0,4.0
45027,3.7,12.0,89.0,85.9,3.3,0.7,9.0,31.0,23.2,10.1,27.1,2.0,0.2,12.5,41.5,30986.0,45.9,36.0,22.4,18.2,15.4,52401.0,Clarendon,SC,South Carolina,2023.0,Crude prevalence,10.7,86.7,10.5,19.6,9.3,38.0,33.7,17.5,17.1,83.4,16.9,5.8,14.3,45.0,12.0,31144.0,1245.0,2111.0,44.0,842.0,1579.0,0.0,675.0,1303.0,0.0,5.0,0.0,4.0,0.0,4.0
45029,3.1,12.1,89.7,84.8,5.5,1.9,15.0,34.9,18.3,10.4,26.7,3.1,1.4,10.5,44.5,38783.0,42.0,37.4,20.3,17.4,19.6,51114.0,Colleton,SC,South Carolina,2023.0,Crude prevalence,10.8,86.0,10.0,17.3,8.4,39.3,33.2,17.8,16.7,80.9,17.6,5.2,13.8,45.0,13.0,38604.0,1709.0,3837.0,1294.0,1165.0,2822.0,245.0,928.0,2347.0,2.0,7.0,1.0,5.0,0.0,4.0
45031,3.5,9.5,91.0,78.2,3.7,2.4,9.0,22.5,14.1,10.4,29.1,0.9,0.4,7.3,49.1,62558.0,41.3,36.2,20.0,19.9,21.1,48581.0,Darlington,SC,South Carolina,2023.0,Crude prevalence,10.7,86.2,9.4,17.6,8.0,45.6,30.3,17.8,16.2,83.3,16.4,5.0,13.1,45.0,19.0,62905.0,2658.0,4986.0,8276.0,1375.0,2739.0,3332.0,813.0,1687.0,9.0,14.0,4.0,9.0,2.0,6.0
45033,4.6,14.6,83.8,70.4,5.1,1.2,12.5,26.2,16.1,9.8,35.3,3.5,1.0,9.0,37.0,27862.0,38.2,41.1,18.9,13.8,27.7,46605.0,Dillon,SC,South Carolina,2023.0,Crude prevalence,11.4,83.8,11.8,20.3,9.1,45.3,35.8,20.2,18.5,81.0,21.0,6.0,16.6,45.0,9.0,28292.0,1059.0,2596.0,952.0,540.0,1399.0,560.0,430.0,1168.0,2.0,8.0,1.0,2.0,1.0,2.0
45035,2.7,5.2,96.3,91.6,3.1,0.9,10.2,31.3,6.9,3.5,24.5,1.8,0.9,10.4,46.0,167201.0,38.0,27.1,24.2,29.8,11.4,78198.0,Dorchester,SC,South Carolina,2023.0,Crude prevalence,9.6,87.1,6.5,12.8,5.9,35.4,24.6,16.2,13.2,80.4,13.2,3.4,11.2,45.0,31.0,161540.0,2214.0,5597.0,54843.0,1107.0,2778.0,15587.0,438.0,1431.0,23.0,13.0,4.0,4.0,1.0,4.0
45037,4.7,11.6,92.3,80.3,2.5,0.8,9.0,25.6,15.2,7.8,19.9,2.2,0.4,12.1,38.6,27476.0,41.6,32.8,17.3,23.3,17.8,73029.0,Edgefield,SC,South Carolina,2023.0,Crude prevalence,9.7,85.5,8.8,16.2,7.7,39.9,29.0,17.1,15.5,80.6,16.3,4.6,14.9,45.0,7.0,25657.0,760.0,1201.0,274.0,597.0,949.0,16.0,453.0,682.0,0.0,3.0,0.0,3.0,0.0,3.0
45039,3.0,11.9,91.3,81.8,3.0,3.4,7.0,30.0,18.8,5.9,25.4,1.9,1.6,17.2,44.5,20550.0,47.4,40.9,19.0,15.2,15.6,47885.0,Fairfield,SC,South Carolina,2023.0,Crude prevalence,10.7,87.8,10.3,20.5,9.1,45.7,33.4,17.2,17.0,83.5,17.2,5.9,13.6,45.0,8.0,20948.0,531.0,1879.0,511.0,299.0,1081.0,14.0,247.0,903.0,1.0,3.0,0.0,0.0,0.0,0.0
45041,3.1,8.9,92.2,83.3,3.3,1.8,9.3,22.0,14.9,7.6,35.5,1.4,1.1,5.8,45.1,137117.0,39.4,32.5,19.3,24.4,18.7,58305.0,Florence,SC,South Carolina,2023.0,Crude prevalence,10.3,86.9,8.1,15.5,7.0,40.6,30.1,17.6,14.9,82.3,14.8,4.5,12.2,45.0,36.0,137059.0,4019.0,8488.0,19954.0,1532.0,3539.0,8713.0,1059.0,2438.0,18.0,17.0,2.0,10.0,1.0,5.0
45043,2.4,5.3,94.9,87.3,2.2,1.4,9.8,29.1,27.0,5.2,16.0,1.6,0.8,17.7,40.9,64811.0,52.2,26.7,22.4,32.8,15.0,68713.0,Georgetown,SC,South Carolina,2023.0,Crude prevalence,9.3,90.3,8.6,16.9,8.6,31.8,25.2,14.0,14.4,84.1,11.9,4.8,9.8,45.0,20.0,63404.0,1424.0,3112.0,18178.0,782.0,1623.0,11464.0,611.0,1261.0,10.0,10.0,3.0,5.0,0.0,3.0
45045,3.2,5.8,95.9,92.1,2.8,1.2,10.0,23.4,7.4,4.7,31.1,1.5,0.7,10.9,40.0,548166.0,38.4,22.8,17.9,41.3,10.8,76932.0,Greenville,SC,South Carolina,2023.0,Crude prevalence,9.4,87.0,6.4,12.2,6.1,32.5,23.2,16.0,12.8,78.8,11.3,3.3,11.4,45.0,123.0,525534.0,10330.0,16773.0,148108.0,2967.0,4742.0,68791.0,1447.0,2435.0,101.0,43.0,9.0,18.0,5.0,12.0
45047,3.8,7.6,91.6,84.9,3.0,1.5,7.4,20.3,12.0,7.4,33.0,1.4,0.2,9.8,40.2,69489.0,40.1,33.4,17.5,24.7,15.1,52830.0,Greenwood,SC,South Carolina,2023.0,Crude prevalence,10.1,86.3,8.6,15.4,7.5,36.8,28.5,17.1,15.0,81.9,15.0,4.5,12.6,45.0,18.0,69351.0,2066.0,3806.0,12857.0,612.0,1220.0,5940.0,363.0,843.0,9.0,7.0,1.0,6.0,1.0,3.0
45049,4.3,11.2,90.7,82.6,5.1,1.2,10.1,33.8,16.4,11.0,26.6,1.3,2.0,11.6,44.5,18254.0,40.9,46.6,18.7,12.1,20.7,44711.0,Hampton,SC,South Carolina,2023.0,Crude prevalence,10.6,84.9,10.1,20.2,8.6,41.6,35.1,18.4,16.9,81.3,19.1,5.6,16.6,45.0,7.0,18561.0,794.0,1401.0,43.0,545.0,951.0,0.0,474.0,817.0,0.0,6.0,0.0,2.0,0.0,2.0
45051,2.7,5.3,96.1,92.5,2.6,1.2,11.7,23.1,27.0,4.8,22.7,1.1,0.3,8.3,43.7,383016.0,48.7,31.1,22.8,27.1,13.2,66880.0,Horry,SC,South Carolina,2023.0,Crude prevalence,9.2,88.2,9.0,14.9,8.1,32.3,25.0,16.6,15.8,82.6,14.6,4.3,11.9,45.0,77.0,351029.0,7633.0,11900.0,98726.0,3168.0,5976.0,42006.0,1740.0,3984.0,53.0,25.0,7.0,17.0,2.0,11.0
45053,3.6,5.3,92.8,86.4,2.3,1.4,14.5,28.9,11.1,4.4,22.8,2.3,0.4,8.8,39.0,32166.0,45.3,32.6,23.7,26.0,17.8,65613.0,Jasper,SC,South Carolina,2023.0,Crude prevalence,9.7,87.8,8.9,17.0,8.3,35.0,30.2,15.8,15.5,82.2,14.0,4.8,14.8,45.0,6.0,28791.0,577.0,1467.0,1065.0,431.0,1161.0,0.0,370.0,939.0,0.0,4.0,1.0,3.0,0.0,2.0
45055,3.4,7.5,95.7,90.1,2.8,1.9,8.6,30.0,10.7,4.1,18.0,0.5,0.4,9.2,45.5,68314.0,40.4,33.6,22.4,24.0,13.2,68231.0,Kershaw,SC,South Carolina,2023.0,Crude prevalence,9.8,86.8,7.9,14.8,7.0,36.6,27.5,16.7,14.7,81.0,14.5,4.1,11.9,45.0,18.0,65403.0,1097.0,3175.0,15586.0,667.0,2313.0,9996.0,486.0,1909.0,6.0,7.0,1.0,3.0,1.0,3.0
45057,3.4,6.6,93.4,89.4,2.5,0.8,7.9,28.8,8.5,3.4,16.7,1.5,0.6,12.2,44.9,104475.0,42.5,27.9,18.2,33.6,11.4,78869.0,Lancaster,SC,South Carolina,2023.0,Crude prevalence,9.4,88.3,7.5,14.1,7.1,36.1,26.5,15.8,14.2,81.4,12.6,3.9,11.4,45.0,22.0,96016.0,1371.0,3874.0,39088.0,603.0,2065.0,27036.0,396.0,1379.0,13.0,10.0,2.0,3.0,1.0,1.0
45059,5.8,10.3,91.1,86.1,2.6,1.9,12.4,25.2,15.8,5.7,28.5,1.8,0.9,5.7,40.9,68666.0,40.9,37.9,17.8,17.6,18.1,57623.0,Laurens,SC,South Carolina,2023.0,Crude prevalence,10.1,85.2,9.0,15.6,7.7,36.3,31.9,17.9,16.0,80.6,16.5,4.5,14.0,45.0,20.0,67539.0,1548.0,4730.0,5534.0,873.0,3063.0,2618.0,635.0,2394.0,4.0,9.0,1.0,3.0,0.0,3.0
45061,5.5,14.0,86.7,84.7,3.1,2.0,10.3,28.9,16.5,10.4,29.5,4.3,0.1,11.2,41.4,16166.0,42.4,41.4,20.1,11.6,25.0,44760.0,Lee,SC,South Carolina,2023.0,Crude prevalence,11.0,85.1,10.4,20.1,8.6,43.7,36.2,18.6,17.2,82.4,18.6,5.9,15.9,45.0,9.0,16531.0,663.0,1741.0,0.0,485.0,1317.0,0.0,426.0,1172.0,0.0,6.0,0.0,1.0,0.0,1.0
45063,2.6,5.4,95.7,92.3,2.9,1.1,8.7,26.0,8.2,4.5,22.6,1.6,0.3,10.3,37.9,304887.0,39.8,26.8,20.8,34.1,11.1,77408.0,Lexington,SC,South Carolina,2023.0,Crude prevalence,9.2,87.5,6.9,12.3,6.2,36.2,25.9,16.2,13.2,81.9,13.0,3.5,10.7,45.0,92.0,293991.0,5518.0,11870.0,104758.0,2359.0,7160.0,50384.0,1266.0,4606.0,65.0,23.0,7.0,8.0,5.0,3.0
45065,4.1,10.1,87.7,82.6,1.5,0.3,3.5,33.8,26.0,4.1,12.1,0.3,0.1,12.1,42.1,9760.0,59.5,33.9,16.8,24.0,17.6,55798.0,McCormick,SC,South Carolina,2023.0,Crude prevalence,9.6,90.7,11.0,20.6,11.1,36.9,30.6,13.9,16.6,85.5,14.6,6.3,12.2,45.0,3.0,9526.0,173.0,446.0,274.0,145.0,363.0,62.0,123.0,299.0,0.0,1.0,0.0,1.0,0.0,1.0
45067,3.3,10.4,86.5,69.4,3.5,1.4,13.7,28.3,16.0,8.3,37.4,1.4,1.9,12.7,36.5,28664.0,42.6,49.1,15.0,14.5,30.0,36301.0,Marion,SC,South Carolina,2023.0,Crude prevalence,11.3,85.5,11.8,22.0,9.5,45.3,36.8,19.1,18.7,83.4,20.1,6.4,16.1,45.0,8.0,29183.0,1007.0,2710.0,45.0,597.0,1711.0,0.0,520.0,1511.0,0.0,8.0,0.0,3.0,0.0,2.0
45069,5.1,15.8,84.3,70.9,4.5,2.2,12.6,26.9,18.9,15.5,37.0,2.1,0.6,7.1,44.6,25975.0,41.7,47.8,14.8,9.0,28.5,34301.0,Marlboro,SC,South Carolina,2023.0,Crude prevalence,11.0,83.9,11.4,20.5,9.0,41.0,38.8,19.4,18.6,80.9,21.0,6.0,17.6,45.0,8.0,26667.0,1519.0,2254.0,2341.0,798.0,1297.0,824.0,604.0,1045.0,2.0,8.0,2.0,6.0,1.0,4.0
45071,6.2,7.0,90.8,84.6,2.5,1.8,8.8,27.2,17.4,6.7,26.9,1.9,0.3,6.4,37.9,38435.0,41.9,32.6,18.5,23.1,17.4,61780.0,Newberry,SC,South Carolina,2023.0,Crude prevalence,9.8,86.3,8.7,16.1,7.8,38.1,30.8,17.0,15.2,81.3,15.3,4.5,13.2,45.0,10.0,37719.0,1031.0,1964.0,4189.0,540.0,1190.0,2153.0,402.0,952.0,3.0,4.0,2.0,3.0,1.0,2.0
45073,3.8,8.8,92.7,84.6,3.1,1.3,10.9,23.9,18.0,5.2,23.8,1.0,0.5,9.3,38.9,80469.0,47.3,29.6,17.8,28.7,17.6,62388.0,Oconee,SC,South Carolina,2023.0,Crude prevalence,9.8,87.3,9.9,15.3,8.7,38.2,28.6,15.8,16.1,81.6,14.7,4.6,12.0,45.0,20.0,78607.0,1784.0,3940.0,7524.0,1110.0,2479.0,3234.0,794.0,1810.0,5.0,10.0,4.0,8.0,2.0,7.0
45075,4.3,11.5,88.0,79.9,4.4,3.0,9.7,30.7,20.3,9.0,33.0,1.5,0.6,7.3,47.1,83253.0,40.7,34.4,17.1,19.4,22.4,45675.0,Orangeburg,SC,South Carolina,2023.0,Crude prevalence,11.0,86.2,9.6,19.0,8.4,42.2,33.9,18.0,16.3,83.9,16.4,5.7,14.5,45.0,39.0,84223.0,2984.0,6856.0,10271.0,1517.0,3975.0,6516.0,1239.0,3247.0,10.0,24.0,3.0,6.0,3.0,5.0
45077,3.4,8.8,93.6,87.3,2.1,1.2,8.6,26.4,10.7,6.4,29.1,1.2,0.5,6.6,49.3,134629.0,36.2,29.9,17.6,28.5,17.2,61064.0,Pickens,SC,South Carolina,2023.0,Crude prevalence,9.7,82.9,7.8,12.1,6.7,35.4,25.6,18.0,14.1,77.7,13.5,3.6,11.6,45.0,37.0,131404.0,3345.0,4369.0,26802.0,1389.0,2448.0,13130.0,779.0,1594.0,18.0,15.0,9.0,7.0,3.0,5.0
45079,2.3,5.5,96.7,90.4,4.0,1.3,8.7,23.1,10.5,7.2,39.7,0.9,0.6,9.2,49.4,422117.0,34.4,21.6,21.0,40.7,17.2,63784.0,Richland,SC,South Carolina,2023.0,Crude prevalence,9.9,85.7,5.8,13.0,5.4,34.7,21.7,16.6,12.6,80.7,11.2,3.5,11.1,45.0,98.0,416147.0,12146.0,17881.0,126758.0,2782.0,4984.0,52985.0,1400.0,2374.0,86.0,47.0,10.0,19.0,2.0,13.0
45081,6.8,9.1,89.3,77.5,1.8,1.9,17.9,28.5,19.6,4.4,21.3,4.3,1.2,8.5,38.7,19131.0,42.6,36.6,16.6,20.4,18.7,51009.0,Saluda,SC,South Carolina,2023.0,Crude prevalence,9.8,86.4,9.6,16.8,8.5,43.6,32.2,16.5,16.4,81.0,15.9,4.9,16.1,45.0,6.0,18862.0,334.0,1065.0,518.0,254.0,864.0,57.0,235.0,800.0,0.0,4.0,1.0,1.0,0.0,1.0
45083,4.2,7.4,94.3,88.7,2.7,1.6,10.7,25.2,8.7,4.5,27.0,1.7,0.8,9.7,40.0,347852.0,37.8,32.6,20.3,25.1,14.5,66234.0,Spartanburg,SC,South Carolina,2023.0,Crude prevalence,9.7,85.6,7.5,13.5,6.5,37.9,27.4,17.3,14.3,78.8,14.2,3.7,13.0,45.0,87.0,327997.0,5895.0,14389.0,82533.0,1946.0,5582.0,35287.0,970.0,2936.0,55.0,33.0,10.0,8.0,3.0,5.0
45085,3.0,7.4,91.8,87.4,3.7,2.0,10.5,23.0,13.7,8.4,31.9,1.4,0.2,13.3,38.6,104725.0,38.0,32.5,21.9,23.5,16.6,56693.0,Sumter,SC,South Carolina,2023.0,Crude prevalence,10.5,86.0,8.0,15.8,7.0,42.7,27.4,17.4,14.7,81.9,15.0,4.6,12.7,45.0,26.0,105556.0,3446.0,6454.0,13807.0,1271.0,2984.0,7680.0,831.0,2012.0,11.0,16.0,1.0,7.0,1.0,5.0
45087,5.7,12.3,88.5,82.3,4.2,1.4,10.5,27.4,14.2,10.2,28.7,1.3,0.4,8.7,43.8,26885.0,44.5,37.9,20.0,15.0,22.6,41621.0,Union,SC,South Carolina,2023.0,Crude prevalence,10.9,85.2,11.9,19.1,9.4,44.0,34.0,18.8,18.3,81.4,19.2,5.8,14.8,45.0,10.0,27244.0,1184.0,2276.0,1578.0,636.0,1088.0,756.0,507.0,822.0,3.0,8.0,1.0,3.0,1.0,3.0
45089,4.1,10.2,84.7,76.6,2.0,1.3,10.9,31.3,17.5,12.8,23.6,1.0,1.5,10.6,44.0,30282.0,43.2,43.0,16.2,17.4,23.3,46213.0,Williamsburg,SC,South Carolina,2023.0,Crude prevalence,10.9,86.6,10.0,20.4,8.6,45.0,34.9,17.9,16.8,83.3,17.5,6.0,15.5,45.0,12.0,31026.0,1576.0,2582.0,1102.0,1243.0,2093.0,73.0,1091.0,1863.0,0.0,10.0,1.0,5.0,0.0,5.0
45091,2.3,5.0,96.6,93.1,2.8,1.2,7.6,27.2,5.7,3.7,25.5,1.0,0.7,10.3,40.3,293673.0,39.7,23.0,19.8,39.3,8.4,89095.0,York,SC,South Carolina,2023.0,Crude prevalence,9.3,88.2,6.0,11.8,5.3,37.3,23.3,15.9,12.1,78.7,11.3,3.1,9.7,45.0,55.0,282090.0,4177.0,7393.0,101619.0,1734.0,3158.0,55985.0,1007.0,1972.0,39.0,15.0,6.0,8.0,1.0,5.0
46003,4.0,4.0,91.4,83.6,0.8,1.1,5.2,21.0,15.6,2.6,27.3,1.0,0.0,9.0,24.9,2642.0,41.7,35.2,19.6,21.4,10.6,72885.0,Aurora,SD,South Dakota,2023.0,Crude prevalence,10.0,85.6,7.4,12.2,7.6,36.4,25.2,14.9,13.0,76.7,15.4,3.8,9.9,46.0,1.0,2747.0,28.0,47.0,691.0,23.0,38.0,500.0,22.0,36.0,0.0,0.0,0.0,0.0,0.0,0.0
46005,9.5,3.0,94.0,88.9,1.3,1.3,7.4,13.4,11.1,8.5,27.1,3.7,2.1,6.6,33.6,19309.0,37.6,32.0,15.0,27.2,13.6,67681.0,Beadle,SD,South Dakota,2023.0,Crude prevalence,10.0,83.9,8.1,13.4,7.8,35.4,29.7,15.4,14.1,76.0,16.9,4.0,12.3,46.0,6.0,19149.0,644.0,851.0,5419.0,92.0,182.0,4107.0,67.0,156.0,4.0,1.0,0.0,1.0,0.0,0.0
46007,4.6,9.1,81.1,65.2,5.0,7.5,27.7,12.0,20.1,1.5,38.8,5.2,3.4,0.4,28.4,3345.0,27.4,30.0,27.0,18.3,29.9,53750.0,Bennett,SD,South Dakota,2023.0,Crude prevalence,13.2,78.8,11.5,18.7,9.8,42.4,35.1,20.4,19.1,75.0,28.0,5.7,13.7,46.0,2.0,3381.0,14.0,156.0,774.0,9.0,97.0,665.0,7.0,80.0,0.0,2.0,1.0,0.0,1.0,0.0
46009,2.9,6.4,91.4,85.2,1.1,0.5,5.2,19.3,14.9,4.2,19.5,1.0,0.1,18.2,19.8,7044.0,42.1,34.9,22.7,19.6,10.6,64435.0,Bon Homme,SD,South Dakota,2023.0,Crude prevalence,9.8,83.3,8.0,12.8,8.1,37.0,26.7,15.3,13.7,75.1,17.7,4.1,10.4,46.0,2.0,7003.0,102.0,152.0,912.0,72.0,107.0,389.0,65.0,95.0,0.0,0.0,0.0,0.0,0.0,0.0
46011,1.4,1.5,96.8,91.2,2.6,0.7,5.1,14.3,9.1,5.2,42.8,0.8,0.3,7.3,30.9,35353.0,28.0,24.4,19.1,42.5,13.2,70064.0,Brookings,SD,South Dakota,2023.0,Crude prevalence,9.8,80.4,4.9,8.5,5.0,35.7,18.4,15.9,10.0,74.0,10.7,2.5,7.3,46.0,7.0,34375.0,720.0,610.0,8084.0,231.0,229.0,5165.0,199.0,188.0,5.0,3.0,2.0,1.0,2.0,1.0
46013,2.6,3.7,92.1,87.5,2.2,1.3,5.7,13.9,10.0,6.8,32.4,1.0,0.5,10.7,35.1,37877.0,37.8,29.5,18.5,33.8,11.7,70898.0,Brown,SD,South Dakota,2023.0,Crude prevalence,9.7,85.1,6.3,11.2,6.5,35.1,24.4,14.8,12.0,78.2,14.1,3.3,8.2,46.0,8.0,38301.0,1104.0,1441.0,13380.0,320.0,471.0,10286.0,235.0,362.0,5.0,2.0,1.0,2.0,1.0,2.0
46015,5.6,3.6,90.4,80.9,0.9,3.0,6.8,15.5,17.4,5.7,23.6,1.3,0.6,5.9,31.5,5283.0,41.5,33.5,16.4,28.7,10.7,73720.0,Brule,SD,South Dakota,2023.0,Crude prevalence,10.5,85.9,8.1,13.2,8.2,38.2,26.2,15.2,14.0,77.7,16.4,4.2,8.9,46.0,2.0,5247.0,111.0,122.0,1190.0,61.0,63.0,783.0,47.0,46.0,0.0,0.0,0.0,0.0,0.0,0.0
46017,0.8,11.1,81.9,68.7,5.9,4.3,43.0,13.4,12.1,13.0,47.4,10.4,2.2,12.8,28.5,1808.0,22.8,49.9,17.2,9.9,33.9,47045.0,Buffalo,SD,South Dakota,2023.0,Crude prevalence,14.0,75.7,9.9,17.5,8.0,48.5,36.4,23.1,18.9,73.1,31.7,4.9,14.6,46.0,1.0,1948.0,66.0,120.0,1153.0,53.0,96.0,1082.0,49.0,90.0,0.0,1.0,1.0,0.0,1.0,0.0
46019,4.1,6.5,92.3,89.8,1.2,2.2,11.5,24.5,10.0,5.6,23.9,1.2,1.2,11.9,33.7,10676.0,40.2,38.8,19.4,19.9,8.6,75652.0,Butte,SD,South Dakota,2023.0,Crude prevalence,10.4,84.7,8.1,12.5,7.9,35.7,27.7,15.7,13.6,75.9,16.8,4.0,9.9,46.0,3.0,10243.0,243.0,324.0,1330.0,135.0,166.0,721.0,105.0,131.0,1.0,1.0,1.0,1.0,0.0,1.0
46021,2.9,4.9,86.2,82.6,2.0,3.1,4.8,15.5,18.0,2.9,23.7,0.5,0.0,9.5,33.3,1593.0,50.9,29.7,16.5,36.0,7.7,68929.0,Campbell,SD,South Dakota,2023.0,Crude prevalence,9.5,89.2,8.1,13.8,9.4,33.0,25.7,12.6,13.4,80.1,13.7,4.5,8.2,46.0,1.0,1377.0,22.0,43.0,766.0,20.0,38.0,552.0,19.0,38.0,0.0,0.0,0.0,0.0,0.0,0.0
46023,3.6,5.4,89.3,82.7,3.6,2.8,17.1,14.1,17.3,5.2,27.7,3.9,0.7,10.2,22.9,9281.0,36.0,34.5,16.1,25.7,24.0,64038.0,Charles Mix,SD,South Dakota,2023.0,Crude prevalence,11.3,83.7,9.3,15.3,9.0,40.4,30.0,16.8,15.5,77.1,20.4,4.7,10.3,46.0,3.0,9373.0,158.0,430.0,1381.0,111.0,320.0,364.0,100.0,291.0,0.0,2.0,1.0,0.0,0.0,0.0
46025,6.8,2.6,90.7,85.8,2.3,0.9,7.0,20.8,17.0,5.3,22.5,1.5,0.4,5.6,20.3,3917.0,40.3,39.4,21.4,19.7,10.9,70726.0,Clark,SD,South Dakota,2023.0,Crude prevalence,9.8,86.0,8.4,13.1,8.6,34.1,27.3,14.6,13.9,76.6,16.5,4.3,10.4,46.0,1.0,3837.0,71.0,25.0,1715.0,60.0,21.0,1179.0,58.0,21.0,0.0,0.0,0.0,0.0,0.0,0.0
46027,2.5,5.2,95.9,90.6,4.7,3.5,9.1,19.5,11.4,5.7,49.2,1.9,1.5,9.0,40.2,15219.0,24.9,27.2,11.7,45.4,19.7,56850.0,Clay,SD,South Dakota,2023.0,Crude prevalence,10.5,77.9,5.1,8.1,4.9,34.7,21.7,17.8,10.5,72.0,12.4,2.5,8.1,46.0,3.0,14967.0,314.0,547.0,5147.0,99.0,222.0,2685.0,55.0,150.0,2.0,2.0,1.0,1.0,1.0,0.0
46029,1.3,4.8,92.6,87.6,1.3,1.8,6.3,14.1,7.4,5.3,30.2,1.3,0.6,7.8,28.4,28767.0,40.4,37.5,19.3,21.4,8.8,72727.0,Codington,SD,South Dakota,2023.0,Crude prevalence,10.2,84.6,7.3,12.1,7.4,35.9,26.5,15.2,12.9,77.5,16.2,3.8,8.7,46.0,8.0,28325.0,668.0,628.0,3675.0,95.0,230.0,2393.0,82.0,220.0,4.0,1.0,0.0,1.0,0.0,0.0
46031,2.6,11.3,79.4,85.1,13.3,19.0,16.9,21.0,17.0,11.6,40.9,6.6,4.9,3.3,24.8,3806.0,29.9,37.7,16.5,19.0,44.2,46406.0,Corson,SD,South Dakota,2023.0,Crude prevalence,13.3,78.2,12.5,19.9,10.4,43.5,37.3,21.2,20.0,75.1,29.6,6.0,14.0,46.0,2.0,3902.0,131.0,283.0,1924.0,106.0,223.0,1589.0,103.0,215.0,0.0,2.0,2.0,0.0,1.0,0.0
46033,1.9,3.4,93.6,87.8,1.2,0.9,10.8,29.5,15.9,0.7,14.4,2.9,0.5,5.7,14.8,8892.0,57.6,27.1,25.2,31.6,9.0,84112.0,Custer,SD,South Dakota,2023.0,Crude prevalence,9.8,90.3,7.9,13.9,8.9,33.9,25.1,12.4,13.2,80.9,13.9,4.3,7.0,46.0,2.0,8318.0,32.0,204.0,2127.0,23.0,175.0,1573.0,19.0,158.0,0.0,0.0,0.0,0.0,0.0,0.0
46035,3.2,5.3,93.3,86.2,0.6,1.6,8.0,14.1,7.1,6.2,38.5,0.4,0.8,7.3,31.4,19952.0,39.6,34.3,20.8,22.6,11.2,66208.0,Davison,SD,South Dakota,2023.0,Crude prevalence,10.0,84.8,7.5,12.2,7.5,38.0,25.4,15.2,13.1,75.9,15.6,3.8,9.3,46.0,5.0,19956.0,549.0,679.0,7545.0,232.0,222.0,5575.0,188.0,167.0,4.0,1.0,1.0,2.0,1.0,1.0
46037,2.4,4.2,87.3,83.8,1.2,0.5,8.5,22.3,31.1,6.0,25.4,0.5,0.0,7.2,22.6,5437.0,44.8,35.1,20.3,22.0,14.8,66033.0,Day,SD,South Dakota,2023.0,Crude prevalence,10.4,86.9,9.0,14.7,9.5,34.8,26.8,14.6,14.6,78.7,16.6,4.7,8.8,46.0,3.0,5449.0,143.0,168.0,1454.0,62.0,110.0,1046.0,48.0,98.0,0.0,0.0,0.0,0.0,0.0,0.0
46039,4.0,2.7,90.3,85.2,1.3,1.4,6.9,25.4,18.6,2.3,17.2,1.9,1.0,4.0,19.5,4328.0,41.8,39.6,16.3,25.1,8.8,83112.0,Deuel,SD,South Dakota,2023.0,Crude prevalence,9.9,86.7,7.3,11.9,7.6,33.3,23.9,14.4,12.6,77.3,14.8,3.8,8.2,46.0,2.0,4295.0,41.0,61.0,1219.0,29.0,39.0,610.0,27.0,36.0,0.0,0.0,0.0,0.0,0.0,0.0
46041,1.8,11.5,83.6,84.7,8.6,13.6,21.2,18.5,12.4,11.6,38.8,6.4,2.2,4.9,26.3,5205.0,27.7,39.5,19.2,18.8,33.0,54104.0,Dewey,SD,South Dakota,2023.0,Crude prevalence,13.7,77.7,10.3,18.0,8.3,43.6,36.3,21.1,18.1,72.6,29.5,5.1,13.4,46.0,2.0,5239.0,196.0,359.0,1166.0,60.0,150.0,804.0,42.0,122.0,0.0,2.0,1.0,0.0,1.0,0.0
46043,4.2,5.2,88.5,86.5,0.3,1.6,16.0,19.6,14.9,2.0,23.3,3.3,1.2,2.6,30.4,2828.0,42.0,31.5,21.1,24.9,11.0,86442.0,Douglas,SD,South Dakota,2023.0,Crude prevalence,10.1,86.1,8.5,13.6,8.9,35.1,26.3,14.7,13.9,78.2,15.8,4.4,9.3,46.0,1.0,2835.0,23.0,21.0,799.0,18.0,17.0,204.0,17.0,16.0,0.0,0.0,0.0,0.0,0.0,0.0
46045,4.7,3.2,95.7,93.3,0.7,1.2,4.4,20.0,14.1,1.2,18.9,0.0,0.5,3.2,26.8,4048.0,44.0,30.4,19.4,28.2,9.9,81630.0,Edmunds,SD,South Dakota,2023.0,Crude prevalence,9.9,87.6,7.6,12.4,8.1,33.7,23.1,13.9,12.9,78.5,14.7,4.0,7.6,46.0,2.0,3986.0,20.0,57.0,2565.0,18.0,54.0,2225.0,18.0,53.0,0.0,0.0,0.0,0.0,0.0,0.0
46047,1.5,7.4,90.7,85.7,1.3,1.4,13.2,19.4,11.3,6.6,27.6,0.3,0.0,0.5,40.5,7258.0,55.3,27.8,22.1,29.4,16.6,67917.0,Fall River,SD,South Dakota,2023.0,Crude prevalence,10.4,87.9,10.2,16.4,10.5,38.0,30.5,14.3,15.5,79.9,17.4,5.2,8.9,46.0,2.0,6973.0,238.0,382.0,1718.0,131.0,181.0,976.0,122.0,165.0,0.0,0.0,0.0,0.0,0.0,0.0
46049,2.5,6.2,85.4,80.7,3.2,0.9,6.3,16.9,20.6,10.9,20.4,0.3,2.1,4.8,26.2,2126.0,42.9,29.2,21.5,22.6,28.3,57750.0,Faulk,SD,South Dakota,2023.0,Crude prevalence,10.3,85.3,9.4,14.4,9.5,36.3,27.8,15.4,14.8,77.8,17.2,4.7,9.3,46.0,1.0,2125.0,94.0,12.0,1171.0,65.0,8.0,973.0,64.0,8.0,0.0,1.0,1.0,0.0,1.0,0.0
46051,3.2,5.2,89.4,84.1,1.9,2.1,7.8,13.7,12.4,3.6,24.4,0.2,0.3,6.5,22.2,7563.0,44.5,38.1,16.1,25.3,11.6,75028.0,Grant,SD,South Dakota,2023.0,Crude prevalence,9.7,87.1,7.7,12.8,8.2,37.3,26.5,13.8,13.3,78.2,14.7,4.1,9.4,46.0,2.0,7556.0,110.0,230.0,1148.0,69.0,138.0,643.0,64.0,125.0,0.0,0.0,0.0,0.0,0.0,0.0
46053,3.6,3.9,89.7,82.3,1.5,1.1,8.3,15.9,26.5,2.9,23.3,1.2,0.1,7.6,22.1,4016.0,44.7,39.9,18.5,22.2,9.5,62917.0,Gregory,SD,South Dakota,2023.0,Crude prevalence,10.2,86.7,8.8,14.1,9.2,35.9,27.0,14.8,14.4,78.6,16.2,4.6,9.0,46.0,2.0,3994.0,47.0,127.0,930.0,37.0,96.0,595.0,34.0,89.0,0.0,0.0,0.0,0.0,0.0,0.0
46055,1.3,2.3,92.7,78.6,0.0,1.3,6.7,19.0,23.2,4.1,20.8,1.0,0.0,21.3,1.9,1722.0,47.9,41.6,20.7,21.5,7.7,65625.0,Haakon,SD,South Dakota,2023.0,Crude prevalence,10.1,86.8,8.5,13.5,9.1,33.7,26.8,14.4,13.7,77.8,15.7,4.5,8.5,46.0,1.0,1872.0,28.0,21.0,979.0,20.0,15.0,892.0,19.0,14.0,0.0,0.0,0.0,0.0,0.0,0.0
46057,6.3,1.9,96.8,90.2,0.4,0.9,7.7,22.2,23.3,1.3,18.0,2.1,0.4,1.1,19.5,6373.0,31.8,35.6,17.6,24.5,6.9,87101.0,Hamlin,SD,South Dakota,2023.0,Crude prevalence,9.9,83.9,6.1,10.1,6.2,34.6,23.2,15.2,11.9,74.5,14.6,3.1,9.1,46.0,2.0,6164.0,28.0,71.0,2484.0,25.0,66.0,1047.0,25.0,64.0,0.0,0.0,0.0,0.0,0.0,0.0
46059,3.1,1.7,94.5,85.9,0.5,3.6,5.0,13.2,18.3,7.3,34.5,0.0,0.1,7.0,14.8,3140.0,42.5,29.1,21.2,28.4,5.2,74635.0,Hand,SD,South Dakota,2023.0,Crude prevalence,9.7,87.8,7.0,11.9,7.9,33.9,22.8,13.6,12.3,78.5,13.0,3.8,7.1,46.0,2.0,3145.0,102.0,54.0,1225.0,50.0,36.0,1102.0,40.0,33.0,0.0,0.0,0.0,0.0,0.0,0.0
46061,3.8,3.0,96.5,92.8,1.3,0.4,9.8,21.7,12.3,1.5,10.6,0.2,0.4,4.0,7.1,3472.0,38.3,32.2,19.5,22.5,7.0,81071.0,Hanson,SD,South Dakota,2023.0,Crude prevalence,10.4,85.0,7.4,12.1,6.9,36.6,24.2,15.8,13.1,76.1,16.8,3.5,8.3,46.0,1.0,3461.0,17.0,35.0,1322.0,16.0,33.0,723.0,16.0,32.0,0.0,0.0,0.0,0.0,0.0,0.0
46063,3.6,2.7,93.4,93.6,0.7,1.6,2.8,18.7,27.6,1.6,23.5,2.0,0.0,0.0,5.1,1148.0,46.3,30.5,24.0,30.4,6.3,80441.0,Harding,SD,South Dakota,2023.0,Crude prevalence,9.6,87.5,6.3,11.2,7.0,35.3,21.4,13.7,11.7,77.3,13.3,3.4,7.5,46.0,1.0,1311.0,8.0,10.0,1133.0,7.0,9.0,1084.0,7.0,9.0,0.0,0.0,0.0,0.0,0.0,0.0
46065,1.2,2.1,96.8,93.1,0.6,1.8,6.7,14.6,9.3,7.8,28.0,1.0,0.2,9.1,26.6,17664.0,39.5,26.6,19.5,39.0,9.2,81395.0,Hughes,SD,South Dakota,2023.0,Crude prevalence,10.2,86.7,5.9,10.8,6.3,34.0,21.9,14.4,11.6,76.7,13.7,3.2,7.3,46.0,4.0,17765.0,565.0,446.0,2423.0,218.0,86.0,2003.0,177.0,55.0,1.0,1.0,0.0,1.0,0.0,1.0
46067,3.4,3.3,89.6,86.7,1.1,1.3,5.1,17.2,10.1,5.4,22.7,0.4,0.1,10.5,18.2,7404.0,42.1,27.4,22.8,28.8,12.2,73977.0,Hutchinson,SD,South Dakota,2023.0,Crude prevalence,10.0,86.7,7.3,12.1,7.7,34.4,24.0,14.4,12.7,77.2,14.6,3.8,8.0,46.0,3.0,7427.0,156.0,231.0,1289.0,112.0,166.0,668.0,108.0,160.0,0.0,0.0,0.0,0.0,0.0,0.0
46069,3.0,6.9,93.6,89.7,2.4,3.0,6.1,15.3,18.5,2.0,16.5,0.0,0.4,27.9,0.0,1191.0,53.7,34.7,18.7,20.3,5.7,73472.0,Hyde,SD,South Dakota,2023.0,Crude prevalence,10.5,86.2,8.4,13.6,8.8,35.3,26.1,15.1,14.1,77.9,16.3,4.4,9.1,46.0,1.0,1262.0,10.0,12.0,482.0,7.0,8.0,350.0,7.0,8.0,0.0,0.0,0.0,0.0,0.0,0.0
46071,2.3,6.8,83.4,62.7,3.1,3.3,27.4,11.4,23.6,12.8,32.7,9.0,0.7,4.2,38.8,2802.0,34.3,48.1,16.3,12.4,42.4,35417.0,Jackson,SD,South Dakota,2023.0,Crude prevalence,13.2,78.1,12.3,18.6,10.3,40.9,35.2,20.9,19.5,74.4,28.5,6.0,13.9,46.0,2.0,2806.0,106.0,195.0,1586.0,88.0,166.0,1162.0,79.0,151.0,0.0,2.0,2.0,0.0,2.0,0.0
46073,2.8,3.6,91.1,86.0,1.2,1.5,3.4,15.8,18.5,5.4,15.9,5.2,0.3,5.9,9.9,1772.0,46.9,47.5,14.1,21.3,8.3,73750.0,Jerauld,SD,South Dakota,2023.0,Crude prevalence,9.6,88.4,8.1,13.8,8.9,35.6,26.2,13.2,13.5,79.5,14.5,4.4,8.9,46.0,1.0,1663.0,42.0,27.0,798.0,33.0,21.0,514.0,32.0,21.0,0.0,0.0,0.0,0.0,0.0,0.0
46075,0.6,6.2,91.8,89.2,1.4,1.2,8.7,15.3,28.6,4.4,23.7,1.5,2.3,0.0,3.8,1004.0,33.9,33.9,17.6,27.4,18.3,65119.0,Jones,SD,South Dakota,2023.0,Crude prevalence,10.1,88.1,8.8,14.7,9.5,35.4,27.2,14.0,14.2,79.7,16.2,4.6,8.1,46.0,1.0,917.0,15.0,4.0,409.0,11.0,3.0,235.0,11.0,3.0,0.0,0.0,0.0,0.0,0.0,0.0
46077,3.7,3.7,94.5,89.8,0.6,1.4,5.3,20.8,20.7,4.1,17.9,1.8,0.8,11.7,36.2,5244.0,42.1,38.8,15.4,23.1,10.6,74000.0,Kingsbury,SD,South Dakota,2023.0,Crude prevalence,9.9,86.6,7.4,12.1,7.9,35.6,24.6,14.3,12.9,77.3,14.7,3.9,8.5,46.0,2.0,5187.0,86.0,83.0,1728.0,70.0,67.0,975.0,68.0,65.0,0.0,0.0,0.0,0.0,0.0,0.0
46079,2.0,4.5,93.4,86.6,1.9,1.9,4.0,14.9,18.6,3.5,26.2,0.4,0.0,10.1,37.4,10972.0,43.8,24.4,19.5,34.6,8.4,76808.0,Lake,SD,South Dakota,2023.0,Crude prevalence,9.7,86.7,6.8,12.0,7.5,32.5,22.5,13.6,12.1,78.0,13.2,3.6,7.7,46.0,4.0,11059.0,166.0,246.0,3392.0,65.0,86.0,1497.0,47.0,59.0,2.0,1.0,1.0,0.0,0.0,0.0
46081,1.6,3.0,92.3,89.6,1.1,1.8,8.9,19.1,18.8,4.8,34.9,0.9,0.4,4.7,29.2,27233.0,44.8,28.3,23.1,32.9,11.6,73384.0,Lawrence,SD,South Dakota,2023.0,Crude prevalence,10.0,86.3,7.1,11.4,7.6,32.7,23.5,14.0,12.6,75.7,14.2,3.8,8.0,46.0,8.0,25768.0,583.0,1027.0,7450.0,213.0,358.0,4512.0,149.0,255.0,4.0,1.0,0.0,1.0,0.0,0.0
46083,1.3,2.2,97.3,95.7,1.3,1.6,4.1,19.3,2.9,2.1,28.8,1.3,0.2,11.9,25.1,70638.0,35.9,22.8,16.7,44.4,5.6,99166.0,Lincoln,SD,South Dakota,2023.0,Crude prevalence,9.5,85.9,4.8,8.8,5.1,34.9,17.6,13.6,9.7,77.4,11.6,2.6,6.7,46.0,13.0,65161.0,578.0,919.0,19136.0,225.0,440.0,7930.0,92.0,259.0,9.0,0.0,0.0,2.0,0.0,0.0
46085,2.5,8.1,89.1,82.4,2.3,8.2,21.3,15.8,23.5,5.7,30.1,3.7,1.6,3.0,21.4,3724.0,36.1,41.0,13.4,24.5,23.7,67143.0,Lyman,SD,South Dakota,2023.0,Crude prevalence,11.3,82.7,9.5,15.8,9.2,40.1,30.1,17.1,15.8,76.5,21.4,4.8,10.8,46.0,2.0,3718.0,68.0,136.0,1187.0,60.0,116.0,657.0,56.0,107.0,0.0,1.0,0.0,0.0,0.0,0.0
46087,2.4,3.1,93.3,89.5,1.3,2.0,7.8,25.2,10.2,2.1,20.5,1.4,0.7,5.3,30.6,5751.0,39.5,31.2,18.3,29.9,6.8,83852.0,McCook,SD,South Dakota,2023.0,Crude prevalence,9.7,86.6,6.4,11.0,6.7,36.1,22.9,14.2,12.0,76.6,14.0,3.4,7.9,46.0,2.0,5682.0,47.0,112.0,1442.0,42.0,100.0,556.0,41.0,98.0,0.0,0.0,0.0,0.0,0.0,0.0
46089,13.6,3.0,88.0,80.0,0.6,3.0,1.9,18.4,24.1,1.5,18.7,0.0,0.0,6.3,17.9,2145.0,50.0,32.7,11.0,26.5,12.9,66906.0,McPherson,SD,South Dakota,2023.0,Crude prevalence,10.0,87.0,9.7,14.8,10.3,34.9,29.2,14.0,15.0,79.1,16.2,5.1,10.2,46.0,1.0,2411.0,14.0,29.0,1354.0,11.0,23.0,843.0,11.0,22.0,0.0,0.0,0.0,0.0,0.0,0.0
46091,5.2,2.4,95.0,89.5,0.2,1.9,3.9,16.0,32.2,2.3,19.7,0.1,0.0,15.9,9.0,4344.0,42.5,34.8,16.7,25.4,6.1,78156.0,Marshall,SD,South Dakota,2023.0,Crude prevalence,9.8,87.1,7.3,12.7,7.8,35.9,24.7,14.1,13.0,77.4,15.2,3.9,9.2,46.0,1.0,4306.0,38.0,26.0,2126.0,32.0,22.0,1469.0,31.0,22.0,0.0,0.0,0.0,0.0,0.0,0.0
46093,2.0,3.1,94.8,93.4,2.0,1.4,9.4,19.8,7.0,3.8,27.1,1.2,0.0,16.1,22.1,30546.0,37.3,28.4,27.2,27.8,7.1,74790.0,Meade,SD,South Dakota,2023.0,Crude prevalence,10.3,84.6,6.0,9.5,6.1,30.4,21.4,15.8,11.6,75.3,14.1,3.0,8.4,46.0,7.0,29852.0,458.0,708.0,12202.0,103.0,265.0,8771.0,39.0,170.0,4.0,1.0,0.0,1.0,0.0,0.0
46095,3.2,13.3,80.3,74.4,7.3,12.0,25.0,16.7,17.7,5.9,39.6,6.4,5.0,12.5,13.7,1943.0,37.5,38.1,17.1,19.1,41.7,54076.0,Mellette,SD,South Dakota,2023.0,Crude prevalence,13.2,78.6,13.7,21.1,11.5,45.6,38.5,20.7,20.3,75.5,30.2,6.6,14.6,46.0,1.0,1918.0,38.0,159.0,1359.0,32.0,135.0,1134.0,32.0,133.0,0.0,1.0,1.0,0.0,1.0,0.0
46097,2.0,3.3,94.5,82.9,0.2,2.7,5.9,25.2,21.0,3.5,15.2,1.3,0.0,1.0,19.2,2300.0,48.4,43.6,21.6,16.7,11.2,76140.0,Miner,SD,South Dakota,2023.0,Crude prevalence,9.9,86.4,8.2,13.3,8.6,35.7,26.6,14.6,13.7,77.9,15.9,4.3,8.7,46.0,1.0,2298.0,33.0,64.0,964.0,30.0,59.0,678.0,29.0,55.0,0.0,0.0,0.0,0.0,0.0,0.0
46099,2.9,4.4,96.7,92.6,1.8,1.8,8.2,17.8,5.1,5.6,36.9,1.5,0.7,8.5,32.7,203289.0,36.0,25.2,20.0,35.2,8.8,76880.0,Minnehaha,SD,South Dakota,2023.0,Crude prevalence,9.7,85.0,5.6,10.6,5.5,37.4,23.3,15.7,11.0,76.6,14.2,2.8,8.8,46.0,47.0,197214.0,4740.0,7124.0,18750.0,509.0,798.0,5312.0,272.0,402.0,39.0,14.0,1.0,3.0,0.0,0.0
46101,2.3,2.5,95.4,88.3,1.8,2.1,11.0,19.9,7.2,2.9,26.5,3.6,0.9,5.3,36.4,6397.0,40.8,27.9,22.2,30.4,11.6,78427.0,Moody,SD,South Dakota,2023.0,Crude prevalence,10.1,86.7,6.7,12.1,7.2,33.6,23.8,14.2,12.5,77.4,14.5,3.7,8.1,46.0,2.0,6336.0,74.0,108.0,654.0,39.0,63.0,160.0,35.0,58.0,0.0,0.0,0.0,0.0,0.0,0.0
46102,6.0,19.7,83.8,70.2,5.4,14.2,44.6,13.5,15.8,22.5,48.5,23.0,5.6,4.3,21.4,13491.0,28.2,35.1,21.7,11.8,57.6,41417.0,Oglala Lakota,SD,South Dakota,2023.0,Crude prevalence,15.0,71.6,13.6,21.1,9.7,47.0,40.1,25.7,22.5,71.0,39.8,6.3,19.1,46.0,3.0,13672.0,659.0,1446.0,2915.0,508.0,1083.0,1124.0,453.0,951.0,0.0,3.0,1.0,2.0,1.0,2.0
46103,2.1,3.3,95.2,90.6,2.0,1.7,10.2,19.4,10.3,5.6,30.7,0.9,0.5,14.8,33.9,113512.0,40.1,27.0,21.3,34.6,11.2,74517.0,Pennington,SD,South Dakota,2023.0,Crude prevalence,10.2,85.7,6.8,12.1,7.0,33.7,23.3,14.8,12.5,76.3,15.0,3.5,8.5,46.0,25.0,109222.0,2574.0,3738.0,21441.0,594.0,982.0,8484.0,257.0,542.0,17.0,10.0,1.0,6.0,0.0,4.0
46105,1.9,3.3,93.6,88.9,3.2,2.8,10.7,14.7,24.9,4.5,21.6,0.1,1.3,4.6,26.2,3001.0,44.0,35.3,21.1,24.9,13.7,66908.0,Perkins,SD,South Dakota,2023.0,Crude prevalence,10.2,87.6,8.9,14.3,9.3,36.0,26.6,14.4,14.3,78.9,16.0,4.6,8.4,46.0,1.0,2835.0,59.0,107.0,1681.0,48.0,86.0,1523.0,46.0,84.0,0.0,0.0,0.0,0.0,0.0,0.0
46107,1.0,2.8,95.1,88.0,1.6,1.8,4.3,14.2,32.0,2.6,18.5,0.6,0.4,2.8,40.3,2388.0,49.9,39.4,16.9,27.2,6.2,72045.0,Potter,SD,South Dakota,2023.0,Crude prevalence,9.7,88.4,7.4,13.1,8.5,34.8,24.3,13.5,12.8,79.6,13.6,4.1,7.2,46.0,1.0,2472.0,28.0,22.0,535.0,19.0,15.0,186.0,17.0,14.0,0.0,0.0,0.0,0.0,0.0,0.0
46109,2.6,5.9,87.9,83.3,3.6,2.3,18.2,16.2,25.2,4.6,28.8,4.1,0.7,9.0,20.8,10221.0,38.5,36.6,20.6,18.6,15.7,65130.0,Roberts,SD,South Dakota,2023.0,Crude prevalence,11.4,84.3,9.7,16.3,9.5,43.0,31.7,16.8,16.1,77.4,20.3,5.0,10.4,46.0,4.0,10280.0,168.0,386.0,1417.0,104.0,267.0,212.0,79.0,222.0,0.0,2.0,0.0,0.0,0.0,0.0
46111,2.8,8.3,88.8,80.5,0.4,0.6,5.3,21.2,19.0,7.0,21.4,0.4,0.3,11.5,34.6,2384.0,40.1,37.4,17.1,21.3,8.5,78750.0,Sanborn,SD,South Dakota,2023.0,Crude prevalence,10.0,86.2,7.8,12.6,7.8,36.3,25.5,14.7,13.4,77.1,16.1,3.9,9.3,46.0,1.0,2330.0,66.0,54.0,1348.0,59.0,48.0,1147.0,55.0,45.0,0.0,0.0,0.0,0.0,0.0,0.0
46115,3.2,3.1,93.2,88.3,0.8,0.8,9.4,17.1,17.4,3.3,27.3,0.2,0.0,2.0,23.3,6219.0,45.5,33.6,21.9,28.2,10.1,70139.0,Spink,SD,South Dakota,2023.0,Crude prevalence,10.0,87.2,8.0,12.9,8.3,36.0,25.6,14.2,13.4,78.2,15.1,4.2,8.4,46.0,3.0,6361.0,83.0,107.0,2919.0,49.0,39.0,2641.0,46.0,33.0,0.0,0.0,0.0,0.0,0.0,0.0
46117,0.8,4.7,99.1,90.9,0.3,0.6,3.4,18.0,16.3,2.6,16.9,1.9,0.0,3.6,42.8,3015.0,44.5,36.8,14.5,28.2,5.1,87712.0,Stanley,SD,South Dakota,2023.0,Crude prevalence,9.8,87.5,6.3,11.1,6.9,35.2,21.8,13.9,11.8,77.8,13.4,3.4,7.1,46.0,1.0,2980.0,34.0,30.0,988.0,22.0,19.0,862.0,19.0,17.0,0.0,0.0,0.0,0.0,0.0,0.0
46119,0.0,3.9,93.6,79.6,0.0,2.8,6.6,19.3,31.8,2.4,27.2,0.0,0.0,6.6,26.4,1526.0,46.9,38.2,18.0,24.1,6.3,72578.0,Sully,SD,South Dakota,2023.0,Crude prevalence,9.6,88.0,7.1,12.5,8.1,34.7,23.4,13.4,12.4,78.8,13.7,3.9,7.7,46.0,1.0,1446.0,15.0,31.0,791.0,13.0,26.0,559.0,12.0,25.0,0.0,0.0,0.0,0.0,0.0,0.0
46121,4.6,11.9,82.2,75.2,9.3,15.8,22.8,16.7,11.6,12.8,53.7,8.4,9.6,4.9,23.3,9244.0,25.5,27.0,30.9,16.6,48.4,42075.0,Todd,SD,South Dakota,2023.0,Crude prevalence,15.3,72.5,13.2,20.7,9.5,49.3,40.8,24.8,21.8,73.2,37.2,6.2,17.6,46.0,2.0,9319.0,325.0,1023.0,1935.0,213.0,668.0,1432.0,163.0,502.0,0.0,2.0,1.0,1.0,1.0,1.0
46123,2.0,9.9,90.0,85.2,1.1,3.7,14.1,13.8,18.2,7.1,31.6,0.0,0.6,6.0,51.3,5611.0,45.0,37.1,25.1,17.7,18.4,58987.0,Tripp,SD,South Dakota,2023.0,Crude prevalence,10.8,84.8,10.0,15.3,9.8,37.0,29.4,15.9,15.7,78.0,18.9,5.0,10.1,46.0,2.0,5624.0,161.0,231.0,1692.0,49.0,79.0,1487.0,36.0,61.0,0.0,1.0,0.0,0.0,0.0,0.0
46125,2.5,4.4,92.6,88.2,1.5,1.3,7.0,25.3,8.8,3.9,21.0,0.5,0.1,3.4,28.1,8882.0,41.2,31.3,20.4,27.3,9.3,75771.0,Turner,SD,South Dakota,2023.0,Crude prevalence,9.9,86.3,7.1,11.8,7.3,34.0,24.2,14.6,12.6,76.8,15.0,3.6,8.3,46.0,2.0,8673.0,138.0,304.0,868.0,117.0,256.0,203.0,112.0,245.0,0.0,0.0,0.0,0.0,0.0,0.0
46127,1.8,2.6,95.0,89.5,2.0,0.9,5.1,17.7,3.7,3.7,26.9,0.4,0.5,13.3,25.3,17081.0,41.5,26.2,19.8,37.0,6.2,89636.0,Union,SD,South Dakota,2023.0,Crude prevalence,9.6,86.9,5.9,10.6,6.4,31.2,21.1,13.8,11.2,76.3,12.8,3.2,7.6,46.0,4.0,16811.0,270.0,303.0,3622.0,202.0,247.0,1162.0,186.0,211.0,1.0,0.0,0.0,1.0,0.0,1.0
46129,3.0,5.4,95.0,90.1,2.1,0.3,10.6,16.7,17.6,2.6,23.8,2.8,0.1,15.2,25.7,5271.0,41.7,29.6,17.1,29.6,14.9,65026.0,Walworth,SD,South Dakota,2023.0,Crude prevalence,10.3,86.3,7.9,13.4,8.4,34.3,25.1,14.5,13.5,78.4,15.7,4.2,8.3,46.0,2.0,5315.0,62.0,182.0,648.0,20.0,68.0,331.0,13.0,51.0,0.0,0.0,0.0,0.0,0.0,0.0
46135,1.7,4.6,93.9,86.1,0.9,2.7,5.6,15.3,8.7,5.2,27.3,1.3,0.8,6.8,27.1,23414.0,42.5,32.6,18.2,31.4,11.9,72821.0,Yankton,SD,South Dakota,2023.0,Crude prevalence,9.8,86.1,6.7,11.8,7.1,38.3,24.5,14.4,12.3,76.9,13.8,3.6,8.8,46.0,5.0,23310.0,502.0,712.0,3636.0,159.0,254.0,1286.0,61.0,114.0,2.0,1.0,0.0,2.0,0.0,1.0
46137,1.6,8.5,85.6,83.0,14.9,19.5,26.0,21.7,16.9,12.2,42.9,4.9,1.9,6.0,40.2,2377.0,36.7,40.3,21.1,15.2,33.5,53958.0,Ziebach,SD,South Dakota,2023.0,Crude prevalence,13.8,77.6,11.2,18.7,9.2,47.2,37.8,21.5,19.3,74.2,30.4,5.5,13.7,46.0,1.0,2413.0,90.0,186.0,1753.0,83.0,171.0,1625.0,77.0,158.0,0.0,1.0,1.0,0.0,1.0,0.0
47001,3.3,5.3,94.7,90.2,2.2,3.0,8.5,24.5,8.7,5.6,28.3,1.1,0.1,9.2,35.4,79153.0,41.5,32.6,21.4,27.5,13.4,66183.0,Anderson,TN,Tennessee,2023.0,Crude prevalence,10.7,87.0,9.5,14.1,7.8,42.0,27.4,19.9,15.8,79.0,18.5,3.9,11.0,47.0,20.0,77123.0,1836.0,3901.0,21348.0,739.0,1717.0,10494.0,461.0,1124.0,13.0,8.0,3.0,3.0,0.0,1.0
47003,5.5,9.2,92.3,87.2,2.7,2.6,14.6,28.4,4.8,3.0,28.1,2.5,0.5,8.6,38.6,52237.0,37.6,40.4,21.6,17.2,12.6,67225.0,Bedford,TN,Tennessee,2023.0,Crude prevalence,11.0,84.8,9.2,13.5,7.0,44.4,29.6,20.4,16.1,76.9,19.4,3.7,15.1,47.0,10.0,50237.0,582.0,1997.0,11918.0,329.0,935.0,8051.0,269.0,719.0,4.0,2.0,2.0,0.0,2.0,0.0
47005,5.9,5.6,92.8,79.5,2.7,2.2,10.1,26.5,16.9,5.4,24.9,1.1,0.9,9.2,29.9,16006.0,47.8,48.9,19.6,12.8,17.8,51746.0,Benton,TN,Tennessee,2023.0,Crude prevalence,11.2,86.7,12.7,16.9,10.0,40.8,33.8,20.5,18.8,79.2,22.4,5.0,12.9,47.0,5.0,15864.0,385.0,1126.0,95.0,271.0,880.0,0.0,211.0,731.0,0.0,4.0,0.0,0.0,0.0,0.0
47007,6.6,13.0,87.6,84.8,0.9,2.5,17.3,35.1,17.8,5.1,17.5,4.0,0.7,4.4,33.6,15032.0,45.5,47.0,15.8,12.4,20.7,54720.0,Bledsoe,TN,Tennessee,2023.0,Crude prevalence,11.1,84.6,13.5,17.3,10.2,41.9,34.7,21.0,19.6,77.7,25.6,5.2,15.6,47.0,4.0,14913.0,248.0,878.0,39.0,206.0,712.0,0.0,190.0,643.0,0.0,3.0,0.0,0.0,0.0,0.0
47009,3.1,5.7,95.6,90.4,2.1,1.3,9.4,25.3,10.2,2.7,23.0,1.6,0.4,8.4,31.7,139333.0,43.7,34.4,18.9,28.6,8.4,77365.0,Blount,TN,Tennessee,2023.0,Crude prevalence,10.5,88.0,9.0,13.4,7.5,36.3,25.8,18.5,15.1,79.5,16.6,3.7,10.2,47.0,31.0,135280.0,1506.0,3281.0,25691.0,553.0,1626.0,10621.0,354.0,1089.0,16.0,3.0,0.0,1.0,0.0,1.0
47011,3.9,7.4,94.5,90.2,4.1,1.6,10.1,23.3,7.3,5.3,32.7,1.9,0.7,9.2,36.2,111065.0,39.5,30.6,23.3,24.4,12.7,66552.0,Bradley,TN,Tennessee,2023.0,Crude prevalence,10.8,86.4,9.0,13.4,7.3,41.5,25.9,19.7,15.4,77.4,17.6,3.7,11.9,47.0,25.0,108620.0,2256.0,4973.0,11631.0,926.0,1958.0,4380.0,657.0,1341.0,14.0,8.0,2.0,5.0,1.0,4.0
47013,5.5,11.0,89.7,77.9,2.6,7.6,8.7,30.1,16.4,5.7,30.8,2.0,0.3,8.2,32.5,39761.0,44.2,42.6,22.0,12.7,18.5,51557.0,Campbell,TN,Tennessee,2023.0,Crude prevalence,11.5,85.0,12.4,15.7,9.3,42.6,32.3,21.5,18.7,77.6,22.8,4.7,13.2,47.0,13.0,39272.0,986.0,3181.0,6452.0,520.0,1891.0,2130.0,354.0,1421.0,4.0,12.0,4.0,2.0,2.0,0.0
47015,5.2,8.8,91.9,84.7,1.6,2.4,8.5,35.4,10.5,4.6,21.6,0.9,2.8,6.4,33.6,14818.0,40.0,41.4,19.7,16.8,18.3,59443.0,Cannon,TN,Tennessee,2023.0,Crude prevalence,11.1,85.8,10.8,14.5,8.2,43.1,29.5,20.5,17.1,77.3,20.8,4.2,12.6,47.0,4.0,14506.0,267.0,603.0,78.0,179.0,452.0,0.0,149.0,392.0,0.0,3.0,0.0,0.0,0.0,0.0
47017,4.0,6.7,91.7,81.3,2.4,3.1,9.9,26.2,11.9,5.5,25.5,1.3,0.0,5.8,37.6,28641.0,41.3,42.1,21.3,18.1,17.0,51787.0,Carroll,TN,Tennessee,2023.0,Crude prevalence,11.2,85.9,10.5,15.2,8.4,42.8,30.3,20.2,16.8,77.5,19.8,4.4,12.0,47.0,9.0,28440.0,629.0,1438.0,2255.0,377.0,954.0,1753.0,313.0,812.0,1.0,5.0,0.0,2.0,0.0,2.0
47019,3.5,6.9,90.2,83.7,3.3,4.9,11.7,24.3,13.1,4.6,24.8,1.3,0.2,8.1,28.4,56712.0,45.9,38.5,20.9,20.6,17.1,50135.0,Carter,TN,Tennessee,2023.0,Crude prevalence,11.3,86.5,11.6,15.9,9.3,37.9,31.4,20.2,18.1,78.8,20.5,4.6,11.9,47.0,18.0,56356.0,1123.0,3483.0,14827.0,519.0,1796.0,7304.0,317.0,1175.0,10.0,12.0,6.0,2.0,4.0,2.0
47021,4.3,5.8,95.6,90.9,2.9,1.5,8.6,33.5,6.7,2.0,18.5,1.3,0.7,9.7,39.7,41829.0,41.5,35.0,20.4,26.6,7.7,89852.0,Cheatham,TN,Tennessee,2023.0,Crude prevalence,10.7,87.2,8.2,12.4,6.6,39.6,24.6,18.9,14.6,77.4,17.4,3.3,10.7,47.0,9.0,41072.0,323.0,957.0,6.0,230.0,696.0,0.0,180.0,564.0,0.0,0.0,0.0,0.0,0.0,0.0
47023,2.5,9.1,92.3,87.4,2.2,1.2,7.7,28.2,11.7,3.1,24.6,1.2,0.5,8.7,29.6,17611.0,37.6,39.2,20.8,22.0,16.1,59341.0,Chester,TN,Tennessee,2023.0,Crude prevalence,11.5,84.3,9.8,13.9,7.5,39.0,28.6,21.2,16.2,77.5,19.4,3.9,12.1,47.0,5.0,17341.0,201.0,857.0,1570.0,93.0,493.0,263.0,57.0,370.0,1.0,3.0,1.0,0.0,0.0,0.0
47025,6.4,9.8,89.5,78.9,2.4,4.0,9.1,27.4,11.5,4.0,27.8,0.9,0.7,7.0,35.5,32466.0,42.5,38.5,17.5,18.2,17.4,49379.0,Claiborne,TN,Tennessee,2023.0,Crude prevalence,11.3,85.2,11.3,15.0,8.5,42.3,30.3,20.8,17.4,78.0,20.9,4.3,12.4,47.0,9.0,32043.0,555.0,2031.0,199.0,402.0,1370.0,0.0,332.0,1116.0,0.0,6.0,0.0,1.0,0.0,1.0
47027,6.0,9.2,90.0,79.4,4.6,2.5,8.2,27.6,13.0,6.7,25.6,2.4,0.0,6.1,27.0,7670.0,48.5,48.3,19.0,11.5,24.2,39972.0,Clay,TN,Tennessee,2023.0,Crude prevalence,11.3,86.4,13.8,17.8,10.8,39.9,34.2,20.2,19.5,78.9,23.1,5.4,13.4,47.0,2.0,7581.0,235.0,879.0,682.0,183.0,690.0,0.0,171.0,646.0,0.0,2.0,1.0,1.0,0.0,1.0
47029,6.7,8.4,89.0,79.1,2.3,1.8,12.7,32.8,13.6,4.4,25.5,2.6,1.1,13.1,34.5,36813.0,45.3,46.8,20.9,11.0,21.9,48016.0,Cocke,TN,Tennessee,2023.0,Crude prevalence,11.5,85.6,13.4,17.2,10.0,40.3,33.3,21.2,19.4,78.3,23.9,5.1,14.0,47.0,9.0,35999.0,683.0,2913.0,4493.0,430.0,1802.0,2842.0,313.0,1334.0,2.0,8.0,2.0,2.0,2.0,1.0
47031,2.8,8.8,94.1,84.3,2.1,2.2,10.4,25.5,9.3,4.2,31.0,1.3,0.2,6.9,32.1,59710.0,39.0,39.3,19.9,21.4,17.4,61505.0,Coffee,TN,Tennessee,2023.0,Crude prevalence,11.1,85.9,10.0,13.9,7.9,39.5,28.3,20.0,16.4,77.6,19.9,4.0,12.6,47.0,17.0,57889.0,964.0,2706.0,9797.0,396.0,1439.0,4209.0,264.0,1067.0,7.0,7.0,2.0,1.0,0.0,1.0
47033,3.9,7.9,88.8,86.5,1.8,2.3,10.2,24.0,10.2,7.2,28.4,1.7,0.1,3.7,38.2,13944.0,39.7,42.7,22.2,16.6,14.5,62165.0,Crockett,TN,Tennessee,2023.0,Crude prevalence,11.2,86.2,10.0,15.5,8.0,42.1,30.9,20.0,16.9,78.5,19.5,4.4,14.2,47.0,5.0,13911.0,398.0,741.0,12.0,281.0,542.0,0.0,235.0,456.0,0.0,0.0,0.0,2.0,0.0,1.0
47035,3.1,5.8,94.7,86.7,2.3,1.8,8.4,22.9,10.4,4.9,19.8,1.3,0.6,8.0,26.7,63553.0,53.5,41.6,22.0,19.1,14.4,60375.0,Cumberland,TN,Tennessee,2023.0,Crude prevalence,10.8,88.8,12.7,17.3,10.9,39.5,29.7,18.3,18.0,81.4,19.4,5.3,11.5,47.0,17.0,61145.0,1380.0,3191.0,12333.0,767.0,1991.0,7473.0,504.0,1434.0,6.0,8.0,3.0,3.0,1.0,2.0
47037,3.6,5.5,96.6,92.6,3.2,2.1,12.5,24.7,9.0,6.5,47.2,1.9,1.3,10.5,43.2,715388.0,34.6,20.0,16.6,48.4,13.9,77853.0,Davidson,TN,Tennessee,2023.0,Crude prevalence,10.7,85.9,6.2,11.2,5.1,32.3,24.7,19.2,12.6,75.3,14.0,2.9,11.8,47.0,174.0,715884.0,21243.0,26860.0,169410.0,3201.0,5349.0,70201.0,1138.0,1681.0,163.0,71.0,25.0,30.0,6.0,15.0
47039,4.9,11.0,87.0,80.5,3.6,3.8,10.3,26.8,30.7,5.7,25.7,2.2,0.4,3.7,22.8,11579.0,45.8,45.8,16.3,14.0,22.1,45375.0,Decatur,TN,Tennessee,2023.0,Crude prevalence,11.4,85.8,13.6,17.8,10.4,43.0,33.5,20.6,19.4,79.1,23.8,5.3,14.0,47.0,5.0,11435.0,260.0,787.0,276.0,173.0,574.0,0.0,146.0,504.0,0.0,5.0,0.0,0.0,0.0,0.0
47041,4.9,10.6,89.1,83.2,3.1,3.4,8.7,29.3,14.8,7.0,27.4,2.3,1.4,13.5,47.2,20959.0,41.9,39.1,18.4,20.8,18.6,53153.0,DeKalb,TN,Tennessee,2023.0,Crude prevalence,11.1,85.1,11.8,15.9,8.9,40.4,32.2,20.8,18.3,77.2,22.2,4.5,14.4,47.0,5.0,20080.0,607.0,1145.0,3699.0,366.0,782.0,2668.0,286.0,652.0,2.0,3.0,2.0,2.0,2.0,2.0
47043,4.3,6.4,94.3,86.4,2.1,2.6,8.0,32.7,8.0,2.9,19.7,1.4,0.8,7.7,25.0,55983.0,39.1,37.6,21.8,22.0,10.9,75003.0,Dickson,TN,Tennessee,2023.0,Crude prevalence,10.9,86.5,8.6,12.7,6.8,37.6,27.1,19.6,15.1,76.6,18.0,3.5,11.2,47.0,11.0,54315.0,636.0,2017.0,1606.0,401.0,1305.0,1218.0,343.0,1132.0,1.0,6.0,1.0,1.0,1.0,1.0
47045,3.3,7.4,94.3,90.2,2.7,1.8,9.4,19.8,9.5,6.7,38.1,1.3,0.4,6.8,35.1,36508.0,40.2,41.4,19.5,21.1,16.3,58154.0,Dyer,TN,Tennessee,2023.0,Crude prevalence,11.4,85.8,10.2,14.9,8.0,39.4,30.5,20.7,16.8,78.1,20.1,4.2,12.5,47.0,10.0,36801.0,986.0,2336.0,2071.0,261.0,968.0,874.0,194.0,786.0,3.0,5.0,2.0,2.0,0.0,0.0
47047,2.7,5.6,96.0,90.7,2.8,0.9,7.4,34.1,6.9,5.3,18.6,1.4,0.5,13.7,31.8,43267.0,47.4,32.6,23.7,27.3,10.3,88456.0,Fayette,TN,Tennessee,2023.0,Crude prevalence,10.9,89.4,8.9,15.9,8.0,39.0,26.8,17.6,15.2,80.6,16.5,4.3,10.3,47.0,11.0,41990.0,916.0,1663.0,3405.0,726.0,1329.0,2315.0,649.0,1200.0,1.0,0.0,0.0,3.0,0.0,2.0
47049,9.0,8.7,89.5,87.6,2.2,3.4,10.9,27.5,15.4,5.2,17.4,1.2,2.2,7.4,36.6,19309.0,46.9,41.2,19.9,14.6,21.0,51149.0,Fentress,TN,Tennessee,2023.0,Crude prevalence,11.4,86.2,13.3,17.1,10.0,44.9,32.6,20.6,19.3,78.6,22.5,5.1,12.9,47.0,5.0,18489.0,404.0,1763.0,381.0,284.0,1322.0,0.0,253.0,1174.0,0.0,5.0,0.0,1.0,0.0,1.0
47051,3.3,5.0,92.6,83.5,1.6,1.1,7.8,25.1,13.3,4.1,22.6,1.2,0.3,9.6,30.7,43990.0,42.2,39.5,19.8,23.9,12.0,63494.0,Franklin,TN,Tennessee,2023.0,Crude prevalence,11.0,86.1,9.5,13.9,7.8,35.0,28.8,19.6,15.5,78.5,17.7,3.9,10.9,47.0,10.0,42774.0,718.0,1449.0,2027.0,433.0,907.0,505.0,343.0,692.0,2.0,2.0,1.0,2.0,0.0,2.0
47053,3.1,7.8,94.5,90.3,2.9,2.6,9.3,26.1,10.0,6.6,31.2,1.6,0.3,8.6,35.0,50869.0,39.6,40.1,21.6,20.5,13.7,62755.0,Gibson,TN,Tennessee,2023.0,Crude prevalence,11.4,86.1,9.9,14.7,7.6,39.6,29.8,20.2,16.2,78.2,20.1,4.2,12.2,47.0,17.0,50429.0,1344.0,3366.0,3674.0,597.0,1551.0,2407.0,474.0,1272.0,4.0,10.0,2.0,3.0,0.0,3.0
47055,3.3,8.8,90.9,82.6,2.5,3.5,7.4,29.8,15.2,5.2,26.7,1.1,0.5,6.6,30.4,30620.0,43.5,41.2,18.8,20.1,12.8,62307.0,Giles,TN,Tennessee,2023.0,Crude prevalence,11.3,86.8,10.5,15.4,8.4,39.8,28.8,19.8,16.8,78.8,19.5,4.4,11.8,47.0,9.0,30346.0,629.0,1374.0,18.0,465.0,1010.0,0.0,414.0,908.0,0.0,1.0,0.0,1.0,0.0,1.0
47057,4.7,9.4,88.2,79.5,2.4,1.4,8.5,32.3,18.4,5.0,22.9,1.7,0.4,7.9,36.3,24266.0,47.4,45.2,17.1,15.9,17.1,50538.0,Grainger,TN,Tennessee,2023.0,Crude prevalence,11.1,86.3,11.6,15.7,9.1,41.2,30.8,20.1,17.9,78.1,21.3,4.5,12.7,47.0,6.0,23527.0,480.0,1350.0,3386.0,374.0,1050.0,2619.0,321.0,882.0,1.0,5.0,1.0,1.0,1.0,1.0
47059,4.0,7.9,89.9,80.0,3.0,2.7,9.2,26.0,13.1,5.3,22.9,2.0,0.2,6.8,35.3,71628.0,44.7,43.1,18.6,18.7,15.4,56194.0,Greene,TN,Tennessee,2023.0,Crude prevalence,11.1,86.1,11.3,15.4,8.9,40.6,31.1,19.9,17.8,77.9,20.6,4.4,12.3,47.0,17.0,70152.0,1496.0,3329.0,7181.0,1074.0,2162.0,4540.0,908.0,1742.0,4.0,7.0,0.0,5.0,0.0,4.0
47061,6.8,10.5,91.6,87.3,4.5,3.2,13.3,35.1,17.3,4.5,16.3,1.1,0.9,10.5,28.6,13819.0,42.7,43.8,18.4,14.3,18.9,47593.0,Grundy,TN,Tennessee,2023.0,Crude prevalence,11.7,84.8,13.1,16.5,9.6,40.6,33.0,21.4,19.2,78.0,24.2,5.0,14.1,47.0,4.0,13529.0,234.0,868.0,71.0,173.0,645.0,0.0,150.0,544.0,0.0,4.0,0.0,0.0,0.0,0.0
47063,4.5,7.1,92.3,87.8,3.1,1.9,12.8,23.9,6.9,4.9,30.2,2.3,0.2,7.5,37.2,65669.0,40.1,39.3,20.7,20.0,18.4,55454.0,Hamblen,TN,Tennessee,2023.0,Crude prevalence,11.1,85.3,10.6,15.2,8.2,40.5,31.1,20.6,17.6,77.5,20.9,4.3,14.9,47.0,12.0,64499.0,1293.0,3650.0,19339.0,418.0,1271.0,11569.0,240.0,786.0,9.0,5.0,2.0,3.0,0.0,3.0
47065,3.6,4.9,95.7,91.5,2.8,1.5,9.7,22.1,8.2,5.8,36.1,1.2,0.4,7.2,38.1,376192.0,39.5,23.4,21.9,37.5,13.1,76183.0,Hamilton,TN,Tennessee,2023.0,Crude prevalence,11.0,87.7,7.7,12.7,6.6,34.5,22.4,17.9,13.6,78.0,15.4,3.6,10.7,47.0,87.0,366207.0,8942.0,14488.0,104797.0,1882.0,3601.0,53759.0,805.0,1664.0,74.0,27.0,7.0,11.0,1.0,6.0
47067,8.7,13.7,77.8,71.1,2.9,8.8,11.3,30.8,23.0,11.8,25.4,1.3,2.2,11.6,46.4,6852.0,43.1,38.8,21.8,10.8,32.2,34960.0,Hancock,TN,Tennessee,2023.0,Crude prevalence,12.2,83.4,17.6,20.3,12.1,43.0,39.0,23.2,22.7,78.2,29.4,6.3,16.1,47.0,2.0,6662.0,335.0,984.0,705.0,264.0,791.0,0.0,253.0,758.0,0.0,2.0,1.0,1.0,0.0,1.0
47069,3.5,13.6,88.7,81.7,4.7,2.5,7.5,32.6,15.3,7.6,28.3,1.2,0.1,11.4,43.2,25433.0,40.1,43.8,20.2,12.2,19.0,46069.0,Hardeman,TN,Tennessee,2023.0,Crude prevalence,11.4,85.0,10.5,17.2,8.3,43.7,34.1,20.7,17.3,79.4,22.2,4.9,14.8,47.0,6.0,25462.0,691.0,1759.0,175.0,523.0,1381.0,0.0,438.0,1187.0,0.0,5.0,0.0,3.0,0.0,1.0
47071,6.4,10.4,89.6,86.9,2.4,2.2,14.2,25.9,27.4,5.4,22.0,0.8,0.2,11.7,31.9,27249.0,45.1,43.4,19.8,15.1,21.5,49956.0,Hardin,TN,Tennessee,2023.0,Crude prevalence,11.3,86.3,13.0,17.1,10.1,38.1,33.3,20.6,19.0,79.3,22.7,5.1,13.1,47.0,8.0,26831.0,596.0,1634.0,5624.0,396.0,901.0,2841.0,318.0,754.0,3.0,6.0,2.0,1.0,1.0,1.0
47073,4.4,8.1,91.1,86.2,3.7,1.3,9.6,27.7,14.1,4.3,19.9,0.9,0.9,4.3,33.6,57964.0,46.0,43.7,20.3,16.2,15.2,56936.0,Hawkins,TN,Tennessee,2023.0,Crude prevalence,11.1,86.3,11.8,16.0,9.2,41.1,31.6,20.1,17.9,77.7,21.2,4.6,12.0,47.0,13.0,56721.0,1006.0,3041.0,7875.0,622.0,2194.0,4350.0,463.0,1815.0,4.0,7.0,1.0,2.0,1.0,1.0
47075,5.8,11.0,91.9,81.8,3.3,3.3,11.3,26.7,13.2,11.3,39.3,0.9,0.6,11.0,43.2,17475.0,43.2,44.5,18.3,14.5,21.5,50472.0,Haywood,TN,Tennessee,2023.0,Crude prevalence,12.4,86.7,12.0,20.7,9.4,46.6,38.7,20.9,18.7,80.9,22.9,5.9,15.3,47.0,6.0,17864.0,810.0,1773.0,4615.0,402.0,948.0,2743.0,280.0,719.0,3.0,4.0,3.0,3.0,2.0,3.0
47077,2.7,8.7,88.3,82.8,3.2,3.0,11.9,26.9,15.8,4.5,26.8,3.5,0.5,9.5,31.8,27980.0,40.4,48.5,17.5,16.1,16.9,55136.0,Henderson,TN,Tennessee,2023.0,Crude prevalence,11.2,85.8,10.9,15.4,8.4,38.8,31.1,20.4,17.5,78.1,21.5,4.4,12.6,47.0,7.0,27842.0,492.0,1802.0,2498.0,339.0,1271.0,1518.0,277.0,1041.0,1.0,3.0,0.0,1.0,0.0,1.0
47079,3.6,7.2,93.5,84.8,2.5,1.5,11.3,21.6,21.3,5.6,26.5,1.1,0.2,5.8,31.1,32412.0,45.8,45.2,19.4,19.1,18.3,50613.0,Henry,TN,Tennessee,2023.0,Crude prevalence,11.2,87.3,12.1,16.9,9.7,38.2,32.5,19.8,18.3,80.3,21.0,5.0,12.3,47.0,12.0,32199.0,759.0,1762.0,3718.0,463.0,1045.0,1231.0,358.0,764.0,4.0,7.0,3.0,1.0,1.0,0.0
47081,4.0,9.4,91.1,80.0,1.4,1.6,8.4,36.7,11.9,2.8,20.8,1.5,0.6,7.2,31.3,25436.0,42.3,43.2,19.9,13.9,10.6,68247.0,Hickman,TN,Tennessee,2023.0,Crude prevalence,11.0,85.4,10.3,14.1,7.9,38.4,29.7,20.5,16.7,77.1,20.9,4.1,12.7,47.0,7.0,24925.0,260.0,952.0,1481.0,199.0,747.0,16.0,173.0,643.0,0.0,6.0,1.0,0.0,0.0,0.0
47083,2.9,8.0,92.2,83.7,2.1,2.3,11.6,37.6,15.2,2.7,19.0,2.8,0.3,9.1,13.9,8353.0,43.0,45.9,19.1,13.6,11.1,59576.0,Houston,TN,Tennessee,2023.0,Crude prevalence,11.1,86.3,10.5,14.7,8.3,39.5,30.1,20.1,17.0,77.6,20.2,4.2,12.1,47.0,3.0,8283.0,91.0,516.0,191.0,71.0,404.0,13.0,64.0,358.0,0.0,1.0,0.0,0.0,0.0,0.0
47085,3.5,9.1,90.5,83.3,3.8,2.6,11.6,34.7,18.6,3.8,21.7,1.0,0.5,11.6,33.3,19214.0,43.3,40.9,20.1,15.7,14.8,60616.0,Humphreys,TN,Tennessee,2023.0,Crude prevalence,11.1,86.3,10.9,15.0,8.5,41.2,29.5,20.3,17.2,78.1,20.6,4.3,12.1,47.0,5.0,18990.0,278.0,835.0,770.0,191.0,574.0,0.0,171.0,512.0,0.0,2.0,0.0,0.0,0.0,0.0
47087,6.4,9.2,88.9,84.0,4.1,3.1,8.4,33.4,18.1,6.1,18.9,1.4,0.6,2.6,39.4,12029.0,46.9,46.6,16.5,15.0,20.3,47951.0,Jackson,TN,Tennessee,2023.0,Crude prevalence,11.3,85.8,13.1,17.0,10.1,39.4,33.0,20.3,18.8,78.7,23.2,5.0,13.5,47.0,4.0,11617.0,293.0,758.0,684.0,261.0,678.0,0.0,245.0,636.0,0.0,3.0,0.0,1.0,0.0,1.0
47089,3.3,7.7,93.7,86.8,2.8,1.1,9.0,28.9,14.9,2.8,24.2,1.9,0.4,10.1,30.5,56864.0,44.3,37.0,21.3,20.8,11.4,66114.0,Jefferson,TN,Tennessee,2023.0,Crude prevalence,11.0,87.0,9.7,13.6,8.0,37.3,27.1,19.5,16.1,78.3,18.1,4.0,11.1,47.0,12.0,54683.0,604.0,2360.0,5865.0,436.0,1704.0,3876.0,352.0,1303.0,2.0,2.0,1.0,1.0,1.0,1.0
47091,7.0,10.9,87.8,81.4,1.4,4.5,13.4,25.6,16.7,4.3,22.5,3.6,1.2,10.2,26.7,18196.0,46.7,38.7,19.0,17.5,21.4,53129.0,Johnson,TN,Tennessee,2023.0,Crude prevalence,11.2,85.4,13.3,17.5,10.1,40.0,33.7,20.4,19.1,78.6,23.2,5.1,14.2,47.0,5.0,17948.0,312.0,1101.0,279.0,204.0,755.0,0.0,176.0,664.0,0.0,4.0,0.0,1.0,0.0,1.0
47093,2.7,4.9,95.5,89.5,2.3,2.0,8.3,22.2,8.0,5.3,34.8,0.9,0.5,9.1,41.0,494148.0,37.4,24.2,18.4,41.0,12.2,74222.0,Knox,TN,Tennessee,2023.0,Crude prevalence,10.6,86.4,7.4,12.0,6.2,33.5,23.3,19.0,13.3,77.8,15.0,3.2,9.9,47.0,121.0,478971.0,10608.0,17979.0,173975.0,2727.0,5305.0,70948.0,1063.0,2427.0,103.0,38.0,11.0,10.0,2.0,3.0
47095,9.4,17.6,85.8,78.1,1.5,3.7,15.3,21.2,17.1,18.3,52.2,0.9,4.7,2.1,41.2,6579.0,42.8,47.8,12.4,9.4,32.2,28814.0,Lake,TN,Tennessee,2023.0,Crude prevalence,11.6,79.8,14.3,19.0,9.8,47.2,39.6,23.4,20.7,75.5,29.4,5.6,20.3,47.0,2.0,7005.0,379.0,657.0,43.0,199.0,350.0,0.0,185.0,327.0,0.0,2.0,0.0,2.0,0.0,1.0
47097,4.7,11.7,91.3,86.0,2.6,3.1,10.2,26.5,12.9,9.1,35.6,2.1,1.6,9.6,40.2,24784.0,39.2,49.0,16.1,12.0,21.0,49879.0,Lauderdale,TN,Tennessee,2023.0,Crude prevalence,11.8,84.4,11.2,17.2,8.3,47.2,34.5,21.8,17.9,78.3,23.4,4.9,15.2,47.0,9.0,25143.0,852.0,2117.0,2037.0,410.0,1224.0,984.0,307.0,980.0,2.0,6.0,1.0,3.0,1.0,1.0
47099,6.4,7.2,90.1,83.6,2.9,2.8,14.3,25.6,9.3,7.6,22.4,1.4,0.7,7.0,40.4,45385.0,39.3,42.8,21.3,15.2,15.0,54706.0,Lawrence,TN,Tennessee,2023.0,Crude prevalence,11.3,85.0,11.2,14.9,8.5,41.5,30.5,21.2,17.6,77.2,21.4,4.3,12.8,47.0,11.0,44159.0,1289.0,2390.0,12.0,668.0,1271.0,0.0,535.0,1024.0,0.0,5.0,0.0,4.0,0.0,3.0
47101,5.3,7.9,91.0,81.2,2.1,4.0,14.3,33.6,7.2,2.5,18.1,1.2,0.3,14.3,24.6,12992.0,41.9,43.6,22.3,10.3,16.7,56285.0,Lewis,TN,Tennessee,2023.0,Crude prevalence,11.2,86.0,11.1,14.9,8.6,39.2,29.8,20.6,17.5,77.1,20.8,4.4,12.6,47.0,2.0,12582.0,132.0,1010.0,236.0,98.0,682.0,0.0,81.0,530.0,0.0,1.0,0.0,0.0,0.0,0.0
47103,3.5,8.8,91.5,80.7,2.8,2.5,9.7,30.8,8.9,3.9,24.2,1.7,0.1,4.7,36.4,35946.0,42.9,43.4,16.4,20.6,12.9,64667.0,Lincoln,TN,Tennessee,2023.0,Crude prevalence,10.9,87.0,10.0,14.8,8.0,40.5,28.8,19.3,16.5,78.2,18.9,4.2,11.8,47.0,9.0,35319.0,572.0,1273.0,26.0,354.0,854.0,0.0,290.0,718.0,0.0,1.0,0.0,1.0,0.0,1.0
47105,5.2,5.2,94.3,91.2,1.5,1.3,8.8,24.3,7.6,3.8,19.7,2.2,0.3,6.2,37.2,58580.0,48.8,31.1,20.0,29.4,12.6,84185.0,Loudon,TN,Tennessee,2023.0,Crude prevalence,10.3,89.2,9.9,15.1,9.0,36.4,27.1,16.9,16.0,80.5,15.9,4.3,11.5,47.0,14.0,54886.0,906.0,1547.0,19557.0,407.0,818.0,13584.0,289.0,580.0,8.0,2.0,1.0,2.0,1.0,1.0
47107,4.9,7.9,92.9,87.8,2.7,1.6,9.1,24.6,12.1,4.2,24.2,2.3,0.9,8.4,36.4,54884.0,42.4,40.7,19.3,18.6,13.0,61470.0,McMinn,TN,Tennessee,2023.0,Crude prevalence,11.1,86.4,10.5,15.4,8.3,46.8,30.0,20.1,16.9,78.8,19.7,4.2,12.4,47.0,14.0,53276.0,883.0,2873.0,9665.0,476.0,1617.0,6019.0,352.0,1213.0,6.0,4.0,2.0,0.0,0.0,0.0
47109,3.6,8.0,90.3,84.4,3.1,2.2,10.1,26.8,19.4,4.6,20.3,1.6,0.3,5.3,21.3,25970.0,42.9,47.7,19.6,13.0,16.5,53473.0,McNairy,TN,Tennessee,2023.0,Crude prevalence,11.4,85.7,11.8,16.2,9.0,39.4,31.3,20.9,18.0,78.1,22.0,4.7,12.9,47.0,8.0,25866.0,459.0,1510.0,104.0,352.0,1114.0,0.0,301.0,938.0,0.0,5.0,0.0,1.0,0.0,0.0
47111,6.1,11.1,89.4,84.9,2.1,3.0,9.8,34.8,14.3,4.9,26.4,2.5,0.9,14.7,27.1,26240.0,39.2,48.9,15.3,12.5,17.2,59177.0,Macon,TN,Tennessee,2023.0,Crude prevalence,11.3,84.2,10.9,14.6,7.9,43.1,31.8,21.8,17.4,76.4,22.7,4.1,14.4,47.0,5.0,25216.0,461.0,1663.0,1193.0,374.0,1132.0,825.0,353.0,1035.0,1.0,3.0,1.0,2.0,1.0,2.0
47113,2.5,6.9,93.2,89.0,4.3,1.2,10.1,20.3,8.9,8.9,38.0,1.0,0.9,9.1,45.1,99295.0,38.3,35.0,21.9,26.6,18.2,60042.0,Madison,TN,Tennessee,2023.0,Crude prevalence,11.5,86.8,9.1,16.2,7.7,43.8,30.4,19.5,16.0,81.8,18.4,4.3,11.9,47.0,28.0,98823.0,3566.0,6540.0,24087.0,779.0,1723.0,12400.0,349.0,957.0,19.0,12.0,3.0,8.0,0.0,4.0
47115,6.0,10.8,90.7,85.3,3.8,1.0,8.3,33.9,15.6,4.2,21.5,1.4,0.6,5.2,36.2,29250.0,43.8,37.5,20.5,17.1,16.3,61824.0,Marion,TN,Tennessee,2023.0,Crude prevalence,11.4,86.0,11.9,16.2,9.2,40.6,31.1,20.2,18.1,78.3,21.7,4.7,13.0,47.0,7.0,28837.0,501.0,1728.0,1960.0,292.0,1094.0,1007.0,231.0,890.0,1.0,3.0,0.0,0.0,0.0,0.0
47117,3.9,5.3,93.0,87.6,2.4,1.9,10.4,29.9,7.6,3.2,23.2,1.3,1.3,7.8,32.1,36049.0,39.5,39.2,19.6,23.1,11.8,71049.0,Marshall,TN,Tennessee,2023.0,Crude prevalence,11.0,86.2,9.1,13.6,7.1,40.0,27.2,20.0,15.6,76.9,18.8,3.7,11.9,47.0,6.0,34318.0,442.0,905.0,7466.0,274.0,532.0,4082.0,190.0,350.0,3.0,1.0,1.0,2.0,0.0,2.0
47119,2.8,3.9,96.8,91.2,1.5,2.1,8.5,29.0,8.3,2.8,29.1,1.0,0.3,7.4,38.7,107791.0,39.1,33.9,21.6,28.0,9.8,76130.0,Maury,TN,Tennessee,2023.0,Crude prevalence,10.7,87.2,7.8,12.6,6.6,35.2,24.6,18.9,14.1,76.8,16.4,3.4,11.0,47.0,21.0,100974.0,1186.0,2674.0,19247.0,629.0,1166.0,8521.0,506.0,864.0,10.0,8.0,5.0,1.0,2.0,1.0
47121,5.5,9.2,89.0,81.9,2.8,1.6,10.6,34.4,16.6,2.8,19.0,2.8,0.3,5.5,30.9,13343.0,45.4,45.3,20.3,13.5,14.3,61375.0,Meigs,TN,Tennessee,2023.0,Crude prevalence,11.2,86.1,11.9,15.9,9.3,40.8,31.1,20.4,18.2,78.3,22.2,4.7,13.0,47.0,3.0,12758.0,148.0,828.0,4.0,121.0,673.0,0.0,105.0,591.0,0.0,1.0,0.0,0.0,0.0,0.0
47123,6.6,7.8,88.4,85.1,2.2,1.3,11.7,28.3,9.4,5.5,27.8,1.7,1.3,11.7,40.3,47695.0,45.2,38.8,20.6,17.1,15.5,56895.0,Monroe,TN,Tennessee,2023.0,Crude prevalence,11.3,86.3,11.8,15.9,9.3,39.1,31.9,20.4,18.3,78.5,21.7,4.7,12.8,47.0,12.0,46250.0,1082.0,3064.0,3968.0,762.0,2075.0,1380.0,630.0,1636.0,1.0,6.0,1.0,3.0,0.0,3.0
47125,2.0,3.6,98.1,93.6,3.1,2.4,9.1,27.8,6.1,3.8,38.1,1.9,0.9,10.4,35.8,234153.0,31.9,27.1,24.6,31.1,11.3,75613.0,Montgomery,TN,Tennessee,2023.0,Crude prevalence,10.8,84.9,6.1,10.8,4.8,38.4,23.7,20.0,12.9,76.3,15.6,2.7,11.7,47.0,46.0,220069.0,3300.0,7142.0,53450.0,808.0,2051.0,20086.0,406.0,1001.0,34.0,15.0,5.0,3.0,3.0,0.0
47127,3.5,5.5,88.8,77.4,2.6,2.8,7.0,25.1,9.2,5.1,17.5,0.0,0.2,3.9,20.7,6674.0,46.2,36.9,20.6,24.1,8.0,66469.0,Moore,TN,Tennessee,2023.0,Crude prevalence,10.8,87.4,10.2,14.7,8.5,38.8,28.6,18.9,16.4,78.7,18.8,4.2,11.0,47.0,2.0,6461.0,140.0,183.0,38.0,115.0,165.0,0.0,107.0,157.0,0.0,0.0,0.0,0.0,0.0,0.0
47129,4.4,10.1,90.3,86.9,2.4,1.6,10.5,35.5,16.1,5.1,15.1,1.3,1.1,14.0,30.3,21361.0,42.3,42.5,21.3,13.6,15.1,65954.0,Morgan,TN,Tennessee,2023.0,Crude prevalence,10.9,84.6,11.1,14.8,8.5,43.4,30.4,20.8,17.5,76.9,22.2,4.3,13.4,47.0,5.0,21035.0,364.0,1033.0,58.0,311.0,827.0,0.0,280.0,719.0,0.0,3.0,0.0,1.0,0.0,1.0
47131,5.6,9.1,89.2,83.7,2.3,1.2,8.5,20.2,12.6,5.9,31.9,1.6,0.3,5.1,34.0,30453.0,41.8,44.0,17.8,18.3,18.6,54613.0,Obion,TN,Tennessee,2023.0,Crude prevalence,11.3,85.9,11.4,16.2,9.0,40.2,32.2,20.4,17.8,78.5,21.1,4.7,13.5,47.0,10.0,30787.0,741.0,1957.0,1796.0,293.0,1021.0,859.0,230.0,868.0,2.0,6.0,1.0,0.0,0.0,0.0
47133,8.7,8.5,88.6,80.4,1.8,1.0,7.9,26.3,12.8,3.4,23.1,0.9,1.1,7.8,37.7,23065.0,43.7,43.3,18.9,15.0,16.3,48959.0,Overton,TN,Tennessee,2023.0,Crude prevalence,11.4,85.2,12.3,15.7,9.1,40.9,30.7,21.0,18.3,78.0,22.7,4.6,13.4,47.0,8.0,22511.0,311.0,1067.0,14.0,239.0,773.0,0.0,211.0,676.0,0.0,4.0,0.0,0.0,0.0,0.0
47135,4.9,6.6,85.3,81.6,3.2,2.6,13.4,32.8,25.8,4.2,26.2,2.1,0.0,6.4,34.3,8697.0,43.3,45.6,20.5,14.2,18.1,55972.0,Perry,TN,Tennessee,2023.0,Crude prevalence,11.4,85.0,12.8,16.4,9.6,40.1,33.5,21.0,18.9,77.9,23.6,4.9,14.3,47.0,3.0,8366.0,151.0,480.0,1129.0,121.0,387.0,0.0,114.0,370.0,0.0,2.0,1.0,0.0,0.0,0.0
47137,3.3,11.2,83.5,78.5,3.2,1.3,6.3,31.2,35.5,5.4,16.6,0.5,0.0,3.3,19.6,5079.0,51.6,38.3,20.9,18.9,23.9,49030.0,Pickett,TN,Tennessee,2023.0,Crude prevalence,11.3,86.9,15.2,19.1,12.1,41.8,35.1,19.9,20.4,80.1,23.5,5.9,13.4,47.0,2.0,5001.0,116.0,378.0,112.0,93.0,313.0,0.0,86.0,289.0,0.0,2.0,0.0,0.0,0.0,0.0
47139,5.2,8.2,87.8,84.0,2.8,1.1,14.9,31.4,18.1,4.6,16.4,2.2,0.1,7.6,41.6,17898.0,46.9,36.9,21.1,16.6,13.9,62522.0,Polk,TN,Tennessee,2023.0,Crude prevalence,11.2,86.8,11.0,15.1,8.7,43.7,30.5,20.1,17.5,78.3,20.7,4.3,11.6,47.0,6.0,17544.0,344.0,1043.0,86.0,270.0,868.0,0.0,240.0,739.0,0.0,1.0,0.0,1.0,0.0,1.0
47141,4.8,6.2,94.2,87.9,2.3,2.2,10.6,21.1,8.0,3.8,38.8,1.5,0.6,8.0,41.1,82558.0,36.0,32.5,20.7,29.8,18.4,58912.0,Putnam,TN,Tennessee,2023.0,Crude prevalence,10.9,83.9,8.9,12.4,6.9,37.5,25.4,20.5,15.2,76.2,17.6,3.5,12.1,47.0,18.0,79854.0,1278.0,3111.0,11106.0,404.0,1478.0,6302.0,287.0,1105.0,10.0,6.0,2.0,1.0,0.0,1.0
47143,5.1,11.6,92.4,88.7,3.1,1.7,12.9,29.5,12.8,7.0,28.5,1.5,0.1,4.9,36.6,33992.0,42.0,40.2,17.9,18.6,15.9,55033.0,Rhea,TN,Tennessee,2023.0,Crude prevalence,11.1,85.2,11.4,15.7,8.7,42.5,31.2,20.6,17.8,78.2,21.5,4.4,13.7,47.0,6.0,32870.0,946.0,2297.0,2423.0,543.0,1512.0,428.0,359.0,1122.0,1.0,4.0,1.0,3.0,0.0,3.0
47145,3.4,7.0,93.1,89.2,2.7,3.0,7.4,28.4,11.3,5.9,21.9,1.4,0.1,6.6,34.2,55208.0,47.3,38.0,20.4,22.1,12.0,71885.0,Roane,TN,Tennessee,2023.0,Crude prevalence,10.8,87.5,10.5,14.7,8.8,37.0,29.5,18.7,16.9,79.7,18.9,4.4,11.0,47.0,16.0,53404.0,1343.0,2983.0,14408.0,672.0,1768.0,9168.0,446.0,1253.0,8.0,5.0,3.0,2.0,3.0,2.0
47147,3.4,6.3,94.3,87.4,2.2,1.9,10.2,30.7,5.3,3.3,22.4,1.5,0.9,7.5,40.4,75539.0,38.7,39.6,19.5,22.4,10.4,83047.0,Robertson,TN,Tennessee,2023.0,Crude prevalence,10.8,86.6,8.2,12.7,6.6,37.0,27.2,19.5,14.9,76.6,18.0,3.4,12.2,47.0,15.0,72803.0,928.0,2086.0,9299.0,324.0,935.0,4811.0,247.0,730.0,7.0,4.0,2.0,1.0,1.0,0.0
47149,3.1,4.4,97.3,93.8,2.6,1.7,10.0,28.1,6.8,2.7,35.2,2.2,0.6,12.3,39.7,360646.0,34.2,28.0,21.0,35.8,9.3,85470.0,Rutherford,TN,Tennessee,2023.0,Crude prevalence,10.7,86.0,6.2,10.9,5.0,37.9,22.9,19.6,12.8,76.3,14.6,2.7,11.3,47.0,64.0,341486.0,3446.0,9079.0,78554.0,929.0,2689.0,32290.0,480.0,1385.0,52.0,22.0,9.0,3.0,2.0,0.0
47151,5.1,13.7,88.2,79.7,4.0,10.8,13.2,30.1,11.3,5.3,28.4,1.3,0.3,1.5,46.0,22113.0,40.7,44.9,17.3,12.9,23.1,44711.0,Scott,TN,Tennessee,2023.0,Crude prevalence,11.8,82.8,13.8,16.6,9.6,43.4,35.4,23.1,19.8,76.3,26.4,4.9,14.8,47.0,6.0,21850.0,462.0,1973.0,220.0,355.0,1501.0,0.0,284.0,1192.0,0.0,5.0,0.0,0.0,0.0,0.0
47153,5.2,11.6,93.4,84.4,3.2,3.4,11.9,31.7,11.4,4.4,22.0,0.4,0.6,1.3,54.7,16809.0,44.9,37.2,19.2,20.6,21.9,58750.0,Sequatchie,TN,Tennessee,2023.0,Crude prevalence,11.3,85.4,12.8,16.7,9.8,39.4,32.5,20.7,18.8,78.2,22.7,4.9,14.1,47.0,4.0,15826.0,274.0,1022.0,131.0,182.0,681.0,0.0,127.0,475.0,0.0,3.0,0.0,1.0,0.0,0.0
47155,4.3,7.2,94.1,86.5,2.1,3.0,13.3,26.6,31.6,4.1,29.3,2.9,0.3,7.1,33.4,99652.0,43.5,34.6,22.5,21.8,13.5,62581.0,Sevier,TN,Tennessee,2023.0,Crude prevalence,10.8,87.1,10.1,14.4,8.2,38.4,27.2,19.7,16.7,78.5,18.8,4.1,12.4,47.0,27.0,98380.0,1659.0,2911.0,9273.0,919.0,1615.0,4250.0,595.0,1079.0,6.0,11.0,2.0,3.0,0.0,1.0
47157,3.9,6.3,94.9,89.6,4.6,1.7,12.0,22.3,10.3,8.2,45.9,1.7,0.7,8.6,45.6,919173.0,35.9,27.3,21.4,34.3,17.8,63767.0,Shelby,TN,Tennessee,2023.0,Crude prevalence,11.7,87.2,7.9,15.9,6.5,39.7,27.5,19.2,14.2,81.2,17.2,4.2,12.2,47.0,249.0,929744.0,29600.0,56268.0,188671.0,2804.0,4770.0,99422.0,1337.0,2120.0,238.0,139.0,10.0,20.0,3.0,8.0
47159,3.2,8.9,93.4,87.6,1.6,2.2,8.3,32.2,9.4,3.9,23.1,1.9,2.0,8.0,28.9,20389.0,40.6,41.9,20.9,18.5,10.0,66293.0,Smith,TN,Tennessee,2023.0,Crude prevalence,11.0,86.1,9.7,13.5,7.5,39.1,27.7,20.1,16.1,76.8,19.7,3.8,11.7,47.0,5.0,19904.0,308.0,780.0,37.0,219.0,579.0,0.0,185.0,491.0,0.0,3.0,0.0,0.0,0.0,0.0
47161,4.1,6.5,91.5,88.0,1.4,3.3,11.8,36.3,20.8,4.8,18.9,0.9,1.1,5.6,26.6,14027.0,44.3,43.9,17.8,17.6,16.4,63114.0,Stewart,TN,Tennessee,2023.0,Crude prevalence,10.8,87.1,9.8,14.0,8.0,38.1,27.6,19.2,16.1,78.3,18.7,4.0,10.9,47.0,6.0,13657.0,254.0,591.0,936.0,234.0,547.0,0.0,222.0,517.0,0.0,1.0,1.0,1.0,0.0,1.0
47163,3.3,6.7,92.3,88.1,3.0,2.0,8.9,21.9,9.7,4.8,27.9,1.0,0.3,8.8,35.0,160624.0,45.0,32.5,20.5,26.8,15.4,58807.0,Sullivan,TN,Tennessee,2023.0,Crude prevalence,11.2,87.5,10.3,15.2,8.5,37.8,29.1,19.3,16.6,79.6,19.2,4.2,11.1,47.0,40.0,158163.0,3281.0,9053.0,48714.0,1083.0,3591.0,26032.0,596.0,2166.0,30.0,19.0,8.0,2.0,6.0,1.0
47165,2.7,5.0,97.1,92.8,2.4,1.5,7.5,29.0,5.6,3.3,28.0,1.4,0.5,9.7,39.1,204424.0,39.8,28.1,20.9,33.6,8.8,90301.0,Sumner,TN,Tennessee,2023.0,Crude prevalence,10.7,88.0,7.5,12.2,6.4,40.6,23.6,18.4,13.9,77.8,15.3,3.3,10.3,47.0,43.0,196281.0,2597.0,4779.0,55053.0,1221.0,2082.0,37106.0,856.0,1499.0,20.0,10.0,3.0,5.0,1.0,2.0
47167,3.4,6.8,95.6,88.4,3.3,1.8,8.2,32.9,7.2,5.2,23.7,1.5,0.2,7.2,30.4,61553.0,39.0,37.5,21.9,20.7,13.6,74127.0,Tipton,TN,Tennessee,2023.0,Crude prevalence,11.3,86.4,8.9,14.2,7.0,44.1,28.0,20.0,15.5,77.9,19.0,3.8,11.5,47.0,13.0,60970.0,1179.0,2817.0,7563.0,545.0,1890.0,5066.0,398.0,1558.0,2.0,4.0,1.0,2.0,0.0,2.0
47169,4.2,9.8,91.3,89.7,0.3,1.5,5.5,33.9,6.9,4.2,25.5,0.4,0.0,6.6,37.3,11957.0,35.0,50.3,17.1,14.3,11.9,72747.0,Trousdale,TN,Tennessee,2023.0,Crude prevalence,10.6,81.7,8.2,11.7,6.0,39.1,27.9,21.4,14.9,73.5,20.8,3.2,14.3,47.0,2.0,11615.0,157.0,405.0,5.0,78.0,250.0,0.0,58.0,208.0,0.0,0.0,0.0,0.0,0.0,0.0
47171,4.6,8.6,87.6,84.2,2.3,5.3,8.2,25.9,10.9,4.0,27.1,0.3,0.5,6.7,42.7,17756.0,46.9,36.5,21.5,21.3,14.3,52218.0,Unicoi,TN,Tennessee,2023.0,Crude prevalence,11.1,86.6,12.2,16.5,9.7,39.3,31.9,19.9,18.3,78.9,21.4,4.8,13.1,47.0,4.0,17928.0,310.0,1059.0,1053.0,134.0,612.0,0.0,70.0,415.0,1.0,1.0,0.0,1.0,0.0,0.0
47173,5.5,8.5,91.5,81.3,1.5,1.6,8.1,34.6,19.3,2.9,19.8,2.2,0.4,9.6,43.1,20431.0,42.7,46.3,17.4,14.2,13.8,62727.0,Union,TN,Tennessee,2023.0,Crude prevalence,11.1,85.9,10.9,14.6,8.3,40.3,29.5,20.4,17.2,77.6,21.3,4.2,12.5,47.0,5.0,19802.0,230.0,1171.0,25.0,155.0,879.0,0.0,122.0,741.0,0.0,2.0,0.0,0.0,0.0,0.0
47175,6.0,7.7,88.7,85.6,1.2,1.8,15.1,29.6,12.1,8.1,13.6,4.8,0.0,9.0,23.4,6437.0,47.2,43.3,21.2,13.7,16.1,54931.0,Van Buren,TN,Tennessee,2023.0,Crude prevalence,11.1,87.1,11.8,16.0,9.5,39.2,31.0,19.8,17.9,79.1,21.1,4.7,12.3,47.0,2.0,6168.0,209.0,479.0,308.0,193.0,392.0,0.0,179.0,353.0,0.0,2.0,0.0,1.0,0.0,1.0
47177,5.2,8.6,92.5,86.5,3.4,1.7,12.0,26.9,12.6,4.5,27.6,2.6,1.7,11.0,33.9,42166.0,39.8,49.5,16.7,14.1,15.7,55487.0,Warren,TN,Tennessee,2023.0,Crude prevalence,11.2,85.1,10.8,15.5,8.2,42.3,31.8,20.7,17.6,77.6,21.4,4.2,14.8,47.0,10.0,40953.0,731.0,2433.0,3272.0,404.0,1430.0,1489.0,290.0,1087.0,2.0,7.0,2.0,0.0,1.0,0.0
47179,2.9,5.9,95.0,89.0,2.8,1.8,10.4,21.6,8.6,5.2,35.5,1.1,0.5,10.9,37.7,136261.0,40.2,28.8,20.5,34.3,15.5,62809.0,Washington,TN,Tennessee,2023.0,Crude prevalence,10.9,85.8,8.8,12.8,7.3,35.5,25.4,19.7,15.2,77.2,16.9,3.6,10.8,47.0,32.0,133001.0,2948.0,4886.0,22829.0,827.0,1924.0,10094.0,445.0,1242.0,22.0,13.0,3.0,4.0,0.0,1.0
47181,6.2,9.9,89.3,84.2,1.6,4.2,11.4,31.3,17.0,8.2,19.8,0.4,0.8,2.8,43.8,16168.0,44.4,46.6,17.5,13.8,20.0,52294.0,Wayne,TN,Tennessee,2023.0,Crude prevalence,11.0,84.7,11.8,15.4,8.9,40.5,31.5,20.7,17.9,77.1,23.1,4.6,14.0,47.0,4.0,16232.0,488.0,1018.0,738.0,369.0,781.0,139.0,317.0,646.0,0.0,4.0,0.0,2.0,0.0,2.0
47183,4.3,8.4,91.9,85.3,2.2,1.6,9.2,20.9,11.1,5.5,33.7,1.3,0.2,4.8,37.8,33016.0,37.3,43.9,15.6,22.7,19.0,51880.0,Weakley,TN,Tennessee,2023.0,Crude prevalence,11.3,83.2,10.0,13.9,7.8,39.1,28.9,21.5,16.0,76.8,19.0,4.0,12.3,47.0,11.0,32902.0,742.0,1869.0,4671.0,329.0,1032.0,2802.0,218.0,777.0,4.0,8.0,0.0,1.0,0.0,1.0
47185,4.2,11.4,92.5,86.1,3.0,1.9,12.3,23.7,9.0,3.8,23.1,1.8,1.0,4.1,29.6,28160.0,43.5,39.6,22.3,15.1,13.2,52188.0,White,TN,Tennessee,2023.0,Crude prevalence,11.3,85.6,11.9,15.6,9.0,39.7,32.1,20.7,18.1,78.1,22.1,4.6,13.0,47.0,6.0,27351.0,430.0,1463.0,3973.0,291.0,953.0,2327.0,233.0,755.0,2.0,3.0,2.0,2.0,1.0,1.0
47187,2.0,1.7,98.5,96.0,1.6,0.6,4.4,27.9,4.9,2.1,21.2,0.7,0.3,10.3,38.5,260351.0,40.4,13.2,13.8,62.7,4.6,135594.0,Williamson,TN,Tennessee,2023.0,Crude prevalence,9.8,90.1,5.2,10.0,5.1,29.4,18.1,15.1,10.9,78.7,10.4,2.5,6.9,47.0,46.0,247726.0,1893.0,1728.0,104425.0,1061.0,976.0,67218.0,730.0,690.0,31.0,0.0,0.0,4.0,0.0,1.0
47189,2.4,4.2,97.0,93.6,2.1,1.1,7.1,30.1,6.2,2.2,23.0,0.9,0.5,11.6,36.9,158805.0,39.8,28.1,19.0,37.8,8.0,95839.0,Wilson,TN,Tennessee,2023.0,Crude prevalence,10.4,88.2,6.8,11.3,5.9,31.2,21.8,17.7,13.1,78.8,14.4,3.0,9.6,47.0,28.0,147737.0,1321.0,3158.0,33100.0,626.0,1569.0,17676.0,463.0,1146.0,14.0,3.0,3.0,2.0,1.0,1.0
48001,4.6,9.8,95.6,87.9,2.7,6.0,18.5,24.1,14.9,5.8,27.7,3.5,1.4,3.7,51.6,58439.0,39.7,38.5,23.2,15.4,17.4,62068.0,Anderson,TX,Texas,2023.0,Crude prevalence,9.9,82.9,7.8,13.9,6.9,39.9,30.6,18.4,14.9,72.7,17.4,3.9,19.1,48.0,12.0,57922.0,1014.0,3161.0,20577.0,538.0,1929.0,2247.0,392.0,1514.0,4.0,7.0,6.0,3.0,2.0,2.0
48003,10.8,12.5,94.3,89.3,2.2,1.7,22.4,24.0,4.3,4.5,21.5,3.5,0.5,3.5,34.2,18610.0,33.0,33.4,18.9,17.7,15.6,72242.0,Andrews,TX,Texas,2023.0,Crude prevalence,9.5,82.1,6.1,12.7,5.6,36.7,31.1,18.2,14.6,70.8,14.5,3.1,25.9,48.0,4.0,18610.0,308.0,891.0,1387.0,109.0,207.0,860.0,91.0,155.0,2.0,1.0,1.0,0.0,1.0,0.0
48005,6.2,8.4,93.8,90.7,3.7,2.2,17.7,20.9,12.8,6.3,36.0,2.8,1.2,12.1,39.1,87275.0,37.8,35.1,22.7,17.9,15.8,60960.0,Angelina,TX,Texas,2023.0,Crude prevalence,11.0,84.4,8.8,14.9,7.9,40.8,33.4,19.6,17.0,75.1,17.1,4.2,18.8,48.0,21.0,86395.0,2021.0,5405.0,10836.0,878.0,2903.0,4822.0,568.0,2018.0,9.0,11.0,2.0,4.0,0.0,2.0
48007,2.8,4.6,94.3,89.8,2.1,1.0,12.8,23.0,22.0,6.4,23.2,0.6,2.6,6.3,41.2,24876.0,49.9,31.7,24.6,28.8,14.2,69466.0,Aransas,TX,Texas,2023.0,Crude prevalence,9.9,88.3,9.1,15.9,9.1,36.0,30.2,15.7,15.7,78.2,14.1,4.6,16.0,48.0,10.0,23830.0,803.0,1071.0,4199.0,398.0,443.0,1271.0,223.0,299.0,5.0,3.0,1.0,2.0,0.0,1.0
48009,1.7,6.3,94.6,88.5,1.8,2.6,13.9,23.6,12.6,1.4,15.5,0.7,0.5,3.6,24.1,8867.0,42.8,34.5,21.8,25.4,9.2,72159.0,Archer,TX,Texas,2023.0,Crude prevalence,10.2,86.8,8.1,12.7,7.5,34.9,26.5,17.2,14.3,76.0,14.6,3.8,12.3,48.0,3.0,8560.0,50.0,227.0,76.0,34.0,120.0,39.0,31.0,95.0,0.0,1.0,0.0,0.0,0.0,0.0
48011,2.0,3.5,93.9,93.0,0.7,1.6,4.2,24.9,13.4,0.5,19.8,0.0,0.0,3.8,6.9,1822.0,43.6,36.3,17.7,27.2,5.2,72750.0,Armstrong,TX,Texas,2023.0,Crude prevalence,9.9,88.3,7.4,12.6,7.4,33.3,24.9,16.2,13.7,77.0,12.8,3.7,11.4,48.0,1.0,1848.0,4.0,26.0,498.0,2.0,15.0,387.0,2.0,15.0,0.0,0.0,0.0,0.0,0.0,0.0
48013,7.8,10.9,93.8,81.9,2.3,3.7,19.5,29.2,12.6,5.1,22.6,4.3,1.0,5.7,40.2,51008.0,36.1,38.1,20.6,15.7,15.8,70770.0,Atascosa,TX,Texas,2023.0,Crude prevalence,9.2,83.6,6.3,15.4,6.6,42.2,35.0,17.0,15.3,73.1,13.7,3.5,27.4,48.0,13.0,48981.0,856.0,2725.0,5009.0,444.0,1689.0,1688.0,353.0,1379.0,2.0,8.0,1.0,2.0,0.0,2.0
48015,6.9,6.9,96.0,77.9,2.6,0.9,16.7,28.5,15.3,2.8,23.5,4.5,0.4,6.8,42.3,31170.0,41.1,30.8,22.7,25.1,12.0,75789.0,Austin,TX,Texas,2023.0,Crude prevalence,10.0,86.1,8.2,14.7,7.9,37.3,30.1,16.8,15.1,75.6,14.6,4.2,17.2,48.0,8.0,30167.0,340.0,1111.0,850.0,242.0,734.0,33.0,197.0,618.0,0.0,2.0,0.0,0.0,0.0,0.0
48017,14.4,11.2,86.5,84.1,0.0,0.6,28.6,18.9,19.4,10.2,20.1,3.6,0.7,16.7,26.9,6913.0,33.3,30.2,24.9,15.2,12.0,61420.0,Bailey,TX,Texas,2023.0,Crude prevalence,9.5,82.7,7.1,15.5,7.2,38.8,36.4,17.7,16.3,72.4,14.4,3.8,30.2,48.0,2.0,6904.0,225.0,395.0,1431.0,92.0,175.0,1066.0,79.0,152.0,1.0,1.0,1.0,0.0,1.0,0.0
48019,1.4,5.8,95.0,90.0,4.8,0.7,13.3,41.0,20.1,2.2,14.1,1.8,2.5,16.5,24.8,22021.0,53.5,30.3,23.1,27.2,13.5,75813.0,Bandera,TX,Texas,2023.0,Crude prevalence,10.0,89.0,9.0,15.7,9.1,35.5,29.7,15.5,15.5,78.8,13.9,4.5,14.1,48.0,7.0,20851.0,199.0,670.0,899.0,153.0,495.0,660.0,117.0,341.0,0.0,1.0,0.0,0.0,0.0,0.0
48021,9.8,8.6,94.7,90.5,2.6,1.7,21.8,35.4,7.1,3.4,23.5,3.8,1.5,7.2,32.2,106582.0,37.0,28.5,21.3,25.0,10.2,86226.0,Bastrop,TX,Texas,2023.0,Crude prevalence,9.5,84.6,6.8,13.4,6.5,40.2,31.3,17.0,14.4,73.3,14.0,3.5,21.6,48.0,21.0,97216.0,1249.0,2750.0,7528.0,748.0,1725.0,4056.0,576.0,1331.0,5.0,16.0,3.0,2.0,2.0,1.0
48023,7.6,6.2,89.8,83.7,2.4,3.4,20.6,15.9,30.1,7.0,33.8,1.2,3.9,10.1,32.9,3485.0,48.1,33.7,19.5,25.3,21.8,45370.0,Baylor,TX,Texas,2023.0,Crude prevalence,10.3,85.6,9.7,14.9,8.9,36.1,30.8,17.7,16.1,75.8,16.2,4.6,15.3,48.0,2.0,3465.0,107.0,243.0,457.0,45.0,107.0,365.0,39.0,93.0,0.0,2.0,0.0,0.0,0.0,0.0
48025,7.3,11.1,91.6,81.8,2.4,1.0,18.8,21.5,17.3,5.9,29.2,2.1,0.9,6.3,49.2,31083.0,35.7,39.0,19.5,14.0,17.6,57673.0,Bee,TX,Texas,2023.0,Crude prevalence,8.7,80.7,5.7,13.9,5.9,39.2,32.9,17.5,14.6,70.1,14.8,3.2,27.7,48.0,9.0,31047.0,521.0,1201.0,1818.0,182.0,360.0,1093.0,153.0,289.0,2.0,6.0,2.0,0.0,0.0,0.0
48027,3.9,5.3,96.0,90.9,4.0,1.8,14.0,23.9,8.2,5.3,43.5,3.0,1.1,10.2,41.1,386897.0,32.3,26.4,27.1,27.2,14.5,68865.0,Bell,TX,Texas,2023.0,Crude prevalence,10.7,83.7,5.9,12.6,5.4,43.2,29.3,18.9,13.6,75.6,13.3,3.2,16.2,48.0,87.0,370647.0,7484.0,18429.0,55121.0,1132.0,2617.0,21349.0,582.0,1412.0,69.0,44.0,7.0,6.0,2.0,3.0
48029,6.3,7.1,96.7,91.9,3.7,2.6,16.0,25.7,8.5,6.4,41.2,3.1,1.6,9.2,44.2,2067341.0,34.8,24.8,21.3,31.8,14.6,72341.0,Bexar,TX,Texas,2023.0,Crude prevalence,9.0,83.8,5.1,13.9,5.4,34.1,30.6,16.7,13.9,72.0,12.2,3.0,21.9,48.0,375.0,2009324.0,48040.0,103965.0,343506.0,4265.0,12792.0,102293.0,1342.0,4405.0,348.0,178.0,21.0,47.0,2.0,14.0
48031,3.8,3.7,96.2,89.2,3.4,3.7,14.7,29.3,15.7,2.2,23.8,1.0,0.2,6.7,36.6,12446.0,51.5,24.3,24.1,35.4,8.4,92425.0,Blanco,TX,Texas,2023.0,Crude prevalence,9.6,89.5,7.2,13.1,7.4,34.5,24.1,14.7,13.4,78.2,11.5,3.7,11.9,48.0,4.0,11374.0,115.0,243.0,1215.0,86.0,179.0,35.0,73.0,153.0,0.0,0.0,0.0,0.0,0.0,0.0
48033,3.5,2.1,96.3,85.6,0.2,0.0,2.7,13.6,34.0,1.2,33.7,3.7,3.3,0.0,0.0,713.0,32.2,32.7,17.4,36.9,7.4,65625.0,Borden,TX,Texas,2023.0,Crude prevalence,9.6,89.4,7.4,13.2,7.9,33.2,25.5,15.0,13.9,78.2,12.4,3.9,11.4,48.0,1.0,631.0,3.0,0.0,631.0,3.0,0.0,619.0,3.0,0.0,0.0,1.0,1.0,0.0,1.0,0.0
48035,5.0,7.4,92.1,82.1,1.9,1.2,17.6,28.8,19.8,2.3,24.2,1.7,0.7,4.9,33.5,18687.0,46.2,31.6,26.2,20.4,9.3,68914.0,Bosque,TX,Texas,2023.0,Crude prevalence,10.0,87.6,8.7,14.3,8.4,35.9,28.2,16.5,15.2,77.3,14.2,4.3,14.7,48.0,7.0,18235.0,175.0,782.0,467.0,57.0,389.0,12.0,37.0,324.0,0.0,4.0,0.0,0.0,0.0,0.0
48037,2.7,6.2,89.9,82.5,2.4,2.3,13.4,18.8,12.2,6.9,36.6,2.2,0.9,12.5,38.5,92115.0,38.5,36.5,23.0,23.6,16.2,59803.0,Bowie,TX,Texas,2023.0,Crude prevalence,10.8,84.9,8.1,13.8,7.1,36.7,29.1,18.6,14.6,75.1,16.0,4.1,14.1,48.0,26.0,92893.0,2418.0,5109.0,15270.0,586.0,1452.0,5326.0,328.0,830.0,15.0,12.0,5.0,2.0,3.0,0.0
48039,5.2,5.6,97.1,94.0,3.0,2.1,12.7,30.6,10.9,3.1,25.9,2.2,0.9,10.4,38.6,391255.0,36.7,24.3,22.4,33.1,7.4,97993.0,Brazoria,TX,Texas,2023.0,Crude prevalence,9.4,86.4,5.1,12.0,5.1,36.3,25.6,16.1,12.0,76.0,11.6,2.9,16.2,48.0,77.0,372031.0,4208.0,10824.0,82580.0,1684.0,4677.0,22319.0,844.0,2515.0,55.0,10.0,2.0,7.0,2.0,4.0
48041,5.5,5.7,97.7,86.4,2.9,1.5,12.2,18.6,9.7,6.0,53.2,1.8,1.4,8.7,52.8,242311.0,26.8,21.2,17.6,43.0,24.3,58553.0,Brazos,TX,Texas,2023.0,Crude prevalence,9.9,79.2,5.2,9.7,4.6,29.4,24.2,19.5,11.8,71.4,11.7,2.6,15.6,48.0,63.0,233849.0,5463.0,7858.0,49594.0,876.0,1104.0,19368.0,481.0,636.0,53.0,36.0,5.0,11.0,2.0,3.0
48043,4.6,6.2,92.1,83.7,1.8,3.2,15.4,14.3,16.3,5.7,37.5,2.3,0.4,3.4,34.2,9503.0,40.9,14.3,23.5,45.5,8.9,56212.0,Brewster,TX,Texas,2023.0,Crude prevalence,8.9,87.7,5.5,12.8,6.6,32.8,24.9,14.3,12.4,76.1,9.7,3.3,15.8,48.0,3.0,9546.0,284.0,338.0,2760.0,67.0,83.0,2072.0,42.0,55.0,2.0,2.0,2.0,0.0,2.0,0.0
48045,11.3,5.9,89.0,73.1,0.6,1.4,19.8,24.3,34.9,1.4,17.2,0.5,0.0,5.1,30.5,1301.0,49.2,27.9,20.3,23.1,16.8,45417.0,Briscoe,TX,Texas,2023.0,Crude prevalence,10.3,85.9,10.4,17.5,9.9,39.5,34.5,17.5,17.7,76.5,16.8,5.2,20.5,48.0,1.0,1435.0,8.0,36.0,315.0,4.0,19.0,188.0,4.0,18.0,0.0,1.0,0.0,0.0,0.0,0.0
48047,11.3,9.1,81.8,78.9,11.5,2.2,21.4,17.5,23.4,24.8,47.2,12.8,0.3,5.0,22.4,6943.0,38.5,45.1,14.1,17.0,19.4,47764.0,Brooks,TX,Texas,2023.0,Crude prevalence,8.8,80.8,7.1,19.8,8.1,42.6,42.8,17.5,18.4,72.1,15.4,4.4,37.8,48.0,2.0,7076.0,737.0,1062.0,1371.0,156.0,278.0,879.0,96.0,194.0,1.0,1.0,1.0,1.0,1.0,1.0
48049,4.3,7.4,92.5,87.3,3.0,1.6,15.5,18.9,22.2,6.5,31.7,2.1,1.0,7.6,49.0,38347.0,41.8,34.5,25.8,20.2,15.3,57470.0,Brown,TX,Texas,2023.0,Crude prevalence,10.1,85.3,8.5,14.0,7.8,34.9,30.1,17.7,15.5,75.1,15.3,4.1,16.6,48.0,13.0,38095.0,979.0,1776.0,8877.0,370.0,764.0,2509.0,158.0,403.0,7.0,8.0,4.0,1.0,1.0,1.0
48051,4.9,8.9,92.1,83.2,2.9,3.9,12.6,29.6,17.5,4.0,18.3,2.8,0.9,3.9,32.6,18857.0,44.1,35.5,20.6,23.5,12.7,70000.0,Burleson,TX,Texas,2023.0,Crude prevalence,10.1,86.8,7.8,14.0,7.4,35.9,28.7,16.7,14.5,76.1,14.1,4.0,15.9,48.0,7.0,17642.0,314.0,941.0,840.0,222.0,545.0,142.0,196.0,441.0,0.0,2.0,0.0,0.0,0.0,0.0
48053,6.2,4.7,96.7,92.1,1.5,1.0,18.9,29.4,17.9,3.7,23.7,2.8,0.5,15.2,29.2,52652.0,44.1,29.5,23.6,28.5,8.0,78732.0,Burnet,TX,Texas,2023.0,Crude prevalence,9.8,87.5,7.8,13.5,7.7,35.3,26.8,16.1,14.3,76.5,13.1,3.9,14.7,48.0,15.0,49130.0,783.0,1531.0,11676.0,550.0,869.0,4083.0,455.0,626.0,4.0,4.0,2.0,1.0,1.0,1.0
48055,6.9,11.1,94.7,90.3,2.0,2.1,21.4,34.3,5.3,3.6,24.7,4.0,1.4,7.1,39.0,48669.0,38.4,37.2,21.0,19.3,13.2,69758.0,Caldwell,TX,Texas,2023.0,Crude prevalence,9.4,83.4,6.8,14.6,6.5,42.2,33.3,17.5,15.3,73.0,14.4,3.6,25.9,48.0,11.0,45883.0,597.0,1893.0,3255.0,258.0,1031.0,1529.0,197.0,712.0,4.0,8.0,1.0,0.0,1.0,0.0
48057,6.7,8.0,94.8,86.0,4.9,2.7,6.8,19.4,20.0,5.1,22.7,0.6,0.5,18.5,37.7,19868.0,41.4,31.1,22.1,20.1,7.7,79959.0,Calhoun,TX,Texas,2023.0,Crude prevalence,9.2,85.8,6.9,14.7,7.3,34.8,31.3,16.1,14.8,74.7,13.0,3.8,22.0,48.0,7.0,20106.0,445.0,1357.0,1468.0,196.0,394.0,343.0,173.0,319.0,2.0,1.0,0.0,1.0,0.0,1.0
48059,2.5,5.3,96.7,90.2,2.8,1.6,15.5,26.5,19.9,2.7,19.1,1.1,0.5,20.1,29.1,14241.0,44.1,35.5,25.0,24.0,9.6,72436.0,Callahan,TX,Texas,2023.0,Crude prevalence,10.2,87.0,8.2,13.2,7.6,36.2,26.5,17.3,14.6,76.4,14.7,3.9,12.5,48.0,3.0,13708.0,139.0,556.0,1123.0,70.0,321.0,680.0,51.0,251.0,0.0,1.0,1.0,0.0,0.0,0.0
48061,15.7,11.7,91.2,84.4,3.4,2.4,25.8,21.3,13.3,6.6,34.8,6.5,3.4,9.9,40.0,426120.0,32.7,25.8,17.0,22.1,24.8,52601.0,Cameron,TX,Texas,2023.0,Crude prevalence,8.7,82.4,6.2,18.3,7.1,40.3,36.9,16.5,16.2,71.5,13.0,3.9,35.9,48.0,121.0,421017.0,9157.0,34273.0,30653.0,1256.0,6138.0,4996.0,567.0,2933.0,92.0,96.0,10.0,6.0,2.0,4.0
48063,7.0,8.0,93.4,87.3,3.3,0.7,19.5,22.8,17.3,6.7,22.5,2.0,2.3,16.4,35.2,12798.0,38.2,33.3,21.5,22.2,19.9,58843.0,Camp,TX,Texas,2023.0,Crude prevalence,10.8,84.0,9.5,16.1,8.3,40.0,33.8,18.9,16.7,75.6,17.2,4.7,19.8,48.0,3.0,12464.0,322.0,800.0,55.0,216.0,397.0,0.0,188.0,321.0,0.0,2.0,0.0,1.0,0.0,1.0
48065,2.2,4.0,91.5,83.9,0.8,0.4,11.7,24.5,18.4,4.1,20.8,1.7,0.1,12.3,19.6,5801.0,41.0,30.6,27.8,26.4,7.4,85231.0,Carson,TX,Texas,2023.0,Crude prevalence,9.9,87.5,6.9,11.7,6.8,34.0,24.2,16.6,13.2,75.7,13.1,3.4,11.5,48.0,2.0,5807.0,93.0,101.0,256.0,40.0,41.0,67.0,35.0,36.0,0.0,0.0,0.0,0.0,0.0,0.0
48067,3.1,9.0,90.5,79.9,3.3,1.2,13.5,25.7,15.6,6.0,23.4,3.0,0.4,14.9,39.8,28568.0,44.4,40.2,20.7,18.9,17.5,53813.0,Cass,TX,Texas,2023.0,Crude prevalence,10.9,86.1,9.9,15.7,8.7,39.3,30.8,18.6,16.3,77.3,17.2,4.9,13.5,48.0,9.0,28454.0,710.0,1963.0,3997.0,489.0,1346.0,1850.0,412.0,1129.0,2.0,6.0,3.0,2.0,1.0,2.0
48069,18.9,6.9,90.7,84.9,2.4,1.3,22.2,15.2,20.2,1.7,36.4,3.3,0.4,17.8,23.9,7344.0,34.5,31.7,17.9,18.6,19.2,56776.0,Castro,TX,Texas,2023.0,Crude prevalence,9.1,83.8,6.7,15.5,7.2,38.2,34.2,16.6,15.5,73.1,13.3,3.8,27.7,48.0,3.0,7371.0,41.0,228.0,1248.0,25.0,117.0,471.0,21.0,90.0,0.0,3.0,2.0,0.0,0.0,0.0
48071,5.5,5.9,97.7,90.5,4.8,1.4,15.9,32.6,9.0,3.4,18.4,2.1,1.2,10.8,30.1,51498.0,35.1,28.1,26.9,21.9,11.9,109804.0,Chambers,TX,Texas,2023.0,Crude prevalence,10.0,84.7,5.7,10.8,5.2,35.0,25.0,18.0,12.8,72.2,13.4,2.9,15.9,48.0,7.0,46571.0,581.0,995.0,2904.0,420.0,703.0,316.0,306.0,483.0,1.0,1.0,0.0,2.0,0.0,1.0
48073,7.7,10.3,91.9,83.6,2.8,2.3,19.9,26.9,13.6,6.5,26.0,3.4,1.6,6.9,33.8,51886.0,38.2,35.1,20.9,18.9,18.2,61261.0,Cherokee,TX,Texas,2023.0,Crude prevalence,10.5,83.9,8.9,14.7,7.8,35.7,31.8,18.5,15.9,75.0,16.9,4.3,19.1,48.0,14.0,50412.0,1186.0,2668.0,4699.0,658.0,1511.0,1456.0,519.0,1161.0,4.0,8.0,4.0,3.0,2.0,1.0
48075,7.7,12.9,94.7,83.7,0.3,0.5,14.2,25.4,33.7,4.7,29.0,2.3,0.0,3.8,47.7,6743.0,35.9,36.9,25.3,11.8,15.3,58654.0,Childress,TX,Texas,2023.0,Crude prevalence,9.5,81.3,6.9,12.0,6.3,36.1,29.6,18.3,14.0,71.2,14.7,3.4,21.6,48.0,2.0,6664.0,86.0,162.0,1177.0,26.0,45.0,475.0,15.0,24.0,1.0,1.0,1.0,0.0,0.0,0.0
48077,1.2,4.3,93.8,88.1,1.2,0.5,17.6,28.8,16.9,2.4,16.0,0.7,0.7,2.9,37.1,10495.0,47.5,39.9,26.5,22.4,8.4,80114.0,Clay,TX,Texas,2023.0,Crude prevalence,10.1,87.6,8.3,13.2,7.9,34.9,26.4,16.8,14.5,76.9,14.2,4.0,11.3,48.0,3.0,10218.0,103.0,273.0,1772.0,68.0,190.0,515.0,60.0,171.0,0.0,0.0,0.0,0.0,0.0,0.0
48079,19.7,14.2,90.0,79.7,2.8,2.1,27.2,24.0,27.3,5.4,35.4,4.1,2.0,11.1,19.8,2550.0,37.1,32.0,18.5,8.2,27.8,45313.0,Cochran,TX,Texas,2023.0,Crude prevalence,10.1,80.8,9.7,18.6,8.8,42.6,41.7,19.6,19.2,72.5,19.3,4.9,32.3,48.0,1.0,2547.0,50.0,200.0,159.0,10.0,41.0,142.0,9.0,38.0,0.0,1.0,0.0,0.0,0.0,0.0
48081,4.0,7.8,92.8,87.8,2.9,2.1,11.2,25.2,25.7,3.6,28.9,3.5,1.1,13.3,34.6,3353.0,47.4,34.5,24.2,23.0,22.9,43333.0,Coke,TX,Texas,2023.0,Crude prevalence,10.1,86.8,9.9,15.9,9.6,36.3,31.7,16.9,16.4,77.0,15.3,4.9,16.8,48.0,2.0,3285.0,58.0,234.0,1156.0,36.0,150.0,865.0,34.0,141.0,0.0,2.0,1.0,0.0,1.0,0.0
48083,9.6,3.5,90.2,87.3,4.1,3.5,21.3,35.4,31.8,8.4,22.8,0.6,0.2,6.8,27.9,7833.0,48.7,31.9,32.5,16.8,19.6,49159.0,Coleman,TX,Texas,2023.0,Crude prevalence,10.2,87.2,9.4,15.4,9.0,37.2,29.8,17.0,16.0,77.4,15.5,4.6,14.5,48.0,3.0,7684.0,282.0,439.0,4020.0,152.0,252.0,2452.0,87.0,163.0,1.0,2.0,2.0,1.0,2.0,1.0
48085,2.8,2.6,98.9,96.5,2.9,1.4,9.5,28.2,4.7,3.2,35.5,1.9,1.2,10.1,37.4,1163337.0,37.3,14.1,17.0,56.2,6.2,121600.0,Collin,TX,Texas,2023.0,Crude prevalence,8.9,87.7,4.1,9.5,4.3,32.3,20.0,14.6,10.2,75.0,9.3,2.3,10.1,48.0,220.0,1064465.0,13472.0,12768.0,213315.0,2551.0,3347.0,75383.0,897.0,1838.0,202.0,24.0,6.0,24.0,3.0,14.0
48087,9.6,15.6,93.1,85.9,0.7,0.7,22.1,14.4,34.4,1.9,26.2,9.4,0.0,0.0,10.3,2588.0,40.4,22.0,18.7,25.6,21.8,61280.0,Collingsworth,TX,Texas,2023.0,Crude prevalence,10.5,84.9,9.3,15.5,8.2,39.3,32.0,18.0,16.5,75.3,16.5,4.4,20.2,48.0,1.0,2652.0,19.0,169.0,372.0,6.0,53.0,193.0,5.0,46.0,0.0,1.0,0.0,0.0,0.0,0.0
48089,5.4,5.0,89.5,81.9,1.6,1.4,12.6,25.7,21.4,4.7,20.5,4.0,0.6,12.1,17.5,21006.0,43.3,40.0,20.7,22.9,10.7,66377.0,Colorado,TX,Texas,2023.0,Crude prevalence,9.8,87.0,7.9,14.9,7.9,36.2,29.9,16.2,14.8,76.6,13.6,4.2,17.7,48.0,5.0,20557.0,371.0,757.0,1643.0,189.0,395.0,97.0,158.0,335.0,0.0,2.0,0.0,0.0,0.0,0.0
48091,2.1,3.2,98.2,95.0,2.5,1.4,10.5,30.9,8.5,2.2,23.4,1.2,0.8,14.2,38.5,183826.0,41.8,21.6,22.4,43.3,6.5,101889.0,Comal,TX,Texas,2023.0,Crude prevalence,9.4,88.5,5.6,11.2,5.8,35.0,21.8,14.7,12.0,77.3,10.5,3.0,12.9,48.0,33.0,161501.0,1595.0,3111.0,20080.0,886.0,1701.0,7619.0,653.0,1151.0,14.0,2.0,0.0,3.0,0.0,2.0
48093,7.9,7.2,91.9,86.7,3.7,1.7,20.7,20.1,22.8,5.2,19.6,2.4,0.1,9.4,30.2,13950.0,44.2,32.7,22.7,21.4,16.2,59635.0,Comanche,TX,Texas,2023.0,Crude prevalence,9.9,86.5,8.7,14.8,8.5,36.7,30.5,16.8,15.7,76.2,14.5,4.3,18.1,48.0,5.0,13594.0,277.0,560.0,912.0,117.0,248.0,192.0,88.0,200.0,0.0,2.0,0.0,0.0,0.0,0.0
48095,9.1,8.0,92.4,82.8,0.7,0.2,17.4,21.4,42.4,4.5,19.5,0.0,0.2,3.9,39.5,3328.0,43.0,38.1,26.5,14.1,11.4,65795.0,Concho,TX,Texas,2023.0,Crude prevalence,9.1,83.0,7.8,14.2,7.6,37.1,32.0,16.9,15.1,72.8,15.8,4.0,23.7,48.0,1.0,3303.0,37.0,56.0,1534.0,23.0,35.0,1292.0,22.0,33.0,0.0,1.0,1.0,0.0,1.0,0.0
48097,4.6,6.9,93.9,86.0,2.8,1.7,16.1,25.7,7.9,3.9,28.2,2.9,0.7,5.4,37.7,43046.0,40.5,30.3,26.1,23.7,13.5,73932.0,Cooke,TX,Texas,2023.0,Crude prevalence,10.2,85.8,7.9,13.0,7.2,36.1,27.7,17.5,14.6,75.1,14.5,3.8,15.2,48.0,9.0,41668.0,638.0,1561.0,3654.0,261.0,558.0,1450.0,172.0,434.0,4.0,2.0,1.0,2.0,0.0,2.0
48099,3.4,5.5,96.3,90.6,2.8,1.9,10.6,24.4,8.6,5.6,41.4,1.7,0.9,9.1,32.0,84748.0,32.8,30.7,30.8,19.3,11.2,71301.0,Coryell,TX,Texas,2023.0,Crude prevalence,10.4,81.9,5.7,10.3,4.9,37.3,26.8,19.6,12.8,72.7,14.1,2.8,16.0,48.0,19.0,83093.0,1509.0,3416.0,34845.0,469.0,1212.0,25348.0,325.0,877.0,14.0,8.0,6.0,3.0,6.0,1.0
48101,12.4,7.2,92.9,72.8,7.3,0.3,11.2,17.8,38.0,2.8,16.8,1.4,0.0,0.0,15.8,1368.0,46.4,34.5,22.1,21.1,17.1,59063.0,Cottle,TX,Texas,2023.0,Crude prevalence,10.5,86.3,11.0,18.8,10.2,40.6,35.4,17.4,18.1,77.6,17.6,5.5,19.7,48.0,1.0,1380.0,16.0,172.0,457.0,8.0,86.0,374.0,7.0,79.0,0.0,1.0,1.0,0.0,0.0,0.0
48103,17.9,9.9,96.8,83.1,2.5,3.0,18.6,24.7,11.3,11.8,16.2,3.6,1.3,6.5,0.0,4610.0,35.0,39.8,16.4,12.6,10.9,62212.0,Crane,TX,Texas,2023.0,Crude prevalence,9.1,82.2,6.3,15.0,6.4,39.7,36.0,17.6,15.7,71.5,14.3,3.5,30.5,48.0,1.0,4675.0,193.0,63.0,677.0,70.0,23.0,575.0,57.0,19.0,0.0,1.0,1.0,1.0,1.0,0.0
48105,24.9,13.2,95.5,87.3,1.8,3.4,2.3,20.3,29.1,0.0,26.3,0.0,0.0,0.0,0.0,2822.0,42.6,21.1,27.6,10.7,9.3,81022.0,Crockett,TX,Texas,2023.0,Crude prevalence,9.4,85.1,7.4,16.5,7.7,37.7,35.3,16.5,16.6,73.8,14.3,4.1,28.2,48.0,1.0,3098.0,0.0,0.0,723.0,0.0,0.0,676.0,0.0,0.0,0.0,0.0,0.0,0.0,0.0,0.0
48107,7.7,11.5,94.3,87.8,5.0,2.0,20.2,27.0,27.5,3.9,31.2,2.2,0.9,8.8,37.0,5041.0,38.5,39.7,19.6,15.4,20.1,52188.0,Crosby,TX,Texas,2023.0,Crude prevalence,9.7,83.6,8.6,17.1,8.4,40.5,37.0,17.8,17.3,74.3,15.9,4.5,27.2,48.0,3.0,5133.0,75.0,466.0,708.0,28.0,167.0,570.0,23.0,145.0,0.0,3.0,0.0,0.0,0.0,0.0
48109,15.4,10.4,83.5,74.1,0.6,0.0,19.2,15.3,20.9,5.2,29.8,0.0,0.0,0.0,8.3,2195.0,44.8,41.0,9.0,15.8,19.5,58777.0,Culberson,TX,Texas,2023.0,Crude prevalence,9.2,82.6,8.0,19.3,8.7,40.3,40.8,17.2,18.1,73.5,16.1,4.7,31.3,48.0,1.0,2188.0,45.0,232.0,40.0,10.0,52.0,34.0,1.0,7.0,0.0,1.0,0.0,0.0,0.0,0.0
48111,16.9,5.2,93.2,84.5,1.7,1.4,24.4,15.1,15.3,2.2,36.0,0.6,0.9,22.1,26.6,7298.0,29.9,46.5,14.8,11.9,11.5,71500.0,Dallam,TX,Texas,2023.0,Crude prevalence,9.6,80.6,7.4,14.7,6.7,39.6,35.6,18.9,16.1,71.2,16.9,3.6,27.4,48.0,2.0,7115.0,56.0,301.0,1218.0,20.0,56.0,550.0,16.0,27.0,1.0,0.0,0.0,0.0,0.0,0.0
48113,10.1,7.9,96.8,92.2,3.4,2.2,21.5,26.8,7.7,6.8,49.2,4.1,2.0,9.4,42.7,2621179.0,34.1,22.3,17.6,35.7,13.9,76547.0,Dallas,TX,Texas,2023.0,Crude prevalence,9.8,84.1,5.6,12.5,5.3,35.7,30.5,17.1,12.6,75.2,12.5,3.2,20.6,48.0,645.0,2613539.0,66428.0,103078.0,273038.0,4383.0,8835.0,86787.0,1117.0,3064.0,638.0,345.0,38.0,64.0,6.0,18.0
48115,13.8,14.1,92.1,83.7,3.3,1.0,22.5,24.4,17.5,5.0,29.4,1.8,0.8,7.4,42.1,12134.0,34.8,35.0,17.1,12.7,19.6,54360.0,Dawson,TX,Texas,2023.0,Crude prevalence,9.4,79.5,7.6,15.3,7.0,39.4,36.5,18.6,16.5,70.5,17.1,3.9,29.9,48.0,4.0,12456.0,201.0,791.0,4734.0,39.0,275.0,3338.0,13.0,179.0,3.0,3.0,3.0,0.0,1.0,0.0
48117,17.1,12.7,94.9,79.9,2.3,3.5,21.0,16.6,13.4,4.6,33.2,4.7,2.4,10.1,25.1,18460.0,31.3,41.1,13.2,11.4,17.7,60799.0,Deaf Smith,TX,Texas,2023.0,Crude prevalence,9.4,80.5,7.2,16.4,7.1,40.7,39.8,18.4,17.2,71.4,15.7,3.9,34.7,48.0,4.0,18583.0,276.0,810.0,2114.0,42.0,107.0,1465.0,29.0,73.0,3.0,4.0,2.0,0.0,2.0,0.0
48119,4.9,5.7,92.0,84.2,2.5,4.5,9.5,27.7,11.3,3.6,17.2,0.3,4.2,14.2,26.9,5438.0,40.3,39.4,26.7,14.9,11.4,66575.0,Delta,TX,Texas,2023.0,Crude prevalence,10.6,86.0,8.7,13.7,7.8,37.1,28.3,18.1,15.2,75.8,15.9,4.1,13.4,48.0,2.0,5230.0,78.0,239.0,400.0,9.0,113.0,61.0,6.0,108.0,0.0,1.0,0.0,0.0,0.0,0.0
48121,3.2,3.3,98.7,95.7,2.9,1.6,10.6,28.1,4.3,3.5,34.5,1.8,1.1,9.9,41.3,979561.0,37.0,16.6,19.5,49.4,7.1,111498.0,Denton,TX,Texas,2023.0,Crude prevalence,9.3,86.7,4.3,9.9,4.3,33.7,21.2,15.8,10.6,74.2,9.8,2.4,11.2,48.0,193.0,906422.0,12640.0,15679.0,270938.0,3152.0,3840.0,123811.0,1436.0,2031.0,173.0,36.0,6.0,18.0,2.0,9.0
48123,6.0,8.5,91.4,78.8,1.9,0.7,17.0,24.4,25.1,6.7,26.1,2.3,0.9,4.0,37.0,20016.0,42.0,40.3,20.4,16.9,17.6,63730.0,DeWitt,TX,Texas,2023.0,Crude prevalence,9.8,85.2,8.6,16.0,8.2,37.6,33.0,17.2,16.2,75.3,16.0,4.4,21.2,48.0,6.0,19824.0,467.0,818.0,1299.0,263.0,461.0,613.0,228.0,393.0,0.0,3.0,1.0,1.0,0.0,1.0
48125,6.2,9.0,93.7,86.2,5.1,0.7,12.0,24.4,36.8,6.6,20.5,1.1,0.4,17.6,45.9,1747.0,47.6,33.2,24.9,18.0,18.0,49335.0,Dickens,TX,Texas,2023.0,Crude prevalence,9.9,86.9,9.8,16.7,9.6,37.5,32.5,16.4,16.7,77.4,15.1,5.0,18.7,48.0,1.0,1770.0,48.0,108.0,739.0,33.0,74.0,514.0,31.0,69.0,0.0,1.0,1.0,0.0,1.0,0.0
48127,14.3,12.4,85.1,73.9,3.9,1.6,14.5,24.8,25.5,16.5,33.5,1.4,3.6,12.6,31.4,8380.0,35.7,37.5,21.6,9.8,41.1,38808.0,Dimmit,TX,Texas,2023.0,Crude prevalence,9.5,79.1,9.4,23.4,9.9,46.8,49.5,19.2,21.4,72.9,18.9,5.5,41.1,48.0,3.0,8615.0,494.0,774.0,766.0,115.0,258.0,452.0,92.0,214.0,1.0,3.0,0.0,0.0,0.0,0.0
48129,2.8,10.6,89.7,75.2,0.9,0.0,17.9,19.4,39.5,3.2,25.2,0.3,0.7,0.0,22.0,3257.0,40.7,34.2,26.0,16.6,7.9,58750.0,Donley,TX,Texas,2023.0,Crude prevalence,10.4,85.4,8.9,14.0,8.4,34.2,28.8,17.7,15.3,76.2,14.3,4.4,14.6,48.0,2.0,3258.0,38.0,40.0,482.0,14.0,8.0,344.0,12.0,5.0,0.0,1.0,1.0,0.0,0.0,0.0
48131,11.0,12.5,79.4,68.9,5.2,6.9,22.2,29.8,30.9,10.8,29.6,1.4,0.5,3.9,29.2,9742.0,33.6,41.8,21.9,6.8,33.3,49038.0,Duval,TX,Texas,2023.0,Crude prevalence,8.9,81.5,7.0,18.8,8.2,41.2,41.1,17.4,17.8,72.2,14.8,4.3,35.4,48.0,3.0,9831.0,329.0,759.0,2297.0,183.0,381.0,1572.0,168.0,330.0,0.0,3.0,2.0,1.0,1.0,0.0
48133,6.2,9.0,91.3,87.6,2.7,2.3,15.3,25.6,22.9,5.0,28.4,1.9,0.8,8.7,35.2,18011.0,43.1,34.2,22.4,21.8,16.2,53549.0,Eastland,TX,Texas,2023.0,Crude prevalence,10.3,84.9,9.1,14.1,8.2,35.5,29.8,18.0,15.6,75.2,15.6,4.3,15.9,48.0,7.0,17725.0,364.0,851.0,462.0,189.0,403.0,99.0,159.0,337.0,0.0,4.0,0.0,0.0,0.0,0.0
48135,9.9,11.8,95.9,87.6,3.9,1.9,22.1,25.0,6.3,6.1,35.3,4.5,2.7,9.1,43.2,164654.0,31.4,30.9,21.8,17.6,16.5,71536.0,Ector,TX,Texas,2023.0,Crude prevalence,9.3,81.6,5.5,12.8,5.3,40.0,31.8,18.0,14.4,69.0,14.2,3.0,28.0,48.0,33.0,165171.0,3938.0,8102.0,13574.0,353.0,1150.0,5890.0,197.0,601.0,27.0,16.0,2.0,5.0,2.0,0.0
48137,18.6,2.5,73.5,69.3,0.0,2.0,19.2,16.8,50.4,7.9,12.1,0.0,0.0,16.3,6.1,1290.0,39.0,27.9,20.7,26.1,31.9,40313.0,Edwards,TX,Texas,2023.0,Crude prevalence,9.5,87.1,9.9,19.3,10.5,38.2,36.4,15.5,17.8,77.5,15.0,5.3,25.2,48.0,1.0,1422.0,32.0,91.0,490.0,20.0,56.0,448.0,19.0,53.0,0.0,1.0,1.0,0.0,0.0,0.0
48139,5.6,6.2,96.8,92.5,3.0,1.4,15.0,30.3,4.9,3.7,24.2,2.5,1.1,8.0,42.5,213160.0,36.3,26.5,23.0,30.1,6.9,99595.0,Ellis,TX,Texas,2023.0,Crude prevalence,10.1,85.6,5.6,11.6,5.3,37.2,25.8,17.3,12.9,74.1,12.6,3.0,15.6,48.0,36.0,192455.0,2674.0,4902.0,58394.0,1296.0,2277.0,40734.0,946.0,1610.0,20.0,9.0,2.0,7.0,1.0,6.0
48141,11.3,7.6,94.1,89.8,3.6,2.7,21.6,24.1,7.4,6.4,35.8,3.5,1.9,9.4,44.2,870779.0,33.6,25.1,20.8,25.9,18.7,59806.0,El Paso,TX,Texas,2023.0,Crude prevalence,8.6,83.4,4.9,15.4,5.8,34.0,33.4,17.5,15.0,74.7,12.1,3.2,29.0,48.0,188.0,865657.0,19103.0,57900.0,111753.0,1380.0,6284.0,31983.0,413.0,1913.0,172.0,140.0,26.0,9.0,5.0,3.0
48143,5.6,6.7,96.3,89.8,3.6,1.9,15.2,20.8,10.0,4.8,36.9,2.0,0.7,7.7,48.7,43794.0,32.0,27.6,20.3,32.1,16.6,65115.0,Erath,TX,Texas,2023.0,Crude prevalence,10.3,81.6,6.6,10.8,5.8,33.4,25.1,19.3,13.1,72.2,12.9,3.1,14.7,48.0,12.0,42545.0,814.0,1143.0,5444.0,336.0,540.0,1381.0,253.0,377.0,5.0,6.0,3.0,1.0,0.0,0.0
48145,5.7,7.3,89.7,80.4,2.9,0.9,16.9,28.6,14.8,5.8,23.5,4.4,2.0,9.0,28.6,17291.0,40.6,33.8,28.1,19.5,14.7,57247.0,Falls,TX,Texas,2023.0,Crude prevalence,10.9,84.4,9.1,16.1,8.1,40.0,33.8,19.1,16.4,75.6,17.1,4.7,19.5,48.0,6.0,16968.0,370.0,835.0,1209.0,183.0,421.0,196.0,133.0,304.0,2.0,3.0,1.0,0.0,0.0,0.0
48147,4.2,8.1,92.4,84.9,2.7,1.0,14.3,31.6,13.8,3.4,21.3,3.1,0.6,5.5,36.3,37326.0,41.0,35.9,25.3,19.5,13.7,72295.0,Fannin,TX,Texas,2023.0,Crude prevalence,10.4,84.4,8.5,13.2,7.4,39.2,29.1,18.4,15.1,74.3,16.6,3.9,15.3,48.0,9.0,35662.0,429.0,1314.0,6003.0,264.0,804.0,4467.0,240.0,725.0,2.0,3.0,1.0,0.0,1.0,0.0
48149,4.2,4.3,92.3,80.6,1.3,2.0,9.9,23.1,21.4,6.1,20.6,3.2,0.7,13.9,30.7,25042.0,48.2,37.2,18.4,27.5,8.6,75854.0,Fayette,TX,Texas,2023.0,Crude prevalence,9.6,88.5,7.7,13.8,8.0,33.9,26.5,15.4,14.2,78.0,12.3,4.1,14.2,48.0,9.0,24435.0,639.0,768.0,3959.0,344.0,395.0,436.0,277.0,326.0,1.0,0.0,0.0,2.0,0.0,2.0
48151,4.6,4.0,94.0,85.4,2.7,2.6,11.7,24.6,22.4,4.3,19.6,1.3,0.0,2.2,24.0,3655.0,40.5,37.7,26.4,17.1,13.7,65533.0,Fisher,TX,Texas,2023.0,Crude prevalence,9.7,87.8,7.6,14.5,8.0,36.1,28.8,16.1,14.7,76.9,13.4,4.1,15.7,48.0,2.0,3672.0,67.0,218.0,360.0,40.0,69.0,119.0,39.0,66.0,0.0,2.0,0.0,0.0,0.0,0.0
48153,11.4,11.7,92.9,77.8,3.7,1.9,23.3,17.0,24.7,6.7,26.7,2.3,0.0,13.8,19.3,5216.0,38.3,30.4,22.1,14.9,17.9,58462.0,Floyd,TX,Texas,2023.0,Crude prevalence,9.6,83.9,8.3,17.0,8.3,39.1,36.5,17.3,17.0,74.2,15.2,4.4,27.6,48.0,2.0,5402.0,131.0,252.0,898.0,60.0,123.0,572.0,53.0,107.0,0.0,2.0,0.0,0.0,0.0,0.0
48155,6.6,11.1,83.5,65.7,4.0,0.0,19.1,17.8,29.9,6.4,24.0,0.0,0.0,0.0,22.6,991.0,49.1,27.6,24.2,20.6,5.6,61563.0,Foard,TX,Texas,2023.0,Crude prevalence,10.7,85.7,11.8,18.2,10.9,40.1,35.6,18.4,18.7,77.5,18.0,5.7,18.4,48.0,1.0,1095.0,28.0,8.0,133.0,9.0,2.0,106.0,8.0,2.0,0.0,0.0,0.0,0.0,0.0,0.0
48157,4.4,3.6,98.0,95.5,3.4,2.1,11.7,32.7,4.2,3.2,23.0,2.2,1.2,9.8,43.8,893767.0,37.3,17.6,16.9,50.2,7.6,114041.0,Fort Bend,TX,Texas,2023.0,Crude prevalence,9.0,87.9,4.2,12.0,4.6,30.1,24.3,14.3,10.5,75.3,9.8,2.7,12.6,48.0,133.0,822779.0,9402.0,19922.0,270005.0,3049.0,6223.0,101858.0,1130.0,2688.0,120.0,26.0,5.0,18.0,1.0,10.0
48159,2.8,6.8,94.9,90.1,2.6,1.7,15.0,24.0,23.9,1.9,18.0,1.4,0.1,13.0,26.4,10632.0,43.2,30.4,23.8,27.8,11.7,72360.0,Franklin,TX,Texas,2023.0,Crude prevalence,10.0,87.6,7.6,13.0,7.5,35.3,25.5,16.3,13.9,76.7,13.1,3.8,12.5,48.0,4.0,10359.0,75.0,241.0,87.0,15.0,165.0,0.0,10.0,149.0,0.0,0.0,0.0,0.0,0.0,0.0
48161,4.2,8.5,92.4,82.0,1.5,5.8,12.6,25.5,22.3,2.5,24.6,3.6,0.4,9.3,42.8,20049.0,41.1,33.8,26.3,16.5,12.3,59960.0,Freestone,TX,Texas,2023.0,Crude prevalence,10.3,85.9,8.6,14.7,7.9,38.2,30.1,17.7,15.3,76.1,16.0,4.4,16.1,48.0,8.0,19435.0,176.0,1050.0,751.0,100.0,642.0,119.0,83.0,543.0,0.0,4.0,0.0,0.0,0.0,0.0
48163,11.4,17.2,86.8,76.6,2.9,2.3,15.1,19.1,15.0,10.4,41.1,1.6,0.5,4.4,37.8,18582.0,32.3,41.7,14.8,11.9,19.5,66010.0,Frio,TX,Texas,2023.0,Crude prevalence,8.6,78.0,5.9,15.3,6.2,40.5,38.6,18.0,16.2,68.5,15.0,3.4,37.0,48.0,6.0,18385.0,565.0,1281.0,2221.0,207.0,519.0,828.0,106.0,332.0,1.0,5.0,1.0,1.0,0.0,0.0
48165,32.0,10.4,92.3,84.0,1.5,2.9,36.7,26.2,10.2,5.6,25.4,5.2,3.4,6.7,24.2,22232.0,29.3,27.7,13.5,11.7,6.8,74132.0,Gaines,TX,Texas,2023.0,Crude prevalence,10.2,79.7,6.6,11.8,5.5,36.1,31.8,20.1,15.2,68.8,16.4,3.1,25.6,48.0,4.0,21598.0,390.0,539.0,741.0,118.0,223.0,404.0,94.0,174.0,1.0,1.0,0.0,0.0,0.0,0.0
48167,4.2,5.9,97.0,93.2,3.6,2.3,13.6,27.9,13.1,5.4,32.4,2.2,0.9,9.6,45.3,358990.0,38.8,22.5,22.7,34.8,11.7,86105.0,Galveston,TX,Texas,2023.0,Crude prevalence,9.8,86.6,6.0,12.3,5.9,34.0,25.4,16.6,12.9,74.8,12.3,3.3,15.0,48.0,102.0,350682.0,7600.0,14723.0,98559.0,1407.0,2917.0,39915.0,584.0,1293.0,93.0,34.0,8.0,9.0,3.0,3.0
48169,11.8,18.2,95.7,85.2,5.0,1.7,18.0,24.0,33.2,7.9,29.5,0.3,0.0,4.4,12.7,5118.0,35.4,33.2,23.2,10.2,8.4,46314.0,Garza,TX,Texas,2023.0,Crude prevalence,9.3,80.4,7.5,14.9,6.9,39.9,36.0,18.3,16.3,70.3,16.9,3.8,30.9,48.0,3.0,5816.0,116.0,161.0,1088.0,43.0,49.0,1070.0,39.0,44.0,0.0,2.0,1.0,0.0,1.0,0.0
48171,5.4,4.5,94.4,89.1,1.5,0.7,13.9,21.9,19.9,5.5,25.1,1.7,2.4,9.9,43.8,27524.0,50.7,25.4,19.4,37.2,9.2,76162.0,Gillespie,TX,Texas,2023.0,Crude prevalence,9.4,89.4,7.7,13.6,8.3,32.8,25.6,14.4,13.8,78.7,11.1,4.1,13.7,48.0,7.0,26725.0,629.0,417.0,4123.0,322.0,269.0,1783.0,233.0,216.0,1.0,1.0,0.0,1.0,0.0,1.0
48173,8.6,2.9,97.6,87.4,0.5,0.0,25.1,25.7,10.3,7.0,31.5,5.9,0.0,22.2,0.0,1068.0,39.5,16.6,33.3,29.2,8.9,101250.0,Glasscock,TX,Texas,2023.0,Crude prevalence,9.1,86.7,5.2,10.9,5.5,34.0,23.3,15.4,11.9,73.9,10.8,2.8,15.4,48.0,1.0,1116.0,32.0,45.0,1049.0,32.0,45.0,989.0,32.0,45.0,0.0,0.0,0.0,0.0,0.0,0.0
48175,7.1,5.0,88.9,79.9,2.7,1.7,13.4,30.4,20.7,7.6,13.2,0.7,2.0,12.2,29.8,7141.0,44.6,32.1,21.0,21.4,13.0,59359.0,Goliad,TX,Texas,2023.0,Crude prevalence,9.8,87.3,8.4,15.6,8.5,37.0,30.4,16.2,15.6,76.6,14.2,4.4,18.1,48.0,2.0,7012.0,215.0,293.0,2532.0,162.0,223.0,1198.0,156.0,213.0,0.0,0.0,0.0,1.0,0.0,1.0
48177,12.0,12.7,92.7,86.6,2.6,1.9,18.0,27.2,12.1,7.6,33.8,3.3,0.3,5.9,39.7,19851.0,39.3,38.9,17.4,11.9,15.8,58672.0,Gonzales,TX,Texas,2023.0,Crude prevalence,9.9,83.8,8.3,16.0,7.9,39.4,35.8,17.9,16.6,74.2,15.8,4.3,25.8,48.0,6.0,19653.0,604.0,1295.0,5968.0,277.0,663.0,4401.0,247.0,595.0,3.0,5.0,3.0,1.0,2.0,1.0
48179,8.2,8.1,96.2,87.9,3.2,1.1,17.7,17.8,19.7,4.1,23.6,2.8,1.5,8.5,41.5,21045.0,36.9,35.8,23.0,16.2,15.7,59614.0,Gray,TX,Texas,2023.0,Crude prevalence,9.9,83.5,8.2,13.9,7.3,38.5,31.6,18.4,15.4,73.5,16.4,3.9,20.1,48.0,7.0,21227.0,331.0,1107.0,1881.0,52.0,114.0,792.0,43.0,62.0,6.0,4.0,0.0,0.0,0.0,0.0
48181,4.2,5.9,95.1,89.9,1.9,1.7,15.7,25.8,11.1,3.7,33.2,2.4,1.0,7.4,44.2,143337.0,39.0,31.3,23.9,23.9,11.2,72182.0,Grayson,TX,Texas,2023.0,Crude prevalence,10.3,85.7,7.4,12.5,6.7,33.9,27.4,17.8,13.9,75.2,14.4,3.6,13.7,48.0,30.0,135543.0,2061.0,4565.0,12355.0,776.0,1814.0,4097.0,514.0,1239.0,13.0,11.0,5.0,3.0,1.0,0.0
48183,5.6,7.5,95.1,88.5,2.2,2.0,16.5,21.3,10.4,4.6,39.7,2.8,0.7,9.5,39.9,125480.0,35.9,28.2,26.0,22.9,16.1,66550.0,Gregg,TX,Texas,2023.0,Crude prevalence,10.7,84.4,7.7,13.5,6.7,36.8,29.1,18.8,14.7,74.5,15.3,3.9,16.3,48.0,30.0,124239.0,2240.0,6530.0,29499.0,483.0,1653.0,15818.0,218.0,1028.0,26.0,15.0,7.0,3.0,4.0,0.0
48185,8.2,11.3,93.8,83.6,2.6,1.3,18.3,35.9,17.0,4.8,20.1,3.9,1.8,10.3,34.7,31340.0,40.1,29.6,22.6,19.7,14.6,69803.0,Grimes,TX,Texas,2023.0,Crude prevalence,10.1,84.7,8.1,14.4,7.5,37.1,30.1,17.8,15.2,74.7,15.7,4.1,18.5,48.0,8.0,29268.0,497.0,1420.0,591.0,303.0,914.0,6.0,261.0,786.0,1.0,4.0,0.0,0.0,0.0,0.0
48187,4.9,5.2,96.8,93.9,3.0,1.8,11.0,28.8,6.1,3.2,22.2,2.5,1.1,8.6,38.0,183642.0,37.6,28.7,20.5,31.4,9.3,92375.0,Guadalupe,TX,Texas,2023.0,Crude prevalence,9.5,86.1,5.5,12.8,5.6,34.7,25.9,16.4,12.9,75.1,12.5,3.0,17.1,48.0,41.0,172706.0,2083.0,5919.0,36503.0,717.0,2239.0,12166.0,445.0,1375.0,27.0,8.0,2.0,2.0,1.0,1.0
48189,13.5,12.3,92.0,81.5,3.1,1.0,21.0,19.8,17.7,6.5,39.5,2.8,1.3,6.1,39.1,32131.0,34.4,31.5,19.8,15.3,20.5,51897.0,Hale,TX,Texas,2023.0,Crude prevalence,9.5,81.4,7.4,15.6,7.1,38.9,36.1,18.3,16.3,72.1,15.7,3.8,28.9,48.0,9.0,32522.0,718.0,2532.0,7756.0,152.0,612.0,4226.0,64.0,237.0,5.0,5.0,1.0,1.0,0.0,0.0
48191,4.9,11.6,89.6,81.0,5.0,1.0,15.6,14.1,32.8,4.3,26.4,2.3,0.7,2.8,24.2,2820.0,44.3,34.5,18.9,21.4,16.3,48459.0,Hall,TX,Texas,2023.0,Crude prevalence,10.0,85.5,9.6,17.5,9.5,39.1,34.4,17.3,17.1,76.4,15.6,5.1,21.3,48.0,1.0,2825.0,50.0,163.0,266.0,11.0,37.0,253.0,9.0,28.0,0.0,1.0,0.0,0.0,0.0,0.0
48193,3.5,7.6,91.3,84.5,2.9,0.9,13.5,18.0,28.6,4.2,21.3,3.7,1.0,20.1,38.1,8406.0,43.5,32.4,22.5,26.8,16.5,58219.0,Hamilton,TX,Texas,2023.0,Crude prevalence,10.1,86.6,9.4,14.6,8.9,36.1,30.0,17.0,15.7,76.8,15.3,4.6,14.6,48.0,3.0,8222.0,131.0,401.0,1105.0,80.0,192.0,397.0,74.0,167.0,0.0,0.0,0.0,0.0,0.0,0.0
48195,13.9,8.3,94.5,90.0,4.2,1.0,21.3,21.7,18.3,5.2,18.8,2.5,1.2,0.7,44.3,5119.0,35.4,20.7,14.6,36.4,8.6,69441.0,Hansford,TX,Texas,2023.0,Crude prevalence,9.6,83.6,7.0,13.6,6.7,36.8,31.0,17.2,15.0,73.1,13.6,3.6,23.4,48.0,2.0,5285.0,96.0,52.0,272.0,19.0,10.0,232.0,10.0,5.0,0.0,0.0,0.0,0.0,0.0,0.0
48197,4.1,9.3,93.1,80.2,1.5,1.9,15.6,14.9,32.0,2.0,26.1,0.5,0.1,11.9,28.0,3501.0,44.4,35.5,25.7,16.8,10.7,63333.0,Hardeman,TX,Texas,2023.0,Crude prevalence,10.3,85.8,9.1,15.2,8.6,37.6,31.2,17.7,16.1,76.0,15.8,4.5,17.5,48.0,1.0,3549.0,25.0,168.0,70.0,7.0,44.0,30.0,4.0,28.0,0.0,0.0,0.0,0.0,0.0,0.0
48199,2.1,6.5,94.2,86.2,3.2,2.4,15.9,30.0,11.5,3.9,17.7,3.2,0.9,7.2,38.7,57642.0,39.4,37.2,23.0,21.0,12.1,75808.0,Hardin,TX,Texas,2023.0,Crude prevalence,10.5,85.5,7.9,12.4,6.8,34.0,26.8,18.5,14.5,74.8,15.6,3.7,12.6,48.0,13.0,56231.0,876.0,2866.0,11805.0,528.0,1741.0,5589.0,360.0,1175.0,6.0,4.0,2.0,2.0,2.0,2.0
48201,10.2,7.2,96.7,92.1,4.5,2.4,20.9,29.0,8.4,7.1,45.3,4.2,2.4,9.3,44.4,4838303.0,34.6,22.8,18.5,34.2,16.3,74983.0,Harris,TX,Texas,2023.0,Crude prevalence,9.2,83.7,5.5,13.2,5.4,37.3,26.8,16.5,12.9,73.2,12.7,3.3,21.3,48.0,1115.0,4731145.0,124912.0,235477.0,560659.0,6805.0,17187.0,163123.0,1908.0,5065.0,1095.0,589.0,47.0,78.0,8.0,28.0
48203,4.1,6.5,94.7,84.5,3.4,2.2,14.1,22.1,11.7,6.8,23.1,3.0,0.6,12.6,35.2,70155.0,38.8,31.0,25.4,22.7,15.6,66103.0,Harrison,TX,Texas,2023.0,Crude prevalence,10.7,85.1,7.9,13.8,7.1,38.8,29.5,18.6,14.7,76.0,15.2,4.1,14.4,48.0,16.0,68839.0,1781.0,3371.0,3898.0,966.0,1858.0,1713.0,742.0,1474.0,4.0,8.0,2.0,3.0,1.0,3.0
48205,10.7,8.8,98.5,94.3,0.7,2.0,16.5,12.0,10.0,2.7,25.6,0.4,1.8,8.5,21.5,5215.0,38.7,33.4,20.1,20.7,9.4,75841.0,Hartley,TX,Texas,2023.0,Crude prevalence,9.1,85.0,6.3,12.0,6.3,34.5,26.8,16.3,13.3,72.8,13.4,3.3,18.8,48.0,1.0,5382.0,44.0,131.0,1096.0,25.0,73.0,1074.0,23.0,69.0,0.0,0.0,0.0,0.0,0.0,0.0
48207,6.2,7.0,94.9,86.8,2.9,5.7,16.2,15.8,31.1,3.3,26.3,1.4,0.0,3.2,37.9,5421.0,43.1,36.9,21.6,22.8,16.6,60653.0,Haskell,TX,Texas,2023.0,Crude prevalence,10.0,84.2,9.0,14.9,8.2,36.6,32.1,17.7,16.1,74.6,16.3,4.3,20.2,48.0,2.0,5416.0,70.0,328.0,677.0,36.0,177.0,156.0,24.0,134.0,0.0,1.0,0.0,0.0,0.0,0.0
48209,4.4,3.6,97.3,92.9,3.0,2.2,11.6,31.3,4.6,3.9,35.9,2.1,1.5,10.2,49.6,268638.0,34.1,20.6,21.0,43.2,12.1,89097.0,Hays,TX,Texas,2023.0,Crude prevalence,9.3,84.2,4.8,10.2,4.7,34.5,23.1,17.0,11.7,71.6,10.8,2.5,16.6,48.0,46.0,241067.0,3864.0,5032.0,37052.0,1404.0,1508.0,15768.0,950.0,1059.0,23.0,24.0,7.0,8.0,1.0,5.0
48211,10.0,9.3,97.8,77.8,3.5,0.7,18.4,16.7,16.3,6.3,28.9,1.8,0.0,9.2,38.4,3234.0,45.1,31.2,17.9,21.9,6.2,61563.0,Hemphill,TX,Texas,2023.0,Crude prevalence,9.4,87.0,6.2,11.6,6.3,32.7,25.5,15.9,13.0,75.0,11.7,3.3,16.4,48.0,1.0,3382.0,93.0,135.0,994.0,54.0,79.0,820.0,47.0,68.0,0.0,0.0,0.0,0.0,0.0,0.0
48213,4.5,7.4,94.0,86.0,2.7,2.9,16.7,29.1,19.8,4.6,22.2,3.2,0.9,9.6,44.3,84862.0,43.8,33.1,25.0,20.7,14.7,65179.0,Henderson,TX,Texas,2023.0,Crude prevalence,10.5,86.1,9.2,14.5,8.3,35.4,30.1,17.9,15.8,76.8,16.1,4.4,14.9,48.0,28.0,82150.0,1542.0,4306.0,12483.0,928.0,2939.0,7840.0,702.0,2297.0,7.0,13.0,3.0,3.0,3.0,1.0
48215,17.5,12.2,93.7,88.0,4.5,2.2,28.2,22.5,12.4,5.6,32.5,7.5,3.4,7.9,40.7,891977.0,30.5,26.1,17.7,20.6,26.7,54338.0,Hidalgo,TX,Texas,2023.0,Crude prevalence,8.7,80.2,5.9,17.4,6.5,44.2,37.5,18.2,16.6,71.6,13.3,3.6,37.4,48.0,212.0,870781.0,15247.0,75177.0,99970.0,1971.0,13463.0,18199.0,496.0,3788.0,181.0,165.0,44.0,9.0,7.0,2.0
48217,5.4,7.9,93.8,88.0,2.4,0.8,18.6,32.0,16.2,5.2,21.8,2.3,0.7,13.4,39.7,37328.0,41.0,33.1,23.4,18.0,14.7,64591.0,Hill,TX,Texas,2023.0,Crude prevalence,10.3,85.7,8.4,14.2,7.8,36.9,30.4,17.8,15.5,75.5,15.3,4.1,16.6,48.0,12.0,35874.0,717.0,1535.0,670.0,419.0,709.0,149.0,361.0,612.0,3.0,6.0,0.0,1.0,0.0,1.0
48219,7.8,10.8,92.7,84.5,2.9,2.0,19.1,23.0,14.3,4.2,27.8,2.4,0.6,6.4,34.5,21363.0,35.9,28.2,25.1,18.9,13.1,63140.0,Hockley,TX,Texas,2023.0,Crude prevalence,9.7,83.7,7.0,14.1,6.7,36.1,32.0,17.8,15.2,73.0,14.5,3.6,23.2,48.0,7.0,21537.0,336.0,946.0,4183.0,98.0,318.0,1882.0,61.0,226.0,3.0,3.0,2.0,0.0,1.0,0.0
48221,2.4,5.2,97.6,93.4,3.2,1.3,14.2,32.8,12.2,2.6,18.8,2.0,0.7,8.5,37.4,65894.0,45.9,27.3,24.8,32.9,7.7,88160.0,Hood,TX,Texas,2023.0,Crude prevalence,9.8,88.5,7.4,12.5,7.4,33.2,24.7,15.5,13.4,77.8,12.0,3.7,11.7,48.0,14.0,61598.0,662.0,1166.0,19123.0,374.0,785.0,11495.0,223.0,548.0,6.0,1.0,0.0,1.0,0.0,0.0
48223,5.2,9.6,95.5,90.8,2.5,1.3,18.7,22.6,11.8,3.6,28.9,2.8,0.7,10.8,33.7,37784.0,39.5,34.3,21.8,21.9,11.9,70888.0,Hopkins,TX,Texas,2023.0,Crude prevalence,10.4,84.9,8.3,13.4,7.3,37.5,29.6,18.2,15.1,74.9,15.5,4.0,16.1,48.0,10.0,36787.0,500.0,1041.0,1941.0,216.0,501.0,382.0,163.0,419.0,3.0,4.0,0.0,0.0,0.0,0.0
48225,4.9,12.1,90.4,81.7,3.0,0.6,11.5,28.5,26.3,8.8,29.4,1.9,0.7,19.7,30.3,22051.0,43.7,38.9,22.8,14.8,15.0,56531.0,Houston,TX,Texas,2023.0,Crude prevalence,10.6,85.3,9.9,16.8,8.9,38.2,33.7,18.2,16.6,76.5,17.9,5.1,17.9,48.0,8.0,22066.0,702.0,1425.0,5284.0,278.0,628.0,1146.0,228.0,544.0,2.0,5.0,1.0,2.0,1.0,1.0
48227,10.1,8.8,93.8,86.4,3.0,2.4,13.6,21.7,13.2,6.3,30.5,3.0,1.9,16.3,34.5,32290.0,36.7,32.5,23.9,15.7,13.8,69649.0,Howard,TX,Texas,2023.0,Crude prevalence,9.6,83.0,6.6,13.7,6.3,38.4,32.1,18.0,14.9,72.2,15.1,3.4,23.5,48.0,10.0,34860.0,766.0,1511.0,8108.0,207.0,484.0,867.0,85.0,204.0,7.0,4.0,0.0,1.0,0.0,0.0
48229,19.9,21.8,94.4,85.7,3.9,0.4,31.4,27.9,25.7,5.2,26.4,3.0,0.0,0.0,10.2,3403.0,37.6,28.4,14.0,9.6,17.3,48600.0,Hudspeth,TX,Texas,2023.0,Crude prevalence,8.9,75.4,6.6,14.3,6.0,41.0,38.5,19.6,16.5,67.3,18.7,3.3,38.6,48.0,1.0,3202.0,44.0,173.0,2081.0,37.0,147.0,1791.0,35.0,136.0,0.0,1.0,1.0,0.0,1.0,0.0
48231,4.9,8.6,96.1,88.6,3.6,3.0,17.0,31.3,10.6,3.7,28.7,3.0,2.1,11.4,38.6,108972.0,36.8,32.9,23.0,22.6,11.8,71938.0,Hunt,TX,Texas,2023.0,Crude prevalence,10.3,84.2,7.4,12.3,6.5,36.7,28.0,18.5,14.4,73.8,15.2,3.5,16.2,48.0,21.0,99956.0,1433.0,4508.0,6735.0,668.0,2712.0,1981.0,480.0,2175.0,6.0,14.0,6.0,1.0,1.0,0.0
48233,7.1,6.9,92.6,88.5,2.1,0.9,13.1,20.3,31.2,3.9,16.7,0.3,1.2,4.4,36.1,20184.0,39.3,30.5,27.9,16.8,13.3,67228.0,Hutchinson,TX,Texas,2023.0,Crude prevalence,10.1,85.2,7.5,12.9,7.0,35.1,28.2,17.9,14.6,74.5,14.8,3.7,16.7,48.0,8.0,20617.0,273.0,478.0,4274.0,84.0,140.0,2942.0,59.0,109.0,5.0,2.0,0.0,0.0,0.0,0.0
48235,4.7,4.6,95.2,81.1,0.3,5.4,14.8,29.0,23.7,1.2,17.2,6.1,1.4,0.0,12.5,1409.0,40.5,25.5,28.4,28.3,10.8,70357.0,Irion,TX,Texas,2023.0,Crude prevalence,9.7,87.6,7.2,13.4,7.3,35.1,26.7,16.1,14.1,76.1,12.8,3.7,14.5,48.0,1.0,1513.0,7.0,23.0,479.0,5.0,16.0,374.0,5.0,15.0,0.0,0.0,0.0,0.0,0.0,0.0
48237,8.0,10.8,95.6,87.8,4.6,1.7,18.0,29.1,21.6,11.6,27.8,4.8,0.8,12.4,32.4,8882.0,40.0,36.9,22.5,14.5,13.0,68079.0,Jack,TX,Texas,2023.0,Crude prevalence,10.2,82.9,8.8,13.4,7.6,37.8,30.4,18.9,15.7,73.2,17.5,4.0,18.0,48.0,3.0,8472.0,345.0,316.0,1163.0,99.0,97.0,747.0,71.0,70.0,0.0,1.0,0.0,1.0,0.0,0.0
48239,7.3,9.2,92.1,83.5,2.9,2.1,16.8,26.7,14.2,7.0,29.2,2.1,1.7,1.4,37.0,15152.0,41.7,35.5,21.6,16.6,14.1,65414.0,Jackson,TX,Texas,2023.0,Crude prevalence,9.9,85.1,8.2,14.7,7.8,37.7,31.7,17.5,15.5,75.1,15.0,4.2,19.7,48.0,3.0,14988.0,419.0,1101.0,606.0,218.0,525.0,235.0,191.0,456.0,0.0,1.0,0.0,2.0,0.0,1.0
48241,2.3,8.2,95.4,91.4,7.1,1.8,18.8,27.7,17.2,5.2,21.0,3.5,0.8,13.6,38.7,32727.0,42.8,44.6,23.6,14.0,20.7,56723.0,Jasper,TX,Texas,2023.0,Crude prevalence,11.1,84.7,10.7,16.3,9.0,41.1,33.5,19.4,17.1,76.2,18.9,5.0,15.0,48.0,10.0,32980.0,716.0,2161.0,2098.0,397.0,1332.0,360.0,265.0,971.0,2.0,8.0,2.0,1.0,0.0,1.0
48243,5.4,2.2,92.9,87.3,0.0,0.0,14.5,16.2,36.9,2.5,12.0,0.0,4.9,0.0,48.1,1865.0,58.0,15.3,29.8,35.9,23.9,59286.0,Jeff Davis,TX,Texas,2023.0,Crude prevalence,9.8,91.1,11.6,21.2,12.3,37.9,34.2,14.3,18.2,81.9,14.4,6.1,17.5,48.0,1.0,1996.0,24.0,53.0,967.0,18.0,39.0,800.0,16.0,36.0,0.0,1.0,1.0,0.0,1.0,0.0
48245,6.9,8.0,95.4,90.3,3.5,1.5,20.6,21.2,13.7,8.1,37.5,2.4,1.3,8.3,44.2,253878.0,37.0,32.9,22.3,19.7,19.5,60026.0,Jefferson,TX,Texas,2023.0,Crude prevalence,10.7,84.1,7.8,15.6,7.0,41.3,31.9,18.6,15.1,75.4,16.1,4.3,18.9,48.0,76.0,256526.0,7702.0,16008.0,22492.0,842.0,1805.0,11069.0,350.0,799.0,65.0,45.0,6.0,8.0,4.0,1.0
48247,6.1,15.8,97.1,76.3,3.7,6.5,29.0,21.5,31.7,7.5,43.6,11.7,0.0,3.9,37.7,4727.0,26.1,38.5,21.6,14.8,31.4,42211.0,Jim Hogg,TX,Texas,2023.0,Crude prevalence,9.1,80.3,8.9,22.8,9.9,44.7,47.7,17.9,20.6,73.2,17.2,5.3,40.6,48.0,2.0,4838.0,96.0,394.0,817.0,41.0,158.0,696.0,37.0,140.0,0.0,2.0,1.0,0.0,1.0,0.0
48249,7.8,12.6,81.1,75.5,3.4,4.0,20.9,24.3,18.2,6.9,31.5,4.0,0.7,6.7,56.1,38850.0,35.7,36.8,19.6,16.3,24.7,51896.0,Jim Wells,TX,Texas,2023.0,Crude prevalence,9.0,82.8,6.9,18.0,7.6,40.6,40.2,17.2,17.2,73.1,14.6,4.0,32.9,48.0,11.0,38891.0,914.0,3190.0,5325.0,302.0,1064.0,3501.0,239.0,856.0,7.0,9.0,2.0,1.0,2.0,1.0
48251,5.1,7.6,96.3,92.0,2.3,1.1,16.3,31.7,7.5,2.6,25.3,2.5,1.9,9.5,42.8,195597.0,37.1,32.6,21.9,25.2,10.0,84859.0,Johnson,TX,Texas,2023.0,Crude prevalence,10.2,84.7,6.6,11.9,5.9,33.4,27.0,18.0,13.5,72.8,14.4,3.2,16.3,48.0,39.0,179927.0,1719.0,5079.0,21060.0,917.0,2601.0,11466.0,681.0,2106.0,17.0,17.0,4.0,2.0,3.0,2.0
48253,5.7,13.1,91.8,82.4,2.2,1.4,19.3,25.8,16.2,5.3,19.6,2.8,0.8,5.5,36.0,20304.0,39.3,39.6,20.5,12.0,14.1,59464.0,Jones,TX,Texas,2023.0,Crude prevalence,9.5,81.1,7.5,13.0,6.6,38.7,30.7,18.4,14.9,71.3,17.1,3.6,22.3,48.0,6.0,19663.0,314.0,871.0,1646.0,139.0,414.0,1037.0,117.0,357.0,0.0,3.0,0.0,1.0,0.0,0.0
48255,5.8,16.1,88.4,70.6,1.3,0.6,15.8,20.9,20.8,9.8,37.6,2.5,1.2,6.0,35.3,14968.0,38.1,38.2,17.6,14.3,19.1,60214.0,Karnes,TX,Texas,2023.0,Crude prevalence,9.1,80.4,6.8,14.0,6.4,38.9,34.1,18.0,15.3,70.8,16.0,3.5,28.2,48.0,5.0,14710.0,463.0,998.0,1152.0,206.0,500.0,623.0,139.0,371.0,0.0,2.0,0.0,1.0,0.0,1.0
48257,5.7,7.9,97.4,90.7,3.6,2.2,15.0,35.6,5.8,3.1,21.9,4.4,1.7,13.9,44.0,172604.0,33.8,29.3,21.3,26.5,9.7,89485.0,Kaufman,TX,Texas,2023.0,Crude prevalence,10.4,84.3,5.8,11.2,5.0,38.0,27.3,18.3,13.1,73.3,14.0,2.9,16.8,48.0,27.0,145310.0,1570.0,5054.0,25635.0,743.0,2521.0,10718.0,468.0,1690.0,13.0,12.0,5.0,2.0,3.0,2.0
48259,2.3,2.9,98.5,94.1,2.8,1.0,10.8,28.6,7.7,2.7,20.5,2.0,0.6,5.7,49.6,48567.0,43.2,18.9,19.5,48.9,5.0,114962.0,Kendall,TX,Texas,2023.0,Crude prevalence,9.3,89.1,5.5,11.1,6.1,34.3,21.2,14.3,11.7,77.0,10.0,3.1,11.5,48.0,9.0,44279.0,478.0,795.0,4649.0,193.0,402.0,1020.0,99.0,283.0,2.0,0.0,0.0,2.0,0.0,1.0
48261,43.1,4.1,69.1,69.1,0.0,5.5,24.8,24.9,56.7,16.4,47.3,0.0,0.0,0.0,100.0,145.0,54.8,25.2,14.6,13.0,15.3,38882.0,Kenedy,TX,Texas,2023.0,Crude prevalence,9.3,83.5,7.2,18.5,8.3,37.9,40.2,16.7,18.2,72.8,15.1,4.4,35.1,48.0,1.0,350.0,9.0,1.0,224.0,9.0,1.0,161.0,9.0,1.0,0.0,0.0,0.0,0.0,0.0,0.0
48263,4.0,8.3,89.9,89.9,3.8,1.3,3.8,14.0,41.1,4.9,20.8,0.0,0.0,0.0,23.8,734.0,60.0,23.1,27.1,26.3,9.9,72889.0,Kent,TX,Texas,2023.0,Crude prevalence,9.6,89.6,7.2,12.9,7.7,32.5,25.2,14.9,13.9,78.2,11.5,4.0,12.0,48.0,1.0,753.0,15.0,53.0,753.0,15.0,53.0,753.0,15.0,53.0,0.0,0.0,0.0,0.0,0.0,0.0
48265,4.4,5.3,96.0,91.2,1.8,1.7,17.3,21.5,11.8,6.2,29.9,3.0,1.4,11.0,34.1,53489.0,48.8,30.2,20.3,31.3,11.4,69395.0,Kerr,TX,Texas,2023.0,Crude prevalence,9.6,88.1,8.4,14.7,8.7,34.4,28.0,15.4,14.8,78.1,12.4,4.4,15.7,48.0,14.0,52598.0,1398.0,1452.0,8620.0,495.0,594.0,3862.0,322.0,409.0,5.0,2.0,0.0,3.0,0.0,1.0
48267,8.7,11.7,92.9,84.5,0.7,4.2,13.7,23.0,25.4,5.1,21.1,3.7,0.0,6.0,26.4,4389.0,47.4,26.9,21.5,27.1,11.7,69455.0,Kimble,TX,Texas,2023.0,Crude prevalence,10.0,87.5,10.1,16.6,9.9,36.8,31.5,16.2,16.5,78.1,14.8,5.0,16.9,48.0,2.0,4286.0,105.0,232.0,1050.0,36.0,69.0,849.0,32.0,60.0,0.0,0.0,0.0,0.0,0.0,0.0
48269,10.0,1.1,97.3,100.0,0.0,0.0,7.6,12.4,41.3,6.3,40.5,0.0,0.0,0.0,0.0,211.0,49.4,28.3,21.1,38.9,23.7,46645.0,King,TX,Texas,2023.0,Crude prevalence,10.3,87.4,10.8,16.8,10.4,37.8,32.5,17.0,17.5,77.5,17.5,5.3,16.1,48.0,1.0,265.0,7.0,0.0,265.0,7.0,0.0,265.0,7.0,0.0,0.0,1.0,1.0,0.0,1.0,0.0
48271,12.0,5.1,92.5,70.2,0.5,0.0,21.7,15.5,22.3,5.1,16.1,0.0,0.0,0.0,21.7,3157.0,50.3,27.7,31.5,11.8,8.4,70000.0,Kinney,TX,Texas,2023.0,Crude prevalence,8.8,85.2,7.5,15.8,8.6,36.8,32.0,15.4,15.2,74.9,12.2,4.3,25.4,48.0,1.0,3129.0,59.0,174.0,947.0,38.0,113.0,854.0,35.0,103.0,0.0,1.0,1.0,0.0,1.0,0.0
48273,9.1,5.9,95.7,86.4,4.6,3.5,16.2,20.0,15.4,5.9,47.5,3.2,3.0,5.4,42.2,30579.0,29.0,34.1,21.2,23.2,28.1,61292.0,Kleberg,TX,Texas,2023.0,Crude prevalence,9.1,79.9,5.5,14.0,6.0,37.1,33.9,18.0,14.5,71.1,12.1,3.2,27.9,48.0,9.0,31040.0,697.0,2531.0,5638.0,173.0,678.0,525.0,51.0,290.0,7.0,7.0,5.0,1.0,0.0,0.0
48275,9.2,5.4,89.8,87.2,0.7,1.8,17.7,16.6,30.9,7.5,22.6,3.9,0.3,5.3,13.5,3307.0,41.2,38.3,25.5,13.5,15.7,56667.0,Knox,TX,Texas,2023.0,Crude prevalence,10.1,85.7,8.7,15.6,8.2,37.8,32.4,17.5,16.1,75.8,15.6,4.4,19.1,48.0,2.0,3353.0,93.0,175.0,725.0,49.0,96.0,624.0,45.0,90.0,0.0,2.0,1.0,0.0,1.0,0.0
48277,5.1,6.4,92.8,83.5,2.4,2.1,19.3,19.4,12.3,7.1,33.9,2.5,0.6,5.8,39.5,50669.0,39.7,33.6,23.6,21.6,19.0,61880.0,Lamar,TX,Texas,2023.0,Crude prevalence,11.0,84.9,9.1,14.3,7.8,38.5,30.1,19.0,15.6,75.5,16.7,4.3,14.2,48.0,13.0,50088.0,1420.0,2494.0,4884.0,368.0,576.0,1356.0,253.0,378.0,7.0,7.0,3.0,3.0,0.0,1.0
48279,11.8,9.4,88.9,84.7,1.2,0.6,25.1,16.4,20.5,3.2,26.0,4.3,1.7,2.8,37.1,12828.0,37.1,36.8,19.4,14.3,15.0,60760.0,Lamb,TX,Texas,2023.0,Crude prevalence,9.6,83.7,7.9,16.6,7.9,40.0,35.9,17.6,16.8,73.8,15.2,4.2,27.3,48.0,5.0,13045.0,149.0,666.0,954.0,68.0,233.0,580.0,56.0,196.0,1.0,4.0,0.0,0.0,0.0,0.0
48281,3.1,5.0,96.2,92.3,2.4,2.5,12.9,30.0,15.0,3.3,19.9,1.9,0.7,16.8,22.7,22715.0,43.8,29.4,29.0,24.3,9.1,81736.0,Lampasas,TX,Texas,2023.0,Crude prevalence,10.2,86.9,7.9,14.0,7.5,35.1,27.8,17.3,14.7,76.5,14.2,3.9,14.5,48.0,6.0,21627.0,274.0,733.0,2376.0,148.0,402.0,1191.0,120.0,293.0,1.0,1.0,1.0,0.0,1.0,0.0
48283,11.3,20.3,94.7,85.1,0.7,0.2,17.5,16.3,27.5,7.0,24.0,11.1,4.4,0.0,42.5,6839.0,35.5,34.7,17.3,11.8,21.4,57716.0,La Salle,TX,Texas,2023.0,Crude prevalence,8.7,76.6,6.8,15.5,6.9,38.8,39.8,18.3,16.8,68.2,15.3,3.8,39.7,48.0,2.0,6664.0,116.0,229.0,1356.0,65.0,114.0,1157.0,56.0,98.0,0.0,2.0,1.0,0.0,1.0,0.0
48285,6.1,5.5,87.7,81.8,1.8,0.3,10.5,26.2,19.4,3.0,21.7,3.2,0.5,10.7,31.1,20552.0,42.9,37.7,20.5,22.2,11.5,63240.0,Lavaca,TX,Texas,2023.0,Crude prevalence,10.1,87.0,8.7,14.6,8.4,36.3,29.7,16.9,15.3,77.0,14.4,4.4,15.4,48.0,6.0,20337.0,254.0,705.0,1281.0,126.0,340.0,460.0,109.0,286.0,1.0,2.0,0.0,0.0,0.0,0.0
48287,7.1,9.5,92.7,84.7,3.9,2.3,16.1,32.5,12.5,3.2,22.2,2.3,2.5,10.9,43.6,17971.0,42.6,33.2,21.0,20.9,11.3,76371.0,Lee,TX,Texas,2023.0,Crude prevalence,10.3,85.3,9.0,15.4,8.1,39.8,31.9,17.8,16.1,75.7,16.4,4.4,18.6,48.0,4.0,17478.0,224.0,829.0,1589.0,107.0,432.0,53.0,92.0,381.0,0.0,1.0,0.0,0.0,0.0,0.0
48289,6.3,6.4,94.6,82.4,2.1,2.4,17.2,29.3,25.7,3.0,23.4,1.4,0.8,3.9,30.1,16263.0,44.6,39.2,23.5,18.6,16.4,61449.0,Leon,TX,Texas,2023.0,Crude prevalence,10.4,86.5,9.5,15.3,8.8,36.2,30.5,17.4,16.0,76.9,15.9,4.6,15.7,48.0,6.0,15719.0,201.0,551.0,2764.0,156.0,409.0,1087.0,143.0,359.0,0.0,3.0,1.0,0.0,0.0,0.0
48291,10.1,12.1,95.0,90.1,3.9,1.6,26.2,39.9,13.7,5.1,17.7,4.5,2.7,6.3,47.3,103380.0,32.9,37.9,21.2,11.9,18.7,68703.0,Liberty,TX,Texas,2023.0,Crude prevalence,10.6,81.2,8.0,13.9,6.5,40.1,34.5,20.1,16.2,71.6,17.8,3.7,23.8,48.0,17.0,91628.0,1600.0,5190.0,1507.0,972.0,3320.0,562.0,719.0,2383.0,2.0,10.0,1.0,6.0,0.0,4.0
48293,6.6,7.6,90.7,81.4,1.8,6.9,17.7,28.9,19.7,3.5,27.9,2.4,2.2,11.7,34.4,22283.0,41.9,34.2,22.5,18.5,17.1,60573.0,Limestone,TX,Texas,2023.0,Crude prevalence,10.5,85.2,9.3,16.1,8.4,39.7,32.8,18.1,16.3,76.4,16.6,4.7,18.1,48.0,8.0,22146.0,296.0,1390.0,1123.0,121.0,743.0,31.0,97.0,647.0,2.0,7.0,0.0,0.0,0.0,0.0
48295,10.0,5.7,95.7,86.7,3.8,0.6,18.1,19.9,28.4,2.1,17.6,4.8,2.2,0.9,21.7,2918.0,36.3,31.4,22.6,22.4,11.5,72560.0,Lipscomb,TX,Texas,2023.0,Crude prevalence,9.8,85.9,8.3,14.8,8.0,36.7,30.6,16.7,15.5,75.3,14.5,4.1,20.1,48.0,2.0,3059.0,22.0,61.0,1170.0,14.0,35.0,1032.0,14.0,33.0,0.0,0.0,0.0,0.0,0.0,0.0
48297,9.5,10.9,87.4,76.8,2.5,1.0,18.3,27.2,27.3,9.4,28.7,1.8,1.8,8.4,28.4,11620.0,39.7,27.8,24.7,15.9,17.1,57150.0,Live Oak,TX,Texas,2023.0,Crude prevalence,9.6,83.1,8.7,16.2,8.5,39.7,35.0,17.8,16.8,73.7,16.8,4.4,25.3,48.0,4.0,11335.0,410.0,718.0,1270.0,300.0,507.0,553.0,252.0,419.0,0.0,3.0,1.0,2.0,0.0,2.0
48299,4.5,4.9,96.0,88.5,2.1,1.7,15.8,27.4,31.8,4.2,23.5,2.3,0.7,5.8,47.6,22424.0,57.4,26.5,24.7,32.4,12.0,67530.0,Llano,TX,Texas,2023.0,Crude prevalence,9.8,90.2,9.5,15.7,10.0,35.8,28.1,14.5,15.3,80.6,12.5,4.9,12.2,48.0,8.0,21243.0,448.0,811.0,6738.0,294.0,477.0,5032.0,222.0,363.0,3.0,3.0,1.0,0.0,1.0,0.0
48301,0.0,9.7,92.6,92.6,0.0,0.0,0.0,,18.2,7.4,88.9,0.0,0.0,0.0,0.0,33.0,86.2,6.5,19.4,0.0,6.1,51250.0,Loving,TX,Texas,2023.0,Crude prevalence,,,,,,,,,,,,,,48.0,1.0,64.0,2.0,2.0,64.0,2.0,2.0,64.0,2.0,2.0,0.0,0.0,0.0,0.0,0.0,0.0
48303,4.1,6.7,96.5,89.2,3.2,2.2,13.9,17.1,9.4,5.8,44.5,1.9,0.8,9.0,45.5,318884.0,31.9,26.0,21.9,33.4,17.1,64155.0,Lubbock,TX,Texas,2023.0,Crude prevalence,9.8,82.1,5.8,11.4,5.4,35.4,27.6,18.2,13.1,71.9,12.6,3.0,17.6,48.0,106.0,310639.0,7322.0,13478.0,15569.0,808.0,1914.0,10738.0,610.0,1468.0,89.0,55.0,6.0,5.0,5.0,2.0
48305,6.4,8.3,95.0,89.0,2.3,1.4,12.9,22.2,16.7,3.7,23.0,6.2,1.7,9.7,33.0,5752.0,37.3,27.0,23.0,26.8,15.2,73679.0,Lynn,TX,Texas,2023.0,Crude prevalence,9.9,83.7,8.0,15.2,7.5,38.6,32.5,18.0,16.0,73.8,15.9,4.0,21.9,48.0,3.0,5596.0,78.0,256.0,778.0,34.0,146.0,382.0,24.0,105.0,0.0,0.0,0.0,0.0,0.0,0.0
48307,4.3,9.3,98.6,91.9,5.2,2.0,19.8,20.8,21.9,4.3,33.4,0.8,0.6,16.3,30.2,7514.0,44.5,32.4,23.9,23.9,15.3,54043.0,McCulloch,TX,Texas,2023.0,Crude prevalence,10.0,86.1,8.9,15.5,8.6,36.4,32.1,17.0,16.0,76.2,15.1,4.4,19.0,48.0,3.0,7630.0,142.0,405.0,1360.0,31.0,58.0,1042.0,24.0,41.0,1.0,1.0,1.0,0.0,1.0,0.0
48309,4.9,7.0,95.7,89.6,2.8,2.1,14.2,21.2,10.2,5.3,38.2,2.3,0.9,9.4,47.4,266067.0,34.0,26.9,22.5,28.7,16.6,66643.0,McLennan,TX,Texas,2023.0,Crude prevalence,10.4,83.4,6.8,12.5,6.2,34.8,27.9,18.4,13.9,74.2,13.5,3.5,16.8,48.0,58.0,260579.0,5128.0,11783.0,24736.0,830.0,1933.0,9364.0,427.0,1128.0,37.0,26.0,6.0,7.0,1.0,2.0
48311,6.4,8.0,91.8,81.2,0.0,0.0,15.0,19.5,40.5,3.4,21.7,10.6,2.4,0.0,0.0,700.0,31.8,45.0,17.2,20.1,12.3,43875.0,McMullen,TX,Texas,2023.0,Crude prevalence,9.5,85.0,9.1,17.8,9.5,38.6,35.5,17.0,17.0,75.7,15.9,4.9,22.3,48.0,1.0,600.0,7.0,8.0,323.0,6.0,7.0,244.0,6.0,7.0,0.0,1.0,1.0,0.0,1.0,0.0
48313,5.3,11.3,95.2,88.3,3.7,1.1,12.9,28.9,17.3,3.7,24.7,2.5,1.3,9.7,28.8,13648.0,36.8,36.1,21.9,18.4,10.9,74596.0,Madison,TX,Texas,2023.0,Crude prevalence,10.1,81.2,7.6,13.1,6.7,37.1,31.5,18.9,14.8,72.2,16.2,3.8,21.3,48.0,4.0,13455.0,156.0,447.0,210.0,78.0,224.0,8.0,66.0,192.0,0.0,0.0,0.0,0.0,0.0,0.0
48315,5.0,8.4,88.1,73.9,4.3,0.5,14.3,33.9,25.2,8.1,21.5,1.0,0.2,9.5,46.3,9737.0,51.3,35.7,25.1,15.6,18.3,49672.0,Marion,TX,Texas,2023.0,Crude prevalence,11.0,87.3,11.2,18.1,10.1,39.1,33.1,17.9,17.4,78.9,17.7,5.6,13.6,48.0,4.0,9725.0,340.0,863.0,811.0,244.0,603.0,214.0,223.0,541.0,0.0,2.0,0.0,1.0,0.0,1.0
48317,5.2,12.5,95.1,83.2,3.5,1.6,17.1,22.4,7.6,0.0,21.9,6.9,0.5,0.0,30.6,5218.0,37.3,35.2,18.5,20.9,8.3,93734.0,Martin,TX,Texas,2023.0,Crude prevalence,9.6,83.7,6.0,12.1,5.5,36.0,29.3,17.8,14.0,71.8,14.0,3.0,21.8,48.0,2.0,5237.0,0.0,194.0,605.0,0.0,104.0,471.0,0.0,82.0,0.0,1.0,1.0,0.0,0.0,0.0
48319,6.3,11.8,94.4,88.2,1.4,3.7,13.5,30.7,29.6,3.3,20.3,2.3,0.0,5.2,14.1,3955.0,52.7,15.9,22.0,38.8,7.0,74180.0,Mason,TX,Texas,2023.0,Crude prevalence,9.4,89.5,8.1,14.4,8.8,33.5,26.8,14.2,14.4,78.9,11.5,4.3,14.4,48.0,2.0,3953.0,57.0,80.0,770.0,31.0,22.0,675.0,24.0,8.0,0.0,0.0,0.0,0.0,0.0,0.0
48321,9.8,9.1,94.7,86.0,5.3,3.0,17.9,24.0,19.0,6.0,31.9,2.8,0.5,5.8,43.9,36329.0,37.8,29.8,19.8,22.2,20.7,58628.0,Matagorda,TX,Texas,2023.0,Crude prevalence,9.9,84.7,8.3,16.4,7.9,39.4,33.8,17.4,16.1,75.0,15.3,4.3,22.6,48.0,12.0,36255.0,922.0,2628.0,2953.0,344.0,1082.0,580.0,243.0,822.0,3.0,7.0,1.0,2.0,0.0,0.0
48323,16.8,15.6,91.1,81.4,4.4,2.8,23.4,21.8,11.6,6.6,29.5,6.2,3.7,11.4,35.6,58082.0,30.3,28.9,17.4,14.3,22.8,49568.0,Maverick,TX,Texas,2023.0,Crude prevalence,8.9,79.9,5.7,17.8,6.6,43.9,41.7,18.0,17.4,70.9,14.2,3.6,38.8,48.0,13.0,57887.0,1185.0,5191.0,4505.0,173.0,1033.0,1700.0,78.0,538.0,9.0,11.0,3.0,1.0,1.0,0.0
48325,6.0,8.0,93.5,88.9,1.6,2.2,11.6,31.6,10.5,3.5,16.2,2.4,1.2,13.2,38.2,53547.0,39.8,32.4,22.5,23.1,9.6,78074.0,Medina,TX,Texas,2023.0,Crude prevalence,9.2,85.5,6.1,14.4,6.6,39.5,30.5,16.0,14.3,74.7,12.6,3.4,21.6,48.0,11.0,50748.0,617.0,1902.0,1828.0,344.0,1250.0,704.0,291.0,1076.0,0.0,3.0,0.0,2.0,0.0,1.0
48327,6.5,11.3,93.3,77.4,5.8,0.8,23.6,18.9,31.9,1.1,19.3,0.0,0.0,7.2,17.8,1955.0,59.5,24.0,25.7,24.0,18.9,53043.0,Menard,TX,Texas,2023.0,Crude prevalence,9.7,88.2,9.8,17.6,10.3,36.5,33.3,15.3,17.0,78.6,14.0,5.2,20.5,48.0,1.0,1962.0,10.0,86.0,376.0,4.0,36.0,331.0,3.0,27.0,0.0,0.0,0.0,0.0,0.0,0.0
48329,7.3,7.1,96.9,91.8,2.3,2.3,14.5,21.7,7.0,4.4,32.4,3.5,1.5,8.1,41.3,174801.0,32.8,24.2,21.6,31.0,11.3,92874.0,Midland,TX,Texas,2023.0,Crude prevalence,9.4,84.1,4.9,10.8,4.7,35.9,26.6,17.2,12.4,71.8,12.0,2.6,20.0,48.0,37.0,169983.0,2946.0,4750.0,13768.0,257.0,627.0,6587.0,161.0,344.0,29.0,14.0,0.0,2.0,0.0,0.0
48331,5.5,5.7,93.4,83.9,2.9,1.0,15.7,31.6,12.8,5.5,23.1,2.8,2.2,21.0,27.6,25567.0,41.4,40.2,21.2,20.6,12.9,66141.0,Milam,TX,Texas,2023.0,Crude prevalence,10.1,85.8,8.5,14.9,8.0,37.1,31.1,17.3,15.5,75.4,15.3,4.3,17.6,48.0,7.0,24754.0,562.0,1135.0,4272.0,285.0,645.0,1594.0,250.0,594.0,2.0,2.0,1.0,0.0,1.0,0.0
48333,3.5,8.1,94.0,90.0,1.8,3.4,10.8,25.0,30.7,2.2,19.7,1.3,0.7,9.4,14.0,4511.0,47.9,32.3,23.1,27.9,7.2,67620.0,Mills,TX,Texas,2023.0,Crude prevalence,9.7,88.4,8.3,14.1,8.6,33.0,26.9,15.5,14.6,77.9,12.7,4.3,13.4,48.0,2.0,4456.0,40.0,238.0,1270.0,28.0,189.0,910.0,25.0,178.0,0.0,1.0,1.0,0.0,1.0,0.0
48335,9.0,7.1,93.5,84.0,2.8,0.8,17.5,22.7,25.3,3.0,21.3,2.6,0.2,9.7,30.0,9018.0,36.7,37.3,29.3,11.5,13.8,60550.0,Mitchell,TX,Texas,2023.0,Crude prevalence,9.3,80.4,7.0,13.3,6.5,38.4,31.8,18.3,14.8,70.9,16.0,3.5,24.2,48.0,2.0,8990.0,82.0,357.0,3258.0,64.0,213.0,2768.0,63.0,200.0,1.0,0.0,0.0,0.0,0.0,0.0
48337,4.6,7.6,91.4,80.9,3.7,0.8,14.5,33.8,17.5,5.6,20.1,1.5,0.4,10.0,43.9,21046.0,44.2,37.6,23.9,18.9,14.2,64545.0,Montague,TX,Texas,2023.0,Crude prevalence,10.3,86.0,8.8,13.4,8.0,35.0,28.4,17.9,15.3,75.4,15.7,4.1,14.1,48.0,8.0,19965.0,481.0,837.0,3251.0,229.0,443.0,889.0,177.0,357.0,2.0,4.0,2.0,0.0,0.0,0.0
48339,4.5,5.2,98.1,94.8,2.9,1.4,15.1,31.8,6.9,3.4,28.2,2.7,1.1,7.8,39.6,684432.0,37.2,23.2,20.4,38.8,9.4,97701.0,Montgomery,TX,Texas,2023.0,Crude prevalence,9.5,86.4,5.6,11.4,5.3,31.8,23.5,16.4,12.2,73.8,11.8,2.9,14.7,48.0,133.0,620443.0,8534.0,16304.0,271886.0,4662.0,9646.0,136400.0,2558.0,5506.0,97.0,22.0,9.0,22.0,6.0,15.0
48341,22.2,9.5,95.9,84.0,2.2,0.2,22.8,17.4,13.5,6.7,37.5,5.0,1.1,11.1,25.7,21373.0,31.2,30.6,17.6,12.3,18.3,61762.0,Moore,TX,Texas,2023.0,Crude prevalence,9.5,81.3,6.8,14.9,6.5,39.0,35.9,18.4,16.0,71.3,15.7,3.6,29.3,48.0,6.0,21358.0,478.0,616.0,3241.0,89.0,103.0,2623.0,17.0,64.0,4.0,4.0,0.0,1.0,0.0,0.0
48343,4.8,8.4,94.3,87.3,3.9,1.8,12.7,25.2,15.9,4.9,26.1,4.6,1.7,5.4,36.3,12076.0,42.1,36.0,26.6,16.0,19.5,58645.0,Morris,TX,Texas,2023.0,Crude prevalence,11.1,86.2,9.4,15.9,8.4,39.0,31.6,18.5,16.1,77.4,16.7,4.8,14.7,48.0,3.0,11973.0,242.0,665.0,19.0,144.0,365.0,0.0,110.0,281.0,0.0,3.0,0.0,1.0,0.0,1.0
48345,5.5,8.9,88.9,79.8,0.6,1.5,20.7,16.9,37.3,2.6,23.5,1.5,0.0,0.0,18.0,1183.0,52.3,35.8,24.0,19.3,16.1,61154.0,Motley,TX,Texas,2023.0,Crude prevalence,9.9,87.7,9.2,14.7,9.1,35.2,28.8,16.2,15.4,77.5,14.4,4.5,15.1,48.0,1.0,1063.0,12.0,58.0,419.0,8.0,40.0,352.0,8.0,38.0,0.0,1.0,1.0,0.0,1.0,0.0
48347,6.7,7.4,93.8,87.4,4.3,2.1,15.4,20.1,13.2,6.1,40.7,3.7,1.9,7.7,50.0,65162.0,31.9,28.7,23.3,28.2,21.8,53555.0,Nacogdoches,TX,Texas,2023.0,Crude prevalence,10.9,81.3,7.9,13.2,6.8,33.2,29.8,19.8,14.7,73.5,14.9,3.8,16.7,48.0,17.0,64653.0,1541.0,4205.0,8527.0,606.0,1989.0,3741.0,465.0,1493.0,9.0,12.0,2.0,3.0,1.0,1.0
48349,9.6,11.2,92.6,85.2,2.7,3.4,18.4,27.1,14.2,4.5,30.6,4.9,1.4,10.0,36.3,54711.0,36.7,29.0,22.8,18.2,17.1,63111.0,Navarro,TX,Texas,2023.0,Crude prevalence,10.6,83.5,8.6,15.3,7.6,38.1,32.9,18.9,16.0,74.6,16.6,4.2,20.8,48.0,12.0,52624.0,849.0,2635.0,4146.0,425.0,1489.0,1796.0,329.0,1212.0,4.0,5.0,1.0,1.0,0.0,1.0
48351,3.7,10.9,94.9,91.1,4.2,1.5,19.2,37.7,25.4,6.9,17.1,2.8,1.5,7.2,40.3,12093.0,46.1,48.6,22.1,6.8,19.0,42618.0,Newton,TX,Texas,2023.0,Crude prevalence,11.5,84.0,13.0,18.6,10.5,42.8,37.1,20.3,19.2,76.9,22.2,6.0,16.2,48.0,5.0,12217.0,332.0,687.0,847.0,286.0,553.0,10.0,258.0,490.0,0.0,4.0,0.0,0.0,0.0,0.0
48353,8.5,7.4,93.2,82.9,3.5,6.6,13.3,18.3,17.1,8.5,31.9,3.3,1.5,8.6,36.1,14454.0,39.3,34.0,24.6,16.0,22.5,50747.0,Nolan,TX,Texas,2023.0,Crude prevalence,10.2,83.5,9.4,16.5,8.5,40.5,35.8,18.6,17.3,74.4,17.3,4.6,22.9,48.0,5.0,14738.0,501.0,1160.0,1765.0,85.0,196.0,1266.0,51.0,116.0,3.0,4.0,2.0,0.0,1.0,0.0
48355,6.3,8.3,94.9,88.8,3.1,2.2,17.6,21.7,15.1,6.9,40.3,2.9,1.5,8.9,43.4,352955.0,37.2,29.0,23.2,23.8,17.4,66897.0,Nueces,TX,Texas,2023.0,Crude prevalence,9.3,84.5,6.0,15.8,6.5,39.7,31.8,16.5,14.6,74.2,13.1,3.5,24.6,48.0,96.0,353178.0,9051.0,22892.0,25612.0,681.0,1947.0,8824.0,354.0,1137.0,82.0,52.0,5.0,7.0,1.0,2.0
48357,13.4,8.5,94.9,89.5,0.2,1.5,25.6,19.9,15.3,5.3,27.3,5.0,1.8,3.2,46.9,9786.0,33.3,33.6,18.4,20.7,11.8,70183.0,Ochiltree,TX,Texas,2023.0,Crude prevalence,9.5,82.3,7.1,14.1,6.7,39.2,33.4,18.0,15.5,72.1,14.9,3.6,26.1,48.0,3.0,10015.0,195.0,184.0,1683.0,31.0,39.0,1067.0,18.0,27.0,2.0,0.0,0.0,0.0,0.0,0.0
48359,9.0,5.5,95.0,91.7,0.9,0.2,18.9,28.0,20.9,1.3,26.4,0.5,0.2,0.0,47.7,2249.0,31.4,27.7,26.6,21.4,20.7,79900.0,Oldham,TX,Texas,2023.0,Crude prevalence,10.2,85.8,7.6,13.3,6.8,36.1,28.6,17.9,14.8,74.7,15.3,3.6,15.0,48.0,1.0,1758.0,8.0,8.0,110.0,3.0,3.0,77.0,3.0,3.0,0.0,1.0,0.0,0.0,0.0,0.0
48361,2.6,6.2,95.6,90.6,3.7,1.8,14.9,25.1,14.5,4.7,24.8,1.9,1.5,7.9,40.6,85307.0,38.3,37.5,24.7,17.7,12.5,72104.0,Orange,TX,Texas,2023.0,Crude prevalence,10.6,84.8,7.7,12.4,6.7,38.4,27.6,19.0,14.5,74.4,15.7,3.6,13.4,48.0,24.0,84808.0,1515.0,4455.0,10991.0,609.0,2175.0,5027.0,324.0,1160.0,10.0,8.0,4.0,1.0,3.0,1.0
48363,4.7,8.0,94.7,89.8,3.4,1.9,18.2,28.7,26.1,4.1,29.0,2.8,1.2,11.4,37.8,29295.0,41.6,37.0,23.6,17.8,16.7,67674.0,Palo Pinto,TX,Texas,2023.0,Crude prevalence,10.4,85.0,9.1,14.4,8.0,39.4,30.7,18.3,15.9,74.9,16.3,4.2,16.7,48.0,10.0,28409.0,459.0,1679.0,3303.0,142.0,486.0,451.0,99.0,300.0,5.0,5.0,2.0,0.0,0.0,0.0
48365,4.0,9.4,89.2,85.0,1.4,0.9,17.0,28.2,18.0,5.2,20.1,1.3,1.0,17.7,22.7,22726.0,40.9,31.7,27.7,17.0,11.2,64894.0,Panola,TX,Texas,2023.0,Crude prevalence,10.7,85.9,8.4,13.8,7.5,37.4,28.7,18.1,14.9,76.2,15.6,4.2,13.9,48.0,7.0,22491.0,460.0,969.0,2301.0,337.0,763.0,951.0,298.0,683.0,2.0,2.0,0.0,1.0,0.0,1.0
48367,3.4,4.9,97.6,94.6,2.6,0.7,13.2,31.9,5.7,3.1,19.3,1.4,1.1,9.5,43.6,165168.0,39.1,26.1,24.6,32.3,8.0,104443.0,Parker,TX,Texas,2023.0,Crude prevalence,10.1,86.7,6.4,10.7,5.9,35.5,23.4,16.9,12.7,75.0,12.9,3.1,12.1,48.0,29.0,148222.0,1747.0,2873.0,16404.0,811.0,1625.0,7164.0,588.0,1096.0,9.0,5.0,2.0,4.0,0.0,2.0
48369,20.0,11.4,93.3,91.4,1.7,0.4,24.1,16.8,13.7,2.3,27.9,3.0,2.4,2.6,20.2,9731.0,36.3,25.8,17.5,16.9,10.2,69735.0,Parmer,TX,Texas,2023.0,Crude prevalence,9.1,83.6,6.4,15.0,6.8,37.0,33.8,16.7,15.5,72.5,13.4,3.6,28.6,48.0,2.0,9869.0,75.0,159.0,1247.0,23.0,54.0,965.0,20.0,48.0,0.0,2.0,1.0,0.0,1.0,0.0
48371,8.2,8.6,90.9,85.1,1.4,1.9,16.5,19.8,11.2,7.1,28.0,0.2,1.3,11.5,24.1,14896.0,36.9,41.3,23.1,14.1,21.6,72750.0,Pecos,TX,Texas,2023.0,Crude prevalence,8.8,81.4,6.5,16.5,6.9,40.2,37.4,17.4,16.3,71.0,15.8,3.7,31.1,48.0,5.0,15193.0,373.0,705.0,4405.0,77.0,317.0,3454.0,36.0,248.0,2.0,2.0,2.0,1.0,1.0,0.0
48373,6.3,10.2,95.4,88.2,3.9,1.4,14.4,29.8,26.3,3.8,21.9,4.0,2.6,10.6,35.8,52800.0,44.0,36.8,24.2,16.2,17.5,62259.0,Polk,TX,Texas,2023.0,Crude prevalence,10.7,84.6,9.8,15.4,8.1,39.2,32.4,18.8,16.6,74.8,18.9,4.3,17.3,48.0,13.0,50123.0,748.0,3170.0,1454.0,549.0,2409.0,421.0,418.0,1821.0,0.0,9.0,1.0,1.0,0.0,1.0
48375,10.8,11.1,93.8,86.3,2.2,2.9,19.3,21.0,13.8,7.7,42.7,2.9,1.3,10.0,39.9,115975.0,35.1,31.6,20.4,18.6,20.8,53249.0,Potter,TX,Texas,2023.0,Crude prevalence,10.1,81.9,8.2,15.3,7.2,41.8,34.9,19.2,16.3,72.8,17.3,4.1,23.8,48.0,35.0,118525.0,3299.0,6211.0,7815.0,174.0,531.0,4811.0,111.0,359.0,31.0,20.0,2.0,1.0,1.0,0.0
48377,24.3,8.4,86.6,80.4,3.8,3.3,33.6,9.1,26.1,5.7,22.7,6.4,0.0,21.9,21.7,5930.0,41.2,24.7,9.2,28.0,32.0,43802.0,Presidio,TX,Texas,2023.0,Crude prevalence,8.9,83.7,8.4,22.2,10.6,41.0,43.7,16.2,19.2,75.5,14.6,5.5,34.8,48.0,2.0,6131.0,138.0,426.0,155.0,16.0,55.0,153.0,6.0,22.0,0.0,2.0,0.0,0.0,0.0,0.0
48379,3.2,6.6,94.9,91.7,1.7,0.5,17.5,35.6,18.0,2.0,17.4,1.9,1.2,14.9,32.3,12775.0,46.4,36.6,24.3,20.9,10.0,65413.0,Rains,TX,Texas,2023.0,Crude prevalence,10.2,87.7,8.8,14.1,8.3,35.8,27.5,16.6,15.0,77.4,14.6,4.3,12.4,48.0,3.0,12164.0,98.0,542.0,53.0,78.0,444.0,0.0,66.0,385.0,0.0,1.0,0.0,0.0,0.0,0.0
48381,2.2,3.9,96.4,91.6,1.9,1.2,11.0,19.9,7.9,3.3,32.1,2.1,0.7,10.5,33.6,146070.0,36.7,23.7,25.8,33.7,9.7,83864.0,Randall,TX,Texas,2023.0,Crude prevalence,9.8,85.7,5.8,10.8,5.6,35.1,23.5,17.2,12.5,74.1,12.0,3.0,14.0,48.0,33.0,140753.0,1874.0,3917.0,14599.0,199.0,800.0,5868.0,115.0,525.0,28.0,9.0,0.0,1.0,0.0,1.0
48383,6.1,6.5,84.7,79.7,3.1,3.4,19.0,18.6,22.7,1.9,30.0,4.5,0.0,0.0,13.8,3232.0,30.0,50.5,14.6,13.6,11.8,57813.0,Reagan,TX,Texas,2023.0,Crude prevalence,8.7,84.0,5.5,14.5,5.9,39.1,33.0,16.4,14.3,72.2,13.1,3.2,27.0,48.0,1.0,3385.0,20.0,62.0,844.0,8.0,24.0,791.0,6.0,19.0,0.0,0.0,0.0,0.0,0.0,0.0
48385,5.5,3.4,95.3,78.4,0.0,0.0,16.2,24.1,42.2,4.4,21.9,2.7,1.8,5.2,64.3,2802.0,59.5,39.7,24.6,21.1,17.9,39605.0,Real,TX,Texas,2023.0,Crude prevalence,10.2,87.7,11.0,18.3,10.5,38.1,34.6,16.6,17.8,78.5,16.4,5.4,18.3,48.0,1.0,2758.0,50.0,163.0,798.0,40.0,131.0,520.0,37.0,120.0,0.0,1.0,1.0,0.0,1.0,0.0
48387,4.2,8.5,87.8,77.3,1.0,0.3,16.5,30.7,19.6,2.6,28.5,2.1,0.7,3.9,51.6,11611.0,48.1,41.5,21.8,15.4,15.6,48491.0,Red River,TX,Texas,2023.0,Crude prevalence,10.9,86.4,10.7,16.9,9.7,38.5,32.5,18.2,17.0,78.0,17.5,5.3,14.3,48.0,5.0,11587.0,129.0,938.0,1356.0,63.0,511.0,584.0,50.0,415.0,0.0,3.0,0.0,0.0,0.0,0.0
48389,16.2,13.6,84.0,75.2,1.3,4.5,17.5,18.0,18.3,6.1,26.3,3.0,5.7,22.8,32.8,12664.0,34.4,40.5,18.5,7.4,16.8,64297.0,Reeves,TX,Texas,2023.0,Crude prevalence,8.7,79.9,6.2,17.6,7.0,40.7,41.5,17.9,17.3,70.1,15.6,3.8,37.3,48.0,4.0,14748.0,257.0,735.0,1274.0,23.0,58.0,698.0,10.0,23.0,3.0,2.0,1.0,0.0,1.0,0.0
48391,7.9,8.2,92.2,84.9,2.4,2.4,16.1,24.4,25.7,10.4,23.0,2.1,0.6,16.2,45.3,6707.0,42.4,34.5,26.4,14.0,14.6,60181.0,Refugio,TX,Texas,2023.0,Crude prevalence,9.7,85.4,8.4,17.6,8.6,39.7,35.9,17.0,16.9,75.6,15.0,4.6,24.3,48.0,2.0,6741.0,259.0,352.0,789.0,102.0,157.0,198.0,87.0,137.0,0.0,2.0,1.0,1.0,0.0,0.0
48393,4.0,2.2,93.5,80.8,0.3,0.0,11.1,19.0,17.8,3.4,14.9,0.0,0.0,4.3,8.5,832.0,40.0,34.1,28.9,20.5,5.6,67868.0,Roberts,TX,Texas,2023.0,Crude prevalence,9.7,88.1,6.7,11.6,6.9,33.7,23.6,16.1,13.0,76.1,12.4,3.5,11.0,48.0,1.0,827.0,11.0,11.0,770.0,11.0,11.0,769.0,11.0,11.0,0.0,0.0,0.0,0.0,0.0,0.0
48395,4.3,8.5,88.5,84.1,4.5,0.9,11.3,24.8,22.2,8.9,27.6,2.5,1.3,2.9,37.4,17167.0,41.4,37.5,19.8,22.0,13.5,72236.0,Robertson,TX,Texas,2023.0,Crude prevalence,10.5,86.2,8.7,15.4,8.0,37.9,31.5,17.6,15.7,76.7,15.7,4.5,17.4,48.0,6.0,16757.0,599.0,1048.0,1102.0,299.0,528.0,152.0,220.0,392.0,0.0,3.0,0.0,1.0,0.0,0.0
48397,2.4,3.2,98.7,96.8,3.0,1.3,8.7,33.8,5.4,2.1,17.5,1.3,0.5,9.9,42.4,123617.0,37.5,19.6,21.3,44.5,4.0,127981.0,Rockwall,TX,Texas,2023.0,Crude prevalence,9.7,87.7,4.5,9.4,4.5,35.1,20.4,15.5,10.7,74.5,10.0,2.5,11.3,48.0,29.0,107819.0,859.0,1759.0,36510.0,313.0,844.0,17695.0,170.0,564.0,21.0,0.0,0.0,0.0,0.0,0.0
48399,5.1,7.7,91.4,88.2,3.0,0.5,16.7,24.9,23.7,3.2,25.0,1.3,0.8,1.6,29.3,9874.0,42.1,38.7,22.6,19.1,11.0,62632.0,Runnels,TX,Texas,2023.0,Crude prevalence,9.7,85.9,7.8,14.7,7.8,35.9,31.0,16.8,15.2,75.2,14.3,4.1,19.3,48.0,4.0,9900.0,123.0,414.0,738.0,50.0,123.0,281.0,40.0,81.0,0.0,2.0,0.0,0.0,0.0,0.0
48401,5.6,9.6,91.7,79.6,2.4,1.6,13.7,26.6,15.4,4.5,21.2,1.8,1.4,6.6,37.1,52842.0,39.1,32.7,25.1,17.5,14.4,68658.0,Rusk,TX,Texas,2023.0,Crude prevalence,10.4,84.4,8.0,13.9,7.1,37.5,29.8,18.4,15.0,74.5,16.1,4.0,16.9,48.0,14.0,52214.0,816.0,2012.0,7126.0,504.0,1312.0,3265.0,409.0,1116.0,4.0,7.0,2.0,3.0,0.0,1.0
48403,5.3,6.9,92.9,86.0,2.2,1.3,12.8,29.5,39.6,2.7,14.3,1.0,0.3,10.3,22.6,10023.0,54.2,39.2,24.7,14.3,11.0,66585.0,Sabine,TX,Texas,2023.0,Crude prevalence,10.6,88.2,11.1,16.6,10.4,35.5,30.7,16.8,16.9,79.0,16.2,5.4,12.5,48.0,3.0,9894.0,125.0,691.0,679.0,107.0,590.0,0.0,87.0,494.0,0.0,1.0,0.0,0.0,0.0,0.0
48405,4.9,10.3,92.0,81.2,4.7,0.5,19.4,31.9,38.9,8.0,24.9,2.3,2.1,10.4,50.1,7874.0,50.5,44.1,22.4,13.8,27.1,50408.0,San Augustine,TX,Texas,2023.0,Crude prevalence,11.5,85.2,14.1,20.9,11.9,43.5,39.2,19.5,20.1,78.4,21.8,6.8,17.5,48.0,3.0,7918.0,235.0,689.0,702.0,143.0,477.0,0.0,118.0,414.0,0.0,3.0,1.0,0.0,0.0,0.0
48407,8.3,8.8,95.4,85.2,3.5,2.9,17.7,40.6,27.5,4.2,15.4,5.2,1.8,13.1,24.7,28441.0,44.0,38.1,21.6,16.2,18.4,65364.0,San Jacinto,TX,Texas,2023.0,Crude prevalence,10.6,85.3,10.1,16.4,9.0,39.0,32.4,18.4,17.0,76.5,17.5,4.8,17.6,48.0,9.0,27402.0,455.0,1862.0,216.0,376.0,1574.0,0.0,318.0,1332.0,0.0,6.0,0.0,1.0,0.0,0.0
48409,6.8,9.0,91.7,84.2,2.6,2.5,18.7,23.0,16.8,6.4,33.1,3.2,1.5,8.0,42.7,70181.0,37.0,34.1,25.0,17.5,14.8,69704.0,San Patricio,TX,Texas,2023.0,Crude prevalence,9.6,83.8,6.9,15.4,6.8,41.3,34.6,17.5,15.6,72.7,14.4,3.6,24.9,48.0,16.0,68755.0,1610.0,3623.0,10212.0,440.0,827.0,4142.0,246.0,423.0,11.0,6.0,3.0,1.0,1.0,0.0
48411,7.2,8.5,91.8,90.1,1.6,1.3,27.0,25.1,26.3,2.0,28.3,0.4,2.5,2.1,28.2,5696.0,40.7,35.8,21.0,24.0,10.7,55819.0,San Saba,TX,Texas,2023.0,Crude prevalence,9.6,83.4,8.6,14.2,8.2,35.8,30.9,17.3,15.4,74.0,14.9,4.2,20.7,48.0,2.0,5730.0,42.0,198.0,1780.0,16.0,86.0,1645.0,14.0,74.0,0.0,1.0,0.0,0.0,0.0,0.0
48413,9.4,11.0,87.1,71.6,3.0,1.8,22.8,31.6,25.1,4.1,15.7,0.0,0.4,4.7,39.5,2381.0,39.9,29.5,26.8,18.4,9.9,86694.0,Schleicher,TX,Texas,2023.0,Crude prevalence,9.1,86.6,6.7,14.8,7.4,36.0,30.7,15.5,14.7,75.2,12.3,3.8,22.5,48.0,1.0,2451.0,40.0,70.0,315.0,16.0,28.0,270.0,14.0,25.0,0.0,0.0,0.0,0.0,0.0,0.0
48415,8.0,10.0,95.8,84.4,1.3,1.5,16.8,20.3,14.6,5.7,23.2,0.2,1.3,2.9,29.1,16488.0,36.9,33.0,23.9,13.0,11.6,60039.0,Scurry,TX,Texas,2023.0,Crude prevalence,9.6,83.9,7.0,13.6,6.7,38.1,31.0,17.5,14.7,73.5,14.2,3.6,21.3,48.0,4.0,16932.0,335.0,471.0,1936.0,118.0,190.0,1009.0,85.0,145.0,1.0,2.0,0.0,0.0,0.0,0.0
48417,0.7,6.1,93.8,87.1,5.0,0.5,13.4,23.5,17.9,2.9,21.3,0.7,1.7,11.3,26.8,3175.0,42.3,26.5,24.6,34.1,9.5,73047.0,Shackelford,TX,Texas,2023.0,Crude prevalence,9.9,87.7,7.1,12.3,7.0,33.8,24.1,16.2,13.4,76.5,12.5,3.6,11.4,48.0,1.0,3105.0,37.0,107.0,61.0,11.0,31.0,52.0,8.0,24.0,0.0,0.0,0.0,0.0,0.0,0.0
48419,8.0,9.7,92.3,82.2,2.3,2.6,20.9,25.2,19.1,6.7,26.0,2.0,2.2,7.9,28.4,24155.0,39.3,36.5,25.3,15.1,20.6,49776.0,Shelby,TX,Texas,2023.0,Crude prevalence,11.0,83.8,10.1,16.4,8.5,41.1,35.2,19.4,17.1,75.8,18.5,4.8,18.9,48.0,7.0,24022.0,624.0,1474.0,3521.0,467.0,1040.0,1683.0,414.0,905.0,2.0,7.0,3.0,1.0,2.0,1.0
48421,14.3,9.1,97.5,96.6,1.2,0.0,16.3,18.5,25.7,0.0,23.7,2.3,0.0,25.2,0.0,2295.0,39.7,22.2,19.3,30.2,10.4,61250.0,Sherman,TX,Texas,2023.0,Crude prevalence,9.3,85.4,6.2,12.9,6.5,35.4,28.5,16.2,13.9,73.5,12.3,3.3,20.9,48.0,1.0,2782.0,0.0,37.0,765.0,0.0,23.0,578.0,0.0,21.0,0.0,0.0,0.0,0.0,0.0,0.0
48423,4.9,6.4,96.3,90.6,2.7,2.0,16.9,23.1,16.6,4.7,31.2,2.5,1.4,8.3,39.3,241740.0,37.5,25.2,24.2,28.6,11.6,74192.0,Smith,TX,Texas,2023.0,Crude prevalence,10.5,85.5,7.0,13.2,6.5,37.5,27.0,17.7,13.7,75.5,13.6,3.7,15.3,48.0,56.0,233479.0,3878.0,7560.0,34923.0,1401.0,3395.0,17458.0,889.0,2325.0,34.0,18.0,5.0,2.0,1.0,2.0
48425,3.2,4.3,96.1,91.0,2.0,0.4,12.4,28.2,7.6,2.4,20.0,3.0,2.5,10.7,27.6,9691.0,44.5,29.5,24.0,29.3,7.5,79825.0,Somervell,TX,Texas,2023.0,Crude prevalence,9.9,87.4,7.1,12.3,6.9,34.3,25.7,16.5,13.8,75.8,13.4,3.5,13.4,48.0,3.0,9205.0,90.0,203.0,148.0,54.0,118.0,0.0,47.0,99.0,0.0,0.0,0.0,0.0,0.0,0.0
48427,27.3,12.3,88.5,78.6,5.9,1.1,28.9,22.6,17.2,10.4,30.5,5.4,2.9,9.0,46.8,66067.0,29.4,24.7,17.0,13.6,33.5,37639.0,Starr,TX,Texas,2023.0,Crude prevalence,9.3,77.7,7.2,20.0,7.6,45.0,47.0,19.5,19.9,70.3,16.9,4.2,43.5,48.0,17.0,65920.0,1989.0,8146.0,5793.0,435.0,2199.0,2124.0,244.0,1284.0,10.0,17.0,4.0,1.0,2.0,0.0
48429,7.8,8.4,97.2,86.0,3.0,2.5,13.8,28.3,22.5,8.4,20.8,2.9,0.5,0.9,22.4,9351.0,42.0,32.2,24.0,17.2,14.6,58008.0,Stephens,TX,Texas,2023.0,Crude prevalence,9.8,83.8,8.4,13.8,7.7,36.3,29.9,17.7,15.3,74.1,15.6,4.0,18.4,48.0,3.0,9101.0,305.0,374.0,4346.0,51.0,113.0,3597.0,15.0,70.0,3.0,2.0,2.0,1.0,0.0,0.0
48431,3.8,12.2,97.5,91.0,1.2,0.0,26.4,24.4,23.9,0.0,22.3,3.0,0.0,8.9,62.5,1468.0,32.1,35.0,12.7,24.5,4.3,64954.0,Sterling,TX,Texas,2023.0,Crude prevalence,9.2,86.7,4.9,10.5,5.1,33.2,23.8,16.0,12.0,73.3,11.2,2.7,15.6,48.0,1.0,1372.0,0.0,48.0,78.0,0.0,16.0,34.0,0.0,8.0,0.0,0.0,0.0,0.0,0.0,0.0
48433,4.7,5.0,92.8,94.7,2.2,2.1,12.7,15.3,35.1,4.7,15.4,3.1,1.0,24.6,0.0,1227.0,52.3,43.3,23.1,16.9,14.9,56875.0,Stonewall,TX,Texas,2023.0,Crude prevalence,10.0,87.2,9.6,15.8,9.4,35.8,32.2,16.6,16.4,77.6,15.0,4.9,17.2,48.0,1.0,1245.0,24.0,41.0,245.0,14.0,24.0,145.0,12.0,21.0,0.0,0.0,0.0,0.0,0.0,0.0
48435,7.2,10.8,92.0,84.7,1.2,3.2,15.8,24.8,27.9,3.8,24.0,0.9,3.1,2.6,20.5,3277.0,42.3,34.1,22.4,18.3,4.5,78906.0,Sutton,TX,Texas,2023.0,Crude prevalence,9.1,85.3,7.6,17.4,8.2,38.3,35.8,16.3,16.6,74.9,14.0,4.2,27.2,48.0,1.0,3372.0,48.0,85.0,146.0,15.0,26.0,131.0,7.0,13.0,0.0,0.0,0.0,0.0,0.0,0.0
48437,11.9,8.2,85.3,73.1,2.3,3.1,23.3,20.7,21.3,6.1,33.6,0.7,0.5,3.1,44.0,6937.0,36.4,41.8,16.4,15.5,30.1,36165.0,Swisher,TX,Texas,2023.0,Crude prevalence,9.8,81.0,8.9,16.6,8.2,40.5,36.9,18.7,17.0,73.1,17.6,4.4,26.5,48.0,3.0,6971.0,146.0,328.0,1852.0,41.0,112.0,1733.0,21.0,71.0,0.0,3.0,2.0,0.0,2.0,0.0
48439,6.2,6.5,97.2,93.2,3.2,2.0,16.7,26.8,7.2,4.6,40.7,2.9,1.3,10.0,45.5,2167390.0,35.2,23.8,20.8,34.8,11.1,84207.0,Tarrant,TX,Texas,2023.0,Crude prevalence,10.1,84.9,5.4,11.7,5.1,33.2,27.7,17.5,12.8,72.6,12.7,3.0,16.8,48.0,449.0,2110640.0,36180.0,74867.0,325954.0,3132.0,6320.0,124124.0,921.0,1851.0,436.0,194.0,20.0,39.0,2.0,7.0
48441,3.9,6.1,94.4,92.1,1.6,0.9,14.1,17.1,11.7,3.8,39.5,1.9,0.8,10.5,41.1,145863.0,33.1,29.8,21.6,29.3,14.7,67139.0,Taylor,TX,Texas,2023.0,Crude prevalence,10.0,83.2,6.3,11.2,5.8,34.3,26.1,18.4,13.0,72.9,12.9,3.1,15.7,48.0,41.0,143208.0,2102.0,6088.0,11037.0,112.0,439.0,3553.0,48.0,220.0,34.0,21.0,3.0,0.0,1.0,0.0
48443,1.9,3.9,97.1,81.8,0.0,0.0,15.2,11.5,29.4,5.3,10.6,0.0,0.0,0.0,50.0,835.0,59.9,30.6,31.0,26.9,7.7,44886.0,Terrell,TX,Texas,2023.0,Crude prevalence,8.4,90.2,5.6,15.0,7.8,33.8,26.8,12.8,13.0,78.4,9.2,3.7,16.8,48.0,1.0,760.0,24.0,16.0,332.0,13.0,8.0,310.0,12.0,8.0,0.0,0.0,0.0,0.0,0.0,0.0
48445,11.2,10.6,93.3,89.0,2.5,2.7,26.9,21.8,10.3,5.2,33.5,2.1,6.4,4.1,47.2,11629.0,37.0,40.8,21.2,9.8,18.3,44100.0,Terry,TX,Texas,2023.0,Crude prevalence,9.7,81.6,8.2,16.4,7.6,40.7,37.3,18.6,17.2,72.5,16.7,4.2,29.2,48.0,3.0,11831.0,224.0,1146.0,2889.0,95.0,284.0,1395.0,69.0,139.0,2.0,2.0,2.0,0.0,1.0,0.0
48447,4.4,2.0,96.5,90.9,5.0,1.6,20.6,17.7,25.6,1.8,32.0,0.7,0.0,0.0,34.9,1639.0,45.0,32.4,30.6,22.4,24.2,59216.0,Throckmorton,TX,Texas,2023.0,Crude prevalence,10.0,87.6,9.7,15.4,9.7,35.5,30.0,16.5,15.9,78.0,14.9,4.9,13.1,48.0,1.0,1440.0,13.0,78.0,468.0,6.0,39.0,453.0,6.0,36.0,0.0,1.0,0.0,0.0,0.0,0.0
48449,12.7,9.1,93.6,85.2,1.9,1.4,21.5,20.3,8.2,4.8,29.4,4.3,2.8,9.3,42.4,31363.0,34.9,35.0,19.4,16.3,17.1,58425.0,Titus,TX,Texas,2023.0,Crude prevalence,10.2,82.8,8.5,15.6,7.5,38.6,35.1,18.7,16.5,73.8,16.5,4.2,24.8,48.0,9.0,31247.0,536.0,2159.0,4537.0,171.0,935.0,2711.0,136.0,792.0,5.0,7.0,1.0,0.0,0.0,0.0
48451,6.0,6.9,95.8,87.5,2.2,1.5,15.5,20.2,10.6,5.0,34.9,2.3,0.8,8.9,40.1,119577.0,36.0,28.5,24.4,25.5,11.1,68370.0,Tom Green,TX,Texas,2023.0,Crude prevalence,9.6,84.6,6.5,12.9,6.4,36.8,29.0,17.4,13.9,73.8,12.8,3.4,19.3,48.0,27.0,120003.0,2315.0,4490.0,14583.0,421.0,901.0,5846.0,284.0,565.0,22.0,12.0,3.0,2.0,1.0,1.0
48453,4.6,3.5,98.3,94.3,3.3,1.9,12.1,25.2,5.6,5.9,47.9,2.3,1.6,9.1,39.4,1330015.0,35.6,14.1,15.7,56.6,10.9,99611.0,Travis,TX,Texas,2023.0,Crude prevalence,9.2,86.5,4.0,9.0,4.1,30.4,19.9,15.9,10.3,72.7,9.5,2.2,13.9,48.0,290.0,1290188.0,34727.0,32506.0,315291.0,4294.0,6382.0,168251.0,2071.0,2946.0,268.0,97.0,16.0,41.0,6.0,16.0
48455,4.5,6.8,91.1,85.2,3.2,1.6,16.0,38.6,27.0,9.7,20.6,2.1,1.5,16.6,31.6,14046.0,49.2,42.0,22.9,16.8,17.6,52018.0,Trinity,TX,Texas,2023.0,Crude prevalence,10.7,87.1,10.5,16.4,9.5,37.7,31.7,17.7,16.8,77.8,16.8,5.0,14.5,48.0,5.0,13602.0,587.0,1005.0,562.0,387.0,713.0,174.0,307.0,601.0,0.0,4.0,0.0,1.0,0.0,1.0
48457,5.5,9.4,91.3,85.2,3.1,0.9,15.7,34.1,24.9,5.1,18.8,3.3,1.6,5.8,44.8,20238.0,43.2,42.8,23.8,12.4,17.9,55396.0,Tyler,TX,Texas,2023.0,Crude prevalence,10.7,83.0,10.7,15.3,9.0,38.7,33.1,19.3,16.9,75.0,19.3,4.8,17.3,48.0,6.0,19798.0,362.0,1175.0,265.0,288.0,923.0,0.0,248.0,795.0,0.0,6.0,0.0,0.0,0.0,0.0
48459,4.4,8.2,94.3,87.8,3.3,3.3,13.8,30.2,11.1,3.8,19.3,2.4,0.7,4.5,37.4,42567.0,40.6,32.0,28.0,18.2,12.4,66208.0,Upshur,TX,Texas,2023.0,Crude prevalence,10.8,85.2,9.0,13.9,7.7,37.6,29.6,18.9,15.6,75.2,16.6,4.2,14.1,48.0,10.0,40892.0,590.0,1922.0,5168.0,439.0,1458.0,3984.0,379.0,1258.0,2.0,4.0,2.0,1.0,1.0,0.0
48461,8.8,11.8,95.4,75.1,1.8,1.2,18.8,30.5,19.2,2.8,22.8,1.5,0.0,0.0,43.2,3191.0,40.8,46.1,18.0,8.7,16.0,49167.0,Upton,TX,Texas,2023.0,Crude prevalence,9.8,82.6,8.0,16.6,7.7,40.9,37.1,18.5,17.0,72.9,16.6,4.2,27.2,48.0,2.0,3308.0,38.0,104.0,318.0,10.0,24.0,304.0,9.0,20.0,0.0,2.0,0.0,0.0,0.0,0.0
48463,12.9,9.3,89.6,84.6,2.4,1.7,18.7,19.7,16.6,5.6,29.4,4.5,1.0,12.1,25.4,24881.0,34.5,22.8,23.6,19.8,22.2,53801.0,Uvalde,TX,Texas,2023.0,Crude prevalence,9.1,82.9,6.6,15.7,7.0,40.1,34.5,17.0,15.7,73.0,13.1,3.7,28.5,48.0,6.0,24564.0,475.0,2041.0,5856.0,209.0,654.0,3438.0,155.0,450.0,4.0,6.0,4.0,1.0,2.0,1.0
48465,13.7,9.5,93.7,85.7,3.4,1.4,17.5,19.1,10.2,5.9,30.9,5.1,3.0,4.9,38.7,47741.0,32.3,30.6,15.3,22.5,16.6,66100.0,Val Verde,TX,Texas,2023.0,Crude prevalence,8.8,81.0,5.6,15.6,6.4,37.8,36.4,17.2,15.6,70.7,13.0,3.4,32.3,48.0,14.0,47586.0,998.0,3666.0,10581.0,218.0,738.0,4577.0,96.0,255.0,11.0,10.0,5.0,0.0,1.0,0.0
48467,4.7,8.3,93.0,85.2,2.0,2.2,18.4,36.8,12.4,3.2,18.5,2.7,0.9,11.8,37.3,62649.0,42.0,33.2,25.4,19.8,11.1,69475.0,Van Zandt,TX,Texas,2023.0,Crude prevalence,10.4,86.1,8.5,13.4,7.7,36.0,28.7,18.1,15.2,75.7,15.6,4.0,13.9,48.0,14.0,59541.0,720.0,2503.0,1230.0,418.0,1805.0,12.0,353.0,1612.0,0.0,3.0,1.0,0.0,0.0,0.0
48469,6.0,9.1,94.0,82.1,2.7,1.7,17.2,21.9,11.7,6.2,34.7,2.5,0.8,7.7,39.9,91413.0,36.7,31.1,24.2,19.9,16.2,70896.0,Victoria,TX,Texas,2023.0,Crude prevalence,9.6,84.6,6.9,14.5,6.8,37.2,31.6,17.4,14.9,73.6,13.9,3.7,22.5,48.0,25.0,91319.0,2160.0,4948.0,6428.0,441.0,802.0,1757.0,358.0,616.0,17.0,12.0,0.0,1.0,0.0,1.0
48471,6.1,9.4,95.2,85.6,4.2,3.0,15.4,25.9,14.4,8.1,43.5,1.6,1.3,9.1,48.3,80209.0,37.6,33.9,21.4,21.6,18.4,52324.0,Walker,TX,Texas,2023.0,Crude prevalence,10.2,80.8,7.3,13.3,6.4,39.3,29.7,19.5,14.3,72.6,16.2,3.6,18.1,48.0,12.0,76400.0,2114.0,2736.0,4703.0,802.0,1117.0,460.0,600.0,805.0,4.0,8.0,4.0,6.0,0.0,4.0
48473,8.8,6.9,98.0,89.8,4.2,2.2,20.1,32.2,9.8,2.9,28.0,3.0,1.8,10.3,36.6,61552.0,31.3,28.5,22.1,27.9,14.6,80397.0,Waller,TX,Texas,2023.0,Crude prevalence,10.3,82.0,5.4,11.1,5.0,36.6,26.9,18.9,12.6,73.4,12.2,2.9,17.6,48.0,11.0,56794.0,534.0,2365.0,167.0,316.0,1311.0,0.0,255.0,979.0,0.0,5.0,0.0,0.0,0.0,0.0
48475,9.6,12.3,95.5,88.8,1.9,1.2,18.9,21.8,15.0,6.5,21.5,1.4,1.3,8.8,31.1,11144.0,34.5,35.1,25.0,12.4,14.9,65952.0,Ward,TX,Texas,2023.0,Crude prevalence,9.4,83.0,6.4,14.4,6.4,37.6,33.9,17.9,15.3,72.4,14.5,3.5,26.0,48.0,3.0,11644.0,284.0,400.0,415.0,107.0,102.0,16.0,76.0,66.0,2.0,2.0,0.0,1.0,0.0,1.0
48477,5.0,4.9,92.1,85.0,1.7,2.9,14.5,23.1,12.2,6.8,30.2,2.2,1.1,17.1,27.1,36647.0,40.9,29.7,22.1,30.7,13.4,77825.0,Washington,TX,Texas,2023.0,Crude prevalence,10.0,87.0,7.1,13.2,7.2,35.7,26.5,16.4,13.5,77.3,12.1,3.8,13.2,48.0,9.0,35805.0,1047.0,1653.0,7907.0,566.0,793.0,3839.0,409.0,547.0,3.0,1.0,1.0,3.0,0.0,3.0
48479,14.7,14.4,95.2,86.8,3.5,2.1,27.3,22.1,7.7,6.6,35.3,6.5,3.0,11.2,43.8,269294.0,30.0,22.3,19.8,21.4,21.3,63058.0,Webb,TX,Texas,2023.0,Crude prevalence,8.7,80.8,5.0,16.1,5.8,42.1,39.2,17.2,16.1,70.8,12.7,3.2,36.2,48.0,69.0,267114.0,5356.0,19282.0,29372.0,266.0,1447.0,5466.0,68.0,400.0,61.0,48.0,4.0,1.0,0.0,0.0
48481,7.7,6.7,89.9,81.8,3.0,1.7,14.2,25.7,10.3,7.2,27.7,2.8,1.2,7.8,41.5,41794.0,38.1,32.9,19.4,20.7,13.6,66924.0,Wharton,TX,Texas,2023.0,Crude prevalence,9.9,84.9,7.4,15.0,7.3,40.0,32.1,17.3,15.2,75.0,14.2,4.0,21.3,48.0,12.0,41570.0,1145.0,2206.0,5376.0,653.0,958.0,2852.0,562.0,740.0,4.0,7.0,2.0,4.0,1.0,3.0
48483,3.8,7.2,91.8,89.3,2.9,0.1,21.2,23.4,26.0,6.0,23.8,3.0,1.6,6.2,44.4,4862.0,41.3,37.6,29.7,17.0,15.4,60167.0,Wheeler,TX,Texas,2023.0,Crude prevalence,10.3,85.6,9.1,14.7,8.3,37.2,30.8,17.8,15.9,75.7,16.0,4.3,17.3,48.0,2.0,4990.0,115.0,263.0,869.0,49.0,121.0,627.0,43.0,105.0,0.0,1.0,0.0,0.0,0.0,0.0
48485,6.2,6.4,94.1,88.7,2.1,1.9,15.6,15.0,12.1,7.1,38.6,1.2,1.1,7.3,37.6,129996.0,35.3,31.1,23.1,25.1,16.5,63524.0,Wichita,TX,Texas,2023.0,Crude prevalence,10.3,83.0,7.1,12.1,6.2,35.3,27.0,18.6,13.8,73.9,14.6,3.4,15.9,48.0,44.0,129350.0,3482.0,5991.0,13371.0,483.0,1017.0,3878.0,220.0,507.0,35.0,22.0,1.0,4.0,1.0,1.0
48487,7.4,11.1,95.7,83.8,5.5,2.1,8.9,14.0,18.3,5.2,32.8,1.8,0.5,9.3,32.7,12616.0,40.5,32.7,26.8,17.2,17.5,54102.0,Wilbarger,TX,Texas,2023.0,Crude prevalence,10.5,83.1,9.9,16.5,8.5,39.6,35.8,19.2,17.3,74.8,18.2,4.7,21.3,48.0,4.0,12887.0,250.0,673.0,3602.0,67.0,190.0,1863.0,22.0,94.0,3.0,3.0,2.0,0.0,0.0,0.0
48489,16.5,12.4,89.5,81.9,4.2,2.8,23.9,19.7,17.3,5.7,25.3,6.7,1.1,17.8,37.5,20139.0,34.3,34.8,16.4,14.0,24.0,54180.0,Willacy,TX,Texas,2023.0,Crude prevalence,8.9,78.0,7.2,18.8,7.7,43.2,44.1,18.4,18.5,70.1,16.4,4.2,40.8,48.0,5.0,20164.0,324.0,1813.0,5460.0,114.0,663.0,3374.0,78.0,462.0,2.0,3.0,1.0,0.0,1.0,0.0
48491,2.9,3.0,98.5,95.8,2.7,1.1,9.8,27.9,3.9,3.0,33.6,1.8,1.0,10.0,38.0,672688.0,37.3,17.6,19.7,48.4,6.4,111340.0,Williamson,TX,Texas,2023.0,Crude prevalence,9.0,87.6,4.3,9.8,4.5,32.6,22.5,15.5,10.5,75.3,9.9,2.4,12.2,48.0,135.0,609017.0,7583.0,11096.0,182320.0,2350.0,3358.0,77056.0,1123.0,1801.0,110.0,32.0,7.0,11.0,4.0,4.0
48493,4.6,5.5,95.7,88.1,2.1,1.8,11.0,34.5,6.6,3.2,15.3,3.8,1.2,4.9,36.6,52781.0,40.7,30.4,22.7,25.9,11.3,94565.0,Wilson,TX,Texas,2023.0,Crude prevalence,9.4,86.7,6.1,13.1,6.3,35.3,26.6,16.0,13.5,75.4,12.4,3.3,17.5,48.0,12.0,49753.0,586.0,1522.0,2601.0,401.0,1104.0,525.0,332.0,920.0,1.0,2.0,0.0,1.0,0.0,1.0
48495,12.3,15.0,94.1,87.6,2.4,0.3,19.0,28.6,14.4,3.1,14.0,0.9,3.8,23.6,24.9,7454.0,35.1,36.7,19.5,10.6,16.2,86900.0,Winkler,TX,Texas,2023.0,Crude prevalence,9.2,83.1,6.0,14.1,6.1,37.6,33.2,17.4,15.0,71.6,14.1,3.3,27.6,48.0,3.0,7791.0,86.0,520.0,383.0,11.0,38.0,41.0,6.0,16.0,2.0,0.0,0.0,0.0,0.0,0.0
48497,5.6,7.4,95.8,90.2,3.4,1.7,14.9,34.3,8.7,2.6,18.6,2.8,1.9,9.9,30.9,75005.0,39.5,33.2,23.0,22.2,8.9,93421.0,Wise,TX,Texas,2023.0,Crude prevalence,10.1,85.3,7.2,11.9,6.4,34.1,26.6,17.9,14.1,74.0,14.8,3.4,15.2,48.0,16.0,68632.0,651.0,1959.0,3567.0,452.0,1447.0,1570.0,402.0,1271.0,2.0,1.0,0.0,1.0,0.0,0.0
48499,3.7,8.5,93.8,88.3,3.0,1.0,17.1,29.7,16.6,5.1,19.9,2.8,0.8,8.9,42.7,46961.0,48.5,33.6,25.7,21.5,12.5,60300.0,Wood,TX,Texas,2023.0,Crude prevalence,10.3,87.2,9.3,14.6,8.8,34.3,28.6,16.7,15.5,77.6,14.8,4.5,13.6,48.0,12.0,44843.0,953.0,2078.0,6327.0,443.0,1265.0,5047.0,344.0,1092.0,2.0,3.0,1.0,2.0,0.0,1.0
48501,17.8,7.3,96.4,96.2,4.1,0.4,22.5,26.0,13.7,3.7,33.2,7.5,0.5,5.8,9.6,7571.0,32.3,25.7,25.1,20.1,16.8,84925.0,Yoakum,TX,Texas,2023.0,Crude prevalence,9.2,83.1,5.8,13.5,6.0,37.6,32.1,17.3,14.6,71.7,12.9,3.2,27.1,48.0,2.0,7694.0,97.0,85.0,171.0,40.0,36.0,91.0,35.0,31.0,0.0,0.0,0.0,0.0,0.0,0.0
48503,6.0,5.5,93.9,90.6,2.2,0.9,18.6,16.9,10.6,6.8,25.9,1.1,0.6,8.4,31.4,18029.0,41.6,33.0,23.6,24.0,16.5,68010.0,Young,TX,Texas,2023.0,Crude prevalence,10.0,86.0,8.1,13.4,7.5,37.1,28.4,17.3,14.6,75.5,14.5,3.9,15.2,48.0,5.0,17867.0,523.0,863.0,1487.0,219.0,296.0,683.0,193.0,246.0,2.0,2.0,0.0,0.0,0.0,0.0
48505,18.6,15.6,89.5,79.4,3.9,1.1,27.6,23.6,27.0,8.8,28.0,9.7,2.3,9.8,30.7,13841.0,32.3,30.0,13.7,15.2,38.4,39239.0,Zapata,TX,Texas,2023.0,Crude prevalence,9.2,78.8,7.8,20.8,8.4,43.7,47.1,18.8,20.0,71.4,17.1,4.6,42.8,48.0,6.0,13889.0,403.0,1430.0,2660.0,156.0,378.0,1402.0,115.0,242.0,5.0,6.0,3.0,1.0,2.0,1.0
48507,16.5,13.1,88.1,83.3,2.2,4.6,14.9,20.4,17.1,8.0,31.0,1.9,3.0,3.8,40.5,9412.0,30.8,32.1,22.0,11.1,33.9,36749.0,Zavala,TX,Texas,2023.0,Crude prevalence,9.4,78.8,8.4,22.6,9.0,47.5,48.4,19.2,20.9,72.2,18.0,4.9,42.4,48.0,4.0,9670.0,263.0,1329.0,1191.0,102.0,364.0,813.0,86.0,299.0,1.0,4.0,1.0,0.0,0.0,0.0
49001,3.2,3.6,96.4,86.4,0.9,0.0,15.2,16.7,15.2,2.9,19.0,1.9,1.5,9.2,17.6,7273.0,34.4,32.5,26.5,23.5,6.6,79360.0,Beaver,UT,Utah,2023.0,Crude prevalence,10.5,81.0,5.5,9.8,5.7,28.5,19.3,16.9,13.0,70.9,9.3,3.0,10.6,49.0,2.0,7072.0,72.0,113.0,1335.0,52.0,73.0,1050.0,48.0,65.0,0.0,1.0,1.0,0.0,1.0,0.0
49003,2.3,5.3,97.0,93.6,2.1,1.5,8.0,22.3,5.8,4.0,24.0,1.4,0.5,7.6,32.7,61246.0,33.3,31.9,24.7,26.7,8.4,84550.0,Box Elder,UT,Utah,2023.0,Crude prevalence,11.1,80.3,5.6,9.3,5.4,32.6,19.4,17.9,13.3,73.8,9.8,2.9,10.3,49.0,12.0,57666.0,788.0,1087.0,4731.0,290.0,435.0,2773.0,239.0,358.0,6.0,3.0,0.0,2.0,0.0,1.0
49005,2.3,3.2,98.0,93.0,1.8,2.4,6.9,17.7,4.8,3.1,36.3,2.9,0.6,9.4,36.0,140046.0,26.2,20.0,24.5,42.2,12.0,81665.0,Cache,UT,Utah,2023.0,Crude prevalence,10.5,75.9,4.6,7.8,4.3,27.9,15.5,17.8,11.7,68.4,8.1,2.4,9.7,49.0,28.0,133154.0,1381.0,2127.0,49172.0,429.0,890.0,37395.0,321.0,696.0,21.0,9.0,2.0,1.0,1.0,0.0
49007,2.1,5.4,95.0,85.1,3.3,1.2,6.2,19.5,16.0,4.4,32.1,1.8,0.3,14.5,35.5,20517.0,38.6,29.3,30.0,18.8,17.0,58377.0,Carbon,UT,Utah,2023.0,Crude prevalence,11.5,80.5,7.7,12.8,7.4,35.0,21.9,17.8,15.9,73.5,11.9,3.9,11.8,49.0,5.0,20412.0,361.0,1135.0,871.0,187.0,605.0,480.0,141.0,467.0,1.0,4.0,0.0,1.0,0.0,0.0
49009,2.5,4.8,99.0,92.0,3.3,0.0,10.4,20.9,75.2,0.0,17.7,0.0,0.7,12.5,14.6,783.0,46.0,29.9,30.8,17.6,9.0,66000.0,Daggett,UT,Utah,2023.0,Crude prevalence,10.6,84.9,8.2,13.5,8.9,33.1,22.8,15.7,15.7,76.2,11.0,4.4,9.7,49.0,1.0,935.0,0.0,15.0,254.0,0.0,10.0,251.0,0.0,9.0,0.0,0.0,0.0,0.0,0.0,0.0
49011,1.4,3.0,97.9,94.2,1.9,1.4,5.7,22.9,4.1,2.6,22.7,1.8,0.8,10.5,36.6,370924.0,32.5,21.7,24.0,39.3,6.4,110884.0,Davis,UT,Utah,2023.0,Crude prevalence,11.0,82.2,4.2,8.2,4.5,32.7,17.0,17.2,10.9,73.2,7.4,2.4,8.8,49.0,66.0,362679.0,3009.0,5317.0,137156.0,625.0,1285.0,89405.0,418.0,845.0,64.0,10.0,1.0,0.0,0.0,0.0
49013,1.5,6.8,96.9,91.7,2.6,1.4,12.0,21.1,23.8,3.3,21.1,2.9,0.8,5.1,27.2,20185.0,34.1,39.8,23.7,18.5,11.8,78445.0,Duchesne,UT,Utah,2023.0,Crude prevalence,11.3,79.4,7.0,11.0,6.4,31.6,24.1,18.6,14.8,71.3,11.8,3.4,11.2,49.0,4.0,19596.0,228.0,720.0,5959.0,123.0,459.0,4353.0,101.0,395.0,2.0,2.0,1.0,0.0,1.0,0.0
49015,2.6,2.6,96.3,88.9,2.1,0.7,6.6,20.7,16.2,3.2,19.9,1.2,0.4,4.9,39.6,10046.0,38.9,33.1,26.8,18.3,12.5,74291.0,Emery,UT,Utah,2023.0,Crude prevalence,11.2,81.3,6.9,11.2,6.8,30.6,20.1,17.3,14.5,72.1,11.0,3.5,9.8,49.0,3.0,9825.0,109.0,351.0,850.0,61.0,199.0,720.0,44.0,138.0,0.0,0.0,0.0,0.0,0.0,0.0
49017,1.2,3.4,94.0,78.4,2.5,1.6,12.2,13.5,43.6,1.0,29.7,0.1,0.5,12.3,14.1,5219.0,40.7,28.0,29.6,28.3,9.8,61875.0,Garfield,UT,Utah,2023.0,Crude prevalence,10.6,84.1,6.6,11.6,7.3,28.6,19.5,15.4,13.9,75.7,9.3,3.7,9.0,49.0,2.0,5083.0,20.0,114.0,1580.0,13.0,75.0,1380.0,11.0,66.0,0.0,1.0,1.0,0.0,1.0,0.0
49019,1.0,4.3,94.8,87.1,1.1,2.6,10.9,14.7,16.0,5.5,29.7,4.0,0.3,9.3,33.1,9754.0,40.8,20.0,31.1,37.5,13.3,67106.0,Grand,UT,Utah,2023.0,Crude prevalence,10.8,83.2,6.6,11.2,6.9,28.3,20.1,16.4,14.0,72.5,10.2,3.6,10.1,49.0,3.0,9669.0,252.0,148.0,1654.0,78.0,48.0,418.0,49.0,31.0,1.0,1.0,1.0,0.0,0.0,0.0
49021,2.3,4.5,98.4,91.5,2.5,1.7,10.3,16.9,14.4,3.4,31.7,1.6,1.0,13.1,41.3,62252.0,30.2,26.9,24.3,31.6,13.8,66247.0,Iron,UT,Utah,2023.0,Crude prevalence,11.0,77.5,5.8,9.4,5.6,35.3,18.3,18.4,13.4,71.4,9.9,3.0,10.0,49.0,12.0,57289.0,686.0,1797.0,13517.0,412.0,801.0,5859.0,349.0,558.0,7.0,8.0,4.0,2.0,1.0,2.0
49023,1.0,4.8,97.1,89.0,1.5,1.6,6.5,23.9,5.3,3.4,16.2,3.0,0.6,2.0,25.4,12586.0,30.6,35.3,26.9,20.0,6.9,101786.0,Juab,UT,Utah,2023.0,Crude prevalence,11.0,78.9,5.7,9.0,5.3,32.6,18.6,18.3,13.1,69.2,10.3,2.8,9.7,49.0,2.0,11786.0,132.0,230.0,1480.0,42.0,107.0,517.0,25.0,79.0,1.0,0.0,0.0,0.0,0.0,0.0
49025,0.9,5.2,97.2,90.4,2.0,0.4,5.3,15.5,46.2,2.9,19.6,1.0,0.0,8.9,26.6,8170.0,43.3,25.3,30.1,28.8,9.5,77092.0,Kane,UT,Utah,2023.0,Crude prevalence,10.8,84.5,6.9,11.8,7.3,33.3,19.5,15.5,14.0,75.3,9.3,3.7,8.4,49.0,2.0,7667.0,100.0,82.0,1957.0,75.0,62.0,1731.0,68.0,57.0,0.0,0.0,0.0,0.0,0.0,0.0
49027,3.0,5.4,97.6,88.4,3.5,1.7,11.5,17.5,13.6,2.0,18.2,2.4,0.7,16.7,29.6,13315.0,34.4,34.2,23.5,24.3,7.7,73639.0,Millard,UT,Utah,2023.0,Crude prevalence,10.7,81.0,7.0,11.8,7.1,34.1,23.3,17.1,14.9,74.0,10.8,3.6,11.7,49.0,3.0,12975.0,88.0,208.0,2728.0,55.0,108.0,2416.0,50.0,92.0,0.0,2.0,2.0,0.0,2.0,0.0
49029,1.0,1.1,99.5,94.3,1.5,0.4,4.8,25.3,4.0,0.3,11.2,1.5,0.4,14.9,8.1,12802.0,33.3,21.3,28.6,38.4,1.4,130929.0,Morgan,UT,Utah,2023.0,Crude prevalence,10.5,83.4,4.4,8.1,4.7,25.0,15.1,15.6,11.0,71.8,7.6,2.5,6.5,49.0,3.0,12295.0,12.0,13.0,286.0,12.0,11.0,87.0,12.0,9.0,0.0,0.0,0.0,0.0,0.0,0.0
49031,6.1,9.3,83.4,75.1,2.7,0.4,8.3,30.6,36.1,4.7,4.5,4.7,0.0,0.0,28.6,1694.0,48.3,25.7,26.2,19.6,10.2,48393.0,Piute,UT,Utah,2023.0,Crude prevalence,11.5,82.2,10.3,15.2,10.2,33.0,26.0,17.1,17.8,75.3,12.3,5.2,13.0,49.0,1.0,1438.0,26.0,53.0,195.0,13.0,27.0,180.0,10.0,21.0,0.0,1.0,0.0,0.0,0.0,0.0
49033,0.6,1.3,99.0,94.9,0.0,1.1,7.1,21.9,72.6,0.0,15.3,2.9,0.0,7.1,11.9,2631.0,38.1,16.4,39.9,24.4,3.8,79009.0,Rich,UT,Utah,2023.0,Crude prevalence,11.0,83.1,6.9,11.6,7.3,32.7,19.3,16.5,14.2,74.6,10.1,3.7,8.6,49.0,1.0,2510.0,0.0,30.0,999.0,0.0,27.0,609.0,0.0,25.0,0.0,0.0,0.0,0.0,0.0,0.0
49035,3.6,4.5,98.0,93.8,2.7,1.9,9.2,22.3,5.2,5.5,33.9,1.9,1.1,10.4,38.5,1196523.0,34.0,22.0,21.6,39.4,8.1,97494.0,Salt Lake,UT,Utah,2023.0,Crude prevalence,11.0,81.6,4.4,8.5,4.4,29.9,18.6,17.5,12.5,69.2,8.2,2.5,11.6,49.0,251.0,1185238.0,23393.0,22043.0,166261.0,1453.0,1281.0,56978.0,476.0,377.0,246.0,68.0,6.0,14.0,1.0,5.0
49037,6.1,5.8,87.5,72.4,7.0,1.1,17.5,24.3,19.8,7.7,19.1,7.1,4.4,15.3,15.1,14483.0,35.0,28.9,28.0,20.5,18.1,64481.0,San Juan,UT,Utah,2023.0,Crude prevalence,13.3,78.1,8.9,15.4,8.0,34.2,25.1,20.5,18.6,73.4,15.7,4.7,12.0,49.0,4.0,14518.0,353.0,690.0,3843.0,290.0,556.0,2722.0,242.0,456.0,0.0,4.0,4.0,2.0,4.0,1.0
49039,2.3,6.2,96.9,86.9,2.9,1.0,9.7,21.4,16.0,3.1,25.7,3.9,0.5,9.0,33.4,29719.0,33.8,30.8,25.2,22.9,15.2,70083.0,Sanpete,UT,Utah,2023.0,Crude prevalence,11.2,76.7,6.7,10.4,6.1,29.2,20.5,18.6,14.0,69.7,11.2,3.3,11.8,49.0,7.0,28437.0,276.0,647.0,2865.0,159.0,387.0,1516.0,126.0,310.0,1.0,6.0,2.0,0.0,1.0,0.0
49041,2.8,4.1,96.9,90.5,2.6,1.7,9.3,17.4,15.0,4.4,22.2,1.8,1.0,11.0,29.9,22085.0,36.8,31.1,25.2,22.8,9.7,74884.0,Sevier,UT,Utah,2023.0,Crude prevalence,11.1,81.3,6.6,10.5,6.4,36.4,21.0,17.6,14.4,73.2,10.4,3.3,9.6,49.0,5.0,21522.0,328.0,751.0,4376.0,173.0,390.0,2077.0,120.0,262.0,2.0,3.0,2.0,0.0,1.0,0.0
49043,2.4,2.0,98.5,95.6,1.2,0.8,7.3,22.2,40.8,2.0,19.8,1.7,0.6,5.9,30.4,42970.0,41.5,13.6,17.0,59.8,4.9,138114.0,Summit,UT,Utah,2023.0,Crude prevalence,10.1,85.8,4.3,8.7,5.0,19.8,14.3,13.6,10.6,75.4,6.6,2.5,7.3,49.0,14.0,42357.0,312.0,222.0,13038.0,220.0,158.0,7773.0,147.0,109.0,5.0,0.0,0.0,0.0,0.0,0.0
49045,2.6,5.3,97.3,95.4,2.6,1.8,6.1,30.3,4.2,3.1,18.2,3.8,0.7,14.1,23.7,79347.0,32.2,29.9,26.7,22.9,5.2,106587.0,Tooele,UT,Utah,2023.0,Crude prevalence,11.4,80.2,4.6,8.9,4.3,37.6,20.8,17.3,12.2,69.6,9.5,2.4,10.7,49.0,17.0,72698.0,746.0,1632.0,22349.0,223.0,593.0,12254.0,127.0,383.0,11.0,3.0,2.0,0.0,1.0,0.0
49047,2.1,8.0,95.1,91.1,3.6,2.8,13.1,20.6,12.2,3.1,26.5,3.1,0.9,9.0,22.4,37056.0,33.2,36.6,26.2,16.8,11.8,73746.0,Uintah,UT,Utah,2023.0,Crude prevalence,11.5,77.6,6.5,10.5,5.8,35.5,21.3,18.7,14.3,69.3,12.6,3.2,11.3,49.0,8.0,35620.0,376.0,1603.0,9644.0,276.0,911.0,6136.0,224.0,668.0,4.0,4.0,4.0,1.0,3.0,0.0
49049,2.1,2.8,98.9,93.4,2.7,1.6,7.5,22.6,3.8,2.7,31.7,3.2,0.8,9.4,35.9,705400.0,25.8,16.5,23.9,44.4,8.7,100671.0,Utah,UT,Utah,2023.0,Crude prevalence,9.9,77.4,3.6,6.9,3.7,29.7,14.2,17.1,10.7,68.4,6.4,2.0,9.6,49.0,156.0,659399.0,5451.0,8173.0,219519.0,1330.0,1952.0,120530.0,698.0,973.0,147.0,45.0,5.0,1.0,1.0,0.0
49051,2.3,1.9,99.0,94.4,1.4,1.0,7.5,21.6,20.6,2.1,19.7,2.2,0.2,13.5,36.1,36642.0,36.8,17.1,18.8,51.3,4.7,117608.0,Wasatch,UT,Utah,2023.0,Crude prevalence,10.0,84.2,4.5,8.4,5.0,24.3,16.8,14.5,11.4,73.9,7.3,2.6,8.4,49.0,10.0,34788.0,272.0,128.0,19428.0,111.0,80.0,13213.0,63.0,67.0,8.0,1.0,1.0,0.0,0.0,0.0
49053,1.7,3.4,97.3,93.1,2.1,1.3,11.1,19.2,15.1,3.3,28.4,1.9,1.0,9.9,46.8,196431.0,39.1,22.0,25.9,35.2,9.8,80632.0,Washington,UT,Utah,2023.0,Crude prevalence,10.7,82.7,6.2,10.7,6.9,33.1,16.9,15.6,13.8,72.5,8.0,3.5,10.0,49.0,35.0,180279.0,2300.0,3112.0,57053.0,1172.0,1508.0,32756.0,752.0,1017.0,26.0,14.0,10.0,6.0,5.0,3.0
49055,1.3,2.1,99.4,94.7,1.3,0.4,4.2,18.9,33.4,2.3,20.7,4.3,0.0,0.0,18.8,2584.0,46.0,20.7,30.4,27.7,10.6,76607.0,Wayne,UT,Utah,2023.0,Crude prevalence,11.1,83.6,8.1,13.1,8.3,34.3,22.1,16.7,15.5,75.2,10.7,4.2,9.0,49.0,1.0,2486.0,27.0,81.0,972.0,22.0,66.0,859.0,20.0,60.0,0.0,0.0,0.0,0.0,0.0,0.0
49057,3.2,4.5,97.3,94.6,2.1,1.5,8.8,23.3,6.4,4.9,25.9,2.0,0.6,10.8,34.8,269648.0,33.7,27.8,25.5,28.5,8.1,90005.0,Weber,UT,Utah,2023.0,Crude prevalence,11.4,81.4,4.9,9.0,4.9,34.7,20.3,18.6,12.9,73.1,9.1,2.6,11.3,49.0,58.0,262223.0,4636.0,5705.0,71092.0,842.0,927.0,38870.0,327.0,462.0,54.0,24.0,5.0,6.0,1.0,3.0
50001,1.3,3.2,96.1,91.4,2.4,3.2,4.6,23.6,15.0,4.9,20.7,0.7,0.6,8.6,37.3,37664.0,44.1,28.9,15.2,43.6,7.6,89639.0,Addison,VT,Vermont,2023.0,Crude prevalence,10.8,86.3,6.0,8.2,6.0,27.3,17.9,15.1,11.8,78.3,9.9,3.2,5.9,50.0,10.0,37363.0,732.0,1306.0,1856.0,432.0,950.0,795.0,333.0,811.0,1.0,0.0,0.0,1.0,0.0,0.0
50003,1.6,4.0,93.2,84.4,2.6,5.3,5.4,20.3,28.3,7.5,26.3,0.7,0.2,10.2,53.5,37269.0,46.9,26.4,17.3,41.8,11.3,73325.0,Bennington,VT,Vermont,2023.0,Crude prevalence,11.5,86.9,7.3,10.0,7.3,30.5,20.0,16.1,13.9,77.7,11.9,3.7,6.1,50.0,12.0,37347.0,1119.0,2310.0,3073.0,483.0,1137.0,1818.0,376.0,843.0,3.0,2.0,1.0,2.0,1.0,2.0
50005,2.2,4.1,92.9,86.4,1.4,4.2,4.0,25.6,19.0,6.7,20.8,0.6,1.1,9.5,38.2,30475.0,46.0,34.1,18.9,33.2,11.7,69970.0,Caledonia,VT,Vermont,2023.0,Crude prevalence,11.3,85.5,7.8,10.1,7.1,31.3,24.0,17.1,13.8,76.9,13.7,3.7,6.6,50.0,10.0,30233.0,880.0,1949.0,1387.0,539.0,1244.0,930.0,436.0,1040.0,1.0,2.0,1.0,1.0,1.0,1.0
50007,1.4,2.5,96.8,93.4,2.3,3.0,3.5,21.1,4.6,7.1,36.1,0.9,0.6,10.2,40.2,169758.0,37.3,17.2,14.0,56.8,9.7,96759.0,Chittenden,VT,Vermont,2023.0,Crude prevalence,10.9,84.5,4.9,6.6,4.8,22.7,14.1,15.9,10.7,75.4,8.5,2.6,5.3,50.0,41.0,168323.0,5047.0,5608.0,39108.0,1270.0,1778.0,19102.0,718.0,1039.0,30.0,6.0,0.0,6.0,0.0,5.0
50009,3.2,7.1,91.5,86.1,2.6,5.0,4.9,28.1,43.0,4.2,17.6,0.8,1.9,24.8,24.8,5982.0,51.9,41.3,18.3,21.5,13.8,59294.0,Essex,VT,Vermont,2023.0,Crude prevalence,11.6,86.2,10.4,12.5,9.5,34.2,27.0,16.8,16.7,78.2,16.3,4.9,8.1,50.0,3.0,5920.0,118.0,530.0,774.0,88.0,440.0,279.0,79.0,406.0,0.0,3.0,0.0,0.0,0.0,0.0
50011,2.9,3.8,93.4,89.5,2.0,2.9,3.5,27.1,13.3,5.8,22.6,0.8,0.4,10.0,39.0,50638.0,40.8,36.9,15.7,30.2,10.3,81313.0,Franklin,VT,Vermont,2023.0,Crude prevalence,11.4,85.2,7.2,9.6,6.8,36.9,21.5,17.0,13.5,75.9,13.0,3.4,6.8,50.0,11.0,49946.0,1163.0,2456.0,4914.0,453.0,1192.0,3423.0,374.0,996.0,3.0,6.0,0.0,1.0,0.0,0.0
50013,1.4,2.8,96.0,92.5,1.9,3.0,3.4,31.0,41.0,1.4,10.1,0.7,0.4,3.0,40.7,7450.0,48.9,28.9,13.6,44.0,7.9,97396.0,Grand Isle,VT,Vermont,2023.0,Crude prevalence,10.9,88.1,6.6,9.7,6.7,30.7,18.7,15.0,12.3,77.3,11.3,3.4,5.5,50.0,2.0,7293.0,44.0,283.0,70.0,39.0,245.0,0.0,33.0,214.0,0.0,0.0,0.0,0.0,0.0,0.0
50015,1.5,4.9,96.9,91.9,2.3,3.1,6.7,27.1,16.7,4.7,27.1,1.5,0.7,15.1,30.2,26148.0,41.8,23.6,19.0,44.3,8.5,74908.0,Lamoille,VT,Vermont,2023.0,Crude prevalence,11.3,86.0,6.2,8.3,6.0,29.2,19.4,15.7,12.6,73.1,11.9,3.1,6.1,50.0,7.0,25945.0,560.0,1243.0,62.0,436.0,932.0,0.0,367.0,776.0,0.0,1.0,0.0,1.0,0.0,1.0
50017,2.0,3.2,93.9,88.3,1.5,3.1,4.4,26.2,15.5,3.9,16.8,1.4,1.0,15.0,38.2,29761.0,46.9,30.8,14.9,38.4,9.3,82232.0,Orange,VT,Vermont,2023.0,Crude prevalence,11.2,86.9,7.1,9.7,6.9,32.6,22.3,15.4,13.4,76.6,12.1,3.6,6.1,50.0,10.0,29277.0,493.0,1240.0,1278.0,402.0,1079.0,13.0,345.0,983.0,0.0,2.0,0.0,0.0,0.0,0.0
50019,2.4,5.4,93.4,89.0,3.2,3.8,4.4,29.0,27.9,6.4,20.3,0.8,0.5,8.3,35.2,27606.0,45.7,35.8,16.9,30.5,11.7,70103.0,Orleans,VT,Vermont,2023.0,Crude prevalence,11.5,85.5,8.3,10.7,7.6,33.2,23.5,17.0,14.7,78.8,13.9,4.0,7.1,50.0,10.0,27393.0,774.0,1738.0,91.0,459.0,1174.0,0.0,367.0,992.0,0.0,3.0,0.0,0.0,0.0,0.0
50021,1.8,4.0,92.7,87.0,2.4,4.5,3.9,23.0,25.5,6.4,24.9,0.4,2.0,8.7,41.5,60425.0,47.7,32.0,17.4,35.3,11.8,68616.0,Rutland,VT,Vermont,2023.0,Crude prevalence,11.8,86.2,7.9,10.3,7.5,35.5,22.2,16.3,14.3,78.0,12.9,3.8,6.6,50.0,20.0,60572.0,1616.0,2710.0,6153.0,634.0,1267.0,2566.0,473.0,983.0,6.0,6.0,1.0,2.0,0.0,2.0
50023,1.1,2.5,95.6,91.6,1.8,4.0,3.1,23.4,16.6,6.0,26.3,0.6,0.9,10.2,30.7,60017.0,43.8,24.7,15.5,48.1,8.7,83449.0,Washington,VT,Vermont,2023.0,Crude prevalence,10.7,86.2,6.3,8.9,6.1,27.1,18.3,15.5,11.8,74.8,11.5,3.2,5.8,50.0,20.0,59807.0,1560.0,2600.0,5909.0,557.0,1105.0,2903.0,379.0,803.0,7.0,1.0,0.0,1.0,0.0,1.0
50025,1.1,3.6,94.4,82.4,2.9,3.4,3.6,22.2,34.5,6.2,26.1,0.8,0.7,9.2,37.2,45923.0,47.3,28.0,16.6,44.0,11.6,72217.0,Windham,VT,Vermont,2023.0,Crude prevalence,10.8,86.8,7.5,9.8,7.1,25.9,19.8,15.7,13.3,75.4,12.2,3.7,6.3,50.0,18.0,45905.0,1232.0,2624.0,2619.0,488.0,1398.0,1325.0,378.0,1132.0,3.0,6.0,1.0,1.0,1.0,0.0
50027,1.4,3.7,95.5,90.1,2.7,3.7,3.6,22.9,27.4,6.1,25.2,0.9,1.1,8.9,32.6,57990.0,47.6,27.8,15.0,42.9,9.2,77594.0,Windsor,VT,Vermont,2023.0,Crude prevalence,10.8,87.9,6.7,9.5,6.7,28.8,19.6,14.8,12.2,74.5,11.1,3.6,5.7,50.0,19.0,57753.0,1543.0,2437.0,2209.0,944.0,1586.0,483.0,684.0,1213.0,1.0,4.0,0.0,4.0,0.0,2.0
51001,6.8,9.6,89.2,83.5,1.9,1.6,11.0,20.8,34.5,6.1,28.6,1.2,0.1,9.1,31.7,33335.0,47.6,35.5,18.8,21.7,13.9,58993.0,Accomack,VA,Virginia,2023.0,Crude prevalence,11.6,87.8,10.6,18.2,9.7,40.0,33.4,16.9,16.8,82.1,16.5,5.3,12.0,51.0,13.0,33413.0,883.0,1805.0,1801.0,695.0,1379.0,189.0,576.0,1097.0,2.0,10.0,0.0,3.0,0.0,3.0
51003,2.8,3.0,97.1,92.9,2.1,2.0,5.9,22.2,6.6,4.9,34.1,0.5,0.2,9.4,40.5,114919.0,39.7,14.2,13.1,61.1,7.7,104392.0,Albemarle,VA,Virginia,2023.0,Crude prevalence,10.0,88.5,5.2,10.2,5.7,28.2,19.4,14.3,11.1,79.7,9.0,2.9,6.4,51.0,29.0,112395.0,2251.0,2100.0,27556.0,675.0,1058.0,11653.0,412.0,716.0,18.0,6.0,2.0,3.0,0.0,0.0
51005,2.9,7.5,87.9,82.8,1.1,2.3,6.6,22.9,19.3,6.0,17.7,0.1,0.1,12.0,31.2,14859.0,48.3,44.5,20.9,14.6,11.6,56188.0,Alleghany,VA,Virginia,2023.0,Crude prevalence,11.0,87.6,9.9,15.1,9.2,39.0,28.4,17.5,16.4,80.6,16.6,4.6,8.8,51.0,6.0,15223.0,384.0,520.0,1155.0,157.0,244.0,66.0,122.0,200.0,1.0,6.0,0.0,0.0,0.0,0.0
51007,6.0,7.5,91.7,84.2,2.2,3.2,7.7,40.1,6.8,1.6,17.5,0.9,3.3,13.8,29.6,13462.0,44.7,38.7,22.3,18.6,9.7,76717.0,Amelia,VA,Virginia,2023.0,Crude prevalence,11.4,86.6,9.7,16.6,8.5,39.3,30.3,18.0,16.6,80.1,17.7,4.8,10.3,51.0,3.0,13265.0,88.0,727.0,1006.0,80.0,683.0,0.0,66.0,598.0,0.0,2.0,0.0,0.0,0.0,0.0
51009,4.0,6.4,90.8,84.5,2.7,3.1,6.8,24.9,11.6,3.4,19.2,0.6,1.4,5.1,36.8,31485.0,43.4,36.1,18.9,24.7,10.8,68724.0,Amherst,VA,Virginia,2023.0,Crude prevalence,11.3,87.2,8.7,15.1,8.1,39.3,29.0,17.5,15.4,80.0,15.6,4.4,9.1,51.0,10.0,31307.0,436.0,1327.0,6226.0,301.0,999.0,1882.0,184.0,710.0,4.0,8.0,4.0,0.0,2.0,0.0
51011,2.7,4.8,92.2,83.5,3.1,4.1,6.6,26.7,11.0,3.9,24.2,0.8,0.2,9.7,22.9,16610.0,43.2,43.6,21.1,19.2,14.0,62853.0,Appomattox,VA,Virginia,2023.0,Crude prevalence,11.2,87.1,8.7,14.8,8.1,38.9,28.3,17.5,15.4,80.1,15.8,4.3,9.0,51.0,4.0,16119.0,256.0,1014.0,74.0,215.0,857.0,0.0,189.0,766.0,0.0,4.0,0.0,0.0,0.0,0.0
51013,2.9,1.9,98.2,95.2,2.5,2.1,5.3,26.2,8.2,15.2,58.7,2.2,1.7,8.8,31.3,236254.0,35.5,6.8,8.1,77.1,7.4,142114.0,Arlington,VA,Virginia,2023.0,Crude prevalence,9.0,88.2,3.2,8.0,3.8,25.3,14.8,13.4,8.8,76.5,7.0,1.9,6.4,51.0,71.0,238643.0,17046.0,4480.0,10194.0,111.0,20.0,5007.0,28.0,3.0,71.0,10.0,0.0,3.0,0.0,0.0
51015,3.0,5.1,93.0,86.0,1.5,1.2,6.6,23.8,6.1,4.3,19.8,1.5,0.4,4.5,39.7,78033.0,45.1,39.9,18.6,25.1,6.6,82049.0,Augusta,VA,Virginia,2023.0,Crude prevalence,10.4,87.4,8.1,13.2,7.6,40.8,25.7,16.9,14.7,80.0,14.5,3.8,8.6,51.0,18.0,77487.0,1332.0,1762.0,6411.0,981.0,1410.0,2239.0,653.0,1095.0,2.0,7.0,2.0,3.0,0.0,2.0
51017,7.6,8.4,85.4,79.7,0.7,0.9,2.5,19.0,43.6,4.1,28.7,2.0,0.0,0.0,25.5,4100.0,50.9,36.5,22.2,16.7,23.8,56184.0,Bath,VA,Virginia,2023.0,Crude prevalence,11.2,87.3,12.9,18.4,11.6,38.8,33.1,17.7,19.1,81.2,19.3,5.8,10.4,51.0,2.0,4209.0,75.0,188.0,855.0,71.0,178.0,478.0,69.0,174.0,0.0,2.0,1.0,0.0,0.0,0.0
51019,2.1,5.0,94.6,88.8,1.8,2.6,5.7,26.5,11.6,3.2,15.3,0.7,0.3,4.6,40.4,80894.0,47.2,29.4,20.9,33.7,8.1,78937.0,Bedford,VA,Virginia,2023.0,Crude prevalence,10.5,88.8,7.6,13.5,7.7,36.9,26.5,15.9,14.1,79.7,13.2,3.8,7.2,51.0,20.0,79462.0,1059.0,2164.0,10768.0,740.0,1666.0,3928.0,526.0,1247.0,4.0,12.0,2.0,1.0,1.0,0.0
51021,3.0,4.7,81.4,70.5,1.0,1.1,5.0,27.5,26.0,5.3,13.5,1.8,1.1,0.0,0.0,6199.0,48.1,44.4,21.8,18.4,13.6,61216.0,Bland,VA,Virginia,2023.0,Crude prevalence,10.4,87.2,8.8,13.8,8.3,36.5,26.5,16.8,15.4,79.1,16.0,4.1,9.0,51.0,2.0,6270.0,126.0,119.0,1289.0,121.0,114.0,0.0,115.0,109.0,0.0,1.0,1.0,0.0,0.0,0.0
51023,2.3,3.4,91.8,88.1,1.4,1.4,5.0,24.3,12.3,3.7,14.5,0.6,0.3,10.5,22.4,34004.0,48.1,36.0,18.0,28.5,6.2,81213.0,Botetourt,VA,Virginia,2023.0,Crude prevalence,10.4,89.1,7.6,13.0,7.6,35.1,24.0,15.7,14.1,80.6,13.0,3.7,7.2,51.0,9.0,33596.0,495.0,427.0,12088.0,420.0,348.0,5203.0,324.0,236.0,3.0,4.0,1.0,1.0,0.0,1.0
51025,6.9,10.7,88.3,80.2,1.7,9.6,5.5,30.3,18.6,6.5,25.6,1.1,0.0,12.6,32.7,15841.0,44.7,38.5,19.9,16.6,14.9,53084.0,Brunswick,VA,Virginia,2023.0,Crude prevalence,11.7,85.9,9.6,18.2,8.6,43.4,33.9,18.2,16.6,80.9,17.9,5.4,12.3,51.0,6.0,15849.0,422.0,1287.0,32.0,331.0,1081.0,0.0,286.0,945.0,0.0,5.0,0.0,1.0,0.0,1.0
51027,8.7,12.7,86.7,77.2,1.3,2.0,4.8,30.1,27.0,5.5,16.9,1.3,0.7,1.1,65.5,19415.0,47.8,44.0,15.5,11.5,25.2,42886.0,Buchanan,VA,Virginia,2023.0,Crude prevalence,11.6,84.9,13.0,17.4,10.6,38.9,34.4,19.6,19.4,79.7,21.6,5.4,11.7,51.0,7.0,20355.0,416.0,2056.0,173.0,331.0,1666.0,0.0,266.0,1367.0,0.0,7.0,0.0,0.0,0.0,0.0
51029,5.2,8.8,86.8,76.4,2.2,2.0,9.2,43.0,13.9,6.8,22.7,1.6,0.6,4.3,42.9,16976.0,44.1,45.7,18.5,14.5,12.5,60828.0,Buckingham,VA,Virginia,2023.0,Crude prevalence,11.3,85.9,9.3,16.6,8.3,43.6,30.9,18.1,16.4,79.7,18.4,4.8,11.2,51.0,4.0,16824.0,425.0,1065.0,1061.0,398.0,973.0,229.0,357.0,826.0,0.0,4.0,1.0,2.0,0.0,2.0
51031,3.6,6.3,92.1,86.0,2.2,4.0,4.7,23.3,12.9,4.7,25.1,1.3,0.2,11.7,22.1,55312.0,43.6,34.0,20.7,26.1,10.8,66165.0,Campbell,VA,Virginia,2023.0,Crude prevalence,11.1,87.3,8.4,14.2,7.8,35.6,27.0,17.2,14.9,80.1,15.3,4.1,8.7,51.0,12.0,55696.0,1045.0,2735.0,11406.0,702.0,1891.0,3243.0,443.0,1210.0,5.0,9.0,3.0,3.0,1.0,2.0
51033,3.7,6.8,93.9,86.3,3.5,2.9,6.9,37.2,7.2,3.5,17.7,1.1,0.2,3.9,43.6,32098.0,38.9,40.1,18.8,21.8,11.2,87407.0,Caroline,VA,Virginia,2023.0,Crude prevalence,11.1,86.9,7.4,14.0,6.7,41.9,27.9,17.4,14.4,79.1,15.2,3.9,10.1,51.0,9.0,30887.0,419.0,1605.0,39.0,322.0,1277.0,0.0,283.0,1123.0,0.0,3.0,0.0,0.0,0.0,0.0
51035,4.5,10.0,89.2,82.9,3.0,1.5,9.0,27.3,24.7,5.7,22.9,1.2,0.0,2.5,32.6,29157.0,49.4,38.4,18.0,16.9,15.3,54484.0,Carroll,VA,Virginia,2023.0,Crude prevalence,11.1,87.2,11.1,15.9,9.9,41.4,30.5,17.8,17.7,80.5,17.9,4.9,10.0,51.0,10.0,29155.0,716.0,1903.0,140.0,600.0,1629.0,0.0,509.0,1378.0,0.0,10.0,0.0,3.0,0.0,3.0
51036,2.8,9.3,89.8,74.5,2.3,1.7,4.5,34.5,11.0,5.9,13.7,0.1,0.3,3.2,40.8,6627.0,52.6,42.7,20.8,17.3,9.4,75417.0,Charles City,VA,Virginia,2023.0,Crude prevalence,11.8,89.1,9.5,19.4,9.1,42.1,31.9,16.8,16.8,83.0,16.6,5.6,9.5,51.0,3.0,6773.0,171.0,309.0,31.0,164.0,296.0,0.0,152.0,275.0,0.0,1.0,0.0,0.0,0.0,0.0
51037,4.9,11.8,85.6,75.4,1.3,1.8,6.4,32.2,21.2,6.5,25.3,2.5,0.0,9.4,41.9,11422.0,44.5,33.3,19.3,20.0,18.9,58000.0,Charlotte,VA,Virginia,2023.0,Crude prevalence,11.9,86.4,11.5,18.6,9.9,42.6,33.5,18.6,18.4,81.4,19.2,5.6,11.2,51.0,4.0,11529.0,304.0,990.0,334.0,228.0,814.0,0.0,195.0,725.0,0.0,4.0,0.0,1.0,0.0,1.0
51041,3.1,3.9,97.8,95.3,3.1,1.5,6.5,26.4,3.8,3.4,23.3,1.3,0.3,10.3,41.9,377869.0,39.0,21.7,18.7,43.8,7.1,101931.0,Chesterfield,VA,Virginia,2023.0,Crude prevalence,10.6,88.6,5.6,12.4,5.6,36.4,22.6,16.1,12.4,79.3,11.5,3.1,8.2,51.0,75.0,364548.0,4819.0,9081.0,194724.0,2559.0,4505.0,101355.0,1402.0,2299.0,67.0,21.0,14.0,7.0,3.0,6.0
51043,3.1,4.0,96.5,89.2,1.6,0.9,5.3,32.2,10.1,3.2,18.5,1.7,0.1,7.8,59.8,15216.0,48.4,26.1,19.9,39.8,7.0,117111.0,Clarke,VA,Virginia,2023.0,Crude prevalence,10.1,89.6,6.8,12.2,7.1,32.8,22.9,14.9,13.3,80.6,11.7,3.5,7.4,51.0,4.0,14783.0,187.0,165.0,845.0,110.0,71.0,0.0,101.0,62.0,0.0,0.0,0.0,0.0,0.0,0.0
51045,2.3,10.5,93.9,86.9,1.1,2.7,3.1,36.1,27.6,4.7,16.3,5.3,0.0,0.0,39.2,4856.0,46.3,37.5,20.3,19.2,13.7,69057.0,Craig,VA,Virginia,2023.0,Crude prevalence,10.7,88.0,9.4,14.3,8.7,36.5,26.6,16.7,16.0,80.1,15.6,4.3,8.4,51.0,1.0,4892.0,82.0,169.0,1545.0,68.0,140.0,484.0,65.0,133.0,0.0,0.0,0.0,0.0,0.0,0.0
51047,5.2,6.9,95.0,91.8,1.7,2.2,11.9,35.9,4.3,3.9,25.0,3.0,0.7,14.1,31.8,54397.0,39.1,31.8,19.3,27.3,7.9,100049.0,Culpeper,VA,Virginia,2023.0,Crude prevalence,10.6,87.2,7.0,12.8,6.6,38.5,25.9,16.7,13.9,78.6,13.7,3.5,10.4,51.0,10.0,52552.0,733.0,1849.0,9134.0,353.0,1114.0,3679.0,243.0,808.0,4.0,7.0,3.0,2.0,3.0,0.0
51049,5.9,7.7,85.4,79.9,2.0,0.5,4.0,38.3,15.3,7.4,24.1,2.0,0.4,3.4,23.4,9818.0,43.5,34.7,19.0,20.9,8.5,55325.0,Cumberland,VA,Virginia,2023.0,Crude prevalence,11.4,88.1,8.8,16.1,8.4,39.5,28.6,17.2,15.6,80.7,15.4,4.7,9.2,51.0,3.0,9675.0,297.0,850.0,563.0,285.0,828.0,0.0,256.0,780.0,0.0,3.0,0.0,1.0,0.0,1.0
51051,5.5,9.6,89.2,83.5,1.0,3.0,4.3,28.9,19.4,6.6,23.9,0.3,0.0,12.0,36.1,13733.0,46.1,44.5,20.7,10.1,17.3,47254.0,Dickenson,VA,Virginia,2023.0,Crude prevalence,11.3,85.3,12.6,16.9,10.6,39.1,34.0,19.3,19.1,79.4,20.6,5.3,11.1,51.0,4.0,14124.0,389.0,1376.0,495.0,311.0,1108.0,0.0,255.0,897.0,0.0,4.0,0.0,1.0,0.0,1.0
51053,3.9,5.3,94.3,87.7,2.8,2.2,6.0,31.2,11.0,4.4,20.4,1.7,0.2,4.0,39.1,28191.0,43.1,37.3,23.1,19.4,11.7,83704.0,Dinwiddie,VA,Virginia,2023.0,Crude prevalence,11.3,88.0,7.4,14.7,7.0,40.7,27.9,17.4,14.5,80.6,14.6,4.1,8.7,51.0,9.0,27947.0,472.0,1587.0,6406.0,399.0,1362.0,3365.0,317.0,1090.0,2.0,4.0,0.0,2.0,0.0,2.0
51057,5.8,9.3,86.3,81.2,1.9,1.2,8.8,38.5,23.5,6.4,28.3,0.4,0.3,6.1,46.8,10623.0,47.1,42.0,21.7,16.6,12.3,56520.0,Essex,VA,Virginia,2023.0,Crude prevalence,11.8,88.0,9.8,18.0,8.9,42.6,31.2,17.7,16.9,82.3,16.9,5.2,10.3,51.0,3.0,10599.0,284.0,571.0,2030.0,231.0,481.0,22.0,181.0,396.0,0.0,2.0,1.0,2.0,0.0,1.0
51059,3.9,2.9,98.4,96.4,2.9,1.6,7.1,28.9,3.7,4.8,31.4,1.9,1.3,9.3,36.3,1147837.0,39.1,11.9,11.1,65.0,5.9,153637.0,Fairfax,VA,Virginia,2023.0,Crude prevalence,9.1,89.5,4.1,10.7,5.0,24.0,19.4,12.2,10.3,77.8,8.1,2.5,7.4,51.0,274.0,1150309.0,19850.0,17970.0,382853.0,4124.0,3477.0,140672.0,1032.0,911.0,269.0,39.0,14.0,27.0,5.0,10.0
51061,3.1,4.5,96.1,92.3,1.9,0.8,6.2,35.8,6.6,3.5,21.2,1.0,0.5,7.4,32.9,74577.0,41.2,24.3,19.6,41.7,6.8,130189.0,Fauquier,VA,Virginia,2023.0,Crude prevalence,10.1,88.6,6.0,11.6,6.2,32.7,21.2,15.3,12.6,79.3,11.5,3.1,8.1,51.0,20.0,72972.0,924.0,1288.0,19781.0,673.0,1085.0,13510.0,550.0,933.0,5.0,4.0,0.0,0.0,0.0,0.0
51063,3.6,5.3,88.6,84.7,2.1,1.8,7.3,30.3,16.9,5.3,16.1,0.3,0.7,12.8,24.8,15593.0,48.1,36.0,18.1,24.4,9.8,62191.0,Floyd,VA,Virginia,2023.0,Crude prevalence,10.6,88.2,8.6,13.5,8.3,32.7,26.2,16.3,15.1,80.1,15.0,4.1,8.0,51.0,5.0,15476.0,352.0,534.0,175.0,318.0,473.0,0.0,286.0,423.0,0.0,4.0,0.0,1.0,0.0,1.0
51065,1.5,4.8,97.4,93.8,2.5,2.1,6.7,32.0,10.1,4.0,11.3,0.2,0.0,2.8,37.0,28092.0,43.5,25.5,22.3,37.3,7.7,96768.0,Fluvanna,VA,Virginia,2023.0,Crude prevalence,10.9,89.1,6.8,12.6,6.7,39.1,22.9,16.0,13.5,80.8,12.5,3.5,7.3,51.0,5.0,27249.0,408.0,685.0,7654.0,367.0,647.0,2601.0,280.0,569.0,2.0,1.0,0.0,1.0,0.0,1.0
51067,3.0,5.7,89.7,83.4,1.3,4.2,6.8,30.2,19.0,4.5,21.5,1.5,0.1,4.7,26.6,55130.0,48.4,34.2,22.8,25.1,12.7,68849.0,Franklin,VA,Virginia,2023.0,Crude prevalence,11.1,88.0,9.2,15.1,8.7,34.8,27.3,16.6,15.6,80.7,15.0,4.4,8.6,51.0,16.0,54477.0,1040.0,2939.0,3566.0,813.0,2376.0,461.0,626.0,1905.0,2.0,9.0,2.0,2.0,0.0,2.0
51069,3.8,6.3,94.0,90.9,2.7,1.6,6.4,32.4,5.1,3.3,20.7,1.6,0.1,11.1,33.0,95008.0,40.8,30.1,20.1,31.9,6.8,97606.0,Frederick,VA,Virginia,2023.0,Crude prevalence,10.3,87.8,6.8,11.8,6.6,37.5,24.1,16.1,13.4,79.0,13.0,3.4,9.4,51.0,19.0,91419.0,1175.0,2070.0,19169.0,800.0,1321.0,5892.0,563.0,953.0,8.0,2.0,2.0,3.0,1.0,3.0
51071,3.5,4.7,88.3,83.1,1.2,1.6,6.5,28.6,19.7,7.1,21.1,1.0,0.3,3.0,29.2,16557.0,45.4,42.3,20.6,17.6,9.3,65691.0,Giles,VA,Virginia,2023.0,Crude prevalence,10.8,87.1,8.9,13.8,8.1,36.1,27.1,17.5,15.4,78.9,16.0,4.1,8.6,51.0,4.0,16787.0,478.0,741.0,699.0,317.0,434.0,0.0,258.0,337.0,0.0,3.0,0.0,2.0,0.0,2.0
51073,2.0,6.3,94.6,89.0,1.7,1.3,4.9,34.8,11.8,2.1,19.6,0.5,0.0,7.5,30.2,39526.0,44.8,34.4,23.2,25.3,5.2,84306.0,Gloucester,VA,Virginia,2023.0,Crude prevalence,10.7,88.6,7.4,12.8,7.1,35.8,23.8,16.2,14.2,80.1,13.5,3.6,7.8,51.0,9.0,38711.0,318.0,1089.0,1333.0,234.0,740.0,165.0,179.0,534.0,1.0,3.0,0.0,0.0,0.0,0.0
51075,1.4,3.1,97.7,93.5,0.9,1.0,2.6,29.9,7.7,2.4,15.1,1.8,0.1,3.8,29.9,26410.0,50.5,22.9,18.5,45.8,5.1,118931.0,Goochland,VA,Virginia,2023.0,Crude prevalence,10.1,90.9,6.1,12.2,6.8,33.0,20.9,13.8,12.2,81.5,10.1,3.4,6.0,51.0,6.0,24727.0,253.0,383.0,244.0,241.0,370.0,0.0,220.0,340.0,0.0,1.0,0.0,0.0,0.0,0.0
51077,4.3,10.0,86.9,81.1,1.7,4.0,7.6,28.1,29.3,5.4,19.6,0.5,0.6,3.3,49.2,15287.0,48.4,39.7,16.7,15.5,16.5,47730.0,Grayson,VA,Virginia,2023.0,Crude prevalence,11.2,86.0,12.1,17.5,10.4,41.1,33.9,18.3,18.6,80.1,19.8,5.3,11.5,51.0,5.0,15333.0,344.0,1036.0,985.0,307.0,928.0,0.0,276.0,837.0,0.0,5.0,1.0,1.0,0.0,1.0
51079,3.3,5.3,96.8,91.7,1.2,0.8,6.8,32.3,9.3,3.0,16.6,2.3,0.2,11.0,21.9,21155.0,40.3,32.6,18.0,31.5,13.7,89808.0,Greene,VA,Virginia,2023.0,Crude prevalence,10.7,87.4,7.6,12.7,7.1,37.8,25.8,16.7,14.4,78.9,14.2,3.6,9.0,51.0,4.0,20552.0,240.0,728.0,480.0,188.0,598.0,0.0,147.0,472.0,0.0,2.0,0.0,1.0,0.0,1.0
51081,6.5,12.6,94.1,87.4,2.6,6.1,4.6,28.6,20.5,5.9,33.7,1.9,0.9,11.6,36.5,11275.0,39.8,41.1,18.3,14.7,14.3,54668.0,Greensville,VA,Virginia,2023.0,Crude prevalence,11.2,84.3,8.4,17.1,7.5,45.3,31.6,18.4,15.7,79.2,19.2,4.8,13.0,51.0,3.0,11391.0,190.0,496.0,48.0,156.0,409.0,0.0,127.0,338.0,0.0,1.0,0.0,1.0,0.0,1.0
51083,6.9,9.2,82.0,71.2,2.2,3.6,6.8,24.8,22.0,7.5,25.4,1.2,0.1,12.0,38.5,33639.0,46.5,34.8,20.8,19.7,17.3,52013.0,Halifax,VA,Virginia,2023.0,Crude prevalence,11.8,87.1,11.2,19.3,10.0,40.2,33.7,17.9,17.9,81.1,18.4,5.9,11.2,51.0,11.0,34022.0,1027.0,2815.0,2556.0,736.0,2114.0,497.0,548.0,1579.0,2.0,10.0,2.0,4.0,0.0,2.0
51085,2.2,3.4,96.4,92.3,1.8,2.2,4.4,26.9,4.3,3.0,17.9,0.8,0.1,5.9,38.6,112879.0,42.7,24.1,19.5,42.7,5.7,112805.0,Hanover,VA,Virginia,2023.0,Crude prevalence,10.1,88.8,6.1,11.6,6.1,32.9,21.4,15.0,12.4,79.2,11.8,3.2,6.6,51.0,25.0,109979.0,1260.0,2238.0,31597.0,683.0,1232.0,14893.0,396.0,794.0,14.0,2.0,1.0,2.0,1.0,0.0
51087,2.9,3.8,96.1,92.6,2.6,1.6,6.3,22.6,5.2,5.8,35.5,1.2,0.5,10.0,41.7,335744.0,39.4,21.8,18.0,46.5,8.8,88783.0,Henrico,VA,Virginia,2023.0,Crude prevalence,10.6,88.5,5.7,12.3,5.7,32.8,21.4,15.5,12.0,80.3,11.4,3.3,7.8,51.0,85.0,334389.0,7993.0,11106.0,98909.0,1659.0,2128.0,41668.0,555.0,735.0,83.0,35.0,9.0,11.0,2.0,3.0
51089,6.2,10.0,87.3,75.3,2.1,4.5,6.3,25.3,17.2,5.5,24.8,1.6,0.2,9.6,38.0,49980.0,47.7,34.8,20.9,15.5,16.0,50760.0,Henry,VA,Virginia,2023.0,Crude prevalence,11.7,87.0,11.0,18.0,9.8,41.9,33.1,18.1,18.0,81.6,17.8,5.4,11.2,51.0,14.0,50948.0,1148.0,3613.0,10646.0,720.0,2465.0,3704.0,386.0,1470.0,5.0,13.0,5.0,4.0,3.0,2.0
51091,3.6,7.6,84.7,77.0,6.2,0.6,3.9,27.4,46.2,5.1,11.1,0.0,0.5,8.1,46.8,2296.0,56.5,39.1,12.1,30.8,9.5,65625.0,Highland,VA,Virginia,2023.0,Crude prevalence,10.0,91.2,9.3,15.2,9.9,33.0,25.6,13.9,15.1,83.5,12.8,4.6,7.3,51.0,1.0,2232.0,51.0,81.0,498.0,46.0,73.0,167.0,42.0,66.0,0.0,1.0,0.0,0.0,0.0,0.0
51093,1.9,6.0,92.2,85.5,2.4,1.9,4.7,29.5,8.0,4.2,19.9,1.0,0.0,10.8,32.3,39974.0,43.8,30.3,22.1,30.8,6.8,95241.0,Isle of Wight,VA,Virginia,2023.0,Crude prevalence,10.8,88.9,7.1,13.8,6.9,36.6,24.0,16.0,13.7,80.9,13.2,3.8,7.7,51.0,9.0,38606.0,668.0,1193.0,10237.0,439.0,867.0,5185.0,320.0,687.0,4.0,0.0,0.0,1.0,0.0,1.0
51095,1.6,3.2,97.1,95.2,1.5,1.4,4.7,26.6,7.9,4.0,23.3,0.4,0.3,7.1,48.2,81013.0,47.1,18.6,18.1,51.0,6.8,109985.0,James City,VA,Virginia,2023.0,Crude prevalence,10.3,90.9,6.2,12.5,7.1,32.1,21.1,13.9,12.4,82.6,9.7,3.5,6.5,51.0,17.0,78254.0,1268.0,2072.0,36764.0,658.0,1117.0,18422.0,263.0,440.0,13.0,3.0,3.0,4.0,0.0,2.0
51097,2.3,7.1,92.2,74.5,3.1,3.0,5.8,37.0,14.5,4.8,24.3,0.1,0.0,6.7,39.7,6695.0,49.3,42.5,21.8,18.6,17.9,70469.0,King and Queen,VA,Virginia,2023.0,Crude prevalence,11.4,87.9,9.6,17.0,8.9,40.7,29.8,17.2,16.4,81.3,16.4,4.9,9.5,51.0,2.0,6608.0,144.0,585.0,835.0,138.0,560.0,25.0,130.0,526.0,0.0,2.0,1.0,0.0,0.0,0.0
51099,2.9,5.0,95.7,91.0,2.4,1.7,3.3,37.2,5.1,2.6,23.8,2.2,0.2,5.1,42.0,27896.0,38.3,28.3,20.9,34.7,7.5,116884.0,King George,VA,Virginia,2023.0,Crude prevalence,10.7,87.3,6.1,11.6,5.8,36.1,23.1,16.7,12.8,78.5,13.1,3.2,8.2,51.0,6.0,26723.0,261.0,693.0,78.0,183.0,503.0,0.0,139.0,401.0,0.0,0.0,0.0,1.0,0.0,0.0
51101,2.2,4.6,92.9,78.4,1.6,0.6,5.3,36.4,4.9,4.3,11.1,0.2,0.0,27.8,44.6,18593.0,40.9,37.5,24.8,23.0,5.9,86056.0,King William,VA,Virginia,2023.0,Crude prevalence,10.9,87.4,6.7,12.2,6.3,34.9,23.8,17.1,13.6,78.6,13.8,3.4,7.9,51.0,4.0,17810.0,319.0,498.0,281.0,250.0,422.0,0.0,204.0,368.0,0.0,2.0,0.0,0.0,0.0,0.0
51103,2.4,10.5,85.3,78.5,4.5,1.5,6.5,27.5,23.9,4.4,18.5,0.8,0.0,10.5,27.3,10936.0,58.2,25.1,14.4,41.3,10.3,69713.0,Lancaster,VA,Virginia,2023.0,Crude prevalence,10.8,91.1,10.3,18.1,10.8,35.1,29.2,14.3,16.3,84.2,13.4,5.6,8.3,51.0,4.0,10919.0,249.0,566.0,65.0,219.0,469.0,0.0,198.0,425.0,0.0,2.0,0.0,1.0,0.0,0.0
51105,7.5,8.7,88.1,75.8,3.9,4.9,7.0,26.2,21.4,8.9,27.0,1.1,0.7,9.1,47.1,21900.0,45.5,37.9,21.9,14.1,28.8,41827.0,Lee,VA,Virginia,2023.0,Crude prevalence,11.5,84.4,12.6,17.3,10.2,42.3,34.0,19.4,19.2,79.2,21.2,5.2,12.0,51.0,7.0,22173.0,760.0,2407.0,343.0,525.0,1678.0,0.0,420.0,1358.0,0.0,6.0,0.0,1.0,0.0,1.0
51107,3.0,3.1,99.1,97.0,2.4,1.4,5.4,30.1,2.7,2.9,22.1,1.9,0.7,6.8,37.3,432998.0,38.2,11.8,12.1,64.6,4.2,181765.0,Loudoun,VA,Virginia,2023.0,Crude prevalence,8.9,89.6,3.7,9.5,4.2,28.1,19.0,13.0,9.9,79.1,8.4,2.2,6.8,51.0,75.0,420959.0,4178.0,4541.0,140129.0,1218.0,1424.0,61453.0,426.0,737.0,64.0,6.0,0.0,8.0,0.0,2.0
51109,3.8,6.2,94.7,86.5,3.7,2.2,5.4,35.7,15.3,3.2,17.8,1.5,0.4,6.4,50.2,39980.0,44.8,32.7,20.7,29.7,10.0,86689.0,Louisa,VA,Virginia,2023.0,Crude prevalence,10.9,88.0,8.1,14.1,7.5,36.7,25.4,16.6,14.9,80.1,14.9,4.0,8.6,51.0,9.0,37596.0,497.0,1774.0,102.0,451.0,1638.0,0.0,393.0,1446.0,0.0,3.0,0.0,0.0,0.0,0.0
51111,7.5,11.9,71.3,61.8,1.7,5.2,10.0,35.6,19.2,12.8,28.5,2.0,0.6,3.4,29.8,12016.0,44.6,39.6,22.9,11.6,15.9,54842.0,Lunenburg,VA,Virginia,2023.0,Crude prevalence,11.6,86.2,10.6,18.9,9.5,46.1,33.6,18.0,17.8,80.5,18.9,5.5,12.5,51.0,3.0,11936.0,611.0,1048.0,377.0,528.0,932.0,0.0,480.0,865.0,0.0,3.0,0.0,3.0,0.0,3.0
51113,3.6,7.2,94.8,85.2,2.6,5.1,5.0,29.0,10.7,2.3,22.2,1.5,0.3,2.5,36.7,14044.0,46.4,35.0,21.4,27.0,10.8,84323.0,Madison,VA,Virginia,2023.0,Crude prevalence,10.8,88.3,8.2,13.7,7.8,37.8,25.6,16.4,14.7,80.3,14.1,4.0,8.4,51.0,4.0,13837.0,127.0,581.0,94.0,107.0,521.0,0.0,85.0,443.0,0.0,0.0,0.0,0.0,0.0,0.0
51115,2.6,6.6,91.4,75.5,2.2,2.2,6.8,30.7,27.4,4.1,16.0,0.0,0.0,4.0,38.0,8540.0,55.0,31.1,24.5,28.4,7.8,75880.0,Mathews,VA,Virginia,2023.0,Crude prevalence,10.6,90.2,8.8,15.2,9.2,35.1,26.1,15.0,15.2,82.8,13.1,4.6,7.4,51.0,4.0,8533.0,164.0,255.0,205.0,157.0,239.0,0.0,145.0,218.0,0.0,2.0,0.0,0.0,0.0,0.0
51117,5.8,8.4,80.6,74.7,1.4,3.2,5.8,25.7,29.7,7.2,31.7,1.0,0.2,6.0,37.2,30516.0,49.2,33.1,21.2,20.7,16.3,57045.0,Mecklenburg,VA,Virginia,2023.0,Crude prevalence,11.4,88.1,10.3,18.6,9.6,41.2,31.3,16.7,17.0,82.3,16.3,5.4,10.1,51.0,12.0,30319.0,977.0,2281.0,3501.0,697.0,1558.0,1673.0,535.0,1227.0,2.0,8.0,1.0,3.0,1.0,3.0
51119,2.9,5.8,91.6,84.3,1.4,2.0,5.6,34.0,33.3,2.5,12.6,1.1,0.5,14.7,49.0,10847.0,55.5,29.0,21.4,33.8,7.3,75060.0,Middlesex,VA,Virginia,2023.0,Crude prevalence,10.6,90.7,9.3,16.5,9.8,37.8,27.2,14.6,15.6,83.9,13.1,5.0,7.7,51.0,4.0,10625.0,119.0,544.0,742.0,96.0,479.0,27.0,68.0,361.0,0.0,1.0,1.0,0.0,0.0,0.0
51121,1.6,2.6,96.1,91.4,1.7,1.4,4.8,18.2,13.6,6.4,44.7,1.3,0.7,6.7,45.4,99101.0,30.2,23.4,16.3,48.8,23.9,72715.0,Montgomery,VA,Virginia,2023.0,Crude prevalence,10.5,81.1,6.0,9.6,5.3,28.0,21.4,18.5,12.1,75.3,11.8,2.7,7.7,51.0,23.0,99721.0,2349.0,1782.0,20972.0,946.0,848.0,8575.0,506.0,517.0,16.0,14.0,6.0,5.0,3.0,4.0
51125,3.8,6.5,92.2,84.9,1.8,2.1,7.1,30.3,36.3,6.2,20.3,1.7,0.0,17.9,22.3,14732.0,51.3,26.7,19.5,36.3,12.5,72589.0,Nelson,VA,Virginia,2023.0,Crude prevalence,10.6,89.7,9.1,15.6,9.1,35.2,27.3,15.2,15.2,82.3,13.7,4.6,8.3,51.0,5.0,14775.0,396.0,728.0,1869.0,359.0,659.0,82.0,330.0,609.0,0.0,2.0,1.0,1.0,0.0,1.0
51127,1.0,4.9,95.6,91.4,1.5,1.4,4.4,33.2,5.4,1.0,7.4,0.0,0.0,7.7,31.2,25105.0,42.9,26.2,18.0,38.4,4.7,123314.0,New Kent,VA,Virginia,2023.0,Crude prevalence,10.6,88.6,6.1,11.9,6.1,35.1,21.5,15.8,12.5,79.1,12.3,3.2,7.2,51.0,4.0,22945.0,89.0,414.0,30.0,77.0,381.0,0.0,67.0,344.0,0.0,0.0,0.0,0.0,0.0,0.0
51131,3.9,8.8,91.3,85.5,1.7,0.4,10.1,25.3,28.0,9.5,33.9,1.5,0.0,4.9,34.1,12059.0,52.5,30.5,18.7,32.0,17.7,61632.0,Northampton,VA,Virginia,2023.0,Crude prevalence,11.1,89.6,9.9,18.5,9.8,39.5,31.2,15.5,16.4,83.1,14.4,5.4,10.0,51.0,4.0,12282.0,515.0,811.0,641.0,438.0,670.0,0.0,368.0,560.0,0.0,3.0,0.0,3.0,0.0,3.0
51133,4.3,6.2,89.3,81.1,1.6,1.0,6.6,32.8,37.6,4.1,13.9,0.4,1.2,2.9,40.2,12188.0,59.5,26.5,21.6,33.6,11.5,66480.0,Northumberland,VA,Virginia,2023.0,Crude prevalence,10.6,91.6,9.0,16.8,9.9,36.0,26.2,13.8,15.1,84.5,12.0,5.0,7.6,51.0,4.0,11839.0,230.0,371.0,77.0,215.0,343.0,0.0,197.0,309.0,0.0,2.0,0.0,0.0,0.0,0.0
51135,5.6,8.8,77.7,73.1,1.3,2.9,10.3,28.5,16.9,7.9,33.4,1.4,0.4,12.3,34.7,15597.0,41.5,41.9,22.7,14.1,18.5,63261.0,Nottoway,VA,Virginia,2023.0,Crude prevalence,11.4,85.2,8.9,16.7,7.9,43.5,30.9,18.3,16.0,79.7,18.0,4.7,11.7,51.0,5.0,15642.0,442.0,852.0,199.0,325.0,550.0,0.0,266.0,440.0,0.0,4.0,0.0,2.0,0.0,2.0
51137,3.1,5.5,94.7,93.1,2.0,2.0,6.0,37.0,7.9,4.3,21.3,1.3,0.7,9.0,30.5,37822.0,42.1,35.7,18.6,29.6,9.8,94008.0,Orange,VA,Virginia,2023.0,Crude prevalence,10.7,88.1,7.4,12.9,7.1,37.1,25.0,16.6,14.1,80.5,13.7,3.7,8.7,51.0,8.0,36254.0,641.0,1126.0,12419.0,501.0,909.0,7791.0,378.0,752.0,3.0,3.0,1.0,3.0,1.0,2.0
51139,5.6,11.3,86.0,80.5,3.1,2.1,8.0,34.7,17.1,7.8,28.2,0.5,0.0,5.7,33.8,23727.0,45.4,44.7,17.5,15.2,11.3,57037.0,Page,VA,Virginia,2023.0,Crude prevalence,11.0,86.7,9.5,14.1,8.4,34.6,29.1,17.9,16.3,79.1,17.0,4.2,9.5,51.0,6.0,23709.0,774.0,1345.0,224.0,650.0,1061.0,0.0,551.0,897.0,0.0,6.0,0.0,3.0,0.0,3.0
51141,6.3,9.2,87.8,82.6,1.3,3.4,5.4,31.4,22.4,4.9,23.1,0.8,0.3,13.7,29.6,17512.0,51.8,35.9,20.8,15.1,11.7,53038.0,Patrick,VA,Virginia,2023.0,Crude prevalence,11.0,87.9,11.0,16.4,10.1,39.9,30.3,17.2,17.6,80.5,17.2,5.1,9.8,51.0,6.0,17608.0,384.0,980.0,135.0,326.0,839.0,0.0,256.0,688.0,0.0,6.0,0.0,1.0,0.0,0.0
51143,4.8,9.3,86.9,78.0,2.4,8.2,5.7,27.1,15.0,5.2,21.3,0.6,0.2,7.3,40.7,59856.0,48.1,40.7,19.3,16.1,14.6,54085.0,Pittsylvania,VA,Virginia,2023.0,Crude prevalence,11.3,87.0,10.8,17.5,9.5,41.6,33.3,17.5,17.4,81.4,18.1,5.2,10.2,51.0,19.0,60501.0,1297.0,3733.0,2365.0,1079.0,3103.0,920.0,858.0,2475.0,1.0,18.0,0.0,4.0,0.0,4.0
51145,2.4,6.1,96.0,90.9,2.3,0.8,4.3,32.6,5.8,2.0,6.8,0.3,0.0,8.6,35.7,31555.0,45.8,27.8,19.4,35.0,4.6,110537.0,Powhatan,VA,Virginia,2023.0,Crude prevalence,10.5,89.0,6.7,12.1,6.7,36.4,22.6,15.8,13.4,80.0,12.8,3.4,7.1,51.0,6.0,30333.0,230.0,166.0,1653.0,226.0,162.0,0.0,200.0,146.0,0.0,0.0,0.0,0.0,0.0,0.0
51147,3.6,7.8,87.4,82.0,0.7,3.1,6.2,25.6,17.0,6.1,42.0,0.6,0.2,8.9,43.9,21996.0,32.6,34.3,19.7,27.3,20.9,56315.0,Prince Edward,VA,Virginia,2023.0,Crude prevalence,11.6,80.8,7.7,13.5,6.6,37.2,27.7,20.5,14.5,77.1,14.6,3.9,10.2,51.0,6.0,21849.0,464.0,1314.0,1247.0,263.0,1018.0,511.0,167.0,805.0,1.0,5.0,1.0,0.0,1.0,0.0
51149,3.0,6.0,95.8,92.6,2.4,2.0,5.3,23.9,4.5,3.3,25.7,2.1,0.3,13.6,31.2,43146.0,33.2,31.8,23.9,25.0,8.9,84897.0,Prince George,VA,Virginia,2023.0,Crude prevalence,10.7,83.4,5.9,11.5,5.4,38.4,24.9,18.4,12.7,76.5,13.8,3.1,10.9,51.0,7.0,43010.0,422.0,1425.0,13419.0,312.0,1092.0,4740.0,191.0,783.0,2.0,5.0,2.0,1.0,2.0,1.0
51153,5.8,4.1,98.5,96.4,3.4,1.9,10.0,36.4,3.1,2.6,25.7,2.7,0.9,9.8,41.1,488880.0,36.3,20.4,16.9,44.9,6.2,131402.0,Prince William,VA,Virginia,2023.0,Crude prevalence,9.8,88.0,4.7,11.4,4.8,34.3,23.1,14.9,11.6,79.3,11.1,2.7,10.4,51.0,93.0,482204.0,4012.0,9124.0,190669.0,1378.0,2939.0,72189.0,529.0,821.0,85.0,37.0,18.0,7.0,1.0,2.0
51155,2.8,5.5,90.5,81.7,1.7,2.5,5.5,23.5,15.2,4.6,26.6,1.1,0.1,7.3,35.2,33687.0,46.8,36.1,24.3,20.8,14.4,62028.0,Pulaski,VA,Virginia,2023.0,Crude prevalence,10.9,87.2,9.0,14.1,8.3,35.7,27.9,17.4,15.5,80.0,15.7,4.2,8.5,51.0,12.0,33800.0,664.0,2239.0,4192.0,267.0,1004.0,1900.0,171.0,693.0,3.0,8.0,2.0,1.0,1.0,0.0
51157,4.5,4.0,97.0,90.6,5.5,4.2,10.8,35.7,22.8,1.9,26.6,0.4,1.0,6.4,30.8,7427.0,50.6,34.6,16.3,33.3,10.3,83380.0,Rappahannock,VA,Virginia,2023.0,Crude prevalence,10.4,89.5,8.8,14.7,8.9,35.2,25.3,15.1,15.1,81.6,13.5,4.4,7.8,51.0,2.0,7348.0,56.0,161.0,3946.0,56.0,161.0,1705.0,56.0,161.0,0.0,2.0,2.0,0.0,2.0,0.0
51159,6.8,10.8,89.5,87.1,1.1,0.7,5.2,31.6,20.0,6.4,25.3,1.1,0.0,1.5,27.8,9095.0,43.8,37.2,14.8,16.9,7.7,66304.0,Richmond,VA,Virginia,2023.0,Crude prevalence,11.0,85.8,8.8,15.1,8.0,37.1,30.0,17.4,15.7,78.7,17.3,4.5,12.5,51.0,2.0,8923.0,202.0,335.0,186.0,173.0,286.0,0.0,117.0,198.0,0.0,1.0,0.0,1.0,0.0,0.0
51161,2.9,2.6,93.4,89.5,1.7,2.0,3.9,21.8,6.2,4.4,24.3,0.4,0.3,6.6,35.6,97023.0,43.5,29.1,19.1,37.1,7.3,83709.0,Roanoke,VA,Virginia,2023.0,Crude prevalence,10.3,88.7,6.8,12.0,6.9,34.4,22.7,15.8,13.3,80.7,11.9,3.4,7.2,51.0,22.0,96929.0,1741.0,2930.0,32371.0,770.0,1157.0,10868.0,340.0,532.0,16.0,7.0,2.0,5.0,0.0,3.0
51163,3.6,5.3,90.9,84.0,2.2,3.5,4.8,26.6,15.9,3.8,20.7,0.8,0.0,7.5,35.1,22531.0,49.8,33.5,18.5,32.8,7.5,65469.0,Rockbridge,VA,Virginia,2023.0,Crude prevalence,10.4,88.7,8.8,14.0,8.7,34.0,25.9,15.9,15.3,80.6,13.8,4.2,7.7,51.0,6.0,22650.0,364.0,1061.0,1449.0,284.0,871.0,7.0,234.0,746.0,0.0,4.0,1.0,1.0,0.0,0.0
51165,5.1,7.5,92.0,86.8,1.7,1.5,10.6,22.2,10.6,4.8,24.7,0.8,0.4,9.0,34.3,85600.0,40.1,35.6,15.7,29.0,9.8,80693.0,Rockingham,VA,Virginia,2023.0,Crude prevalence,10.6,86.5,7.7,12.3,7.2,33.1,25.9,17.0,14.5,78.8,13.9,3.6,9.7,51.0,22.0,83757.0,1583.0,1941.0,12962.0,1115.0,1447.0,7919.0,829.0,1168.0,4.0,10.0,1.0,4.0,1.0,4.0
51167,7.5,9.7,85.8,72.7,1.6,2.1,4.7,30.0,16.4,5.2,23.7,0.4,0.2,7.9,28.8,25538.0,46.7,39.6,18.6,13.1,16.7,50012.0,Russell,VA,Virginia,2023.0,Crude prevalence,11.5,86.1,11.4,15.7,9.5,39.6,31.3,18.6,18.1,79.2,19.0,4.8,10.0,51.0,9.0,25781.0,554.0,2331.0,175.0,440.0,1884.0,0.0,375.0,1600.0,0.0,9.0,0.0,0.0,0.0,0.0
51169,7.3,7.9,86.1,77.7,1.3,3.7,5.9,29.0,22.5,7.6,23.0,1.5,0.2,10.0,40.6,21479.0,47.7,36.7,21.5,15.6,20.2,46349.0,Scott,VA,Virginia,2023.0,Crude prevalence,11.3,86.2,11.6,16.4,10.1,38.3,31.4,18.4,17.9,80.1,18.6,5.0,10.1,51.0,6.0,21576.0,691.0,2113.0,598.0,576.0,1606.0,0.0,498.0,1328.0,0.0,6.0,0.0,4.0,0.0,4.0
51171,4.1,6.1,91.4,86.5,2.9,2.5,7.4,28.5,16.0,5.0,26.7,1.1,0.5,10.7,25.2,44925.0,42.9,41.8,18.4,21.6,11.8,67191.0,Shenandoah,VA,Virginia,2023.0,Crude prevalence,10.9,86.8,9.1,14.1,8.3,36.2,28.8,17.4,15.7,79.4,15.9,4.2,10.4,51.0,11.0,44186.0,907.0,1852.0,5326.0,517.0,1063.0,1499.0,385.0,807.0,2.0,9.0,2.0,2.0,2.0,0.0
51173,4.7,8.5,88.6,80.2,1.5,3.1,5.5,22.2,16.1,6.5,29.0,1.2,0.5,9.7,34.8,29420.0,46.4,40.1,17.5,16.8,16.8,49883.0,Smyth,VA,Virginia,2023.0,Crude prevalence,11.4,85.9,10.9,15.4,9.3,38.1,30.7,18.7,17.6,79.4,18.3,4.7,9.9,51.0,9.0,29800.0,818.0,2152.0,2398.0,504.0,1421.0,1061.0,386.0,1106.0,1.0,9.0,2.0,2.0,1.0,2.0
51175,4.2,8.5,92.4,85.5,3.0,7.6,4.9,33.1,12.1,5.4,23.9,1.2,0.2,13.8,32.3,17964.0,47.3,36.7,23.0,20.1,8.7,70795.0,Southampton,VA,Virginia,2023.0,Crude prevalence,11.1,88.5,8.0,15.9,7.8,38.4,27.2,16.7,14.9,81.3,15.0,4.5,8.7,51.0,6.0,17996.0,373.0,999.0,102.0,316.0,861.0,14.0,283.0,786.0,0.0,3.0,0.0,0.0,0.0,0.0
51177,3.7,5.6,97.6,95.5,3.4,1.5,6.6,37.7,5.3,2.9,19.9,1.4,0.4,9.1,43.3,146603.0,38.6,26.9,20.8,34.9,7.1,112738.0,Spotsylvania,VA,Virginia,2023.0,Crude prevalence,10.7,87.4,6.1,12.6,5.9,40.3,24.6,16.4,13.0,78.3,12.8,3.2,9.4,51.0,34.0,140032.0,1531.0,3489.0,50699.0,869.0,2138.0,22546.0,550.0,1373.0,22.0,19.0,12.0,4.0,5.0,1.0
51179,3.2,4.2,98.5,96.8,2.4,1.0,6.4,36.1,4.3,2.0,19.5,2.3,0.3,12.2,33.1,163466.0,36.3,21.1,19.5,43.8,4.7,137807.0,Stafford,VA,Virginia,2023.0,Crude prevalence,10.3,87.5,4.8,10.7,4.8,35.7,22.1,15.8,11.7,77.4,11.0,2.7,8.8,51.0,32.0,156927.0,1044.0,2299.0,75099.0,608.0,1290.0,37807.0,356.0,735.0,24.0,5.0,3.0,0.0,2.0,0.0
51181,2.6,6.0,90.7,80.0,3.0,2.6,3.1,41.8,18.0,4.7,20.5,1.0,0.2,12.9,30.6,6549.0,50.4,31.6,27.0,27.1,10.5,78041.0,Surry,VA,Virginia,2023.0,Crude prevalence,11.3,89.4,8.5,17.3,8.6,39.9,29.2,16.0,15.4,82.6,14.4,5.0,8.5,51.0,2.0,6561.0,134.0,266.0,30.0,123.0,245.0,0.0,116.0,229.0,0.0,0.0,0.0,0.0,0.0,0.0
51183,5.1,11.0,89.7,86.1,2.0,8.5,8.6,36.4,19.6,9.2,30.3,2.1,0.2,13.8,42.6,10765.0,40.8,40.7,19.4,16.5,11.6,63530.0,Sussex,VA,Virginia,2023.0,Crude prevalence,11.3,85.2,8.0,16.2,7.4,45.5,30.9,17.8,15.0,79.9,17.1,4.6,11.7,51.0,5.0,10829.0,347.0,715.0,680.0,207.0,466.0,246.0,160.0,381.0,0.0,3.0,1.0,1.0,0.0,1.0
51185,5.0,7.7,92.8,85.4,1.7,2.6,4.1,27.1,17.6,6.6,25.6,0.7,0.1,10.0,33.0,39624.0,45.0,39.0,21.1,16.6,18.5,47313.0,Tazewell,VA,Virginia,2023.0,Crude prevalence,11.4,85.7,10.9,15.9,9.3,40.4,31.0,18.7,17.6,80.1,18.1,4.7,10.0,51.0,13.0,40429.0,1067.0,2490.0,8159.0,613.0,1460.0,3635.0,434.0,1015.0,4.0,12.0,5.0,2.0,3.0,1.0
51187,3.9,6.9,95.8,91.5,3.0,3.5,9.0,37.8,10.1,4.8,24.1,2.4,0.4,12.7,29.5,41531.0,40.5,34.4,23.2,25.0,11.6,84682.0,Warren,VA,Virginia,2023.0,Crude prevalence,10.8,86.3,7.6,12.7,7.0,38.0,25.7,17.6,14.7,77.6,15.0,3.5,9.5,51.0,9.0,40727.0,741.0,1609.0,259.0,310.0,762.0,0.0,250.0,641.0,2.0,8.0,0.0,0.0,0.0,0.0
51191,3.2,6.4,90.5,83.8,1.6,2.5,6.7,24.1,13.5,4.6,24.2,0.8,0.3,6.3,24.1,53926.0,46.9,33.8,19.9,26.7,11.1,64552.0,Washington,VA,Virginia,2023.0,Crude prevalence,10.7,87.7,8.8,13.8,8.3,38.3,27.0,16.5,15.2,80.1,14.8,4.1,8.0,51.0,15.0,53935.0,1008.0,2816.0,7698.0,689.0,2039.0,3700.0,503.0,1528.0,4.0,12.0,3.0,3.0,2.0,2.0
51193,5.0,7.2,88.8,82.7,3.7,1.7,8.2,42.7,28.8,6.1,19.9,1.8,0.0,7.5,36.2,18826.0,47.7,40.9,17.1,22.5,14.0,63398.0,Westmoreland,VA,Virginia,2023.0,Crude prevalence,11.4,88.1,10.7,18.3,10.0,41.0,33.1,16.9,17.5,82.4,17.1,5.5,11.2,51.0,6.0,18477.0,498.0,1635.0,1748.0,400.0,1240.0,1000.0,345.0,1079.0,1.0,5.0,1.0,1.0,1.0,1.0
51195,6.5,12.5,92.1,84.4,3.8,2.8,6.5,24.6,16.4,9.1,25.8,1.1,0.0,6.9,28.4,35448.0,41.8,36.3,19.6,15.8,17.2,52943.0,Wise,VA,Virginia,2023.0,Crude prevalence,11.4,84.2,10.5,15.1,8.6,43.5,31.4,19.7,17.1,78.3,19.4,4.4,10.9,51.0,11.0,36130.0,1261.0,3135.0,7511.0,802.0,1965.0,4282.0,578.0,1408.0,3.0,11.0,3.0,4.0,3.0,3.0
51197,3.0,6.8,91.2,82.9,2.2,3.1,6.0,24.3,10.7,8.2,23.0,1.0,0.3,8.9,40.9,28188.0,46.0,37.8,21.8,19.4,15.2,57745.0,Wythe,VA,Virginia,2023.0,Crude prevalence,11.1,86.9,9.6,14.3,8.5,38.8,28.2,17.9,16.2,79.5,16.7,4.3,8.6,51.0,8.0,28290.0,1025.0,1651.0,2343.0,691.0,1122.0,1265.0,536.0,861.0,2.0,8.0,2.0,4.0,1.0,3.0
51199,1.4,3.4,97.5,94.6,2.4,1.4,3.6,23.2,5.4,3.8,28.4,0.2,0.2,9.0,40.5,71005.0,39.9,16.5,17.2,50.0,5.6,109956.0,York,VA,Virginia,2023.0,Crude prevalence,10.0,89.2,5.2,11.1,5.7,31.5,19.2,14.5,11.3,80.5,10.0,2.9,6.7,51.0,15.0,70045.0,1029.0,965.0,32178.0,526.0,520.0,13799.0,261.0,233.0,13.0,4.0,1.0,2.0,0.0,1.0
51510,3.9,3.1,97.6,94.1,2.5,1.6,8.8,28.4,5.9,11.4,57.9,2.0,2.6,9.6,35.7,156976.0,37.7,10.7,11.4,66.2,7.9,119681.0,Alexandria,VA,Virginia,2023.0,Crude prevalence,9.9,88.6,4.1,9.9,4.4,32.0,19.5,14.5,10.5,78.0,9.0,2.4,7.9,51.0,48.0,159467.0,8671.0,3899.0,4746.0,170.0,78.0,0.0,0.0,0.0,48.0,15.0,0.0,6.0,0.0,0.0
51520,2.8,6.8,88.3,74.8,3.5,5.0,11.0,17.9,16.4,11.7,36.4,1.3,0.1,5.9,35.3,16849.0,43.4,35.8,22.5,24.8,18.0,50404.0,Bristol,VA,Virginia,2023.0,Crude prevalence,11.3,86.2,10.0,14.8,8.7,39.2,29.6,18.3,16.6,79.6,17.2,4.5,9.6,51.0,5.0,17219.0,849.0,1599.0,2000.0,43.0,97.0,12.0,0.0,0.0,5.0,4.0,1.0,0.0,0.0,0.0
51530,4.2,7.9,91.2,86.6,0.8,3.6,4.3,17.4,13.4,8.5,43.5,2.4,1.1,6.6,42.6,6593.0,35.9,36.8,19.8,23.3,18.8,57833.0,Buena Vista,VA,Virginia,2023.0,Crude prevalence,11.5,82.9,8.8,12.9,7.5,37.0,27.8,19.8,15.6,77.4,15.8,3.9,10.0,51.0,2.0,6641.0,216.0,348.0,1591.0,46.0,80.0,57.0,1.0,3.0,2.0,2.0,2.0,0.0,0.0,0.0
51540,2.4,4.1,97.2,90.4,2.4,2.4,4.5,17.0,8.3,11.0,55.8,1.1,0.3,7.9,47.5,45437.0,33.1,15.0,10.4,62.5,19.6,74824.0,Charlottesville,VA,Virginia,2023.0,Crude prevalence,10.7,83.7,5.4,10.4,5.1,33.0,21.9,17.4,11.6,77.2,11.1,2.8,7.7,51.0,12.0,46553.0,2185.0,1967.0,3511.0,72.0,99.0,79.0,1.0,3.0,12.0,4.0,0.0,1.0,0.0,0.0
51550,2.2,3.7,96.3,92.6,3.1,1.8,5.8,25.8,3.3,5.0,25.6,0.8,0.7,9.2,47.8,252583.0,37.9,24.5,22.8,36.9,9.4,95373.0,Chesapeake,VA,Virginia,2023.0,Crude prevalence,11.0,87.7,5.9,12.8,5.6,40.1,22.7,16.5,12.7,80.5,12.5,3.2,8.3,51.0,61.0,249422.0,4681.0,6728.0,80244.0,919.0,1207.0,35186.0,373.0,399.0,57.0,20.0,2.0,8.0,1.0,3.0
51570,3.8,5.4,94.4,88.8,2.3,1.4,7.6,25.5,7.2,6.8,31.9,0.9,0.5,15.1,40.4,18352.0,38.2,32.0,20.8,28.0,7.9,76505.0,Colonial Heights,VA,Virginia,2023.0,Crude prevalence,10.8,87.7,6.7,12.3,6.4,37.4,25.1,16.6,13.4,79.5,12.8,3.4,8.7,51.0,5.0,18170.0,511.0,983.0,4680.0,23.0,84.0,2817.0,5.0,35.0,5.0,3.0,0.0,0.0,0.0,0.0
51580,4.2,9.5,89.4,82.3,1.3,3.8,7.0,17.1,15.1,6.0,29.9,0.1,0.0,5.7,41.1,5680.0,38.0,51.3,19.5,9.5,25.7,41944.0,Covington,VA,Virginia,2023.0,Crude prevalence,11.7,84.6,11.0,16.6,9.0,40.7,32.9,19.7,17.9,79.1,19.9,5.0,11.0,51.0,2.0,5737.0,155.0,470.0,2152.0,56.0,170.0,444.0,12.0,37.0,2.0,2.0,2.0,0.0,0.0,0.0
51590,4.2,8.7,89.2,78.7,3.0,16.6,8.0,20.3,14.8,13.6,52.2,1.7,0.5,8.4,36.2,42214.0,40.4,40.0,18.3,19.6,24.7,44423.0,Danville,VA,Virginia,2023.0,Crude prevalence,12.5,85.6,10.7,19.9,9.0,41.7,35.6,19.3,17.7,81.8,19.1,5.8,12.4,51.0,16.0,42590.0,2591.0,5197.0,5256.0,264.0,581.0,749.0,27.0,66.0,14.0,14.0,4.0,3.0,1.0,2.0
51595,5.8,13.6,92.6,88.4,1.6,15.3,4.7,23.2,20.9,12.5,61.9,3.3,0.0,5.9,41.4,5547.0,36.6,40.8,16.6,16.0,15.8,51899.0,Emporia,VA,Virginia,2023.0,Crude prevalence,12.8,86.5,10.1,20.0,8.8,44.4,36.4,19.1,17.6,82.4,18.6,5.9,13.3,51.0,2.0,5766.0,270.0,736.0,505.0,23.0,71.0,89.0,4.0,15.0,2.0,2.0,0.0,0.0,0.0,0.0
51600,4.7,4.6,99.3,96.7,2.3,2.2,8.5,28.0,1.7,5.9,30.1,4.2,1.4,8.7,42.3,25026.0,36.6,11.5,11.2,62.4,9.1,132348.0,Fairfax,VA,Virginia,2023.0,Crude prevalence,9.2,88.0,4.5,11.1,5.0,31.8,20.7,13.8,10.9,78.6,9.2,2.5,8.4,51.0,5.0,24146.0,544.0,286.0,2515.0,57.0,30.0,0.0,0.0,0.0,5.0,0.0,0.0,0.0,0.0,0.0
51610,3.5,1.1,99.3,98.3,3.6,0.7,1.7,28.7,4.7,6.2,47.5,1.0,1.0,8.8,34.3,14710.0,40.5,4.2,8.0,80.5,4.0,143262.0,Falls Church,VA,Virginia,2023.0,Crude prevalence,9.1,90.4,3.6,8.9,4.4,29.1,15.8,12.4,9.2,79.6,6.7,2.2,5.0,51.0,3.0,14658.0,390.0,97.0,0.0,0.0,0.0,0.0,0.0,0.0,3.0,0.0,0.0,0.0,0.0,0.0
51620,5.9,7.9,95.0,92.2,4.5,13.4,2.9,23.3,11.7,9.1,46.1,1.9,0.0,7.1,46.7,8250.0,38.3,32.6,19.9,27.3,19.3,63245.0,Franklin,VA,Virginia,2023.0,Crude prevalence,12.5,86.8,9.3,18.1,8.1,43.8,32.7,18.6,16.4,82.1,16.8,5.2,10.6,51.0,2.0,8180.0,314.0,983.0,2555.0,48.0,197.0,964.0,5.0,45.0,2.0,2.0,1.0,0.0,1.0,0.0
51630,4.6,3.2,96.4,92.9,3.5,1.3,7.7,31.9,5.6,9.6,60.3,4.2,0.1,11.3,37.5,28873.0,32.1,20.1,20.4,46.1,13.2,86071.0,Fredericksburg,VA,Virginia,2023.0,Crude prevalence,11.3,83.8,5.2,10.2,4.8,39.5,22.8,18.4,12.1,76.8,11.7,2.7,8.8,51.0,7.0,27982.0,1130.0,1249.0,4078.0,177.0,146.0,0.0,0.0,0.0,7.0,4.0,2.0,2.0,0.0,0.0
51640,5.2,10.4,90.2,88.2,2.9,2.8,6.8,22.6,14.0,8.4,43.7,0.8,2.2,11.8,39.3,6726.0,42.9,28.0,23.6,19.1,31.1,38675.0,Galax,VA,Virginia,2023.0,Crude prevalence,11.7,84.2,10.7,16.3,8.6,39.4,33.1,19.8,18.1,78.5,19.2,4.7,13.2,51.0,2.0,6720.0,233.0,610.0,2295.0,89.0,219.0,840.0,32.0,81.0,2.0,2.0,2.0,1.0,0.0,0.0
51650,2.4,4.6,96.6,93.0,3.8,2.6,7.0,22.5,7.2,7.6,43.1,1.4,0.7,9.0,48.3,137557.0,36.8,28.2,25.8,28.5,12.7,69621.0,Hampton,VA,Virginia,2023.0,Crude prevalence,11.8,86.4,6.9,15.0,6.4,40.3,26.4,18.0,13.9,81.3,14.1,4.1,9.7,51.0,36.0,137148.0,4413.0,9340.0,17875.0,322.0,676.0,3143.0,68.0,56.0,36.0,23.0,3.0,3.0,0.0,1.0
51660,8.4,7.3,96.1,85.9,4.2,2.4,10.5,17.1,7.0,6.5,60.5,2.4,1.0,6.4,39.9,51392.0,25.0,23.6,13.5,37.5,25.7,62254.0,Harrisonburg,VA,Virginia,2023.0,Crude prevalence,11.1,77.3,6.1,10.2,5.0,34.0,25.9,21.1,13.4,74.3,13.2,2.7,13.0,51.0,11.0,51814.0,1132.0,1900.0,5395.0,96.0,175.0,283.0,2.0,1.0,11.0,10.0,3.0,1.0,0.0,0.0
51670,4.5,6.8,92.6,86.1,5.7,1.8,7.9,26.0,11.4,11.7,42.1,1.9,0.2,9.8,43.6,22959.0,37.5,39.3,24.7,13.7,21.8,54729.0,Hopewell,VA,Virginia,2023.0,Crude prevalence,12.6,84.1,10.1,17.7,8.1,45.8,35.6,20.7,17.7,79.7,20.3,5.1,13.6,51.0,7.0,23033.0,1079.0,2321.0,2533.0,90.0,187.0,752.0,20.0,42.0,7.0,6.0,1.0,2.0,1.0,0.0
51678,1.9,7.0,98.0,93.4,0.3,7.5,5.3,12.7,22.1,12.6,46.2,1.0,0.4,8.9,38.4,7525.0,22.6,24.7,9.5,50.7,14.0,84517.0,Lexington,VA,Virginia,2023.0,Crude prevalence,10.7,79.3,4.7,7.8,4.4,29.1,19.5,19.6,10.7,74.7,9.2,2.3,7.4,51.0,2.0,7320.0,276.0,388.0,3088.0,103.0,149.0,742.0,41.0,53.0,2.0,1.0,1.0,1.0,0.0,1.0
51680,3.4,5.6,94.0,92.4,3.1,5.5,6.0,16.8,16.1,11.6,51.1,0.9,0.3,7.8,43.8,79497.0,28.6,24.8,20.0,38.5,18.6,57947.0,Lynchburg,VA,Virginia,2023.0,Crude prevalence,11.7,81.8,6.2,11.0,5.4,36.4,23.6,19.6,12.8,77.2,12.3,3.2,8.9,51.0,23.0,79009.0,3322.0,4361.0,20518.0,513.0,658.0,3175.0,74.0,54.0,23.0,21.0,11.0,6.0,0.0,2.0
51683,11.0,7.9,97.8,95.1,2.7,2.1,19.2,32.1,2.1,4.4,28.5,4.8,1.4,13.0,39.2,42976.0,34.8,27.8,14.0,32.7,7.7,113590.0,Manassas,VA,Virginia,2023.0,Crude prevalence,9.7,85.8,5.0,12.0,4.9,35.8,26.2,15.8,12.8,75.8,12.0,2.7,15.3,51.0,7.0,42772.0,623.0,899.0,3735.0,57.0,103.0,1660.0,27.0,48.0,7.0,4.0,0.0,1.0,0.0,0.0
51685,14.3,8.5,98.8,92.6,4.1,2.8,22.1,37.0,6.8,5.3,33.5,8.0,1.0,10.7,39.4,16798.0,36.5,25.7,18.2,26.9,5.1,103250.0,Manassas Park,VA,Virginia,2023.0,Crude prevalence,9.8,84.2,5.5,13.8,5.3,38.6,30.8,16.7,14.1,75.8,13.8,3.0,17.8,51.0,3.0,17219.0,274.0,525.0,1356.0,28.0,46.0,0.0,0.0,0.0,3.0,2.0,0.0,1.0,0.0,0.0
51690,5.7,5.6,91.2,86.0,1.7,5.2,8.3,21.3,18.8,9.7,44.6,1.2,0.0,8.5,31.2,13658.0,38.4,33.2,16.6,22.1,23.5,46727.0,Martinsville,VA,Virginia,2023.0,Crude prevalence,12.5,85.6,10.2,18.6,8.4,44.9,34.0,19.5,17.5,80.7,19.1,5.3,12.2,51.0,5.0,13485.0,556.0,1379.0,4946.0,103.0,372.0,1669.0,1.0,48.0,5.0,4.0,2.0,1.0,0.0,0.0
51700,3.0,5.0,95.6,91.6,3.5,2.5,8.3,23.1,7.2,9.8,51.8,1.3,0.9,10.1,41.1,184216.0,34.4,29.9,21.6,30.6,14.5,69634.0,Newport News,VA,Virginia,2023.0,Crude prevalence,11.6,85.3,6.5,13.5,5.9,40.8,28.1,18.1,13.6,79.3,14.1,3.6,10.3,51.0,47.0,186247.0,7439.0,11796.0,36455.0,564.0,1119.0,17482.0,91.0,276.0,47.0,31.0,5.0,5.0,1.0,1.0
51710,3.1,6.6,95.2,88.8,3.3,3.3,9.1,23.0,8.3,11.5,53.7,1.0,0.8,10.8,44.1,233596.0,32.7,24.7,23.8,33.5,16.5,66109.0,Norfolk,VA,Virginia,2023.0,Crude prevalence,11.1,83.5,6.3,12.7,5.5,40.3,26.1,18.8,13.2,78.7,13.7,3.4,10.8,51.0,80.0,238005.0,10943.0,16170.0,21515.0,378.0,693.0,4738.0,40.0,68.0,80.0,43.0,3.0,5.0,1.0,1.0
51720,2.9,2.9,90.2,80.1,1.8,3.9,10.3,20.0,9.0,10.7,50.0,1.4,0.0,3.7,37.7,3577.0,41.3,45.4,27.6,13.7,26.3,41495.0,Norton,VA,Virginia,2023.0,Crude prevalence,11.7,83.7,10.5,14.9,8.1,40.8,31.3,20.2,17.2,78.0,19.8,4.4,10.5,51.0,1.0,3687.0,171.0,477.0,1000.0,46.0,130.0,6.0,0.0,1.0,1.0,1.0,1.0,0.0,0.0,0.0
51730,5.1,8.1,92.9,85.5,6.2,2.4,6.5,25.7,16.2,14.8,61.4,0.4,1.9,8.2,42.9,33537.0,35.8,32.8,20.5,25.4,21.7,50698.0,Petersburg,VA,Virginia,2023.0,Crude prevalence,13.0,86.6,8.4,19.2,7.4,46.6,34.2,19.6,16.1,82.7,16.9,5.4,11.8,51.0,11.0,33458.0,2247.0,3428.0,4440.0,206.0,444.0,515.0,18.0,73.0,10.0,11.0,2.0,2.0,0.0,1.0
51735,0.5,2.0,98.0,95.7,2.0,1.2,2.3,27.2,4.9,1.0,15.4,1.0,0.0,13.1,53.3,12639.0,41.2,30.5,21.5,36.3,4.5,120972.0,Poquoson,VA,Virginia,2023.0,Crude prevalence,10.0,89.1,6.1,11.0,6.4,33.2,20.6,15.1,12.3,79.5,11.2,3.1,6.3,51.0,3.0,12460.0,46.0,91.0,9037.0,43.0,77.0,7263.0,40.0,69.0,3.0,0.0,0.0,0.0,0.0,0.0
51740,3.1,7.9,94.0,88.0,3.8,3.5,7.4,23.7,7.0,12.0,42.1,1.4,0.7,9.0,50.7,97190.0,35.9,30.9,24.2,24.3,17.3,60491.0,Portsmouth,VA,Virginia,2023.0,Crude prevalence,12.3,85.5,7.6,15.8,6.7,40.8,30.0,19.4,14.7,79.7,16.4,4.3,10.9,51.0,31.0,97915.0,4840.0,8008.0,15252.0,258.0,576.0,8173.0,129.0,256.0,31.0,24.0,3.0,2.0,1.0,1.0
51750,2.2,4.0,96.5,87.4,4.9,1.2,4.9,18.3,14.2,2.3,57.7,0.8,0.4,8.0,46.6,16726.0,23.3,21.8,24.1,37.9,28.7,57348.0,Radford,VA,Virginia,2023.0,Crude prevalence,12.0,75.8,6.6,9.2,4.9,34.4,24.8,23.4,13.4,74.0,14.0,2.6,9.2,51.0,4.0,16070.0,126.0,730.0,2868.0,15.0,136.0,440.0,3.0,39.0,4.0,3.0,1.0,0.0,0.0,0.0
51760,4.1,5.7,94.4,86.2,3.9,2.8,8.8,21.7,8.7,13.0,56.5,1.3,0.9,9.0,43.0,229359.0,34.7,21.3,18.0,45.6,18.2,64587.0,Richmond,VA,Virginia,2023.0,Crude prevalence,11.4,84.8,6.2,12.9,5.6,37.7,25.4,18.2,12.9,78.2,14.2,3.5,10.0,51.0,75.0,226610.0,13529.0,15789.0,13843.0,254.0,500.0,4480.0,37.0,70.0,75.0,41.0,4.0,11.0,0.0,1.0
51770,3.6,6.7,91.7,85.7,3.5,3.9,9.8,19.0,11.3,11.0,47.6,1.2,1.5,8.1,37.2,98355.0,38.3,32.4,19.6,30.0,18.3,55378.0,Roanoke,VA,Virginia,2023.0,Crude prevalence,11.5,85.9,8.4,15.1,7.4,42.0,30.0,18.1,15.3,78.2,16.5,4.3,10.7,51.0,25.0,100011.0,4789.0,7359.0,7719.0,353.0,411.0,270.0,15.0,19.0,25.0,19.0,1.0,5.0,0.0,3.0
51775,2.1,3.8,95.3,91.1,2.1,2.0,4.3,19.0,7.7,6.4,37.2,1.6,0.6,14.0,36.8,25618.0,40.0,29.5,20.0,33.0,10.2,66725.0,Salem,VA,Virginia,2023.0,Crude prevalence,10.8,86.5,7.1,12.0,6.7,35.2,24.0,17.2,13.6,78.8,13.0,3.4,7.7,51.0,5.0,25346.0,658.0,795.0,6518.0,168.0,196.0,1347.0,32.0,37.0,5.0,2.0,2.0,0.0,0.0,0.0
51790,2.1,4.0,92.6,86.3,3.1,4.6,6.4,20.5,8.8,8.1,39.1,0.4,0.8,6.4,39.2,25948.0,39.9,27.7,21.4,37.7,12.4,65581.0,Staunton,VA,Virginia,2023.0,Crude prevalence,11.0,87.5,7.5,12.9,7.0,36.4,25.1,17.1,14.1,79.6,13.5,3.7,8.1,51.0,7.0,25750.0,911.0,1467.0,5092.0,190.0,322.0,1450.0,60.0,92.0,7.0,4.0,4.0,1.0,1.0,1.0
51800,3.3,5.5,95.4,90.2,3.0,2.0,6.4,30.2,6.4,5.0,29.3,1.4,0.3,9.4,47.6,98796.0,38.7,25.2,23.3,33.3,9.4,92666.0,Suffolk,VA,Virginia,2023.0,Crude prevalence,11.6,88.0,6.3,13.7,5.9,42.5,25.9,16.9,13.3,80.8,13.2,3.6,8.5,51.0,36.0,94324.0,1911.0,3807.0,23065.0,720.0,1338.0,8754.0,404.0,766.0,21.0,13.0,2.0,2.0,1.0,1.0
51810,1.8,3.4,97.3,94.4,2.5,2.1,6.3,23.4,6.0,4.6,34.9,1.0,0.3,10.2,44.3,456349.0,37.9,22.0,21.6,40.9,8.6,92968.0,Virginia Beach,VA,Virginia,2023.0,Crude prevalence,10.6,87.4,5.6,12.3,5.7,36.7,22.3,16.3,12.2,80.1,11.9,3.1,8.1,51.0,111.0,459470.0,8299.0,11892.0,95787.0,975.0,1351.0,41045.0,323.0,453.0,106.0,41.0,1.0,9.0,0.0,1.0
51820,3.2,7.7,94.9,91.4,3.2,2.1,10.3,21.4,6.4,5.8,40.1,2.1,0.2,11.5,34.9,22841.0,38.3,35.0,19.6,25.7,11.2,59994.0,Waynesboro,VA,Virginia,2023.0,Crude prevalence,11.0,86.2,7.9,13.2,7.1,38.6,27.4,17.7,14.8,78.6,15.2,3.8,10.3,51.0,5.0,22196.0,568.0,1402.0,5018.0,137.0,348.0,1189.0,35.0,87.0,5.0,4.0,3.0,1.0,1.0,1.0
51830,2.9,3.6,98.6,92.1,3.3,1.4,6.2,19.5,13.4,6.5,46.8,0.2,0.0,7.4,55.9,15798.0,23.7,18.6,18.7,45.8,18.8,75604.0,Williamsburg,VA,Virginia,2023.0,Crude prevalence,11.0,81.2,5.3,9.4,5.1,31.1,21.0,19.0,11.5,76.5,9.7,2.7,7.8,51.0,3.0,15425.0,327.0,397.0,1707.0,42.0,39.0,280.0,7.0,5.0,3.0,2.0,0.0,0.0,0.0,0.0
51840,5.2,7.2,91.4,87.4,4.2,3.4,12.3,19.6,8.4,9.4,56.4,2.5,1.7,12.2,43.2,27913.0,36.8,30.4,19.3,31.3,21.5,63974.0,Winchester,VA,Virginia,2023.0,Crude prevalence,10.9,84.4,8.3,14.2,7.4,37.6,28.9,18.3,15.5,78.3,15.5,3.9,12.7,51.0,6.0,28120.0,1078.0,1340.0,2221.0,112.0,97.0,42.0,2.0,1.0,6.0,5.0,1.0,2.0,0.0,1.0
53001,24.5,9.6,93.1,90.0,2.2,2.4,16.0,22.2,9.2,6.4,30.7,10.1,1.5,9.0,37.8,20800.0,29.3,27.4,15.4,15.7,19.5,66136.0,Adams,WA,Washington,2023.0,Crude prevalence,10.6,77.0,6.9,13.3,6.8,37.6,29.8,18.3,16.8,67.3,14.0,3.8,24.0,53.0,7.0,20613.0,402.0,1188.0,2346.0,102.0,531.0,834.0,84.0,440.0,2.0,7.0,3.0,0.0,0.0,0.0
53003,2.4,5.4,95.3,87.5,2.7,3.8,6.0,15.3,6.8,3.2,26.8,0.8,0.3,10.7,33.1,22467.0,46.2,32.2,23.7,24.7,14.2,72283.0,Asotin,WA,Washington,2023.0,Crude prevalence,11.7,84.7,8.1,12.6,8.1,35.3,21.6,17.1,15.2,76.2,13.3,4.3,8.1,53.0,6.0,22285.0,300.0,1767.0,5783.0,95.0,497.0,2762.0,49.0,228.0,5.0,5.0,3.0,0.0,1.0,0.0
53005,5.3,5.4,96.1,92.2,3.3,3.8,7.9,22.2,6.1,5.9,32.4,2.2,1.1,9.2,39.0,212905.0,36.3,23.3,21.9,33.2,11.0,89874.0,Benton,WA,Washington,2023.0,Crude prevalence,10.8,83.2,5.6,10.4,5.8,36.2,20.6,16.2,13.5,71.1,10.4,3.1,10.6,53.0,45.0,206873.0,4575.0,11533.0,29386.0,730.0,2501.0,9963.0,357.0,1485.0,32.0,21.0,5.0,6.0,2.0,1.0
53007,7.7,5.6,96.2,90.7,2.2,3.2,10.5,20.2,18.5,5.8,35.4,2.9,0.9,7.2,34.3,80172.0,40.4,23.5,21.9,31.2,8.3,82381.0,Chelan,WA,Washington,2023.0,Crude prevalence,10.6,84.1,6.3,10.7,6.7,29.1,20.6,16.1,13.9,71.4,11.4,3.5,11.8,53.0,23.0,79074.0,1826.0,3798.0,10043.0,410.0,1037.0,4484.0,259.0,696.0,12.0,12.0,4.0,1.0,1.0,0.0
53009,1.7,4.5,95.8,92.5,2.4,3.7,6.7,19.3,9.2,5.6,26.3,0.9,0.9,9.2,42.5,77813.0,52.1,24.9,25.0,31.6,10.6,70370.0,Clallam,WA,Washington,2023.0,Crude prevalence,11.4,86.6,7.8,12.1,8.4,31.0,20.3,15.1,15.2,73.1,11.8,4.4,7.5,53.0,24.0,77155.0,1948.0,4564.0,22625.0,720.0,2108.0,13326.0,513.0,1507.0,14.0,18.0,7.0,1.0,4.0,1.0
53011,2.6,4.8,97.5,94.5,3.4,3.8,6.7,24.8,4.1,4.7,33.6,2.3,0.9,10.0,40.7,516959.0,39.1,24.3,24.3,33.3,8.0,97536.0,Clark,WA,Washington,2023.0,Crude prevalence,11.6,83.8,5.5,9.6,5.6,35.3,19.8,18.2,13.1,68.8,11.0,3.0,8.0,53.0,115.0,503311.0,9307.0,23679.0,101953.0,1661.0,4330.0,38102.0,921.0,2183.0,97.0,31.0,4.0,4.0,2.0,0.0
53013,3.7,6.6,92.1,82.4,2.1,2.0,7.8,23.0,16.0,6.3,22.3,1.7,0.0,6.5,39.2,4014.0,49.6,25.7,27.0,24.9,9.3,71810.0,Columbia,WA,Washington,2023.0,Crude prevalence,11.3,86.1,7.6,12.2,8.1,32.4,20.6,15.8,15.1,74.1,11.9,4.2,8.1,53.0,1.0,3952.0,117.0,263.0,440.0,46.0,103.0,254.0,40.0,91.0,0.0,0.0,0.0,0.0,0.0,0.0
53015,3.3,6.8,95.5,91.0,3.4,4.8,6.2,26.1,5.3,6.2,32.0,2.2,1.0,8.2,41.1,112360.0,41.5,31.8,27.3,17.6,12.2,76531.0,Cowlitz,WA,Washington,2023.0,Crude prevalence,12.3,83.1,7.5,11.4,7.2,40.5,22.5,18.7,15.6,71.5,13.4,3.8,9.2,53.0,30.0,110730.0,2734.0,7772.0,15052.0,467.0,2005.0,4670.0,281.0,1268.0,19.0,16.0,4.0,1.0,2.0,0.0
53017,8.9,8.6,95.6,90.5,2.5,3.1,13.3,20.1,11.3,4.3,30.7,3.1,0.8,11.6,34.3,44366.0,38.9,27.5,22.9,21.5,8.3,80363.0,Douglas,WA,Washington,2023.0,Crude prevalence,10.6,82.3,6.3,11.0,6.6,35.8,23.0,16.6,14.7,71.0,11.7,3.5,14.0,53.0,9.0,42938.0,680.0,2275.0,16888.0,314.0,1034.0,11129.0,223.0,772.0,6.0,6.0,2.0,1.0,2.0,1.0
53019,2.6,6.4,89.6,80.2,5.3,2.2,5.7,21.3,23.0,4.1,21.9,3.0,0.4,11.0,31.3,7387.0,52.9,32.5,29.6,15.2,13.6,55614.0,Ferry,WA,Washington,2023.0,Crude prevalence,12.3,85.5,9.8,15.1,10.0,40.2,25.1,17.4,17.9,73.6,16.0,5.2,8.5,53.0,3.0,7178.0,131.0,618.0,1234.0,111.0,519.0,187.0,103.0,484.0,0.0,3.0,1.0,0.0,0.0,0.0
53021,13.5,9.1,96.9,92.8,3.6,3.7,13.2,22.4,4.1,4.2,29.0,5.1,2.2,10.3,37.7,98902.0,30.9,27.4,19.2,21.1,13.1,86714.0,Franklin,WA,Washington,2023.0,Crude prevalence,10.5,77.8,5.4,10.8,5.3,35.2,24.9,17.8,14.8,67.8,12.1,3.0,19.6,53.0,22.0,96749.0,1242.0,5631.0,16235.0,201.0,1014.0,6037.0,100.0,629.0,18.0,11.0,1.0,1.0,0.0,0.0
53023,1.6,4.0,92.7,83.9,3.1,5.4,4.3,26.4,15.6,0.0,23.1,4.2,0.0,10.2,35.8,2353.0,47.8,25.7,22.5,31.8,12.0,64884.0,Garfield,WA,Washington,2023.0,Crude prevalence,11.0,86.4,7.0,11.5,7.7,31.0,19.7,15.4,14.1,74.4,11.4,3.9,7.1,53.0,1.0,2286.0,0.0,140.0,245.0,0.0,54.0,198.0,0.0,44.0,0.0,1.0,0.0,0.0,0.0,0.0
53025,10.8,7.8,94.9,90.8,4.1,2.9,13.6,20.2,12.0,5.1,33.7,4.7,1.7,8.4,34.6,101799.0,33.7,28.8,23.4,18.4,15.8,73267.0,Grant,WA,Washington,2023.0,Crude prevalence,10.8,79.5,6.4,11.5,6.5,38.7,25.3,17.8,15.0,69.5,12.6,3.5,17.3,53.0,23.0,99123.0,1813.0,5855.0,21319.0,646.0,2386.0,8071.0,411.0,1583.0,10.0,18.0,7.0,4.0,2.0,2.0
53027,3.6,6.6,94.6,89.8,3.5,4.0,7.6,24.3,17.1,5.4,26.8,2.2,1.1,7.3,41.6,77053.0,44.7,33.8,24.9,18.2,15.3,64414.0,Grays Harbor,WA,Washington,2023.0,Crude prevalence,11.5,83.5,8.2,13.6,8.1,37.0,23.8,18.4,16.0,70.4,15.0,4.2,9.9,53.0,20.0,75636.0,1658.0,5577.0,16228.0,513.0,2132.0,9902.0,341.0,1511.0,11.0,13.0,7.0,2.0,2.0,1.0
53029,1.4,2.8,97.8,94.8,2.0,2.2,4.5,26.2,15.8,3.8,25.3,1.5,0.6,12.6,41.1,86836.0,44.8,21.8,26.2,36.6,7.7,90551.0,Island,WA,Washington,2023.0,Crude prevalence,10.4,85.9,5.9,10.2,6.8,31.3,16.1,14.8,12.8,73.9,9.5,3.5,7.1,53.0,23.0,86857.0,1351.0,2771.0,9260.0,900.0,1947.0,5370.0,714.0,1669.0,7.0,5.0,1.0,2.0,1.0,2.0
53031,0.9,3.6,95.5,92.5,2.9,1.7,3.8,21.3,16.4,4.6,21.0,0.7,1.3,11.4,36.7,33577.0,59.8,20.0,24.0,43.9,11.1,74048.0,Jefferson,WA,Washington,2023.0,Crude prevalence,10.5,90.0,7.2,13.1,9.2,28.7,17.4,13.4,14.5,78.7,9.5,4.4,5.8,53.0,10.0,32977.0,744.0,1327.0,10181.0,338.0,825.0,7329.0,239.0,632.0,4.0,4.0,2.0,2.0,2.0,0.0
53033,3.3,2.9,98.1,95.1,3.4,3.2,5.2,27.6,6.2,11.2,44.6,1.9,1.9,9.3,37.5,2287171.0,37.4,14.1,15.3,56.7,8.6,124746.0,King,WA,Washington,2023.0,Crude prevalence,9.7,85.6,3.4,7.3,4.0,22.6,13.9,14.7,9.7,70.0,7.2,2.3,6.8,53.0,494.0,2269675.0,105734.0,77601.0,422938.0,6872.0,8630.0,181575.0,2631.0,3113.0,471.0,118.0,21.0,56.0,3.0,22.0
53035,1.4,3.3,98.1,95.3,2.6,3.0,5.1,28.4,7.2,4.3,29.9,1.4,0.6,10.3,42.5,277881.0,40.2,20.9,25.3,37.9,8.2,104158.0,Kitsap,WA,Washington,2023.0,Crude prevalence,11.2,84.2,5.4,9.8,5.8,31.8,16.7,16.0,12.5,72.1,10.4,3.1,7.0,53.0,59.0,275611.0,4696.0,10833.0,102694.0,1558.0,4027.0,70735.0,900.0,2595.0,49.0,11.0,3.0,6.0,2.0,4.0
53037,1.5,5.1,96.4,90.6,3.8,2.2,5.8,23.3,19.0,4.4,38.5,1.2,1.8,10.7,47.3,47172.0,35.8,25.2,22.5,37.0,14.4,73804.0,Kittitas,WA,Washington,2023.0,Crude prevalence,11.3,80.9,6.1,9.7,6.1,34.7,19.4,18.0,13.5,69.4,11.1,3.2,8.1,53.0,14.0,44337.0,873.0,2459.0,8770.0,223.0,920.0,4130.0,161.0,702.0,8.0,6.0,4.0,2.0,4.0,0.0
53039,4.1,6.2,95.7,87.9,2.7,4.0,6.4,26.7,9.8,5.2,23.3,1.5,0.5,26.9,29.5,23411.0,46.8,26.3,22.5,31.2,12.9,71042.0,Klickitat,WA,Washington,2023.0,Crude prevalence,11.3,84.8,7.2,11.7,7.8,32.9,20.4,16.1,14.7,71.5,12.1,4.0,9.1,53.0,6.0,22735.0,513.0,1181.0,5762.0,319.0,791.0,2425.0,268.0,679.0,1.0,3.0,2.0,1.0,0.0,1.0
53041,3.4,5.3,94.3,87.9,3.0,4.8,6.3,28.5,9.8,4.6,24.2,2.4,0.9,11.6,38.5,85154.0,42.2,31.0,26.4,21.5,12.2,74796.0,Lewis,WA,Washington,2023.0,Crude prevalence,11.3,82.9,7.5,12.1,7.2,39.0,22.4,17.8,16.0,68.7,14.4,3.9,9.4,53.0,21.0,82149.0,1516.0,5397.0,7593.0,732.0,2633.0,3150.0,500.0,1902.0,8.0,12.0,3.0,4.0,2.0,1.0
53043,1.9,5.7,95.1,86.9,4.2,3.9,3.4,26.4,18.6,3.8,19.6,0.9,1.3,5.5,25.1,11489.0,46.9,27.0,28.6,24.2,12.5,71512.0,Lincoln,WA,Washington,2023.0,Crude prevalence,11.2,86.1,7.3,11.7,8.1,37.6,20.5,15.8,14.7,75.2,11.7,4.1,7.2,53.0,4.0,10876.0,181.0,707.0,2649.0,113.0,460.0,1228.0,107.0,435.0,0.0,4.0,3.0,0.0,2.0,0.0
53045,2.7,6.7,95.8,91.9,3.2,4.1,6.7,36.1,23.8,3.9,17.7,2.9,1.5,7.7,38.9,67982.0,44.7,29.7,26.9,21.9,12.3,83270.0,Mason,WA,Washington,2023.0,Crude prevalence,11.1,84.3,7.5,12.2,7.7,35.9,21.4,16.9,15.6,72.4,13.0,4.0,9.2,53.0,19.0,65726.0,1020.0,3954.0,7469.0,674.0,3006.0,4298.0,551.0,2528.0,3.0,11.0,1.0,1.0,0.0,1.0
53047,7.3,7.4,93.6,86.9,2.5,4.0,14.9,18.4,20.8,4.2,27.6,1.8,1.2,5.2,34.0,43425.0,43.2,30.0,19.5,24.7,20.7,63207.0,Okanogan,WA,Washington,2023.0,Crude prevalence,11.6,82.6,8.7,13.3,8.6,32.6,24.8,17.2,16.5,72.7,15.5,4.5,12.3,53.0,13.0,42104.0,737.0,3380.0,3686.0,446.0,2030.0,1483.0,371.0,1681.0,1.0,12.0,2.0,0.0,1.0,0.0
53049,3.3,5.8,93.8,89.7,2.5,3.3,5.7,23.2,32.8,5.5,18.2,1.3,1.1,7.5,36.0,23994.0,55.0,29.0,26.3,24.9,10.4,67081.0,Pacific,WA,Washington,2023.0,Crude prevalence,11.1,87.0,8.5,14.9,9.2,36.4,22.2,16.0,16.0,74.8,13.1,4.7,8.5,53.0,11.0,23365.0,609.0,1662.0,4640.0,298.0,800.0,2690.0,224.0,597.0,5.0,9.0,2.0,2.0,0.0,1.0
53051,1.8,4.4,95.4,88.7,2.9,3.1,6.1,29.8,26.7,3.8,19.2,2.8,2.3,11.4,22.9,14050.0,49.8,34.5,27.0,20.9,14.4,67436.0,Pend Oreille,WA,Washington,2023.0,Crude prevalence,11.4,85.3,8.7,13.3,8.8,38.9,23.1,16.8,16.4,73.2,13.6,4.5,7.8,53.0,5.0,13401.0,224.0,994.0,534.0,126.0,747.0,315.0,101.0,628.0,0.0,3.0,0.0,1.0,0.0,0.0
53053,2.6,4.9,97.3,94.6,3.2,4.4,5.9,31.3,5.0,5.4,35.3,2.1,1.2,10.4,42.6,930319.0,37.0,26.3,23.7,30.9,8.8,99564.0,Pierce,WA,Washington,2023.0,Crude prevalence,10.8,82.9,5.2,10.6,5.3,36.9,19.0,18.1,13.7,70.4,11.6,3.0,8.6,53.0,193.0,921130.0,19026.0,43291.0,286276.0,3742.0,9291.0,166183.0,2241.0,5291.0,178.0,91.0,28.0,15.0,19.0,7.0
53055,1.3,2.8,97.8,93.8,1.9,2.1,6.0,15.8,35.6,3.6,22.0,2.5,1.7,8.1,36.5,18478.0,57.0,15.6,19.4,53.9,11.3,84800.0,San Juan,WA,Washington,2023.0,Crude prevalence,10.4,89.4,6.4,10.9,8.0,24.7,15.8,13.0,13.0,74.1,8.9,3.9,6.0,53.0,8.0,17788.0,324.0,512.0,1720.0,218.0,351.0,482.0,185.0,292.0,1.0,0.0,0.0,0.0,0.0,0.0
53057,3.6,4.7,96.4,93.8,2.8,3.1,6.4,26.4,8.3,3.9,29.9,3.1,1.7,11.7,42.5,131328.0,42.1,25.0,24.6,30.2,11.6,89263.0,Skagit,WA,Washington,2023.0,Crude prevalence,11.0,84.5,6.5,10.8,6.9,33.0,19.6,15.8,14.3,71.1,11.4,3.6,9.9,53.0,41.0,129523.0,2034.0,6469.0,26882.0,650.0,2394.0,12065.0,399.0,1573.0,24.0,14.0,5.0,0.0,1.0,0.0
53059,1.5,5.3,93.4,89.3,3.0,4.5,6.5,32.9,16.0,3.3,20.0,2.5,0.9,7.4,37.0,12402.0,48.5,26.2,25.6,29.8,8.1,93265.0,Skamania,WA,Washington,2023.0,Crude prevalence,11.5,85.9,7.0,11.2,7.4,32.8,19.2,16.1,14.3,73.8,12.0,3.8,7.3,53.0,5.0,12036.0,167.0,615.0,1194.0,110.0,382.0,54.0,91.0,319.0,0.0,2.0,0.0,0.0,0.0,0.0
53061,2.6,4.3,97.7,94.4,3.0,3.1,6.2,30.8,4.6,4.7,31.8,2.5,1.3,11.8,41.9,844430.0,38.6,22.5,21.8,38.2,8.0,111246.0,Snohomish,WA,Washington,2023.0,Crude prevalence,11.1,84.8,4.8,9.1,4.9,30.6,17.8,15.8,12.1,71.9,10.1,2.7,7.7,53.0,173.0,827957.0,14791.0,27910.0,190069.0,2755.0,6215.0,91578.0,1673.0,3709.0,147.0,52.0,10.0,12.0,5.0,3.0
53063,1.8,3.4,96.1,92.0,3.3,4.5,5.1,22.5,5.5,6.8,35.5,1.4,1.0,9.5,42.6,549056.0,38.5,24.2,24.9,33.1,11.7,78582.0,Spokane,WA,Washington,2023.0,Crude prevalence,11.5,82.9,6.0,10.2,6.0,34.7,19.3,17.5,13.1,72.8,11.7,3.2,7.3,53.0,130.0,539339.0,14918.0,34596.0,85274.0,2373.0,6790.0,38596.0,1210.0,3808.0,104.0,59.0,9.0,16.0,3.0,10.0
53065,1.6,6.6,94.2,86.7,2.6,3.6,5.6,29.3,15.0,4.1,20.2,2.8,1.2,9.8,32.9,48067.0,46.9,30.7,26.2,22.2,12.0,69327.0,Stevens,WA,Washington,2023.0,Crude prevalence,12.0,84.2,8.6,12.6,8.7,34.3,21.6,16.0,15.9,72.9,14.0,4.4,8.0,53.0,15.0,46445.0,790.0,2915.0,4623.0,401.0,2089.0,1331.0,300.0,1765.0,2.0,10.0,4.0,1.0,1.0,1.0
53067,1.8,3.5,97.4,94.5,3.0,3.7,5.0,25.8,5.0,4.7,32.3,1.5,0.5,11.6,43.8,299067.0,40.0,22.0,23.2,38.5,9.5,96563.0,Thurston,WA,Washington,2023.0,Crude prevalence,11.2,84.0,5.3,10.3,5.8,31.2,17.2,16.9,13.4,69.2,10.2,3.1,7.3,53.0,61.0,294793.0,5637.0,13304.0,80106.0,1715.0,5178.0,37593.0,882.0,2943.0,42.0,10.0,4.0,10.0,1.0,7.0
53069,2.6,3.9,97.4,85.1,1.5,1.0,4.3,33.9,6.7,4.0,16.8,0.9,0.3,10.5,66.9,4658.0,54.5,25.8,28.9,21.8,17.8,62653.0,Wahkiakum,WA,Washington,2023.0,Crude prevalence,11.5,86.7,9.2,14.7,10.2,39.1,21.7,16.0,16.8,75.5,13.3,5.1,8.0,53.0,1.0,4422.0,84.0,144.0,479.0,64.0,110.0,0.0,60.0,103.0,0.0,1.0,0.0,0.0,0.0,0.0
53071,4.7,5.8,94.8,89.1,3.6,3.3,6.9,15.1,7.8,6.2,35.0,1.5,0.9,7.2,46.9,62161.0,38.5,24.1,24.7,29.8,12.1,74202.0,Walla Walla,WA,Washington,2023.0,Crude prevalence,11.0,81.4,6.0,10.6,6.5,34.1,19.6,16.8,14.3,70.3,11.1,3.4,10.8,53.0,14.0,62584.0,1451.0,3168.0,16373.0,236.0,799.0,9632.0,99.0,424.0,12.0,5.0,2.0,2.0,0.0,1.0
53073,2.4,3.8,97.6,93.7,3.0,4.2,5.8,21.6,9.2,6.4,36.3,2.5,1.1,10.5,49.6,230503.0,38.4,20.9,23.0,39.3,12.9,81784.0,Whatcom,WA,Washington,2023.0,Crude prevalence,10.7,82.3,5.4,8.8,5.7,26.5,16.8,17.9,12.9,70.3,10.8,3.0,7.8,53.0,54.0,226847.0,5991.0,11003.0,45585.0,1696.0,4653.0,22785.0,984.0,2898.0,34.0,22.0,5.0,13.0,1.0,8.0
53075,1.0,3.0,96.4,85.4,4.3,2.3,5.5,16.5,15.3,7.3,53.2,0.8,0.2,5.0,56.9,47003.0,26.4,15.7,20.8,49.8,22.7,55406.0,Whitman,WA,Washington,2023.0,Crude prevalence,12.0,73.7,4.9,7.4,4.5,28.5,16.6,20.9,12.1,67.0,10.1,2.5,8.0,53.0,12.0,47973.0,1372.0,2044.0,12982.0,551.0,923.0,7709.0,386.0,711.0,8.0,8.0,4.0,2.0,2.0,2.0
53077,13.3,9.9,94.4,89.5,4.6,4.1,12.7,20.3,5.1,5.2,38.2,5.5,1.8,7.7,36.6,257152.0,33.3,30.5,18.9,19.2,15.5,70656.0,Yakima,WA,Washington,2023.0,Crude prevalence,10.7,79.2,6.5,12.9,6.5,39.7,27.9,17.8,15.5,68.4,12.9,3.6,18.8,53.0,57.0,256728.0,4600.0,19853.0,29114.0,999.0,5472.0,11233.0,625.0,3718.0,37.0,40.0,8.0,5.0,3.0,4.0
54001,3.9,7.6,88.8,84.3,4.1,2.1,6.5,30.1,13.6,6.5,21.7,0.7,0.3,12.7,20.8,15424.0,42.2,54.4,12.9,12.5,20.0,51394.0,Barbour,WV,West Virginia,2023.0,Crude prevalence,12.6,85.3,11.9,16.9,9.3,43.3,36.2,22.6,18.5,80.5,21.4,4.5,9.3,54.0,4.0,15465.0,398.0,1199.0,51.0,245.0,840.0,0.0,193.0,714.0,0.0,3.0,0.0,1.0,0.0,1.0
54003,2.8,6.3,96.2,92.2,3.1,3.5,5.9,30.7,5.2,5.1,24.0,1.7,0.6,13.4,34.5,129514.0,38.5,36.0,20.3,25.1,11.1,80815.0,Berkeley,WV,West Virginia,2023.0,Crude prevalence,12.2,86.9,8.4,13.5,6.7,38.7,31.1,21.6,15.6,79.8,17.4,3.4,8.7,54.0,26.0,122076.0,2615.0,5907.0,28769.0,1233.0,2695.0,13465.0,640.0,1575.0,14.0,5.0,2.0,5.0,0.0,3.0
54005,3.7,9.7,87.9,86.8,4.1,10.5,4.6,33.4,21.9,7.4,18.7,0.7,0.4,7.3,42.3,21026.0,45.3,46.9,15.8,11.5,16.2,57093.0,Boone,WV,West Virginia,2023.0,Crude prevalence,12.5,86.9,12.4,17.3,9.7,46.7,36.9,21.6,18.9,81.0,21.9,4.6,9.1,54.0,8.0,21809.0,587.0,1747.0,171.0,410.0,1268.0,0.0,348.0,1058.0,0.0,3.0,0.0,2.0,0.0,2.0
54007,5.1,10.4,86.3,79.8,4.0,2.5,8.5,33.6,23.3,10.7,23.2,1.0,0.1,10.1,26.0,12208.0,46.6,51.5,14.0,14.4,20.4,50331.0,Braxton,WV,West Virginia,2023.0,Crude prevalence,12.4,85.9,14.3,19.1,11.1,41.5,38.5,22.0,20.2,81.6,24.1,5.4,10.3,54.0,3.0,12447.0,514.0,1055.0,614.0,425.0,872.0,0.0,354.0,729.0,0.0,3.0,0.0,3.0,0.0,3.0
54009,1.5,4.7,88.3,83.1,3.4,2.6,6.0,24.8,9.5,7.6,25.4,0.1,0.2,16.6,21.2,21805.0,46.6,43.1,17.6,23.4,13.1,54316.0,Brooke,WV,West Virginia,2023.0,Crude prevalence,11.7,88.2,9.8,15.5,8.7,40.0,29.9,19.5,16.3,81.6,16.9,4.1,7.4,54.0,8.0,22559.0,736.0,1364.0,7435.0,428.0,832.0,4275.0,235.0,403.0,4.0,3.0,0.0,2.0,0.0,2.0
54011,2.9,6.5,93.6,86.6,2.9,3.7,6.8,21.4,14.6,10.4,35.8,0.4,0.9,10.3,46.6,92739.0,39.2,29.8,18.9,32.6,19.2,55832.0,Cabell,WV,West Virginia,2023.0,Crude prevalence,12.8,85.2,9.8,14.9,8.1,44.1,31.1,21.9,16.8,80.7,17.8,3.9,8.3,54.0,34.0,94350.0,4104.0,6575.0,9403.0,701.0,1445.0,902.0,257.0,674.0,25.0,18.0,1.0,2.0,0.0,0.0
54013,6.3,10.8,87.9,77.4,3.6,3.3,9.0,39.8,20.7,11.9,12.9,1.0,0.0,6.3,38.6,6048.0,48.6,49.7,18.4,10.1,32.9,43980.0,Calhoun,WV,West Virginia,2023.0,Crude prevalence,12.7,86.4,16.2,21.1,12.5,40.8,41.2,22.2,22.0,81.9,26.2,6.0,10.6,54.0,2.0,6229.0,300.0,643.0,102.0,255.0,560.0,0.0,234.0,515.0,0.0,2.0,0.0,1.0,0.0,1.0
54015,4.5,10.6,85.4,84.0,5.1,4.3,5.8,45.4,25.0,10.3,24.0,3.9,0.0,7.6,59.5,7835.0,45.4,54.9,10.5,11.3,26.4,42318.0,Clay,WV,West Virginia,2023.0,Crude prevalence,12.6,86.0,14.0,18.8,10.8,41.9,39.1,22.3,20.5,81.0,24.3,5.2,10.2,54.0,3.0,8051.0,305.0,969.0,548.0,265.0,850.0,0.0,229.0,738.0,0.0,3.0,0.0,1.0,0.0,1.0
54017,4.5,11.0,90.3,84.4,2.4,0.7,5.5,30.0,21.1,2.8,11.2,1.8,1.1,0.0,43.9,7711.0,46.0,45.0,16.7,13.9,14.8,57401.0,Doddridge,WV,West Virginia,2023.0,Crude prevalence,11.9,85.6,11.5,16.4,9.4,41.0,34.6,21.2,18.0,79.8,21.5,4.4,9.8,54.0,2.0,7808.0,71.0,264.0,785.0,61.0,233.0,26.0,58.0,221.0,0.0,0.0,0.0,0.0,0.0,0.0
54019,3.3,9.8,88.8,82.7,2.7,4.0,8.0,30.1,16.4,8.1,22.3,0.3,0.3,10.2,42.5,39519.0,44.7,46.1,14.8,15.8,19.2,53194.0,Fayette,WV,West Virginia,2023.0,Crude prevalence,12.5,86.9,12.2,17.9,9.7,40.5,35.9,21.8,18.8,80.5,21.7,4.7,9.2,54.0,13.0,40488.0,1292.0,3120.0,7117.0,651.0,1622.0,2850.0,435.0,1114.0,5.0,6.0,1.0,2.0,1.0,1.0
54021,4.0,10.6,83.2,75.8,2.4,0.9,6.7,32.2,27.7,9.5,24.4,1.2,0.0,5.7,16.3,7288.0,41.5,49.2,13.2,18.5,19.0,47981.0,Gilmer,WV,West Virginia,2023.0,Crude prevalence,11.6,83.8,10.1,15.5,8.2,42.9,34.8,21.4,17.0,79.2,20.7,4.1,11.4,54.0,3.0,7408.0,214.0,487.0,131.0,180.0,438.0,0.0,169.0,417.0,0.0,1.0,0.0,1.0,0.0,1.0
54023,4.1,6.3,85.5,83.7,1.8,4.3,4.6,25.1,22.5,8.9,18.9,1.4,0.8,9.0,43.2,10983.0,46.4,54.8,13.2,14.0,13.3,62361.0,Grant,WV,West Virginia,2023.0,Crude prevalence,11.9,88.1,11.2,16.6,9.7,43.2,33.8,20.0,17.8,82.0,19.2,4.6,8.2,54.0,3.0,10976.0,389.0,731.0,923.0,277.0,563.0,63.0,257.0,526.0,0.0,0.0,0.0,1.0,0.0,1.0
54025,3.7,9.0,87.5,83.6,2.1,2.3,6.3,25.2,17.4,5.9,26.9,0.8,0.2,13.2,44.2,32386.0,46.8,41.5,16.1,22.2,21.8,48218.0,Greenbrier,WV,West Virginia,2023.0,Crude prevalence,12.3,87.6,12.4,17.3,10.1,40.4,35.0,20.8,18.9,81.8,20.8,4.8,9.2,54.0,10.0,32977.0,870.0,2697.0,2408.0,475.0,1790.0,561.0,353.0,1440.0,1.0,7.0,2.0,1.0,0.0,0.0
54027,3.9,7.6,88.4,82.7,4.7,1.3,6.6,41.5,31.6,6.6,17.3,0.7,0.4,8.6,18.4,23465.0,48.5,45.2,17.9,18.3,13.1,63116.0,Hampshire,WV,West Virginia,2023.0,Crude prevalence,11.9,88.0,11.3,16.9,9.5,39.2,33.9,20.1,17.7,80.9,20.3,4.5,8.5,54.0,9.0,23093.0,571.0,1272.0,874.0,423.0,1032.0,0.0,372.0,939.0,0.0,6.0,0.0,2.0,0.0,1.0
54029,2.8,6.2,91.6,87.7,4.9,3.3,6.4,25.0,9.7,7.4,25.5,0.7,0.0,5.6,42.5,28431.0,47.0,42.4,16.3,19.9,14.5,61466.0,Hancock,WV,West Virginia,2023.0,Crude prevalence,12.1,88.1,10.8,16.6,9.2,44.0,32.2,20.2,17.4,82.4,18.6,4.4,8.0,54.0,8.0,29095.0,947.0,1941.0,2803.0,381.0,729.0,952.0,257.0,487.0,4.0,2.0,0.0,2.0,0.0,1.0
54031,3.9,11.1,86.9,83.9,4.1,8.5,7.8,29.7,28.1,8.5,22.7,1.2,0.1,7.0,22.9,14243.0,46.7,45.3,15.6,15.7,17.7,49272.0,Hardy,WV,West Virginia,2023.0,Crude prevalence,12.3,87.4,12.6,19.0,10.4,41.9,36.3,21.0,19.5,82.2,21.6,5.0,9.7,54.0,5.0,14299.0,505.0,1144.0,668.0,391.0,929.0,217.0,350.0,845.0,0.0,2.0,0.0,1.0,0.0,1.0
54033,2.2,8.0,91.3,86.4,2.2,4.0,7.5,22.4,13.7,9.5,26.4,0.8,1.2,12.4,37.9,64984.0,42.6,37.2,18.0,27.2,14.4,60377.0,Harrison,WV,West Virginia,2023.0,Crude prevalence,12.3,87.4,10.2,15.6,8.5,40.2,30.4,20.3,16.4,81.8,18.8,4.0,8.1,54.0,25.0,65921.0,2494.0,4208.0,6156.0,807.0,1546.0,2785.0,552.0,1070.0,9.0,7.0,0.0,2.0,0.0,0.0
54035,4.9,5.5,82.9,77.1,2.5,4.0,6.2,28.6,10.5,11.2,21.4,0.9,0.8,5.0,42.0,27705.0,43.4,38.7,18.7,19.6,18.5,58845.0,Jackson,WV,West Virginia,2023.0,Crude prevalence,12.2,87.3,11.1,17.2,9.2,42.8,34.5,20.6,17.8,81.7,19.7,4.4,8.2,54.0,7.0,27791.0,1294.0,2207.0,605.0,588.0,1179.0,0.0,390.0,853.0,0.0,3.0,0.0,3.0,0.0,3.0
54037,2.6,7.3,96.3,92.4,2.5,1.9,6.0,37.1,8.0,5.9,19.7,1.5,0.3,9.4,32.0,59260.0,41.0,28.9,19.0,33.9,8.7,98806.0,Jefferson,WV,West Virginia,2023.0,Crude prevalence,11.9,88.3,7.6,13.4,6.8,38.3,26.4,18.6,14.3,80.8,15.1,3.3,7.7,54.0,15.0,57701.0,1342.0,2492.0,3789.0,694.0,1279.0,1266.0,458.0,886.0,4.0,9.0,2.0,2.0,2.0,2.0
54039,2.5,6.1,92.9,88.2,3.1,3.8,4.9,21.8,15.4,9.5,28.9,0.7,0.2,10.3,37.1,176537.0,43.8,36.2,18.1,29.7,15.7,60943.0,Kanawha,WV,West Virginia,2023.0,Crude prevalence,11.9,88.0,9.8,15.6,8.7,40.3,32.3,20.9,16.5,81.9,18.9,4.2,7.8,54.0,57.0,180745.0,7245.0,12081.0,28394.0,2434.0,4555.0,6538.0,1391.0,2407.0,34.0,26.0,5.0,13.0,2.0,6.0
54041,4.2,7.4,88.5,84.2,4.6,2.6,6.5,28.5,15.2,10.2,27.8,0.3,1.2,6.9,34.7,16740.0,43.0,46.8,16.0,18.9,16.1,56477.0,Lewis,WV,West Virginia,2023.0,Crude prevalence,12.2,86.5,11.6,16.9,9.2,40.3,34.7,21.6,18.3,80.4,21.2,4.4,9.0,54.0,5.0,17033.0,710.0,1487.0,1637.0,441.0,963.0,633.0,358.0,748.0,1.0,2.0,1.0,2.0,1.0,1.0
54043,5.8,12.2,87.9,84.7,2.4,11.5,5.8,33.7,20.0,10.3,25.5,0.6,0.5,7.9,35.0,19902.0,44.1,48.8,17.3,8.1,23.2,46205.0,Lincoln,WV,West Virginia,2023.0,Crude prevalence,12.9,85.5,13.8,18.5,10.4,45.6,36.2,22.5,20.6,81.3,24.6,5.1,10.4,54.0,6.0,20463.0,787.0,1838.0,87.0,684.0,1562.0,0.0,600.0,1377.0,0.0,4.0,0.0,3.0,0.0,3.0
54045,4.6,11.6,92.2,90.4,3.9,3.3,6.5,28.4,13.6,9.6,23.0,0.3,0.4,6.3,38.0,31418.0,44.1,43.7,16.4,14.7,21.8,49723.0,Logan,WV,West Virginia,2023.0,Crude prevalence,12.7,85.7,13.5,18.2,10.2,45.0,39.3,23.1,20.5,80.9,24.0,5.0,10.1,54.0,10.0,32567.0,1222.0,3566.0,41.0,747.0,2100.0,0.0,642.0,1790.0,0.0,7.0,0.0,5.0,0.0,5.0
54047,8.9,15.6,86.6,85.5,2.2,3.7,8.8,36.0,30.7,10.7,22.7,0.6,0.0,2.2,48.3,17943.0,43.7,50.9,14.4,6.8,34.2,31559.0,McDowell,WV,West Virginia,2023.0,Crude prevalence,13.2,83.2,16.5,21.6,11.8,46.2,45.0,23.8,22.2,80.0,28.7,6.1,13.9,54.0,8.0,19111.0,691.0,2360.0,41.0,539.0,1807.0,0.0,464.0,1506.0,0.0,8.0,0.0,3.0,0.0,3.0
54049,2.5,4.7,93.2,90.1,2.8,3.5,6.7,25.7,11.2,7.6,23.3,0.9,0.3,14.2,29.5,55909.0,40.3,36.6,19.6,27.2,13.6,67370.0,Marion,WV,West Virginia,2023.0,Crude prevalence,12.2,86.4,9.3,14.7,7.9,42.1,29.8,21.4,15.8,80.8,17.7,3.7,7.7,54.0,21.0,56205.0,1782.0,3624.0,6544.0,441.0,1312.0,2235.0,285.0,942.0,10.0,5.0,0.0,1.0,0.0,0.0
54051,1.6,5.9,89.6,85.7,2.3,3.1,5.6,24.6,15.1,7.9,21.6,0.6,0.6,3.6,47.9,29865.0,46.3,41.5,17.9,20.5,16.8,59169.0,Marshall,WV,West Virginia,2023.0,Crude prevalence,12.0,87.5,11.1,16.4,9.4,37.5,33.3,20.5,17.7,81.5,20.4,4.4,8.1,54.0,10.0,30591.0,989.0,2647.0,1445.0,390.0,1080.0,359.0,277.0,784.0,4.0,5.0,0.0,1.0,0.0,1.0
54053,5.3,7.5,87.8,84.7,1.8,3.1,6.1,27.5,16.2,6.1,18.2,1.3,0.0,3.7,28.7,25043.0,44.2,45.7,14.4,16.3,19.4,49761.0,Mason,WV,West Virginia,2023.0,Crude prevalence,12.8,86.7,12.5,17.0,9.7,41.3,36.6,21.6,19.0,81.5,21.9,4.7,9.1,54.0,7.0,25453.0,621.0,1878.0,409.0,369.0,1150.0,12.0,309.0,981.0,1.0,4.0,0.0,0.0,0.0,0.0
54055,3.7,7.7,91.9,86.5,1.3,2.2,4.9,24.0,17.5,6.5,27.1,1.9,0.4,12.1,38.9,58563.0,43.5,38.7,18.7,22.9,16.5,53210.0,Mercer,WV,West Virginia,2023.0,Crude prevalence,12.7,86.6,12.1,17.2,9.5,40.8,35.0,21.3,18.3,82.1,21.1,4.7,8.8,54.0,16.0,59664.0,1574.0,5242.0,8311.0,483.0,2057.0,3071.0,185.0,1042.0,8.0,4.0,1.0,3.0,0.0,1.0
54057,1.3,4.4,93.8,89.1,3.5,8.0,4.9,27.3,11.1,8.7,19.0,1.3,0.3,10.4,38.6,26854.0,44.6,45.5,16.2,23.7,14.0,69375.0,Mineral,WV,West Virginia,2023.0,Crude prevalence,11.9,87.9,9.8,15.2,8.4,39.3,30.9,19.7,16.6,81.0,17.5,4.0,7.4,54.0,7.0,26938.0,970.0,1886.0,1124.0,452.0,997.0,427.0,333.0,772.0,1.0,1.0,0.0,3.0,0.0,2.0
54059,6.5,14.4,90.3,86.0,4.1,3.1,6.8,34.1,19.4,12.8,26.6,0.8,0.1,7.5,37.6,22542.0,44.5,45.0,17.9,9.5,32.4,38119.0,Mingo,WV,West Virginia,2023.0,Crude prevalence,13.3,84.6,16.1,20.4,11.5,43.5,44.0,24.1,22.4,81.1,27.6,5.7,11.7,54.0,7.0,23568.0,1197.0,3397.0,200.0,822.0,2503.0,0.0,615.0,2044.0,0.0,7.0,0.0,4.0,0.0,4.0
54061,1.6,3.7,95.7,90.2,3.0,2.6,5.3,21.0,10.6,7.6,42.1,0.3,0.3,7.2,46.9,107163.0,32.7,25.3,14.5,48.9,19.7,65346.0,Monongalia,WV,West Virginia,2023.0,Crude prevalence,11.6,83.6,6.7,10.8,5.6,31.9,22.9,20.9,12.9,77.1,13.9,2.7,7.1,54.0,28.0,105822.0,3377.0,4169.0,23130.0,929.0,1805.0,10749.0,498.0,1052.0,21.0,14.0,4.0,4.0,3.0,2.0
54063,5.3,7.1,88.4,80.6,2.3,5.3,7.1,37.4,26.0,6.3,13.1,0.1,1.0,4.9,36.0,12386.0,46.2,50.9,15.2,15.4,14.0,56750.0,Monroe,WV,West Virginia,2023.0,Crude prevalence,12.2,87.6,12.3,17.9,10.3,41.1,35.7,20.4,18.6,82.3,20.5,4.9,8.8,54.0,3.0,12376.0,292.0,556.0,632.0,249.0,489.0,330.0,224.0,447.0,0.0,1.0,1.0,1.0,0.0,1.0
54065,2.9,8.1,92.5,84.7,2.2,4.2,6.1,38.2,20.6,5.1,15.9,3.3,1.1,6.5,33.6,17426.0,48.8,43.2,18.8,18.0,11.2,72179.0,Morgan,WV,West Virginia,2023.0,Crude prevalence,11.9,88.4,11.1,16.8,9.4,39.2,33.4,19.8,17.7,81.9,19.4,4.4,8.2,54.0,6.0,17063.0,375.0,1031.0,126.0,230.0,795.0,0.0,181.0,696.0,0.0,2.0,0.0,1.0,0.0,1.0
54067,3.0,6.7,90.0,83.2,2.8,2.6,5.8,33.1,24.6,6.8,17.8,0.2,0.9,6.3,26.0,24277.0,46.1,44.6,16.3,23.3,15.4,54639.0,Nicholas,WV,West Virginia,2023.0,Crude prevalence,12.1,87.5,11.9,16.8,9.9,40.6,35.1,20.7,18.4,81.0,20.7,4.6,8.6,54.0,8.0,24604.0,644.0,1829.0,159.0,408.0,1260.0,0.0,315.0,977.0,0.0,3.0,0.0,1.0,0.0,1.0
54069,1.7,5.6,89.5,86.6,3.5,3.1,5.1,21.1,13.2,12.0,33.6,0.4,0.0,9.2,45.6,41582.0,42.7,31.9,17.5,33.9,17.7,57094.0,Ohio,WV,West Virginia,2023.0,Crude prevalence,11.9,87.5,9.4,15.0,8.3,39.5,29.8,20.1,16.2,81.0,16.3,3.9,7.4,54.0,18.0,42425.0,2198.0,3393.0,6696.0,415.0,846.0,872.0,91.0,403.0,14.0,7.0,2.0,4.0,0.0,0.0
54071,3.5,7.3,85.3,79.3,3.3,5.6,6.8,29.6,36.6,3.5,15.1,0.8,0.1,4.6,25.9,6043.0,50.7,50.6,15.9,18.5,16.6,64931.0,Pendleton,WV,West Virginia,2023.0,Crude prevalence,11.8,88.8,12.2,18.2,10.9,36.5,34.6,19.3,18.4,82.9,19.3,5.1,8.6,54.0,3.0,6143.0,83.0,315.0,2166.0,68.0,277.0,886.0,65.0,268.0,0.0,1.0,1.0,0.0,0.0,0.0
54073,3.1,7.5,94.0,91.4,4.7,2.2,10.4,29.0,14.1,2.6,18.6,0.8,1.0,9.6,32.1,7521.0,44.0,46.5,19.0,14.1,11.6,60932.0,Pleasants,WV,West Virginia,2023.0,Crude prevalence,11.8,86.6,10.0,14.9,8.1,44.0,33.0,20.9,16.8,79.7,19.7,3.9,8.4,54.0,2.0,7653.0,71.0,452.0,131.0,51.0,348.0,0.0,42.0,300.0,0.0,0.0,0.0,0.0,0.0,0.0
54075,2.8,11.5,80.4,74.6,5.1,3.1,6.1,22.8,53.5,6.5,16.4,0.8,0.0,2.6,36.9,7784.0,49.5,45.1,14.0,19.7,22.5,42119.0,Pocahontas,WV,West Virginia,2023.0,Crude prevalence,12.2,87.3,13.9,19.2,11.4,40.6,37.9,20.6,20.1,81.5,22.2,5.4,10.0,54.0,5.0,7869.0,206.0,690.0,377.0,167.0,567.0,17.0,141.0,477.0,0.0,3.0,0.0,0.0,0.0,0.0
54077,3.8,10.0,91.1,86.4,2.6,3.4,7.9,31.1,15.6,5.7,18.5,0.9,0.1,18.9,32.5,34160.0,43.3,46.7,15.9,17.5,13.8,61880.0,Preston,WV,West Virginia,2023.0,Crude prevalence,11.9,86.1,10.5,15.3,8.5,37.7,31.9,21.2,17.2,79.5,20.6,4.1,9.4,54.0,11.0,34216.0,736.0,2207.0,47.0,547.0,1694.0,0.0,437.0,1392.0,0.0,6.0,0.0,2.0,0.0,2.0
54079,1.5,4.5,93.1,87.8,1.8,2.7,5.6,27.3,6.9,5.0,18.2,0.8,0.2,8.4,35.4,57177.0,42.6,36.9,17.6,29.1,10.6,79527.0,Putnam,WV,West Virginia,2023.0,Crude prevalence,11.7,88.3,8.8,14.1,7.5,38.3,28.6,19.6,15.3,82.3,16.3,3.6,6.9,54.0,12.0,57440.0,1171.0,2998.0,4945.0,557.0,1417.0,1588.0,401.0,1010.0,6.0,1.0,1.0,3.0,1.0,2.0
54081,3.6,10.4,88.1,76.3,2.4,3.0,4.2,23.6,16.2,8.9,24.7,0.2,1.3,8.6,45.5,73195.0,42.9,38.0,18.2,22.5,22.8,52150.0,Raleigh,WV,West Virginia,2023.0,Crude prevalence,12.6,86.4,12.1,17.7,9.5,43.1,36.5,22.3,19.4,81.9,20.5,4.7,9.5,54.0,17.0,74591.0,2574.0,5591.0,19668.0,1170.0,2644.0,8367.0,645.0,1559.0,11.0,11.0,5.0,6.0,2.0,5.0
54083,3.4,8.3,87.1,83.5,3.8,1.9,7.1,21.1,18.3,7.7,25.0,1.0,0.3,9.4,35.6,27576.0,44.4,47.6,15.7,19.8,15.9,52757.0,Randolph,WV,West Virginia,2023.0,Crude prevalence,12.0,86.2,10.9,16.0,9.1,45.9,33.4,20.8,17.4,79.8,20.0,4.3,9.0,54.0,7.0,27932.0,826.0,1773.0,5725.0,403.0,942.0,3071.0,279.0,703.0,3.0,1.0,0.0,3.0,0.0,2.0
54085,6.9,7.9,86.7,80.7,1.1,6.4,7.8,33.0,18.8,6.8,15.8,2.1,1.6,5.6,42.9,8286.0,46.1,46.0,14.7,14.4,21.6,50582.0,Ritchie,WV,West Virginia,2023.0,Crude prevalence,12.4,86.7,13.4,17.9,10.5,42.9,38.3,21.5,19.5,81.6,23.3,5.0,9.6,54.0,3.0,8444.0,229.0,540.0,502.0,145.0,360.0,22.0,124.0,315.0,0.0,2.0,0.0,0.0,0.0,0.0
54087,5.4,10.1,83.6,76.3,3.8,4.3,7.9,32.7,20.2,10.5,21.1,0.8,0.3,7.4,45.9,13786.0,46.9,51.4,12.4,15.2,19.1,45778.0,Roane,WV,West Virginia,2023.0,Crude prevalence,12.6,86.1,14.4,19.4,11.0,41.6,39.6,21.8,20.5,80.8,23.9,5.3,10.3,54.0,5.0,14028.0,598.0,1245.0,516.0,363.0,868.0,0.0,284.0,729.0,0.0,4.0,0.0,2.0,0.0,0.0
54089,8.5,8.3,77.3,72.3,0.8,4.1,6.6,35.1,28.5,9.1,18.8,0.0,1.7,11.5,47.3,11729.0,50.6,40.8,19.1,18.8,23.8,40699.0,Summers,WV,West Virginia,2023.0,Crude prevalence,13.0,87.4,13.9,19.4,11.0,39.8,38.9,21.5,20.3,82.5,22.6,5.4,10.0,54.0,4.0,11959.0,428.0,1077.0,372.0,280.0,768.0,0.0,244.0,665.0,0.0,3.0,0.0,1.0,0.0,1.0
54091,2.4,9.7,88.7,84.5,4.0,2.3,5.1,27.6,11.2,9.0,16.1,0.0,0.6,12.5,32.2,16487.0,43.7,42.2,17.4,20.5,13.9,57795.0,Taylor,WV,West Virginia,2023.0,Crude prevalence,12.3,86.7,11.2,15.9,9.0,42.0,34.7,21.0,17.9,80.3,20.5,4.3,9.0,54.0,4.0,16705.0,592.0,1334.0,34.0,349.0,848.0,0.0,284.0,685.0,0.0,2.0,0.0,2.0,0.0,1.0
54093,3.8,5.6,88.0,81.8,3.1,2.2,5.3,27.4,39.0,12.1,19.1,1.6,0.0,4.3,44.2,6654.0,51.3,41.7,16.9,23.6,15.3,53358.0,Tucker,WV,West Virginia,2023.0,Crude prevalence,11.9,89.2,11.3,16.9,9.9,39.3,33.3,19.1,17.8,82.7,18.5,4.6,7.8,54.0,3.0,6762.0,344.0,363.0,336.0,251.0,259.0,0.0,214.0,219.0,0.0,0.0,0.0,1.0,0.0,1.0
54095,4.2,5.3,93.1,86.2,3.2,4.9,7.9,31.9,19.8,5.7,15.9,0.5,0.0,4.9,42.4,8064.0,48.8,44.1,20.8,15.9,20.2,63693.0,Tyler,WV,West Virginia,2023.0,Crude prevalence,12.0,88.2,11.9,17.6,10.0,42.8,34.9,20.4,18.3,82.2,20.2,4.7,8.1,54.0,3.0,8313.0,187.0,644.0,19.0,98.0,413.0,0.0,81.0,346.0,0.0,1.0,0.0,0.0,0.0,0.0
54097,4.0,7.4,91.3,86.1,2.8,1.3,6.3,28.1,15.3,8.2,19.3,0.6,0.2,7.9,38.2,23712.0,42.3,49.1,13.6,18.2,19.2,54338.0,Upshur,WV,West Virginia,2023.0,Crude prevalence,12.2,85.9,11.5,16.5,9.4,36.6,35.0,21.6,17.9,81.0,20.9,4.4,8.9,54.0,6.0,23816.0,782.0,1815.0,1043.0,427.0,1117.0,279.0,314.0,858.0,2.0,3.0,0.0,2.0,0.0,1.0
54099,3.7,8.8,91.1,85.5,2.5,4.0,4.7,25.3,13.7,9.0,21.4,1.0,0.4,14.5,30.7,38164.0,44.8,37.2,20.5,19.2,14.6,58878.0,Wayne,WV,West Virginia,2023.0,Crude prevalence,12.5,86.7,12.0,16.9,9.7,42.6,35.7,21.8,18.7,81.6,21.5,4.6,9.0,54.0,11.0,38982.0,1425.0,2879.0,6554.0,841.0,1921.0,4221.0,669.0,1525.0,5.0,6.0,0.0,5.0,0.0,5.0
54101,8.5,9.9,87.7,80.6,4.0,4.8,5.8,29.6,33.9,13.0,22.7,0.0,1.2,7.0,59.9,8144.0,47.7,50.7,12.9,12.9,23.3,43839.0,Webster,WV,West Virginia,2023.0,Crude prevalence,12.7,86.7,14.8,19.5,11.5,42.9,41.2,21.7,20.9,82.0,24.2,5.5,10.4,54.0,4.0,8378.0,376.0,944.0,479.0,259.0,674.0,34.0,228.0,596.0,0.0,3.0,0.0,1.0,0.0,0.0
54103,2.2,6.7,89.9,81.4,2.6,2.9,3.7,29.4,16.2,7.7,16.8,1.8,0.3,9.8,27.4,14078.0,45.3,44.1,18.7,17.1,16.0,56836.0,Wetzel,WV,West Virginia,2023.0,Crude prevalence,12.1,87.2,11.7,16.7,9.7,42.4,36.9,21.3,18.2,81.0,20.6,4.6,8.6,54.0,5.0,14442.0,469.0,1215.0,205.0,258.0,582.0,24.0,234.0,524.0,1.0,1.0,0.0,1.0,0.0,1.0
54105,1.6,8.6,88.1,79.2,2.4,3.0,6.9,32.3,25.1,7.9,12.2,0.9,0.7,24.7,38.9,5053.0,46.3,48.6,18.7,15.5,16.8,49867.0,Wirt,WV,West Virginia,2023.0,Crude prevalence,12.3,87.6,12.7,18.1,10.4,42.8,36.0,20.9,18.9,81.6,21.4,4.9,8.6,54.0,2.0,5194.0,161.0,374.0,28.0,129.0,312.0,0.0,121.0,280.0,0.0,2.0,0.0,1.0,0.0,1.0
54107,2.0,6.8,92.0,86.6,3.0,3.6,6.2,20.8,11.0,7.3,24.9,0.2,0.2,10.6,38.2,83407.0,43.9,35.7,20.7,24.1,14.7,57810.0,Wood,WV,West Virginia,2023.0,Crude prevalence,12.0,87.7,10.8,16.6,9.0,43.5,33.1,20.8,17.5,82.2,18.9,4.2,7.9,54.0,28.0,84296.0,2624.0,6317.0,8315.0,702.0,1834.0,2196.0,407.0,1045.0,19.0,9.0,0.0,3.0,0.0,3.0
54109,6.4,15.6,82.4,77.0,2.2,1.8,7.0,33.1,18.9,6.8,17.5,0.5,1.0,9.0,44.8,20629.0,45.5,45.1,13.5,13.1,22.6,48440.0,Wyoming,WV,West Virginia,2023.0,Crude prevalence,12.9,85.6,14.0,18.7,10.7,44.6,39.9,22.4,20.6,80.8,24.6,5.1,10.5,54.0,6.0,21382.0,550.0,1948.0,230.0,394.0,1384.0,0.0,351.0,1239.0,0.0,6.0,0.0,2.0,0.0,2.0
55001,2.8,7.8,91.2,84.2,2.2,1.9,4.6,30.7,44.0,4.2,13.8,0.6,0.5,9.9,29.1,21123.0,55.7,40.1,22.1,17.5,14.1,59442.0,Adams,WI,Wisconsin,2023.0,Crude prevalence,10.8,87.8,10.1,16.7,10.6,40.3,33.7,14.9,16.4,80.5,17.5,5.0,9.3,55.0,8.0,20654.0,401.0,1391.0,128.0,352.0,1240.0,0.0,337.0,1179.0,0.0,6.0,0.0,1.0,0.0,0.0
55003,1.3,3.2,92.4,84.8,2.3,2.5,6.4,17.8,27.7,5.8,26.6,0.9,1.9,5.9,31.1,16080.0,43.1,35.1,22.3,24.5,13.4,62462.0,Ashland,WI,Wisconsin,2023.0,Crude prevalence,11.4,85.0,8.6,13.9,8.4,41.2,31.5,16.6,15.4,78.0,17.3,4.3,8.2,55.0,7.0,16027.0,394.0,975.0,1891.0,200.0,536.0,485.0,162.0,455.0,2.0,4.0,1.0,0.0,0.0,0.0
55005,3.0,5.3,92.7,85.0,1.8,2.3,6.2,20.9,17.1,4.8,22.6,1.5,0.3,15.2,29.6,46797.0,44.9,34.2,19.2,23.2,11.0,65933.0,Barron,WI,Wisconsin,2023.0,Crude prevalence,10.9,86.5,8.2,13.2,8.3,38.3,29.6,15.6,14.6,78.5,15.4,4.1,8.0,55.0,12.0,46711.0,965.0,2288.0,2414.0,565.0,1483.0,908.0,412.0,1172.0,2.0,4.0,1.0,1.0,1.0,1.0
55007,1.2,2.8,94.1,89.8,1.9,2.3,5.3,23.3,44.3,4.2,16.1,1.4,1.0,9.3,31.4,16575.0,54.6,26.3,21.7,35.0,9.8,71151.0,Bayfield,WI,Wisconsin,2023.0,Crude prevalence,10.8,89.6,7.9,13.9,9.1,39.1,27.3,13.9,14.4,80.8,13.3,4.3,6.2,55.0,6.0,16220.0,309.0,859.0,2351.0,247.0,708.0,1183.0,230.0,663.0,0.0,0.0,0.0,0.0,0.0,0.0
55009,2.3,4.1,95.7,92.0,1.8,2.2,5.1,19.6,3.9,5.1,34.0,1.6,0.3,10.0,31.0,270892.0,38.2,29.2,18.4,33.5,9.1,79649.0,Brown,WI,Wisconsin,2023.0,Crude prevalence,10.7,85.2,6.1,10.5,6.2,41.1,27.1,15.5,12.5,77.6,13.4,3.1,8.2,55.0,58.0,268740.0,5674.0,11597.0,71682.0,1303.0,2546.0,36986.0,658.0,1290.0,49.0,17.0,1.0,8.0,1.0,5.0
55011,2.2,5.1,91.6,87.8,1.8,1.8,4.2,26.5,12.3,3.3,22.5,0.4,0.1,5.5,31.4,13393.0,46.5,37.4,18.5,22.1,8.4,70479.0,Buffalo,WI,Wisconsin,2023.0,Crude prevalence,10.7,87.0,7.8,12.8,8.1,39.6,29.9,15.3,14.4,78.8,15.0,3.9,7.8,55.0,5.0,13317.0,190.0,598.0,1076.0,131.0,315.0,174.0,122.0,273.0,0.0,1.0,0.0,0.0,0.0,0.0
55013,1.8,4.6,91.5,85.4,2.4,2.7,6.0,28.3,53.3,4.4,14.1,0.3,0.8,13.7,29.7,16916.0,56.0,38.0,21.4,22.4,12.8,62819.0,Burnett,WI,Wisconsin,2023.0,Crude prevalence,10.9,88.9,9.7,15.5,10.0,39.0,31.9,14.5,15.8,80.5,16.1,4.9,7.6,55.0,6.0,16526.0,318.0,900.0,869.0,289.0,808.0,286.0,269.0,754.0,0.0,0.0,0.0,0.0,0.0,0.0
55015,1.4,3.5,95.8,92.9,1.5,1.7,2.6,21.8,5.0,3.1,19.9,0.9,0.1,10.1,28.6,52942.0,41.7,29.5,19.1,33.0,5.9,88810.0,Calumet,WI,Wisconsin,2023.0,Crude prevalence,10.7,86.9,5.9,10.3,6.1,33.3,25.3,15.1,12.2,77.5,12.9,3.0,7.0,55.0,11.0,52442.0,666.0,1301.0,12269.0,301.0,522.0,8278.0,236.0,426.0,5.0,1.0,0.0,1.0,0.0,0.0
55017,2.2,4.0,93.4,89.3,1.9,1.4,4.4,23.2,7.6,4.8,25.8,0.8,0.2,9.5,32.3,66799.0,42.2,34.2,20.7,24.2,10.2,74680.0,Chippewa,WI,Wisconsin,2023.0,Crude prevalence,11.1,85.6,7.2,11.7,7.2,41.7,28.2,15.8,13.8,76.0,15.6,3.6,7.6,55.0,12.0,66297.0,1301.0,3203.0,14917.0,728.0,1908.0,8428.0,514.0,1405.0,5.0,1.0,0.0,5.0,0.0,4.0
55019,11.3,5.7,83.8,78.6,2.4,1.9,22.5,22.2,14.2,9.8,21.5,3.3,0.9,7.5,22.9,34739.0,36.7,42.1,17.2,13.0,12.1,67400.0,Clark,WI,Wisconsin,2023.0,Crude prevalence,11.4,82.9,9.0,12.5,8.2,37.9,33.5,17.0,15.7,74.5,18.3,4.1,11.2,55.0,8.0,34659.0,1257.0,1348.0,972.0,883.0,970.0,306.0,798.0,888.0,0.0,3.0,0.0,6.0,0.0,5.0
55021,2.0,4.0,93.8,88.3,2.0,2.1,5.0,26.0,10.1,4.4,23.3,1.3,0.7,7.0,28.1,58272.0,43.7,30.2,25.1,26.0,7.8,85351.0,Columbia,WI,Wisconsin,2023.0,Crude prevalence,10.8,86.6,6.9,11.3,6.9,33.6,26.2,15.4,13.3,76.0,14.4,3.4,7.4,55.0,13.0,58490.0,1075.0,2162.0,5854.0,606.0,1235.0,1697.0,465.0,933.0,4.0,6.0,4.0,3.0,1.0,2.0
55023,1.8,5.4,89.9,83.0,1.7,2.7,7.0,23.1,23.5,6.0,22.8,0.7,0.7,6.4,25.5,16042.0,47.4,40.2,20.6,18.3,13.8,64094.0,Crawford,WI,Wisconsin,2023.0,Crude prevalence,10.9,86.3,8.8,13.8,8.8,37.4,30.1,15.8,15.0,78.5,16.4,4.4,8.2,55.0,6.0,16113.0,402.0,728.0,998.0,217.0,374.0,208.0,171.0,267.0,2.0,3.0,1.0,0.0,0.0,0.0
55025,1.6,2.0,97.4,92.9,1.7,1.6,3.6,20.6,3.7,8.2,42.9,0.8,0.8,9.3,38.6,572674.0,35.7,17.3,14.8,55.3,10.6,89975.0,Dane,WI,Wisconsin,2023.0,Crude prevalence,9.9,84.8,4.4,8.2,4.8,32.4,20.5,14.8,10.4,73.6,9.8,2.4,6.6,55.0,125.0,561504.0,20653.0,20385.0,115441.0,2762.0,4329.0,52167.0,1240.0,2148.0,104.0,33.0,7.0,20.0,0.0,8.0
55027,2.3,5.0,93.8,88.9,2.4,2.3,4.1,24.1,6.8,4.1,28.7,1.1,0.1,7.7,27.2,88742.0,43.0,40.3,20.4,20.3,8.5,75929.0,Dodge,WI,Wisconsin,2023.0,Crude prevalence,10.7,85.7,7.0,11.3,7.0,42.8,28.4,16.0,13.5,78.8,14.9,3.5,8.5,55.0,20.0,89396.0,1463.0,3831.0,13170.0,569.0,1643.0,5149.0,343.0,1085.0,9.0,3.0,2.0,1.0,1.0,1.0
55029,1.1,2.5,95.9,89.3,1.4,1.4,3.5,16.9,38.7,2.7,21.8,0.6,0.5,14.2,29.7,30445.0,54.3,25.2,22.3,37.4,7.7,74795.0,Door,WI,Wisconsin,2023.0,Crude prevalence,10.5,90.0,7.5,13.0,8.5,36.6,27.0,13.0,13.3,81.5,11.9,4.1,6.3,55.0,9.0,30066.0,409.0,1168.0,4568.0,259.0,690.0,2192.0,193.0,512.0,2.0,0.0,0.0,1.0,0.0,0.0
55031,1.0,4.5,94.9,87.8,1.9,2.8,4.0,22.0,17.2,8.0,28.1,0.4,0.3,8.3,34.9,44229.0,42.7,29.8,21.6,28.4,10.8,75099.0,Douglas,WI,Wisconsin,2023.0,Crude prevalence,11.0,86.2,7.0,11.7,7.2,41.0,27.2,16.0,13.5,78.0,14.3,3.5,7.1,55.0,14.0,44295.0,1542.0,2390.0,7250.0,321.0,674.0,3632.0,269.0,569.0,9.0,2.0,0.0,2.0,0.0,1.0
55033,1.4,4.0,95.4,89.9,3.0,2.4,4.9,23.4,8.1,3.5,33.0,1.1,0.3,6.7,32.5,45527.0,36.1,33.6,18.9,29.6,10.7,74824.0,Dunn,WI,Wisconsin,2023.0,Crude prevalence,10.8,82.7,6.2,9.9,6.0,38.8,26.6,16.7,12.5,75.2,13.7,3.0,7.3,55.0,9.0,45440.0,611.0,2212.0,9339.0,332.0,1375.0,5319.0,281.0,1184.0,4.0,1.0,0.0,0.0,0.0,0.0
55035,1.7,2.3,94.1,90.1,2.0,2.3,6.2,17.9,4.7,6.4,39.0,1.5,0.4,8.2,31.3,107116.0,35.8,26.2,18.0,36.8,11.8,74546.0,Eau Claire,WI,Wisconsin,2023.0,Crude prevalence,10.7,83.2,5.8,9.4,5.8,30.0,24.4,16.8,11.7,75.2,12.6,2.9,7.1,55.0,22.0,105710.0,2882.0,4962.0,19113.0,791.0,1301.0,7227.0,491.0,731.0,17.0,6.0,2.0,4.0,0.0,3.0
55037,1.9,5.8,93.0,84.8,2.4,1.9,5.8,20.1,52.6,2.1,9.1,0.2,0.0,6.0,28.3,4646.0,55.3,35.2,18.8,25.0,7.3,61086.0,Florence,WI,Wisconsin,2023.0,Crude prevalence,10.7,89.5,8.5,14.3,9.0,37.5,29.4,14.0,15.0,81.1,14.5,4.3,6.9,55.0,3.0,4558.0,47.0,292.0,832.0,43.0,269.0,412.0,40.0,254.0,0.0,2.0,0.0,0.0,0.0,0.0
55039,1.9,5.0,94.5,90.7,2.0,1.8,4.1,21.2,6.2,5.6,29.3,1.0,0.5,8.8,32.3,104137.0,41.9,38.3,19.4,22.3,9.2,74275.0,Fond du Lac,WI,Wisconsin,2023.0,Crude prevalence,11.0,85.7,6.9,11.5,6.9,43.8,29.1,15.6,13.7,78.2,14.8,3.5,8.1,55.0,23.0,104154.0,2428.0,4095.0,24338.0,690.0,1124.0,12568.0,449.0,739.0,15.0,6.0,1.0,2.0,1.0,2.0
55041,2.0,7.8,89.7,84.7,1.4,2.9,7.7,25.1,54.0,5.2,18.0,1.4,0.6,4.7,27.6,9369.0,49.3,36.5,25.9,16.1,15.2,61071.0,Forest,WI,Wisconsin,2023.0,Crude prevalence,12.1,87.0,10.2,16.7,9.9,46.0,35.3,17.5,17.6,80.2,19.9,5.0,9.1,55.0,4.0,9179.0,208.0,599.0,1066.0,169.0,488.0,486.0,160.0,460.0,0.0,3.0,0.0,0.0,0.0,0.0
55043,3.3,3.3,92.7,86.1,2.0,2.7,8.0,21.1,10.6,4.9,30.2,1.0,0.7,8.1,36.6,51770.0,36.8,35.0,19.0,25.6,13.0,66858.0,Grant,WI,Wisconsin,2023.0,Crude prevalence,11.0,82.7,7.3,11.5,7.0,40.9,31.1,17.3,13.8,76.2,15.0,3.5,8.2,55.0,12.0,51938.0,983.0,2122.0,3626.0,519.0,964.0,825.0,412.0,728.0,2.0,2.0,1.0,1.0,0.0,1.0
55045,2.1,4.0,91.9,87.8,2.4,1.8,3.8,24.6,4.3,4.3,24.1,1.5,0.6,5.8,27.2,37017.0,43.6,33.5,20.2,27.7,7.7,82852.0,Green,WI,Wisconsin,2023.0,Crude prevalence,10.5,87.1,6.8,11.3,7.0,40.3,26.5,15.0,13.1,77.8,13.6,3.5,7.1,55.0,8.0,37093.0,676.0,1296.0,2144.0,312.0,572.0,667.0,249.0,471.0,3.0,4.0,2.0,1.0,0.0,0.0
55047,2.8,5.8,90.2,84.1,1.6,2.2,9.0,24.7,23.1,7.8,25.5,1.4,0.3,10.0,33.9,19263.0,45.6,37.0,21.9,22.8,13.8,68196.0,Green Lake,WI,Wisconsin,2023.0,Crude prevalence,11.1,86.3,8.8,13.7,8.6,40.4,32.2,15.8,15.1,78.3,16.0,4.3,8.8,55.0,6.0,19018.0,645.0,966.0,3214.0,441.0,585.0,1416.0,366.0,459.0,2.0,2.0,1.0,3.0,1.0,2.0
55049,1.5,3.3,93.3,88.8,2.1,2.0,3.4,27.2,8.9,4.3,22.6,0.9,0.2,11.3,25.8,23867.0,44.0,32.3,21.1,28.4,7.6,82182.0,Iowa,WI,Wisconsin,2023.0,Crude prevalence,10.5,87.4,6.8,11.3,7.0,38.7,28.3,15.1,13.1,77.6,13.8,3.4,6.7,55.0,6.0,23709.0,438.0,958.0,1778.0,251.0,594.0,411.0,198.0,497.0,1.0,2.0,0.0,1.0,0.0,0.0
55051,0.9,3.9,94.0,89.6,1.3,2.7,6.1,21.9,44.1,4.2,11.5,0.9,0.3,10.9,30.6,6210.0,56.1,31.6,21.8,26.0,10.5,60625.0,Iron,WI,Wisconsin,2023.0,Crude prevalence,10.7,89.4,9.1,14.8,9.8,34.7,30.4,14.1,15.1,80.7,14.8,4.7,6.9,55.0,3.0,6137.0,130.0,377.0,1164.0,81.0,237.0,713.0,70.0,206.0,0.0,2.0,1.0,0.0,0.0,0.0
55053,2.2,5.7,91.1,84.8,2.7,2.5,6.8,25.9,15.1,5.8,19.9,1.3,0.4,6.5,32.2,20981.0,43.4,43.3,21.5,15.9,12.4,68110.0,Jackson,WI,Wisconsin,2023.0,Crude prevalence,11.1,85.1,8.5,13.4,8.3,40.4,31.4,16.6,15.3,77.6,17.7,4.1,9.1,55.0,5.0,21145.0,479.0,1265.0,2348.0,322.0,828.0,1016.0,289.0,733.0,1.0,1.0,1.0,1.0,0.0,0.0
55055,3.1,3.9,94.6,90.6,2.4,1.4,4.8,24.8,5.5,4.6,26.9,1.1,0.2,8.9,30.0,86003.0,41.5,33.3,20.4,28.5,8.1,83750.0,Jefferson,WI,Wisconsin,2023.0,Crude prevalence,10.9,85.6,6.4,10.7,6.5,40.7,27.7,15.5,13.0,76.4,13.4,3.2,7.9,55.0,21.0,84900.0,1615.0,3213.0,10144.0,625.0,1344.0,3585.0,437.0,928.0,10.0,2.0,0.0,4.0,0.0,2.0
55057,1.8,8.0,92.5,83.9,2.1,3.0,5.4,24.5,25.8,4.3,21.9,1.6,0.4,9.1,26.9,26689.0,45.8,39.8,21.4,16.9,13.0,67270.0,Juneau,WI,Wisconsin,2023.0,Crude prevalence,11.1,85.3,9.1,14.2,8.7,42.1,32.2,16.4,15.9,77.7,18.5,4.3,9.2,55.0,8.0,26718.0,466.0,1635.0,739.0,299.0,1117.0,264.0,254.0,972.0,0.0,2.0,1.0,0.0,0.0,0.0
55059,3.1,4.9,95.1,92.4,2.9,3.5,5.7,25.1,6.5,4.9,33.3,1.7,0.6,8.7,38.6,168438.0,39.4,27.7,22.4,31.2,10.5,81239.0,Kenosha,WI,Wisconsin,2023.0,Crude prevalence,11.0,85.6,6.5,11.4,6.3,40.1,27.3,16.0,13.0,76.7,14.5,3.2,9.4,55.0,42.0,169151.0,3390.0,8401.0,36516.0,915.0,1869.0,22208.0,620.0,1236.0,35.0,12.0,2.0,3.0,2.0,3.0
55061,1.5,4.1,92.5,87.4,1.0,0.9,3.9,24.1,10.8,2.8,13.5,1.0,0.1,9.5,25.9,20664.0,44.6,38.2,18.3,21.9,7.6,82725.0,Kewaunee,WI,Wisconsin,2023.0,Crude prevalence,10.6,87.0,7.3,12.1,7.6,41.3,28.3,15.0,13.5,79.0,14.7,3.7,7.5,55.0,5.0,20563.0,236.0,434.0,23.0,144.0,227.0,0.0,122.0,189.0,0.0,0.0,0.0,0.0,0.0,0.0
55063,1.4,2.1,94.2,89.9,2.1,2.2,4.4,18.7,4.7,7.0,37.8,0.6,0.4,8.1,35.5,120488.0,37.5,23.3,22.8,36.5,12.4,73013.0,La Crosse,WI,Wisconsin,2023.0,Crude prevalence,11.2,84.6,6.0,10.1,6.1,37.5,25.1,16.3,12.3,78.5,12.6,3.0,6.6,55.0,28.0,120784.0,3596.0,4781.0,17075.0,993.0,1599.0,3832.0,355.0,620.0,20.0,9.0,4.0,6.0,0.0,4.0
55065,4.4,4.1,88.5,82.2,1.9,1.8,10.5,24.7,6.5,5.0,19.8,1.9,0.1,10.6,27.3,16942.0,40.8,37.1,19.0,22.6,11.9,76462.0,Lafayette,WI,Wisconsin,2023.0,Crude prevalence,10.9,85.5,8.0,12.5,7.9,41.9,30.6,16.4,14.7,78.2,15.9,3.9,8.8,55.0,5.0,16611.0,336.0,588.0,22.0,209.0,363.0,0.0,186.0,326.0,0.0,1.0,0.0,0.0,0.0,0.0
55067,2.8,6.2,91.5,87.1,2.0,1.4,5.1,23.0,27.3,6.2,23.1,0.5,0.5,5.6,41.9,19490.0,48.7,40.8,20.9,17.0,13.5,55878.0,Langlade,WI,Wisconsin,2023.0,Crude prevalence,11.0,86.4,9.2,14.1,9.0,37.1,33.0,15.8,15.7,78.8,17.2,4.5,8.5,55.0,7.0,19491.0,551.0,1191.0,1794.0,161.0,478.0,178.0,108.0,360.0,2.0,4.0,1.0,1.0,0.0,0.0
55069,2.5,5.1,92.7,86.2,1.8,2.3,4.7,22.5,21.8,4.7,20.5,0.7,0.4,12.8,39.2,28426.0,49.3,39.7,20.1,19.6,10.6,68164.0,Lincoln,WI,Wisconsin,2023.0,Crude prevalence,11.0,87.1,8.5,13.1,8.5,42.8,30.2,15.7,14.7,79.1,16.0,4.1,7.8,55.0,10.0,28415.0,597.0,1674.0,4311.0,291.0,832.0,1479.0,206.0,579.0,3.0,1.0,0.0,0.0,0.0,0.0
55071,2.7,4.9,93.1,89.2,1.6,2.0,4.1,20.3,7.6,5.3,22.9,1.0,0.5,4.9,26.2,81406.0,45.1,36.1,21.2,22.6,9.6,69148.0,Manitowoc,WI,Wisconsin,2023.0,Crude prevalence,10.7,86.6,7.7,12.2,7.7,39.1,30.3,14.9,14.0,78.4,14.9,3.8,8.0,55.0,19.0,81359.0,1860.0,3617.0,11866.0,585.0,1142.0,5059.0,388.0,772.0,12.0,7.0,4.0,3.0,1.0,2.0
55073,3.0,3.7,94.2,90.0,1.9,1.9,5.8,19.1,5.0,4.8,26.7,1.0,0.3,10.2,31.9,138403.0,41.3,33.0,18.7,28.1,8.7,77884.0,Marathon,WI,Wisconsin,2023.0,Crude prevalence,10.2,86.2,6.7,10.9,6.9,36.3,27.9,14.8,13.1,77.0,14.3,3.4,7.7,55.0,32.0,138013.0,2781.0,5745.0,23283.0,968.0,2038.0,11811.0,680.0,1513.0,17.0,5.0,1.0,4.0,0.0,2.0
55075,2.1,4.8,92.2,87.3,1.9,2.4,4.2,21.1,35.4,3.9,18.4,0.8,0.5,5.7,25.7,42046.0,48.7,37.2,22.4,19.8,9.8,63809.0,Marinette,WI,Wisconsin,2023.0,Crude prevalence,10.9,87.4,8.5,13.9,8.7,37.8,30.2,15.3,14.9,79.4,16.1,4.2,7.7,55.0,12.0,41872.0,752.0,2313.0,5312.0,478.0,1525.0,1827.0,352.0,1243.0,3.0,8.0,2.0,1.0,1.0,1.0
55077,1.6,6.3,92.5,88.9,1.5,4.6,5.5,28.9,28.9,4.6,18.8,1.8,0.3,10.3,28.9,15746.0,50.7,43.2,22.7,16.2,13.1,65681.0,Marquette,WI,Wisconsin,2023.0,Crude prevalence,11.0,87.4,9.5,14.6,9.3,43.4,32.9,15.3,15.9,80.0,17.0,4.6,8.5,55.0,5.0,15592.0,318.0,831.0,169.0,252.0,677.0,0.0,220.0,603.0,0.0,4.0,0.0,1.0,0.0,0.0
55078,2.1,3.1,93.0,91.2,5.1,0.9,20.5,21.5,35.7,5.0,24.5,12.6,2.1,8.2,34.9,4252.0,34.3,44.6,20.6,18.1,21.7,62108.0,Menominee,WI,Wisconsin,2023.0,Crude prevalence,13.9,83.8,8.9,18.2,8.6,45.4,36.8,19.3,18.3,78.1,23.4,5.0,9.6,55.0,3.0,4255.0,70.0,366.0,26.0,38.0,206.0,0.0,25.0,136.0,0.0,2.0,0.0,0.0,0.0,0.0
55079,4.2,6.3,94.6,89.6,3.1,2.3,7.2,22.2,8.0,12.5,50.1,1.8,0.7,8.3,40.1,926331.0,35.5,27.5,19.3,34.7,17.2,64435.0,Milwaukee,WI,Wisconsin,2023.0,Crude prevalence,11.8,84.8,6.7,13.1,6.2,38.6,27.8,17.0,13.6,78.3,14.6,3.6,10.8,55.0,301.0,939489.0,49178.0,80462.0,53841.0,1377.0,1924.0,16374.0,189.0,341.0,300.0,175.0,2.0,16.0,0.0,8.0
55081,4.8,4.4,90.6,87.1,2.0,1.8,8.9,20.3,8.6,8.3,27.2,2.2,0.6,9.6,30.0,46208.0,39.7,35.3,22.2,21.3,11.7,69467.0,Monroe,WI,Wisconsin,2023.0,Crude prevalence,11.2,85.1,8.2,12.8,7.8,44.4,32.0,16.7,15.1,77.3,17.1,3.9,9.0,55.0,9.0,46274.0,1526.0,2553.0,3315.0,772.0,1229.0,970.0,583.0,909.0,3.0,2.0,2.0,6.0,0.0,5.0
55083,1.5,5.0,93.1,88.9,1.2,1.4,3.5,28.0,30.2,3.4,15.0,1.0,0.4,9.4,32.4,39589.0,47.5,39.4,19.7,18.9,8.2,75049.0,Oconto,WI,Wisconsin,2023.0,Crude prevalence,11.0,87.4,7.9,12.9,8.0,42.7,29.8,15.8,14.5,79.5,15.7,3.9,7.4,55.0,11.0,38965.0,577.0,1510.0,100.0,435.0,1138.0,0.0,383.0,1007.0,0.0,3.0,0.0,1.0,0.0,1.0
55085,1.0,3.1,93.7,88.2,1.1,1.1,4.2,21.6,43.2,4.3,17.7,0.6,0.5,11.2,32.4,38167.0,52.7,29.3,25.2,28.7,8.5,69371.0,Oneida,WI,Wisconsin,2023.0,Crude prevalence,10.4,88.9,7.9,13.8,8.6,35.2,26.8,14.5,14.7,80.5,14.1,4.1,6.5,55.0,16.0,37845.0,749.0,1383.0,3782.0,511.0,832.0,741.0,401.0,642.0,2.0,2.0,1.0,0.0,0.0,0.0
55087,1.9,3.1,95.3,92.8,1.9,1.2,4.0,20.5,3.1,4.1,28.5,1.1,0.5,8.8,28.0,192826.0,38.9,30.6,18.0,32.7,6.3,85069.0,Outagamie,WI,Wisconsin,2023.0,Crude prevalence,10.6,86.1,5.9,10.3,6.0,36.6,25.6,15.5,12.3,78.7,12.7,3.0,7.1,55.0,47.0,190705.0,3236.0,6395.0,29501.0,555.0,1519.0,11771.0,325.0,998.0,37.0,9.0,0.0,1.0,0.0,0.0
55089,0.7,1.5,96.8,93.5,1.8,1.3,2.5,22.8,3.9,3.9,27.1,0.4,0.3,8.4,35.0,92966.0,43.9,20.8,17.2,51.2,5.0,96996.0,Ozaukee,WI,Wisconsin,2023.0,Crude prevalence,10.2,88.9,5.4,10.1,6.3,30.3,22.1,13.5,11.2,80.2,10.3,3.0,5.5,55.0,21.0,91503.0,1506.0,1921.0,32587.0,862.0,901.0,16653.0,485.0,482.0,15.0,0.0,0.0,5.0,0.0,4.0
55091,2.9,3.0,92.6,85.8,1.9,0.8,9.1,25.2,15.5,3.6,17.0,0.9,0.4,4.5,41.7,7431.0,46.0,37.1,19.8,23.0,10.2,75256.0,Pepin,WI,Wisconsin,2023.0,Crude prevalence,10.6,87.7,7.4,12.4,7.9,36.6,27.8,14.8,13.7,79.3,14.2,3.8,7.2,55.0,2.0,7318.0,109.0,301.0,157.0,81.0,223.0,0.0,68.0,190.0,0.0,0.0,0.0,0.0,0.0,0.0
55093,0.6,3.1,95.7,92.2,2.2,3.0,3.1,26.8,7.5,2.7,25.0,0.7,0.4,6.7,32.4,42584.0,38.8,28.9,20.8,33.5,9.8,92109.0,Pierce,WI,Wisconsin,2023.0,Crude prevalence,10.7,84.2,5.8,9.8,5.9,33.2,24.7,15.8,12.0,75.1,13.0,2.9,6.7,55.0,8.0,42212.0,428.0,934.0,2865.0,268.0,593.0,1053.0,227.0,506.0,2.0,2.0,1.0,1.0,0.0,1.0
55095,1.4,4.5,94.5,88.3,2.1,2.1,6.2,29.8,20.4,3.7,19.0,1.0,0.4,8.0,28.5,45555.0,46.7,33.3,22.5,24.3,8.2,77219.0,Polk,WI,Wisconsin,2023.0,Crude prevalence,10.7,87.4,7.3,12.4,7.5,35.6,27.0,15.0,13.5,78.0,14.3,3.8,7.2,55.0,14.0,44977.0,731.0,1900.0,941.0,565.0,1482.0,204.0,455.0,1218.0,0.0,3.0,0.0,2.0,0.0,1.0
55097,2.0,3.5,95.4,92.5,2.1,2.6,4.8,19.5,6.5,3.9,30.3,1.1,0.3,6.6,32.5,70832.0,38.0,30.3,17.4,34.0,10.1,76070.0,Portage,WI,Wisconsin,2023.0,Crude prevalence,10.7,84.1,6.1,9.6,6.2,35.1,24.6,16.2,12.0,77.4,12.8,3.1,7.2,55.0,15.0,70377.0,1161.0,2387.0,9399.0,410.0,1096.0,2725.0,293.0,845.0,8.0,4.0,2.0,1.0,0.0,1.0
55099,1.3,4.8,90.5,84.2,1.5,2.6,5.8,24.1,39.6,5.3,18.1,1.4,0.5,8.0,28.1,14092.0,52.6,42.3,20.3,17.9,11.9,60546.0,Price,WI,Wisconsin,2023.0,Crude prevalence,10.9,88.0,9.5,14.8,9.7,42.5,31.7,14.9,15.8,80.8,16.7,4.7,7.8,55.0,6.0,14054.0,346.0,861.0,2028.0,242.0,642.0,754.0,211.0,574.0,0.0,4.0,0.0,0.0,0.0,0.0
55101,2.6,4.9,95.2,91.1,2.8,3.2,5.7,23.9,6.1,5.2,29.0,1.2,0.3,7.2,35.8,197532.0,40.5,30.1,22.4,28.4,10.3,78096.0,Racine,WI,Wisconsin,2023.0,Crude prevalence,11.3,86.3,6.7,12.5,6.7,42.3,31.2,15.3,13.2,77.4,14.7,3.5,9.6,55.0,46.0,197727.0,4191.0,9869.0,38232.0,946.0,1606.0,19838.0,488.0,782.0,38.0,12.0,0.0,4.0,0.0,2.0
55103,3.2,4.1,87.8,81.4,2.2,1.9,7.0,24.4,15.0,6.7,26.1,1.4,0.8,13.6,23.1,17205.0,46.6,42.7,17.7,21.2,14.5,66420.0,Richland,WI,Wisconsin,2023.0,Crude prevalence,10.9,86.1,8.9,13.6,8.8,37.5,31.7,15.6,15.1,78.2,16.4,4.4,8.7,55.0,5.0,17304.0,488.0,1037.0,3627.0,261.0,591.0,1757.0,228.0,521.0,2.0,2.0,1.0,1.0,1.0,1.0
55105,2.4,4.9,95.5,90.3,2.5,2.2,5.5,23.8,5.5,6.0,28.8,1.2,0.2,8.0,35.0,164350.0,40.3,33.3,21.6,25.8,9.3,75673.0,Rock,WI,Wisconsin,2023.0,Crude prevalence,11.2,85.4,6.8,12.3,6.7,41.9,29.6,16.0,13.8,76.8,14.7,3.4,8.8,55.0,41.0,163687.0,4012.0,8653.0,25726.0,793.0,1721.0,13297.0,446.0,1153.0,31.0,16.0,1.0,3.0,0.0,2.0
55107,2.1,5.0,90.0,84.9,3.0,1.7,5.7,26.9,26.6,5.4,22.1,1.4,0.6,8.4,34.4,14179.0,49.2,42.5,20.5,16.9,13.1,59944.0,Rusk,WI,Wisconsin,2023.0,Crude prevalence,11.1,86.7,9.8,14.9,9.6,41.1,31.4,15.9,15.9,80.2,17.5,4.7,8.4,55.0,5.0,14188.0,346.0,1027.0,1702.0,177.0,609.0,589.0,144.0,523.0,0.0,5.0,2.0,1.0,0.0,0.0
55109,1.0,2.1,96.5,93.4,1.8,1.4,4.1,27.0,3.7,3.3,21.7,0.7,0.1,4.1,30.3,96033.0,40.4,25.2,19.4,39.5,6.6,103046.0,St. Croix,WI,Wisconsin,2023.0,Crude prevalence,10.4,87.2,5.5,9.6,5.7,36.3,24.1,14.6,11.7,76.2,12.6,2.9,6.1,55.0,18.0,93536.0,1224.0,2322.0,13344.0,640.0,1374.0,6637.0,421.0,998.0,6.0,4.0,1.0,3.0,1.0,2.0
55111,3.0,4.4,94.3,88.5,1.5,2.6,6.0,23.0,11.1,5.1,27.6,1.6,0.2,8.1,31.8,66009.0,41.6,31.2,20.8,27.3,8.1,79541.0,Sauk,WI,Wisconsin,2023.0,Crude prevalence,10.8,86.3,7.0,12.3,7.1,40.4,29.8,15.7,13.8,77.5,14.9,3.5,8.0,55.0,24.0,65763.0,1441.0,2830.0,8910.0,780.0,1463.0,3386.0,582.0,1001.0,10.0,4.0,3.0,2.0,1.0,2.0
55113,2.1,4.2,92.7,85.7,3.1,2.7,6.5,21.7,45.8,4.3,23.3,2.4,0.3,10.1,24.8,18476.0,52.8,32.3,22.5,27.4,15.6,60801.0,Sawyer,WI,Wisconsin,2023.0,Crude prevalence,11.0,87.9,9.3,15.2,9.6,34.3,31.3,15.0,16.3,80.8,17.3,4.8,7.6,55.0,8.0,18074.0,377.0,1205.0,1735.0,321.0,991.0,291.0,289.0,883.0,0.0,4.0,0.0,0.0,0.0,0.0
55115,2.1,4.4,90.2,85.5,1.6,2.0,6.1,22.8,16.6,6.3,22.5,1.0,0.7,9.6,32.6,41039.0,45.6,44.3,17.9,19.1,11.1,66479.0,Shawano,WI,Wisconsin,2023.0,Crude prevalence,11.2,86.3,8.2,12.9,8.1,40.4,30.0,16.0,14.7,79.1,16.7,4.1,8.1,55.0,11.0,40881.0,1082.0,1901.0,3708.0,657.0,1338.0,1297.0,482.0,1086.0,2.0,5.0,2.0,1.0,1.0,1.0
55117,2.5,4.0,95.1,91.2,1.8,1.5,4.0,18.2,6.3,5.2,28.5,1.2,0.3,7.9,26.1,117991.0,41.7,33.6,20.6,27.5,8.5,73094.0,Sheboygan,WI,Wisconsin,2023.0,Crude prevalence,10.3,86.1,6.5,11.5,6.9,36.6,29.0,15.4,13.4,77.9,13.7,3.4,7.9,55.0,28.0,118034.0,2584.0,4354.0,16366.0,626.0,1041.0,5620.0,370.0,644.0,14.0,7.0,1.0,2.0,0.0,0.0
55119,3.6,5.0,89.7,83.9,1.6,2.0,7.4,22.0,15.6,5.1,20.3,1.4,0.1,11.9,23.1,20024.0,44.2,45.1,18.0,17.0,9.6,69350.0,Taylor,WI,Wisconsin,2023.0,Crude prevalence,10.7,86.2,8.4,12.8,8.2,44.3,32.1,16.1,15.0,79.2,16.3,4.1,8.3,55.0,6.0,19913.0,413.0,746.0,3592.0,348.0,610.0,1323.0,315.0,543.0,1.0,1.0,0.0,1.0,0.0,1.0
55121,3.8,5.4,91.2,87.1,1.5,0.8,8.7,23.3,6.7,4.7,26.0,1.0,0.3,6.1,29.2,30839.0,39.9,36.5,18.5,20.9,9.9,76313.0,Trempealeau,WI,Wisconsin,2023.0,Crude prevalence,10.6,85.8,7.6,12.3,7.5,41.3,29.0,15.9,14.2,77.7,15.8,3.7,9.0,55.0,8.0,30760.0,584.0,1140.0,430.0,394.0,731.0,0.0,347.0,628.0,0.0,0.0,0.0,1.0,0.0,1.0
55123,6.0,3.7,87.1,80.4,1.5,2.4,15.0,24.1,11.7,9.1,19.7,2.0,0.6,10.8,24.5,31049.0,41.9,34.0,18.7,24.9,13.1,71893.0,Vernon,WI,Wisconsin,2023.0,Crude prevalence,11.0,86.0,8.5,12.9,8.4,38.8,29.6,15.9,14.8,78.2,16.1,4.1,8.0,55.0,7.0,30714.0,1129.0,1127.0,2275.0,752.0,669.0,808.0,694.0,603.0,1.0,1.0,0.0,4.0,0.0,3.0
55125,0.9,2.5,93.8,87.9,2.1,1.9,5.6,19.5,55.2,3.8,16.0,0.7,0.7,7.1,22.9,23647.0,55.7,31.1,22.9,30.9,11.1,68431.0,Vilas,WI,Wisconsin,2023.0,Crude prevalence,10.8,89.9,8.3,13.8,9.4,38.4,28.7,13.6,14.8,80.7,14.2,4.4,6.3,55.0,8.0,23047.0,427.0,1098.0,3692.0,395.0,1009.0,1183.0,365.0,916.0,0.0,2.0,1.0,1.0,0.0,1.0
55127,2.8,4.2,95.7,88.7,1.9,1.5,5.7,23.9,20.4,3.9,29.4,1.3,0.5,8.4,33.9,105657.0,41.4,28.9,21.5,32.4,9.4,80520.0,Walworth,WI,Wisconsin,2023.0,Crude prevalence,10.5,85.5,6.4,11.2,6.8,38.4,26.1,15.2,13.1,77.3,12.8,3.3,8.4,55.0,29.0,106478.0,1686.0,3316.0,22456.0,808.0,1663.0,13503.0,565.0,1186.0,15.0,3.0,2.0,2.0,1.0,1.0
55129,1.6,4.4,92.8,86.8,2.1,2.4,5.3,22.9,41.1,4.3,17.8,1.2,0.3,16.7,32.5,16854.0,52.7,36.1,20.1,25.5,11.5,63441.0,Washburn,WI,Wisconsin,2023.0,Crude prevalence,11.0,88.4,8.9,14.4,9.2,35.6,30.9,14.7,15.1,80.5,15.7,4.5,7.4,55.0,6.0,16623.0,323.0,873.0,2035.0,240.0,669.0,72.0,218.0,610.0,0.0,2.0,1.0,0.0,0.0,0.0
55131,1.0,3.2,95.5,92.8,1.7,1.0,2.8,26.4,3.9,3.7,21.9,0.7,0.1,10.8,35.6,137879.0,43.8,28.3,20.2,35.2,5.8,96359.0,Washington,WI,Wisconsin,2023.0,Crude prevalence,10.5,88.0,5.9,10.5,6.5,36.4,22.7,14.6,12.0,79.2,12.1,3.2,6.2,55.0,30.0,136761.0,2107.0,2920.0,39875.0,1001.0,1345.0,22122.0,626.0,860.0,19.0,1.0,1.0,4.0,1.0,4.0
55133,0.8,2.0,96.5,94.0,1.5,1.1,3.1,22.6,3.9,3.5,24.0,0.6,0.3,9.2,35.6,411762.0,43.5,20.4,18.2,48.9,5.2,106076.0,Waukesha,WI,Wisconsin,2023.0,Crude prevalence,10.2,88.7,5.2,10.5,6.2,33.4,21.0,12.9,11.5,79.5,10.3,2.9,5.7,55.0,98.0,406978.0,5872.0,7378.0,142512.0,2267.0,2855.0,74310.0,1111.0,1497.0,75.0,5.0,1.0,8.0,0.0,4.0
55135,2.0,5.5,92.7,86.8,1.7,2.3,5.9,24.9,12.5,5.9,24.7,0.8,0.2,9.9,35.8,51569.0,45.3,42.9,17.8,20.5,10.4,72830.0,Waupaca,WI,Wisconsin,2023.0,Crude prevalence,11.1,86.5,7.8,13.1,7.7,38.2,28.7,15.7,14.3,78.4,15.7,3.8,8.2,55.0,12.0,51812.0,1326.0,2246.0,5387.0,718.0,1293.0,2666.0,574.0,1060.0,3.0,3.0,1.0,3.0,1.0,1.0
55137,3.2,6.7,89.8,85.1,2.1,1.9,9.1,28.9,28.8,5.1,15.8,0.9,0.5,7.9,31.7,24868.0,50.2,41.1,20.5,17.7,10.9,67107.0,Waushara,WI,Wisconsin,2023.0,Crude prevalence,10.5,87.3,8.7,14.4,8.9,39.7,32.0,15.3,15.0,79.3,16.5,4.4,8.9,55.0,8.0,24520.0,536.0,1310.0,5.0,415.0,1032.0,0.0,354.0,895.0,0.0,2.0,0.0,2.0,0.0,2.0
55139,1.4,4.2,95.7,91.6,1.4,2.2,4.5,19.4,6.0,5.5,34.2,0.9,0.5,9.2,32.0,171769.0,38.7,31.0,19.9,31.1,11.3,74925.0,Winnebago,WI,Wisconsin,2023.0,Crude prevalence,11.0,84.6,6.4,11.2,6.3,40.0,27.7,16.1,12.5,78.0,14.2,3.2,7.7,55.0,45.0,171730.0,3968.0,6976.0,31725.0,768.0,1296.0,15108.0,368.0,659.0,36.0,19.0,2.0,5.0,0.0,1.0
55141,1.5,4.0,93.3,89.8,2.5,4.4,4.5,20.7,7.2,5.5,27.4,1.1,0.2,7.8,30.2,74004.0,43.8,37.9,20.2,21.4,10.8,67989.0,Wood,WI,Wisconsin,2023.0,Crude prevalence,10.9,86.5,7.7,12.6,7.8,40.0,28.2,15.7,14.1,77.7,15.5,3.9,7.9,55.0,17.0,74207.0,1765.0,4244.0,14918.0,675.0,1881.0,8019.0,449.0,1373.0,10.0,5.0,4.0,4.0,4.0,1.0
56001,1.4,1.4,96.8,89.3,2.6,0.8,7.3,15.3,9.4,5.6,50.0,0.7,0.4,7.1,44.0,38249.0,28.6,14.4,18.8,55.0,20.9,61917.0,Albany,WY,Wyoming,2023.0,Crude prevalence,10.4,76.0,5.1,7.5,4.7,27.0,17.5,17.1,10.9,67.7,10.5,2.4,10.3,56.0,11.0,37066.0,965.0,694.0,16882.0,345.0,300.0,10576.0,185.0,159.0,10.0,7.0,4.0,2.0,3.0,2.0
56003,3.3,7.7,94.6,86.7,1.9,1.0,13.2,18.7,17.0,2.8,24.1,1.9,0.3,9.2,32.8,11828.0,41.7,32.4,23.4,22.8,12.7,62101.0,Big Horn,WY,Wyoming,2023.0,Crude prevalence,10.3,82.4,8.8,12.6,8.2,33.8,28.0,15.9,14.8,68.9,15.7,4.0,13.1,56.0,3.0,11521.0,124.0,235.0,3138.0,83.0,158.0,2572.0,75.0,140.0,0.0,2.0,2.0,0.0,1.0,0.0
56005,2.9,5.1,95.6,91.6,2.4,0.8,13.2,21.2,10.2,3.7,22.3,0.4,0.3,7.7,42.2,47240.0,36.3,32.6,25.0,23.3,9.4,89869.0,Campbell,WY,Wyoming,2023.0,Crude prevalence,10.3,80.9,6.6,9.9,5.6,35.9,25.9,16.6,13.2,67.2,15.3,2.9,12.5,56.0,10.0,47026.0,671.0,604.0,13555.0,314.0,276.0,9657.0,223.0,197.0,4.0,2.0,2.0,1.0,2.0,1.0
56007,3.6,5.7,93.7,89.6,2.9,1.0,12.2,16.4,25.7,6.1,23.7,0.2,0.2,5.1,25.6,14463.0,40.6,32.0,24.2,24.4,12.2,70511.0,Carbon,WY,Wyoming,2023.0,Crude prevalence,9.9,81.5,8.0,12.9,7.4,38.6,30.5,15.8,14.6,69.3,15.6,3.8,14.7,56.0,5.0,14537.0,372.0,284.0,4544.0,128.0,95.0,2531.0,52.0,29.0,2.0,3.0,2.0,0.0,1.0,0.0
56009,1.4,3.9,93.2,84.0,2.7,1.0,12.1,21.5,13.2,5.2,22.7,0.8,0.0,17.2,18.4,13762.0,42.1,32.2,26.3,24.9,10.6,81558.0,Converse,WY,Wyoming,2023.0,Crude prevalence,10.3,82.5,7.8,11.5,7.1,37.3,26.4,16.0,14.0,70.8,15.4,3.6,12.0,56.0,4.0,13751.0,300.0,389.0,3093.0,97.0,137.0,2451.0,72.0,107.0,1.0,2.0,0.0,1.0,0.0,0.0
56011,2.5,4.5,94.3,85.1,0.4,0.7,11.4,24.7,21.1,2.4,21.9,1.4,1.5,0.0,23.8,7455.0,44.1,31.9,22.7,24.5,6.0,79637.0,Crook,WY,Wyoming,2023.0,Crude prevalence,10.2,85.4,7.5,11.5,7.3,32.6,24.5,14.8,13.6,72.6,13.5,3.6,9.5,56.0,2.0,7181.0,71.0,18.0,2903.0,57.0,15.0,2042.0,53.0,14.0,0.0,0.0,0.0,0.0,0.0,0.0
56013,1.1,5.1,94.1,88.8,4.5,2.2,17.5,17.2,13.9,4.4,29.9,3.2,0.8,8.9,28.8,39533.0,39.7,31.6,24.7,26.5,12.8,64904.0,Fremont,WY,Wyoming,2023.0,Crude prevalence,10.9,81.9,8.3,12.4,7.6,33.9,27.2,16.3,14.6,66.9,16.4,3.9,11.7,56.0,12.0,39234.0,666.0,1217.0,10347.0,310.0,710.0,7036.0,257.0,631.0,5.0,6.0,2.0,0.0,1.0,0.0
56015,2.0,3.9,91.2,80.2,1.9,2.5,11.7,15.5,11.2,5.8,26.8,1.5,1.1,12.1,35.7,12605.0,42.8,31.1,28.9,23.0,14.7,58929.0,Goshen,WY,Wyoming,2023.0,Crude prevalence,9.9,83.0,8.1,12.3,8.0,36.8,27.0,15.0,14.2,72.0,13.9,3.9,12.1,56.0,4.0,12498.0,301.0,383.0,3145.0,158.0,236.0,2759.0,140.0,215.0,0.0,1.0,0.0,1.0,0.0,1.0
56017,1.4,3.2,94.9,91.0,1.6,1.6,11.8,13.8,13.0,3.3,27.3,0.0,0.0,8.1,37.2,4620.0,43.3,27.9,26.1,26.7,14.7,61250.0,Hot Springs,WY,Wyoming,2023.0,Crude prevalence,10.5,85.1,9.9,14.5,9.7,35.1,28.4,14.7,15.6,74.3,14.9,4.8,10.9,56.0,2.0,4621.0,70.0,168.0,577.0,46.0,81.0,456.0,38.0,61.0,0.0,1.0,1.0,0.0,0.0,0.0
56019,3.6,2.3,95.1,86.3,1.8,2.1,9.3,16.7,15.6,2.7,17.7,0.3,0.5,15.5,24.0,8686.0,47.3,26.9,25.9,30.3,9.1,64871.0,Johnson,WY,Wyoming,2023.0,Crude prevalence,10.2,85.0,8.9,13.1,8.8,35.6,28.4,14.6,14.8,72.0,14.7,4.3,10.5,56.0,3.0,8447.0,107.0,59.0,2350.0,45.0,41.0,2010.0,33.0,36.0,1.0,2.0,1.0,0.0,0.0,0.0
56021,1.7,3.3,95.8,91.7,2.3,2.0,9.5,17.8,5.2,5.0,29.4,0.7,0.3,13.1,34.3,101060.0,38.5,24.1,23.8,33.1,8.9,80173.0,Laramie,WY,Wyoming,2023.0,Crude prevalence,10.1,82.2,6.6,10.5,5.9,33.8,27.5,16.0,13.3,70.3,13.3,3.1,12.0,56.0,27.0,100512.0,2159.0,2337.0,24101.0,548.0,702.0,13311.0,351.0,517.0,23.0,6.0,3.0,3.0,0.0,1.0
56023,0.9,3.6,95.9,84.1,1.3,1.1,11.9,25.4,16.5,3.5,23.0,1.9,2.2,1.2,29.0,20486.0,42.7,30.7,28.9,26.0,7.5,89330.0,Lincoln,WY,Wyoming,2023.0,Crude prevalence,10.0,84.0,7.3,11.4,6.8,35.4,24.5,15.0,13.4,69.9,14.1,3.5,10.0,56.0,5.0,19581.0,292.0,369.0,914.0,176.0,243.0,703.0,144.0,207.0,0.0,0.0,0.0,1.0,0.0,1.0
56025,2.3,4.2,95.4,91.3,2.7,1.8,10.7,19.0,9.2,4.5,26.3,1.4,0.7,7.6,36.9,79977.0,38.4,28.1,25.3,27.7,9.6,72156.0,Natrona,WY,Wyoming,2023.0,Crude prevalence,10.3,82.1,7.1,11.1,6.2,36.6,26.3,16.3,12.7,70.6,14.9,3.2,11.6,56.0,20.0,79955.0,1541.0,2197.0,12851.0,334.0,481.0,4356.0,146.0,238.0,15.0,7.0,1.0,2.0,0.0,1.0
56027,1.0,4.0,94.8,82.4,1.4,0.0,5.9,14.6,16.6,0.8,38.2,0.3,0.0,5.6,19.4,2368.0,54.9,33.2,32.1,19.4,12.0,64113.0,Niobrara,WY,Wyoming,2023.0,Crude prevalence,10.9,83.5,9.5,13.0,8.7,36.3,30.2,16.4,15.3,71.8,16.1,4.4,11.6,56.0,1.0,2467.0,9.0,53.0,1005.0,6.0,37.0,912.0,5.0,30.0,0.0,0.0,0.0,0.0,0.0,0.0
56029,1.1,3.9,96.5,89.6,1.4,1.1,10.9,16.6,11.1,2.7,24.7,0.5,1.0,10.8,30.7,30449.0,44.9,22.3,22.1,36.0,8.9,73035.0,Park,WY,Wyoming,2023.0,Crude prevalence,9.8,85.0,7.3,11.7,7.4,31.5,24.9,14.2,13.2,71.4,12.5,3.7,10.0,56.0,7.0,29624.0,354.0,474.0,12884.0,125.0,179.0,9773.0,82.0,122.0,5.0,1.0,1.0,0.0,0.0,0.0
56031,3.1,4.1,93.0,80.7,2.4,3.0,21.5,15.8,17.9,1.9,23.9,0.2,0.2,1.9,32.0,8612.0,47.0,33.0,29.7,20.7,7.7,67718.0,Platte,WY,Wyoming,2023.0,Crude prevalence,10.2,84.6,9.1,13.5,9.0,35.8,29.3,15.2,15.3,72.0,15.0,4.4,12.1,56.0,3.0,8605.0,72.0,189.0,1287.0,43.0,59.0,978.0,37.0,46.0,0.0,1.0,0.0,0.0,0.0,0.0
56033,1.4,2.4,93.5,90.3,1.4,1.6,9.3,15.8,10.5,4.2,29.3,0.5,0.8,13.1,34.7,32055.0,42.7,31.7,22.3,31.1,10.2,71388.0,Sheridan,WY,Wyoming,2023.0,Crude prevalence,10.0,84.7,7.1,10.9,7.0,30.6,22.9,14.8,13.0,72.0,12.9,3.5,9.7,56.0,7.0,30921.0,581.0,513.0,10376.0,286.0,234.0,6894.0,224.0,162.0,4.0,0.0,0.0,1.0,0.0,0.0
56035,1.9,2.4,99.3,82.8,1.5,1.8,8.0,24.6,30.1,1.8,16.4,2.1,0.6,22.0,26.1,8838.0,43.5,20.1,30.3,32.3,6.9,83597.0,Sublette,WY,Wyoming,2023.0,Crude prevalence,9.8,85.9,7.0,11.2,7.3,33.3,24.3,14.1,13.2,72.3,12.7,3.6,9.5,56.0,3.0,8728.0,67.0,94.0,2769.0,48.0,73.0,2236.0,43.0,66.0,0.0,0.0,0.0,0.0,0.0,0.0
56037,2.2,5.0,95.6,88.8,3.7,1.9,12.8,23.8,9.3,2.8,25.4,1.4,0.2,6.3,35.1,41542.0,37.9,31.2,27.4,20.9,12.9,75034.0,Sweetwater,WY,Wyoming,2023.0,Crude prevalence,10.3,80.4,7.0,11.1,6.2,36.3,27.2,17.1,14.0,69.0,16.1,3.2,14.1,56.0,13.0,42272.0,494.0,1289.0,13879.0,229.0,422.0,9355.0,116.0,260.0,8.0,4.0,3.0,0.0,2.0,0.0
56039,2.2,0.9,99.0,94.0,1.4,0.8,9.3,15.3,28.0,2.0,41.7,3.5,2.4,4.8,23.2,23396.0,40.2,15.9,16.9,61.1,5.7,124172.0,Teton,WY,Wyoming,2023.0,Crude prevalence,9.0,85.3,4.5,8.4,5.0,24.0,18.3,12.7,10.1,69.0,9.2,2.4,9.2,56.0,7.0,23331.0,194.0,124.0,8761.0,170.0,107.0,6905.0,164.0,100.0,2.0,0.0,0.0,0.0,0.0,0.0
56041,2.0,3.8,95.1,92.3,2.1,1.1,10.7,20.4,13.3,4.0,23.4,3.4,0.5,14.2,17.3,20644.0,37.1,33.1,27.6,22.9,9.2,82980.0,Uinta,WY,Wyoming,2023.0,Crude prevalence,10.2,81.9,7.2,11.0,6.5,34.4,25.9,16.2,13.5,67.8,14.8,3.3,11.8,56.0,6.0,20450.0,305.0,528.0,3382.0,139.0,250.0,1670.0,97.0,179.0,2.0,1.0,1.0,1.0,1.0,0.0
56043,2.4,6.0,90.5,84.7,1.7,1.4,12.8,13.3,11.9,3.2,25.8,1.2,0.6,7.2,37.2,7703.0,44.4,29.9,27.9,23.5,8.8,65714.0,Washakie,WY,Wyoming,2023.0,Crude prevalence,10.1,83.3,8.9,13.7,8.5,33.3,30.2,15.2,15.4,70.0,15.4,4.3,13.6,56.0,3.0,7685.0,107.0,258.0,1748.0,44.0,77.0,1227.0,37.0,56.0,2.0,0.0,0.0,0.0,0.0,0.0
56045,1.3,7.8,93.5,82.2,0.6,0.3,13.8,30.2,16.4,3.5,13.2,1.1,0.0,23.9,19.8,6826.0,44.0,34.8,24.0,20.1,9.0,89509.0,Weston,WY,Wyoming,2023.0,Crude prevalence,9.9,82.8,8.2,12.6,7.9,35.7,28.3,15.5,14.7,69.2,15.7,3.9,12.0,56.0,2.0,6838.0,101.0,77.0,1436.0,54.0,31.0,1237.0,47.0,26.0,0.0,0.0,0.0,0.0,0.0,0.0
72001,,,,,8.2,33.3,4.9,25.0,23.5,11.4,32.3,0.7,0.4,11.1,36.5,17960.0,45.1,31.9,8.1,17.9,60.9,19549.0,,,,,,,,,,,,,,,,,,,,,,,,,,,,,,,,,,,
72003,,,,,2.0,3.0,5.1,21.0,26.5,12.5,26.1,1.3,0.5,10.0,32.2,37758.0,46.7,24.7,7.5,23.4,46.5,21501.0,,,,,,,,,,,,,,,,,,,,,,,,,,,,,,,,,,,
72005,,,,,6.1,4.0,4.6,20.8,22.5,14.9,44.1,0.3,0.9,10.4,33.7,54137.0,45.2,30.9,11.3,28.1,44.8,21540.0,,,,,,,,,,,,,,,,,,,,,,,,,,,,,,,,,,,
72007,,,,,2.2,2.9,3.2,33.0,18.5,13.6,35.6,1.7,0.3,5.3,34.8,23614.0,44.8,33.3,8.9,22.3,45.5,23072.0,,,,,,,,,,,,,,,,,,,,,,,,,,,,,,,,,,,
72009,,,,,2.6,3.2,2.6,23.2,10.5,15.8,24.8,0.9,0.0,9.4,35.7,24636.0,47.8,36.8,9.1,23.5,46.6,21744.0,,,,,,,,,,,,,,,,,,,,,,,,,,,,,,,,,,,
72011,,,,,2.9,2.4,5.6,24.0,24.7,9.1,28.8,0.5,0.0,8.7,33.6,25094.0,45.7,28.8,7.3,22.4,42.9,24436.0,,,,,,,,,,,,,,,,,,,,,,,,,,,,,,,,,,,
72013,,,,,6.2,3.5,6.1,25.5,22.7,12.8,34.6,0.7,0.6,5.0,35.2,86467.0,45.5,28.9,12.9,27.9,41.3,23635.0,,,,,,,,,,,,,,,,,,,,,,,,,,,,,,,,,,,
72015,,,,,2.9,3.8,5.1,27.9,19.6,12.7,24.0,2.0,0.4,6.2,45.3,15341.0,43.4,30.2,12.2,25.4,52.1,21186.0,,,,,,,,,,,,,,,,,,,,,,,,,,,,,,,,,,,
72017,,,,,5.2,4.5,5.2,25.8,16.2,8.8,25.9,0.0,0.8,14.0,49.5,22494.0,43.3,30.9,10.8,24.8,41.9,24508.0,,,,,,,,,,,,,,,,,,,,,,,,,,,,,,,,,,,
72019,,,,,5.7,3.1,2.6,31.8,15.4,9.2,33.3,4.3,0.2,1.3,37.0,29054.0,40.1,31.7,13.4,23.5,48.5,23407.0,,,,,,,,,,,,,,,,,,,,,,,,,,,,,,,,,,,
72021,,,,,3.5,1.9,6.3,29.5,15.6,11.9,29.9,0.9,0.5,8.1,48.3,182469.0,44.4,23.0,16.8,33.0,34.3,31354.0,,,,,,,,,,,,,,,,,,,,,,,,,,,,,,,,,,,
72023,,,,,6.2,3.5,4.1,25.9,33.0,10.2,24.4,2.0,0.3,10.3,44.8,46876.0,47.1,22.6,14.4,29.3,38.4,26408.0,,,,,,,,,,,,,,,,,,,,,,,,,,,,,,,,,,,
72025,,,,,4.1,3.0,6.0,28.5,16.9,11.8,32.9,1.3,0.4,9.4,45.8,125586.0,44.5,26.0,12.6,35.7,35.7,31379.0,,,,,,,,,,,,,,,,,,,,,,,,,,,,,,,,,,,
72027,,,,,1.4,1.6,5.0,28.4,15.7,11.0,24.1,0.7,0.4,7.0,41.3,32734.0,45.8,25.9,7.7,22.8,37.8,27411.0,,,,,,,,,,,,,,,,,,,,,,,,,,,,,,,,,,,
72029,,,,,8.0,1.9,8.6,34.8,15.3,9.3,27.3,5.9,0.2,5.5,46.7,41816.0,43.3,28.8,11.2,27.9,33.2,29642.0,,,,,,,,,,,,,,,,,,,,,,,,,,,,,,,,,,,
72031,,,,,5.5,1.9,6.6,30.0,19.0,9.6,32.0,2.7,0.9,8.5,41.2,152204.0,45.3,26.8,11.9,36.0,27.9,36958.0,,,,,,,,,,,,,,,,,,,,,,,,,,,,,,,,,,,
72033,,,,,4.4,2.2,6.1,25.0,18.0,20.7,40.5,1.1,0.8,10.5,31.7,22467.0,43.9,33.2,12.1,23.2,42.2,25508.0,,,,,,,,,,,,,,,,,,,,,,,,,,,,,,,,,,,
72035,,,,,2.2,3.2,5.1,27.6,17.3,14.8,37.3,0.7,0.1,3.5,37.1,40917.0,45.6,33.0,9.5,29.4,37.3,30129.0,,,,,,,,,,,,,,,,,,,,,,,,,,,,,,,,,,,
72037,,,,,4.0,2.4,6.7,24.5,41.1,9.7,24.5,1.8,0.7,0.0,42.9,10995.0,46.9,40.2,8.0,22.9,40.3,25454.0,,,,,,,,,,,,,,,,,,,,,,,,,,,,,,,,,,,
72039,,,,,4.1,10.9,6.5,29.4,22.5,13.4,27.7,0.9,0.5,14.4,34.3,16805.0,45.9,27.7,15.6,16.8,54.3,22586.0,,,,,,,,,,,,,,,,,,,,,,,,,,,,,,,,,,,
72041,,,,,2.7,1.7,5.0,28.1,13.2,9.4,33.7,2.0,0.1,11.6,23.1,39643.0,43.9,34.1,8.7,27.2,34.7,29246.0,,,,,,,,,,,,,,,,,,,,,,,,,,,,,,,,,,,
72043,,,,,3.0,2.6,3.9,25.8,17.4,11.0,24.2,2.4,0.0,8.0,44.6,33998.0,46.1,40.1,9.4,23.4,50.2,22045.0,,,,,,,,,,,,,,,,,,,,,,,,,,,,,,,,,,,
72045,,,,,6.2,2.5,3.9,30.1,24.1,18.5,34.5,1.2,0.0,7.1,48.8,18711.0,42.1,29.5,15.6,18.3,52.8,17134.0,,,,,,,,,,,,,,,,,,,,,,,,,,,,,,,,,,,
72047,,,,,2.8,1.3,4.9,33.0,17.6,11.8,24.7,3.4,0.7,2.1,45.8,34444.0,43.3,29.1,15.9,21.1,43.1,23797.0,,,,,,,,,,,,,,,,,,,,,,,,,,,,,,,,,,,
72049,,,,,0.0,1.5,10.2,12.9,66.0,18.9,32.6,5.0,1.3,14.0,8.0,1387.0,45.2,46.7,14.5,18.1,25.7,29630.0,,,,,,,,,,,,,,,,,,,,,,,,,,,,,,,,,,,
72051,,,,,5.4,2.5,5.7,33.9,22.4,9.7,21.2,2.2,0.3,7.0,33.2,35810.0,42.9,22.6,12.2,40.8,27.5,36391.0,,,,,,,,,,,,,,,,,,,,,,,,,,,,,,,,,,,
72053,,,,,7.4,1.7,6.0,26.1,31.8,12.5,33.3,1.7,0.4,9.4,46.2,31489.0,44.9,32.8,12.8,28.8,40.4,25563.0,,,,,,,,,,,,,,,,,,,,,,,,,,,,,,,,,,,
72054,,,,,8.5,2.5,4.4,25.3,8.9,12.2,26.8,0.6,0.3,26.5,38.7,11532.0,41.4,31.4,13.4,22.3,49.0,22332.0,,,,,,,,,,,,,,,,,,,,,,,,,,,,,,,,,,,
72055,,,,,9.7,10.8,5.7,19.5,36.7,10.8,31.3,1.4,0.9,10.9,44.6,12855.0,45.9,38.6,8.4,15.8,63.6,17633.0,,,,,,,,,,,,,,,,,,,,,,,,,,,,,,,,,,,
72057,,,,,1.7,3.3,3.9,25.7,16.8,14.9,31.7,1.8,0.2,9.4,32.7,35298.0,41.5,34.2,11.2,25.2,49.0,20402.0,,,,,,,,,,,,,,,,,,,,,,,,,,,,,,,,,,,
72059,,,,,6.9,34.7,3.2,25.8,24.0,13.6,28.2,1.2,0.0,14.4,31.3,17141.0,44.5,28.7,8.3,24.1,46.4,23915.0,,,,,,,,,,,,,,,,,,,,,,,,,,,,,,,,,,,
72061,,,,,3.1,2.1,3.8,24.5,14.7,9.6,27.6,0.9,0.3,10.1,33.3,89378.0,47.0,16.9,11.0,50.5,24.3,46731.0,,,,,,,,,,,,,,,,,,,,,,,,,,,,,,,,,,,
72063,,,,,5.8,1.8,6.5,36.0,12.0,9.8,22.8,1.6,0.4,9.4,30.9,40228.0,42.3,24.1,12.9,37.2,29.0,42216.0,,,,,,,,,,,,,,,,,,,,,,,,,,,,,,,,,,,
72065,,,,,3.1,3.8,5.6,26.1,21.6,7.4,28.3,1.6,0.2,5.2,40.6,38157.0,45.8,25.6,6.6,31.4,37.2,28146.0,,,,,,,,,,,,,,,,,,,,,,,,,,,,,,,,,,,
72067,,,,,4.8,3.2,4.9,23.5,20.3,11.1,27.5,1.8,0.3,8.3,41.8,15441.0,50.2,29.6,11.9,30.4,37.0,26828.0,,,,,,,,,,,,,,,,,,,,,,,,,,,,,,,,,,,
72069,,,,,2.0,2.2,4.2,27.4,27.0,13.6,25.8,1.4,0.7,9.9,35.1,50100.0,47.3,35.7,8.5,27.6,38.2,27038.0,,,,,,,,,,,,,,,,,,,,,,,,,,,,,,,,,,,
72071,,,,,3.7,3.1,5.8,26.1,31.6,10.8,33.6,0.1,0.1,10.4,41.1,42890.0,45.1,30.6,9.5,24.0,43.6,23266.0,,,,,,,,,,,,,,,,,,,,,,,,,,,,,,,,,,,
72073,,,,,6.1,10.9,3.4,20.0,19.0,14.7,38.0,1.6,1.0,14.4,36.6,14566.0,43.0,34.6,17.8,21.4,46.9,21796.0,,,,,,,,,,,,,,,,,,,,,,,,,,,,,,,,,,,
72075,,,,,7.5,2.2,5.6,27.9,17.3,12.6,21.5,3.5,0.4,15.9,38.9,46156.0,43.0,27.2,9.8,28.5,44.1,24852.0,,,,,,,,,,,,,,,,,,,,,,,,,,,,,,,,,,,
72077,,,,,4.6,2.4,5.3,29.0,14.7,10.0,29.6,1.3,0.0,8.8,43.0,36829.0,41.5,31.3,11.2,23.6,34.6,29863.0,,,,,,,,,,,,,,,,,,,,,,,,,,,,,,,,,,,
72079,,,,,7.1,3.9,4.9,22.9,29.7,12.2,30.2,1.3,0.0,10.0,37.8,23035.0,48.5,28.1,12.4,22.1,52.6,19695.0,,,,,,,,,,,,,,,,,,,,,,,,,,,,,,,,,,,
72081,,,,,5.6,3.8,5.4,30.7,16.6,12.3,37.0,1.2,0.9,8.1,42.9,27855.0,45.5,23.9,13.5,21.3,55.4,18917.0,,,,,,,,,,,,,,,,,,,,,,,,,,,,,,,,,,,
72083,,,,,2.2,3.0,2.6,25.1,25.1,11.8,26.3,2.2,0.6,19.8,35.8,8744.0,44.9,37.5,2.8,15.0,57.8,16314.0,,,,,,,,,,,,,,,,,,,,,,,,,,,,,,,,,,,
72085,,,,,2.8,1.3,5.8,29.3,17.1,8.9,25.9,2.3,0.4,5.9,48.8,34951.0,43.3,23.9,17.0,29.4,38.7,25232.0,,,,,,,,,,,,,,,,,,,,,,,,,,,,,,,,,,,
72087,,,,,9.4,3.6,6.4,32.4,22.9,19.0,30.1,3.5,0.9,9.4,44.1,22768.0,44.1,35.6,9.1,19.0,42.8,24272.0,,,,,,,,,,,,,,,,,,,,,,,,,,,,,,,,,,,
72089,,,,,8.7,4.9,7.9,29.5,35.6,13.0,31.1,1.9,0.8,8.0,44.4,17532.0,45.5,33.4,10.8,24.2,44.8,24225.0,,,,,,,,,,,,,,,,,,,,,,,,,,,,,,,,,,,
72091,,,,,5.6,2.8,9.9,28.5,20.3,15.7,24.9,2.7,0.6,8.5,40.3,38943.0,45.3,27.9,11.2,24.5,42.3,22683.0,,,,,,,,,,,,,,,,,,,,,,,,,,,,,,,,,,,
72093,,,,,0.0,4.0,0.2,22.2,30.6,8.8,21.2,3.0,0.0,11.2,25.0,4988.0,47.7,31.3,7.1,13.4,52.9,21302.0,,,,,,,,,,,,,,,,,,,,,,,,,,,,,,,,,,,
72095,,,,,4.4,3.6,5.7,30.1,19.5,17.1,26.4,6.9,0.0,5.0,55.8,10399.0,48.8,30.7,14.8,14.4,54.6,18045.0,,,,,,,,,,,,,,,,,,,,,,,,,,,,,,,,,,,
72097,,,,,8.5,5.2,3.6,21.7,29.3,17.7,50.2,1.5,0.4,8.0,52.3,70828.0,43.3,29.4,11.7,27.3,53.3,18295.0,,,,,,,,,,,,,,,,,,,,,,,,,,,,,,,,,,,
72099,,,,,8.2,3.7,4.3,27.0,21.0,9.9,36.7,0.8,0.9,9.4,38.0,37424.0,43.4,31.6,8.1,24.7,45.9,23586.0,,,,,,,,,,,,,,,,,,,,,,,,,,,,,,,,,,,
72101,,,,,4.9,4.2,7.5,31.4,14.2,12.0,26.5,0.8,0.4,11.1,36.1,28397.0,43.1,29.9,11.4,22.4,44.9,25003.0,,,,,,,,,,,,,,,,,,,,,,,,,,,,,,,,,,,
72103,,,,,3.0,2.2,3.6,32.1,26.3,10.9,26.9,4.3,0.3,12.8,43.8,23054.0,40.0,38.0,6.3,22.8,46.3,23395.0,,,,,,,,,,,,,,,,,,,,,,,,,,,,,,,,,,,
72105,,,,,5.0,2.5,5.9,38.7,19.2,14.5,30.6,3.9,0.2,7.9,37.0,29310.0,43.8,30.6,11.0,19.4,51.1,22156.0,,,,,,,,,,,,,,,,,,,,,,,,,,,,,,,,,,,
72107,,,,,4.2,3.5,3.9,39.2,23.7,14.9,29.6,3.2,0.6,7.4,40.8,21309.0,42.9,31.5,10.9,19.7,50.4,20302.0,,,,,,,,,,,,,,,,,,,,,,,,,,,,,,,,,,,
72109,,,,,3.0,3.3,4.5,29.4,22.1,12.5,30.7,2.1,0.7,8.8,49.6,15563.0,49.5,29.7,15.6,22.3,48.9,24396.0,,,,,,,,,,,,,,,,,,,,,,,,,,,,,,,,,,,
72111,,,,,4.8,34.5,4.3,26.1,20.3,9.6,30.4,2.4,0.6,8.6,32.7,19853.0,41.7,27.8,7.1,25.1,52.3,22697.0,,,,,,,,,,,,,,,,,,,,,,,,,,,,,,,,,,,
72113,,,,,6.1,3.1,4.5,23.6,19.9,15.6,32.7,2.5,0.4,11.2,44.1,132760.0,44.5,29.4,12.0,29.6,49.7,19877.0,,,,,,,,,,,,,,,,,,,,,,,,,,,,,,,,,,,
72115,,,,,3.2,1.2,3.9,28.6,24.2,8.9,29.4,2.2,0.0,8.4,42.9,23409.0,45.1,26.7,7.9,20.1,45.1,24640.0,,,,,,,,,,,,,,,,,,,,,,,,,,,,,,,,,,,
72117,,,,,3.2,2.9,6.0,23.2,37.6,10.2,28.9,1.1,0.8,12.1,38.7,15378.0,50.1,25.6,7.3,23.4,46.1,24447.0,,,,,,,,,,,,,,,,,,,,,,,,,,,,,,,,,,,
72119,,,,,7.9,3.0,7.2,36.9,26.7,11.9,28.9,2.4,0.9,7.9,52.7,46051.0,44.7,29.2,10.9,26.7,33.8,28943.0,,,,,,,,,,,,,,,,,,,,,,,,,,,,,,,,,,,
72121,,,,,4.5,5.2,5.4,25.9,28.9,11.2,23.6,2.1,0.2,15.7,35.8,22407.0,45.6,37.7,8.3,28.5,44.0,22065.0,,,,,,,,,,,,,,,,,,,,,,,,,,,,,,,,,,,
72123,,,,,3.0,2.0,5.7,26.6,22.4,13.3,22.8,2.1,0.5,2.7,39.5,25079.0,43.7,40.4,10.7,19.8,47.9,21901.0,,,,,,,,,,,,,,,,,,,,,,,,,,,,,,,,,,,
72125,,,,,2.8,2.3,5.0,26.4,27.0,15.8,35.0,2.5,0.1,12.5,39.7,31305.0,47.4,31.8,6.5,26.5,49.6,18317.0,,,,,,,,,,,,,,,,,,,,,,,,,,,,,,,,,,,
72127,,,,,6.4,2.9,8.7,24.0,23.6,20.8,47.2,1.2,0.8,8.0,45.3,336160.0,45.8,21.3,10.2,42.5,38.8,27992.0,,,,,,,,,,,,,,,,,,,,,,,,,,,,,,,,,,,
72129,,,,,3.2,2.7,5.0,30.4,14.5,13.1,28.0,3.7,0.1,4.6,49.4,37431.0,45.0,24.5,15.9,22.0,43.4,22847.0,,,,,,,,,,,,,,,,,,,,,,,,,,,,,,,,,,,
72131,,,,,5.0,3.1,4.7,25.9,23.9,9.6,25.3,1.6,0.0,11.1,42.6,39088.0,47.0,25.2,11.9,21.7,49.7,19920.0,,,,,,,,,,,,,,,,,,,,,,,,,,,,,,,,,,,
72133,,,,,2.8,2.0,4.0,27.0,21.0,11.4,22.1,1.2,0.0,9.7,39.4,19903.0,41.6,34.3,9.8,30.3,41.8,25795.0,,,,,,,,,,,,,,,,,,,,,,,,,,,,,,,,,,,
72135,,,,,3.9,3.7,6.7,38.8,13.5,5.5,19.5,2.4,0.2,6.8,54.3,66320.0,41.9,27.0,12.7,31.2,32.8,35241.0,,,,,,,,,,,,,,,,,,,,,,,,,,,,,,,,,,,
72137,,,,,4.5,2.2,6.4,32.1,18.2,9.2,30.9,1.5,0.5,5.5,35.8,73039.0,43.4,26.7,15.4,28.6,32.4,32017.0,,,,,,,,,,,,,,,,,,,,,,,,,,,,,,,,,,,
72139,,,,,4.3,1.7,4.8,31.4,11.3,7.2,25.5,1.4,0.3,7.9,37.8,67088.0,44.0,18.6,15.7,41.3,27.7,40055.0,,,,,,,,,,,,,,,,,,,,,,,,,,,,,,,,,,,
72141,,,,,9.0,16.7,5.2,32.4,17.0,12.4,34.7,2.0,0.3,6.8,32.8,27621.0,47.0,26.7,15.4,22.0,50.3,20800.0,,,,,,,,,,,,,,,,,,,,,,,,,,,,,,,,,,,
72143,,,,,7.4,3.6,4.1,31.2,17.8,11.2,30.5,2.6,0.9,1.5,52.4,34921.0,42.4,28.1,12.6,25.7,40.8,25538.0,,,,,,,,,,,,,,,,,,,,,,,,,,,,,,,,,,,
72145,,,,,4.8,2.5,6.9,29.8,20.1,11.5,25.2,3.3,0.5,6.3,43.1,53892.0,44.7,27.3,13.0,25.9,41.1,24244.0,,,,,,,,,,,,,,,,,,,,,,,,,,,,,,,,,,,
72147,,,,,2.7,3.0,7.6,13.4,43.2,17.9,33.2,3.6,1.7,7.5,28.5,8078.0,46.5,46.4,3.2,12.3,59.1,19803.0,,,,,,,,,,,,,,,,,,,,,,,,,,,,,,,,,,,
72149,,,,,4.8,1.9,2.6,28.0,19.5,12.5,22.1,3.4,0.3,6.4,35.0,21556.0,44.0,31.8,12.2,23.4,38.9,26286.0,,,,,,,,,,,,,,,,,,,,,,,,,,,,,,,,,,,
72151,,,,,3.2,3.9,5.0,27.3,16.8,14.8,29.3,2.3,0.6,10.7,47.3,29400.0,47.4,26.6,19.1,19.3,47.7,22944.0,,,,,,,,,,,,,,,,,,,,,,,,,,,,,,,,,,,
72153,,,,,5.1,12.3,4.8,21.2,24.0,11.4,27.0,1.0,0.1,11.0,36.5,32993.0,47.6,31.8,9.1,28.4,41.9,24255.0,,,,,,,,,,,,,,,,,,,,,,,,,,,,,,,,,,,
