county_fips,county_name,state_abbr,state_name,places_year,prevalence_type,places_asthma_pct,places_cholesterol_screening_pct,places_copd_pct,places_diabetes_pct,places_heart_disease_pct,places_obesity_pct,places_physical_inactivity_pct,places_poor_mental_health_pct,places_poor_physical_health_pct,places_routine_checkup_pct,places_smoking_pct,places_stroke_pct,places_uninsured_pct
01001,Autauga,AL,Alabama,2023,Crude prevalence,10.0,86.8,7.4,13.3,6.7,39.8,27.0,17.0,13.7,81.0,14.5,3.7,8.8
01003,Baldwin,AL,Alabama,2023,Crude prevalence,9.3,87.9,7.5,13.4,7.5,35.2,25.4,15.1,13.2,80.7,13.0,3.8,8.3
01005,Barbour,AL,Alabama,2023,Crude prevalence,10.8,84.2,11.1,19.6,9.5,46.8,36.2,18.5,17.4,81.4,20.2,5.8,14.3
01007,Bibb,AL,Alabama,2023,Crude prevalence,10.4,83.6,10.2,16.2,8.5,43.9,33.3,18.9,16.7,79.2,19.7,4.7,12.6
01009,Blount,AL,Alabama,2023,Crude prevalence,9.9,85.0,9.1,13.8,8.0,36.1,29.1,17.5,15.4,79.5,16.6,4.1,11.5
01011,Bullock,AL,Alabama,2023,Crude prevalence,11.5,82.6,13.0,24.6,10.7,51.3,44.2,20.1,19.7,82.1,24.7,7.3,17.7
01013,Butler,AL,Alabama,2023,Crude prevalence,10.9,86.1,10.3,18.9,9.1,40.4,37.1,18.3,16.6,82.8,18.3,5.5,11.3
01015,Calhoun,AL,Alabama,2023,Crude prevalence,10.6,84.7,8.9,14.8,7.7,38.6,31.9,18.4,15.3,79.3,16.3,4.2,10.6
01017,Chambers,AL,Alabama,2023,Crude prevalence,10.7,85.9,9.9,17.9,8.6,41.5,34.3,18.3,16.2,81.5,17.7,5.2,11.5
01019,Cherokee,AL,Alabama,2023,Crude prevalence,10.2,86.4,10.7,16.0,9.6,39.5,31.4,17.4,16.8,80.4,17.5,4.8,10.0
01021,Chilton,AL,Alabama,2023,Crude prevalence,10.0,84.8,8.8,14.1,7.6,40.0,31.1,18.2,15.6,79.0,16.9,4.0,11.6
01023,Choctaw,AL,Alabama,2023,Crude prevalence,10.9,86.8,11.1,20.1,10.0,44.4,36.4,17.8,17.4,83.3,18.2,6.0,11.0
01025,Clarke,AL,Alabama,2023,Crude prevalence,10.8,86.2,9.7,18.4,8.7,43.9,34.4,18.0,16.3,82.4,17.7,5.3,11.0
01027,Clay,AL,Alabama,2023,Crude prevalence,10.4,85.6,10.6,16.5,9.3,42.5,32.7,18.0,16.9,80.7,18.2,4.9,11.0
01029,Cleburne,AL,Alabama,2023,Crude prevalence,10.0,85.2,9.8,14.6,8.4,37.4,30.5,18.1,15.9,79.2,17.8,4.3,10.1
01031,Coffee,AL,Alabama,2023,Crude prevalence,10.2,85.1,8.6,14.8,7.6,41.0,29.9,17.7,15.0,79.4,16.6,4.2,11.3
01033,Colbert,AL,Alabama,2023,Crude prevalence,10.3,86.1,8.9,15.0,8.0,37.5,28.6,17.3,15.2,80.5,16.2,4.3,9.8
01035,Conecuh,AL,Alabama,2023,Crude prevalence,11.0,85.9,12.6,22.1,11.1,46.4,39.4,18.3,18.6,83.1,20.5,6.7,12.7
01037,Coosa,AL,Alabama,2023,Crude prevalence,10.3,87.5,10.6,18.6,9.8,41.9,33.5,16.9,17.0,82.3,17.8,5.5,10.9
01039,Covington,AL,Alabama,2023,Crude prevalence,10.2,85.7,10.4,16.3,9.2,37.9,31.9,18.0,16.3,80.9,17.6,4.9,10.4
01041,Crenshaw,AL,Alabama,2023,Crude prevalence,10.5,85.4,9.9,16.6,8.5,40.5,32.6,18.0,16.1,81.0,18.1,4.8,11.2
01043,Cullman,AL,Alabama,2023,Crude prevalence,9.8,85.2,9.0,13.4,7.9,36.4,27.3,17.6,15.1,79.3,16.6,4.0,10.1
01045,Dale,AL,Alabama,2023,Crude prevalence,10.3,84.7,9.2,15.8,8.1,41.3,31.7,18.5,15.8,79.8,17.5,4.4,11.5
01047,Dallas,AL,Alabama,2023,Crude prevalence,11.6,86.2,11.2,22.4,9.6,46.3,38.0,18.4,17.3,84.2,19.5,6.6,12.3
01049,DeKalb,AL,Alabama,2023,Crude prevalence,10.1,83.1,10.8,15.7,8.9,38.6,33.8,18.9,17.5,78.2,19.6,4.6,14.7
01051,Elmore,AL,Alabama,2023,Crude prevalence,10.0,86.1,7.5,13.0,6.7,38.9,26.2,17.5,13.8,80.3,15.1,3.7,9.2
01053,Escambia,AL,Alabama,2023,Crude prevalence,10.9,83.6,11.4,18.5,9.5,43.9,35.7,19.6,18.0,80.5,21.2,5.5,13.1
01055,Etowah,AL,Alabama,2023,Crude prevalence,10.3,85.4,9.8,16.3,8.5,43.8,33.3,18.1,16.4,80.2,17.8,4.5,10.8
01057,Fayette,AL,Alabama,2023,Crude prevalence,10.3,85.0,10.9,16.6,9.4,40.6,32.7,18.2,16.9,80.6,18.7,5.0,11.0
01059,Franklin,AL,Alabama,2023,Crude prevalence,10.0,83.1,10.7,16.4,8.9,42.2,33.9,18.6,17.3,78.5,19.2,4.7,15.7
01061,Geneva,AL,Alabama,2023,Crude prevalence,10.4,84.8,11.0,16.4,9.3,42.3,32.0,18.3,17.0,80.1,19.4,4.9,11.8
01063,Greene,AL,Alabama,2023,Crude prevalence,12.0,85.7,13.8,27.1,11.9,52.7,44.7,19.0,19.9,85.0,22.3,8.4,14.6
01065,Hale,AL,Alabama,2023,Crude prevalence,11.3,85.6,10.3,19.7,9.0,47.6,36.0,18.4,16.8,82.5,18.9,5.8,12.4
01067,Henry,AL,Alabama,2023,Crude prevalence,10.3,86.9,9.7,16.7,8.9,41.3,31.4,17.0,15.7,81.7,16.6,4.9,10.3
01069,Houston,AL,Alabama,2023,Crude prevalence,10.4,85.7,8.9,15.7,7.9,40.5,29.0,18.2,15.0,81.4,16.0,4.5,10.4
01071,Jackson,AL,Alabama,2023,Crude prevalence,10.3,84.6,10.9,16.0,9.2,39.3,32.5,18.5,17.0,79.8,19.0,4.7,11.2
01073,Jefferson,AL,Alabama,2023,Crude prevalence,9.9,86.8,6.9,15.1,6.6,37.4,28.0,16.8,12.6,81.2,13.7,4.1,9.1
01075,Lamar,AL,Alabama,2023,Crude prevalence,10.3,85.3,11.1,16.7,9.6,40.8,32.3,18.3,17.0,80.6,18.8,5.1,10.9
01077,Lauderdale,AL,Alabama,2023,Crude prevalence,9.9,85.0,8.2,12.9,7.4,35.6,26.7,17.5,14.1,79.7,14.2,3.9,9.0
01079,Lawrence,AL,Alabama,2023,Crude prevalence,10.5,85.0,9.8,15.5,8.4,39.5,31.1,18.3,16.2,79.8,18.5,4.6,10.5
01081,Lee,AL,Alabama,2023,Crude prevalence,10.1,83.7,6.4,12.5,5.8,38.4,25.0,17.6,12.4,79.0,12.9,3.2,8.8
01083,Limestone,AL,Alabama,2023,Crude prevalence,9.7,86.4,6.9,12.5,6.4,39.6,25.4,16.4,13.1,79.5,14.2,3.4,9.2
01085,Lowndes,AL,Alabama,2023,Crude prevalence,11.7,85.3,12.3,24.1,10.4,51.2,41.4,19.1,18.8,83.9,21.6,7.2,13.9
01087,Macon,AL,Alabama,2023,Crude prevalence,11.7,85.1,8.8,20.0,8.2,46.7,35.2,18.8,15.3,83.8,15.6,5.7,11.2
01089,Madison,AL,Alabama,2023,Crude prevalence,9.4,87.2,5.8,12.1,5.8,39.9,22.7,15.5,11.8,80.3,11.8,3.2,8.0
01091,Marengo,AL,Alabama,2023,Crude prevalence,11.0,86.4,9.9,19.8,9.0,43.1,34.6,17.8,16.4,83.0,17.5,5.5,11.5
01093,Marion,AL,Alabama,2023,Crude prevalence,10.2,84.7,10.8,15.5,9.4,42.4,32.2,18.2,16.8,79.7,18.5,4.8,11.0
01095,Marshall,AL,Alabama,2023,Crude prevalence,9.8,84.7,9.0,14.5,7.8,37.6,30.8,17.8,15.3,78.2,16.6,4.0,12.5
01097,Mobile,AL,Alabama,2023,Crude prevalence,9.7,85.5,7.9,16.1,7.3,39.0,30.7,17.2,14.0,79.6,15.4,4.3,10.2
01099,Monroe,AL,Alabama,2023,Crude prevalence,11.1,85.4,11.2,19.7,9.7,43.8,36.8,18.6,17.5,82.5,19.7,5.9,12.1
01101,Montgomery,AL,Alabama,2023,Crude prevalence,10.7,86.5,7.5,16.4,6.9,46.1,30.6,17.0,14.1,83.0,14.4,4.5,10.2
01103,Morgan,AL,Alabama,2023,Crude prevalence,9.9,85.6,8.5,14.7,7.7,38.6,29.8,16.8,14.8,79.3,16.1,4.0,11.2
01105,Perry,AL,Alabama,2023,Crude prevalence,11.9,84.5,12.9,24.6,10.9,52.9,42.1,19.8,19.3,84.1,21.9,7.4,13.8
01107,Pickens,AL,Alabama,2023,Crude prevalence,10.6,84.7,10.0,18.0,8.7,48.0,34.8,18.2,16.5,81.2,18.7,5.2,13.4
01109,Pike,AL,Alabama,2023,Crude prevalence,10.9,81.5,7.8,14.1,6.8,40.3,28.1,19.5,14.0,79.5,14.9,4.0,10.3
01111,Randolph,AL,Alabama,2023,Crude prevalence,10.3,85.8,9.7,16.1,8.7,37.8,30.0,17.6,15.7,81.2,16.9,4.7,10.2
01113,Russell,AL,Alabama,2023,Crude prevalence,11.0,85.0,9.0,17.3,7.5,43.0,33.2,18.8,15.7,80.6,18.1,4.8,11.9
01115,St. Clair,AL,Alabama,2023,Crude prevalence,10.0,86.4,7.9,13.0,7.1,39.6,27.6,17.4,14.2,79.9,15.2,3.7,9.2
01117,Shelby,AL,Alabama,2023,Crude prevalence,9.3,88.2,5.5,11.2,5.7,31.7,20.7,14.6,11.3,79.7,10.5,3.0,7.1
01119,Sumter,AL,Alabama,2023,Crude prevalence,11.6,83.6,9.3,19.7,8.5,47.2,35.6,19.4,15.7,83.2,16.3,5.8,11.1
01121,Talladega,AL,Alabama,2023,Crude prevalence,10.6,85.8,9.4,17.2,8.3,45.6,32.6,17.7,15.8,81.7,17.7,4.8,10.9
01123,Tallapoosa,AL,Alabama,2023,Crude prevalence,10.3,87.2,9.5,16.8,9.0,39.5,30.0,16.9,15.8,82.4,16.3,4.9,10.0
01125,Tuscaloosa,AL,Alabama,2023,Crude prevalence,10.3,83.2,6.6,12.0,5.8,41.0,25.9,18.4,12.8,80.8,13.6,3.4,9.3
01127,Walker,AL,Alabama,2023,Crude prevalence,10.3,84.7,10.2,15.1,8.6,35.8,32.2,18.5,16.8,79.9,18.4,4.4,10.7
01129,Washington,AL,Alabama,2023,Crude prevalence,10.5,86.3,9.5,17.0,8.7,41.1,31.9,17.7,16.0,81.1,17.3,4.9,9.7
01131,Wilcox,AL,Alabama,2023,Crude prevalence,11.9,85.2,12.8,23.8,10.8,51.2,41.2,19.3,19.0,83.8,21.6,7.3,14.4
01133,Winston,AL,Alabama,2023,Crude prevalence,10.3,84.5,11.8,16.5,9.9,39.1,34.1,18.3,17.8,80.0,19.6,5.0,11.7
02013,Aleutians East,AK,Alaska,2023,Crude prevalence,7.8,77.1,5.0,12.8,5.5,30.7,28.7,13.0,12.7,64.2,17.0,3.2,15.7
02016,Aleutians West,AK,Alaska,2023,Crude prevalence,7.8,77.4,4.3,10.8,4.5,31.9,25.2,13.2,11.4,63.4,16.2,2.6,13.0
02020,Anchorage,AK,Alaska,2023,Crude prevalence,10.7,80.4,5.3,8.9,5.1,35.0,19.8,16.1,12.1,70.7,14.0,2.8,9.5
02050,Bethel,AK,Alaska,2023,Crude prevalence,13.6,69.6,9.9,13.8,7.7,39.1,33.3,21.6,19.7,63.6,31.0,4.8,15.9
02060,Bristol Bay,AK,Alaska,2023,Crude prevalence,11.0,81.9,7.1,11.3,7.6,34.9,22.2,15.3,14.3,68.1,16.5,4.1,9.7
02063,Chugach,AK,Alaska,2023,Crude prevalence,10.0,81.7,6.3,9.6,6.2,31.1,20.9,14.3,12.9,68.2,14.8,3.2,8.8
02066,Copper River,AK,Alaska,2023,Crude prevalence,10.7,82.2,8.0,11.4,8.0,33.6,23.2,15.2,14.8,70.2,17.8,4.1,9.5
02068,Denali,AK,Alaska,2023,Crude prevalence,9.9,81.3,5.9,8.6,5.6,31.3,20.9,15.0,12.6,67.1,16.3,2.9,9.3
02070,Dillingham,AK,Alaska,2023,Crude prevalence,12.7,74.5,8.6,13.0,7.4,38.5,29.1,19.2,17.4,63.7,25.7,4.4,13.3
02090,Fairbanks North Star,AK,Alaska,2023,Crude prevalence,10.0,78.5,4.9,7.9,4.8,35.3,21.2,15.8,11.8,65.8,13.8,2.5,9.9
02100,Haines,AK,Alaska,2023,Crude prevalence,10.1,85.2,7.2,10.8,7.6,34.0,20.1,13.3,13.3,72.3,13.8,3.8,7.7
02105,Hoonah-Angoon,AK,Alaska,2023,Crude prevalence,11.3,83.7,9.4,14.8,9.6,37.1,26.6,15.1,17.0,72.5,19.5,5.1,10.2
02110,Juneau,AK,Alaska,2023,Crude prevalence,10.2,82.3,5.9,8.9,5.7,35.0,17.5,14.8,12.4,68.6,13.9,3.0,8.5
02122,Kenai Peninsula,AK,Alaska,2023,Crude prevalence,10.3,80.5,7.3,9.8,7.0,32.3,21.5,14.8,14.1,66.1,16.1,3.6,9.9
02130,Ketchikan Gateway,AK,Alaska,2023,Crude prevalence,10.3,81.5,6.6,10.1,6.4,37.7,21.9,15.0,13.8,69.5,15.9,3.4,9.5
02150,Kodiak Island,AK,Alaska,2023,Crude prevalence,9.3,79.1,5.5,9.8,5.4,31.5,22.7,14.5,12.1,67.6,15.0,2.9,10.5
02158,Kusilvak,AK,Alaska,2023,Crude prevalence,14.7,67.5,11.6,16.5,8.5,46.5,37.0,24.5,22.4,64.1,36.6,5.4,18.1
02164,Lake and Peninsula,AK,Alaska,2023,Crude prevalence,12.5,77.9,9.1,14.6,8.2,39.4,29.4,18.4,17.9,68.4,24.7,4.8,12.1
02170,Matanuska-Susitna,AK,Alaska,2023,Crude prevalence,10.7,80.0,6.7,9.0,6.0,37.5,22.7,16.2,13.6,70.8,17.3,3.1,9.7
02180,Nome,AK,Alaska,2023,Crude prevalence,12.8,72.4,8.7,13.0,7.1,38.6,29.3,20.6,17.4,64.0,28.7,4.3,13.5
02185,North Slope,AK,Alaska,2023,Crude prevalence,10.4,77.2,6.0,10.8,5.8,42.3,23.6,16.6,14.0,64.6,20.8,3.2,11.2
02188,Northwest Arctic,AK,Alaska,2023,Crude prevalence,13.3,72.9,8.8,14.1,7.5,40.6,30.2,20.8,18.5,66.1,28.3,4.5,14.2
02195,Petersburg,AK,Alaska,2023,Crude prevalence,9.8,82.0,6.8,10.5,7.1,30.8,21.6,14.4,13.1,68.7,14.9,3.6,9.8
02198,Prince of Wales-Hyder,AK,Alaska,2023,Crude prevalence,11.9,80.6,9.4,14.0,8.9,38.4,26.5,16.8,17.5,70.4,22.0,4.8,11.1
02220,Sitka,AK,Alaska,2023,Crude prevalence,10.1,82.2,6.0,9.9,6.1,29.8,19.2,14.3,12.4,69.0,13.8,3.3,8.8
02230,Skagway,AK,Alaska,2023,Crude prevalence,10.0,82.8,6.3,9.1,6.1,36.2,20.8,14.5,12.8,68.7,15.4,3.2,9.7
02240,Southeast Fairbanks,AK,Alaska,2023,Crude prevalence,10.1,78.2,7.5,10.2,7.0,35.7,25.8,16.0,14.7,65.9,18.3,3.7,11.5
02275,Wrangell,AK,Alaska,2023,Crude prevalence,10.6,83.5,9.1,12.9,9.4,34.8,24.6,14.8,15.9,71.8,17.0,4.8,10.2
02282,Yakutat,AK,Alaska,2023,Crude prevalence,10.9,81.1,8.6,13.7,8.9,35.4,27.0,15.8,16.4,69.2,20.5,4.8,12.1
02290,Yukon-Koyukuk,AK,Alaska,2023,Crude prevalence,12.6,77.1,10.5,16.5,9.7,36.9,29.4,18.8,19.5,69.4,27.4,5.6,13.5
04001,Apache,AZ,Arizona,2023,Crude prevalence,14.3,78.8,11.9,17.5,9.3,35.8,28.7,21.2,20.4,72.0,22.4,6.0,14.1
04003,Cochise,AZ,Arizona,2023,Crude prevalence,10.4,85.2,8.3,13.7,8.3,31.2,26.0,15.2,15.6,75.3,12.8,4.3,14.2
04005,Coconino,AZ,Arizona,2023,Crude prevalence,11.7,80.8,6.3,9.3,5.4,23.6,16.0,18.4,12.7,68.6,11.5,3.1,10.1
04007,Gila,AZ,Arizona,2023,Crude prevalence,11.1,86.5,10.6,15.0,9.8,31.4,27.4,15.8,17.2,77.5,15.4,5.2,12.1
04009,Graham,AZ,Arizona,2023,Crude prevalence,11.2,80.7,7.4,11.4,6.4,36.0,25.6,17.5,14.7,70.8,15.2,3.6,16.0
04011,Greenlee,AZ,Arizona,2023,Crude prevalence,10.1,83.5,5.4,10.6,5.3,33.1,23.4,15.9,13.2,71.2,11.6,2.9,16.1
04012,La Paz,AZ,Arizona,2023,Crude prevalence,10.6,88.0,12.5,17.5,13.3,33.2,32.1,14.0,18.6,79.1,14.1,6.8,16.6
04013,Maricopa,AZ,Arizona,2023,Crude prevalence,10.0,85.4,5.7,10.6,5.7,30.4,20.4,14.9,11.8,73.3,10.8,3.0,12.9
04015,Mohave,AZ,Arizona,2023,Crude prevalence,11.0,86.2,11.2,14.2,10.0,32.7,29.7,15.1,16.5,75.0,16.1,5.2,13.1
04017,Navajo,AZ,Arizona,2023,Crude prevalence,13.6,81.0,10.9,15.1,8.9,37.6,26.4,18.8,17.5,71.6,18.8,5.2,13.0
04019,Pima,AZ,Arizona,2023,Crude prevalence,10.9,85.2,6.8,11.0,6.7,31.1,22.3,16.3,13.6,75.7,10.5,3.6,12.7
04021,Pinal,AZ,Arizona,2023,Crude prevalence,10.8,84.8,7.5,12.9,6.9,38.4,25.5,16.2,14.8,75.4,12.3,3.8,13.7
04023,Santa Cruz,AZ,Arizona,2023,Crude prevalence,9.4,83.4,6.8,15.5,7.5,34.2,31.4,14.7,16.1,73.0,11.6,4.1,25.7
04025,Yavapai,AZ,Arizona,2023,Crude prevalence,10.8,88.3,9.2,12.1,8.8,27.0,22.5,13.8,15.0,77.1,12.0,4.5,10.6
04027,Yuma,AZ,Arizona,2023,Crude prevalence,9.7,81.8,7.5,14.5,7.9,37.4,28.5,15.3,15.5,73.7,12.7,4.2,24.1
05001,Arkansas,AR,Arkansas,2023,Crude prevalence,10.6,86.2,9.6,15.2,8.6,39.1,35.6,19.1,16.6,80.8,17.3,4.7,11.1
05003,Ashley,AR,Arkansas,2023,Crude prevalence,11.0,85.1,11.9,18.3,10.2,45.1,41.9,19.7,19.1,81.4,20.0,5.7,12.9
05005,Baxter,AR,Arkansas,2023,Crude prevalence,10.2,87.4,11.5,15.0,11.1,37.7,33.4,17.2,17.9,82.0,16.6,5.2,10.0
05007,Benton,AR,Arkansas,2023,Crude prevalence,9.2,85.6,5.9,10.3,5.6,35.3,25.7,16.5,12.5,78.4,11.7,2.8,10.9
05009,Boone,AR,Arkansas,2023,Crude prevalence,10.2,85.5,9.3,13.1,8.5,40.7,30.8,18.4,16.5,79.3,16.4,4.1,9.5
05011,Bradley,AR,Arkansas,2023,Crude prevalence,10.8,84.7,10.7,17.6,9.4,42.5,40.3,19.1,18.5,80.7,18.9,5.3,15.2
05013,Calhoun,AR,Arkansas,2023,Crude prevalence,10.3,86.5,8.9,14.6,8.5,39.2,33.8,17.7,15.9,80.5,16.0,4.6,10.2
05015,Carroll,AR,Arkansas,2023,Crude prevalence,9.8,85.7,10.4,15.0,9.7,37.6,36.8,17.5,17.6,79.6,17.0,4.7,13.7
05017,Chicot,AR,Arkansas,2023,Crude prevalence,11.1,85.2,11.5,20.5,10.3,47.1,42.2,18.7,18.7,82.1,19.7,6.3,14.3
05019,Clark,AR,Arkansas,2023,Crude prevalence,10.9,81.4,8.1,12.9,7.2,40.0,32.1,20.5,15.3,79.2,15.0,3.9,10.4
05021,Clay,AR,Arkansas,2023,Crude prevalence,10.4,84.6,10.8,14.1,9.3,40.2,35.8,19.2,17.5,78.5,18.3,4.6,11.0
05023,Cleburne,AR,Arkansas,2023,Crude prevalence,10.1,87.1,11.1,15.1,10.3,37.9,34.6,17.8,17.9,80.7,17.4,5.0,10.1
05025,Cleveland,AR,Arkansas,2023,Crude prevalence,10.5,85.8,10.3,15.0,9.3,42.4,34.6,18.6,17.3,80.0,17.7,4.7,10.1
05027,Columbia,AR,Arkansas,2023,Crude prevalence,11.0,82.6,8.8,14.4,7.9,37.7,34.5,20.0,15.7,80.0,16.1,4.4,11.0
05029,Conway,AR,Arkansas,2023,Crude prevalence,10.6,85.0,10.7,15.6,9.4,41.4,36.5,19.1,17.7,79.6,18.8,4.8,11.2
05031,Craighead,AR,Arkansas,2023,Crude prevalence,10.5,83.6,7.9,11.6,6.7,39.1,31.0,19.5,14.8,77.6,15.8,3.5,10.6
05033,Crawford,AR,Arkansas,2023,Crude prevalence,10.3,84.6,9.2,13.0,8.1,38.8,31.2,19.0,16.5,78.3,16.8,4.0,11.6
05035,Crittenden,AR,Arkansas,2023,Crude prevalence,11.6,84.8,9.3,16.5,7.9,46.7,38.7,20.2,17.0,81.4,18.5,4.9,12.3
05037,Cross,AR,Arkansas,2023,Crude prevalence,10.9,84.0,10.8,16.1,9.1,45.0,38.6,19.8,17.9,79.6,19.8,5.0,12.2
05039,Dallas,AR,Arkansas,2023,Crude prevalence,10.6,87.6,9.5,17.1,9.2,41.9,37.8,17.6,16.8,82.0,16.3,5.3,11.1
05041,Desha,AR,Arkansas,2023,Crude prevalence,11.8,83.8,13.1,21.2,10.8,46.6,46.2,20.7,20.5,81.6,22.3,6.7,16.0
05043,Drew,AR,Arkansas,2023,Crude prevalence,11.1,83.2,9.8,15.2,8.5,43.8,35.8,19.8,16.8,80.0,17.4,4.7,12.0
05045,Faulkner,AR,Arkansas,2023,Crude prevalence,10.2,83.2,6.7,10.8,6.0,39.8,26.6,18.8,13.5,77.4,13.6,3.1,9.1
05047,Franklin,AR,Arkansas,2023,Crude prevalence,10.6,84.3,11.2,14.6,9.5,39.8,35.5,19.8,18.3,78.8,19.5,4.7,11.5
05049,Fulton,AR,Arkansas,2023,Crude prevalence,10.6,85.5,13.2,17.1,11.5,39.6,37.8,19.0,19.4,80.9,20.4,5.7,11.3
05051,Garland,AR,Arkansas,2023,Crude prevalence,10.1,87.1,9.5,14.8,9.3,39.1,30.7,17.4,16.7,80.2,15.5,4.5,10.3
05053,Grant,AR,Arkansas,2023,Crude prevalence,9.9,85.9,8.2,12.0,7.5,36.9,29.6,17.9,15.0,78.2,15.6,3.7,9.3
05055,Greene,AR,Arkansas,2023,Crude prevalence,10.5,83.3,9.7,12.5,8.0,42.3,35.0,20.0,17.0,78.0,18.5,4.0,11.2
05057,Hempstead,AR,Arkansas,2023,Crude prevalence,10.7,85.2,9.8,16.6,8.9,45.6,39.7,18.9,17.5,79.8,17.7,5.0,14.2
05059,Hot Spring,AR,Arkansas,2023,Crude prevalence,10.3,84.3,9.8,13.9,8.5,37.1,34.4,18.8,16.6,78.4,18.6,4.4,11.3
05061,Howard,AR,Arkansas,2023,Crude prevalence,10.6,85.2,9.5,15.2,8.6,39.4,36.0,18.9,16.8,79.7,17.1,4.6,12.5
05063,Independence,AR,Arkansas,2023,Crude prevalence,10.4,83.8,9.7,13.4,8.4,41.6,35.3,19.3,16.6,78.7,17.1,4.2,11.6
05065,Izard,AR,Arkansas,2023,Crude prevalence,10.3,84.8,12.2,15.9,10.9,41.2,37.3,18.8,18.8,79.7,19.8,5.3,11.8
05067,Jackson,AR,Arkansas,2023,Crude prevalence,11.0,82.2,11.1,15.4,8.9,43.9,39.5,21.0,18.2,77.9,21.1,4.8,13.6
05069,Jefferson,AR,Arkansas,2023,Crude prevalence,11.2,85.1,9.3,17.6,8.3,45.9,38.1,19.0,16.7,82.3,17.3,5.2,12.1
05071,Johnson,AR,Arkansas,2023,Crude prevalence,10.3,83.3,10.3,14.6,8.9,37.4,36.8,19.5,17.8,77.7,18.3,4.4,13.8
05073,Lafayette,AR,Arkansas,2023,Crude prevalence,11.4,85.0,13.6,20.6,11.8,46.0,43.5,19.5,20.5,81.5,21.5,6.7,14.1
05075,Lawrence,AR,Arkansas,2023,Crude prevalence,10.7,82.8,11.3,14.4,9.3,43.7,36.3,20.4,18.1,78.6,19.8,4.7,11.6
05077,Lee,AR,Arkansas,2023,Crude prevalence,11.0,82.3,11.7,19.7,10.1,46.9,42.9,20.1,19.0,80.0,22.3,6.3,15.8
05079,Lincoln,AR,Arkansas,2023,Crude prevalence,9.8,80.6,8.8,13.8,7.6,42.6,36.2,19.4,16.0,76.2,19.9,4.2,14.7
05081,Little River,AR,Arkansas,2023,Crude prevalence,10.7,85.9,10.2,15.7,9.2,41.3,36.9,18.7,17.1,80.4,17.8,4.9,10.8
05083,Logan,AR,Arkansas,2023,Crude prevalence,10.5,85.2,10.4,14.4,9.0,38.1,33.8,18.7,17.3,79.4,18.0,4.5,10.6
05085,Lonoke,AR,Arkansas,2023,Crude prevalence,10.3,85.1,7.5,11.3,6.5,36.1,31.0,18.8,14.8,78.4,16.0,3.3,9.8
05087,Madison,AR,Arkansas,2023,Crude prevalence,10.4,84.2,10.5,13.9,9.0,40.8,35.2,19.3,17.5,78.3,19.0,4.4,12.4
05089,Marion,AR,Arkansas,2023,Crude prevalence,10.3,87.3,12.1,16.4,11.3,37.9,34.8,17.7,18.8,80.7,18.0,5.4,10.5
05091,Miller,AR,Arkansas,2023,Crude prevalence,11.1,84.0,10.1,15.3,8.5,38.1,37.9,20.1,17.2,79.8,19.1,4.7,12.2
05093,Mississippi,AR,Arkansas,2023,Crude prevalence,11.1,83.7,9.6,15.2,8.1,46.6,36.7,20.1,16.9,79.8,18.8,4.6,12.5
05095,Monroe,AR,Arkansas,2023,Crude prevalence,11.3,86.5,11.5,19.1,10.4,43.5,39.6,18.9,18.8,82.2,19.1,6.1,12.3
05097,Montgomery,AR,Arkansas,2023,Crude prevalence,10.4,86.8,12.0,16.4,11.1,40.9,36.0,18.0,18.6,81.3,17.8,5.4,10.9
05099,Nevada,AR,Arkansas,2023,Crude prevalence,10.9,85.2,11.8,18.3,10.3,44.0,40.8,19.6,18.9,81.2,20.4,5.9,12.4
05101,Newton,AR,Arkansas,2023,Crude prevalence,10.3,86.7,11.3,15.3,10.4,38.6,34.2,17.8,17.7,80.6,17.8,5.0,10.1
05103,Ouachita,AR,Arkansas,2023,Crude prevalence,11.0,86.2,10.3,17.7,9.3,43.5,38.0,19.1,17.5,82.0,18.2,5.4,11.3
05105,Perry,AR,Arkansas,2023,Crude prevalence,10.2,85.6,10.2,14.1,9.1,38.9,34.2,18.3,16.9,79.2,17.6,4.5,10.2
05107,Phillips,AR,Arkansas,2023,Crude prevalence,12.2,85.5,12.4,21.7,10.7,48.4,44.1,20.2,19.9,83.4,21.0,6.9,13.5
05109,Pike,AR,Arkansas,2023,Crude prevalence,10.3,85.3,10.2,14.4,9.1,38.3,34.4,18.6,17.3,79.5,17.4,4.5,11.4
05111,Poinsett,AR,Arkansas,2023,Crude prevalence,10.8,83.1,11.3,14.6,9.1,41.4,38.7,20.5,18.3,78.4,20.4,4.7,12.6
05113,Polk,AR,Arkansas,2023,Crude prevalence,10.5,85.2,11.4,15.5,10.1,40.0,35.8,18.8,18.2,79.8,18.6,4.9,11.7
05115,Pope,AR,Arkansas,2023,Crude prevalence,10.6,83.2,9.1,12.7,7.7,44.6,33.7,19.3,15.8,76.5,16.4,3.9,12.1
05117,Prairie,AR,Arkansas,2023,Crude prevalence,10.4,86.2,10.4,15.1,9.6,40.3,34.9,18.0,17.3,80.7,17.3,4.8,10.6
05119,Pulaski,AR,Arkansas,2023,Crude prevalence,10.3,86.4,7.2,12.9,6.7,40.5,29.1,17.5,13.8,80.7,13.4,3.9,10.4
05121,Randolph,AR,Arkansas,2023,Crude prevalence,10.6,83.4,11.2,14.7,9.4,41.4,37.9,20.3,18.4,78.5,20.0,4.7,11.7
05123,St. Francis,AR,Arkansas,2023,Crude prevalence,11.0,83.4,10.9,18.9,9.3,48.2,42.5,19.9,18.2,80.3,21.8,5.7,15.1
05125,Saline,AR,Arkansas,2023,Crude prevalence,10.0,86.8,7.2,11.3,7.1,34.5,29.1,17.1,14.2,79.5,14.2,3.5,9.2
05127,Scott,AR,Arkansas,2023,Crude prevalence,10.3,84.6,10.6,14.8,9.5,37.0,36.7,18.9,17.9,78.9,18.5,4.7,12.4
05129,Searcy,AR,Arkansas,2023,Crude prevalence,10.7,85.4,13.7,17.6,11.9,39.9,38.6,19.0,20.0,80.5,20.9,5.8,11.9
05131,Sebastian,AR,Arkansas,2023,Crude prevalence,10.3,84.4,8.5,13.1,7.7,36.2,33.3,18.9,16.2,77.7,16.1,3.9,12.9
05133,Sevier,AR,Arkansas,2023,Crude prevalence,10.2,81.8,9.9,15.2,8.6,41.4,40.6,19.5,18.6,76.7,18.8,4.4,20.5
05135,Sharp,AR,Arkansas,2023,Crude prevalence,10.6,85.6,12.3,16.2,10.8,39.4,37.7,18.9,19.0,81.0,19.3,5.3,11.1
05137,Stone,AR,Arkansas,2023,Crude prevalence,10.5,85.9,13.2,17.0,11.8,39.8,37.9,18.3,19.4,80.9,19.7,5.7,11.2
05139,Union,AR,Arkansas,2023,Crude prevalence,10.9,85.7,9.6,16.0,8.7,39.4,36.2,18.5,16.8,80.8,17.6,4.9,11.4
05141,Van Buren,AR,Arkansas,2023,Crude prevalence,10.4,86.2,12.6,16.2,11.1,39.6,37.0,18.3,18.7,80.6,19.3,5.4,11.3
05143,Washington,AR,Arkansas,2023,Crude prevalence,10.2,82.1,6.5,10.1,5.8,35.4,27.5,18.8,13.9,75.1,13.4,2.9,12.7
05145,White,AR,Arkansas,2023,Crude prevalence,10.6,83.7,9.3,12.6,7.9,39.7,32.5,19.6,16.1,77.5,17.4,4.0,10.9
05147,Woodruff,AR,Arkansas,2023,Crude prevalence,11.0,85.3,12.3,18.3,10.7,39.2,40.7,19.3,19.3,81.2,20.2,6.0,12.6
05149,Yell,AR,Arkansas,2023,Crude prevalence,10.1,84.1,9.9,14.7,8.7,42.0,35.5,18.8,17.5,77.7,18.4,4.3,15.3
06001,Alameda,CA,California,2023,Crude prevalence,8.8,87.5,4.1,11.0,4.8,22.8,20.6,15.0,11.5,72.6,9.3,2.8,7.1
06003,Alpine,CA,California,2023,Crude prevalence,10.2,88.7,6.4,11.6,7.5,28.4,19.4,15.6,13.5,75.5,11.0,3.8,5.7
06005,Amador,CA,California,2023,Crude prevalence,10.0,88.4,7.1,11.8,7.8,29.6,22.7,16.0,14.4,74.0,12.2,4.0,7.5
06007,Butte,CA,California,2023,Crude prevalence,10.5,83.2,6.8,10.7,6.5,29.3,22.8,19.1,14.1,72.1,12.8,3.5,8.3
06009,Calaveras,CA,California,2023,Crude prevalence,10.3,88.5,8.4,13.2,8.7,29.8,24.8,16.7,15.7,76.6,13.4,4.5,7.1
06011,Colusa,CA,California,2023,Crude prevalence,9.8,82.9,6.4,13.4,6.8,35.0,30.3,18.1,16.2,69.6,13.4,3.7,17.6
06013,Contra Costa,CA,California,2023,Crude prevalence,9.4,87.6,4.7,11.3,5.5,28.0,23.7,15.3,12.1,72.7,9.3,3.0,7.8
06015,Del Norte,CA,California,2023,Crude prevalence,10.8,85.2,8.1,12.5,7.7,31.0,25.6,18.3,15.9,72.7,15.0,4.1,9.7
06017,El Dorado,CA,California,2023,Crude prevalence,9.8,88.9,6.0,10.8,6.8,27.7,19.5,15.5,13.3,75.3,10.4,3.4,5.7
06019,Fresno,CA,California,2023,Crude prevalence,9.9,82.2,6.0,12.7,6.2,37.7,30.9,18.4,15.0,70.8,13.2,3.4,14.6
06021,Glenn,CA,California,2023,Crude prevalence,10.1,83.7,7.1,12.6,7.0,32.1,28.0,18.4,15.8,71.3,13.9,3.8,13.7
06023,Humboldt,CA,California,2023,Crude prevalence,11.0,83.9,7.6,11.4,7.1,31.3,23.7,19.7,14.9,71.9,14.2,3.7,7.5
06025,Imperial,CA,California,2023,Crude prevalence,9.2,81.1,5.7,15.0,6.7,34.7,35.2,18.0,17.1,68.9,12.9,3.7,22.1
06027,Inyo,CA,California,2023,Crude prevalence,10.2,88.0,6.9,12.4,7.6,28.2,22.9,16.3,14.7,75.0,12.0,3.9,7.9
06029,Kern,CA,California,2023,Crude prevalence,10.3,81.4,6.4,13.3,6.2,36.0,31.9,20.0,16.1,70.7,14.6,3.5,16.7
06031,Kings,CA,California,2023,Crude prevalence,9.8,79.9,5.9,12.1,5.8,34.7,30.4,19.5,15.6,67.8,14.8,3.3,17.6
06033,Lake,CA,California,2023,Crude prevalence,10.8,86.2,9.1,14.1,8.9,32.7,27.8,18.1,17.1,74.3,15.2,4.7,10.1
06035,Lassen,CA,California,2023,Crude prevalence,10.3,82.1,7.6,11.5,7.1,34.2,26.1,19.2,15.6,69.9,15.9,3.8,12.0
06037,Los Angeles,CA,California,2023,Crude prevalence,9.1,84.9,4.9,12.6,5.3,26.5,26.2,16.2,14.1,71.8,11.2,3.2,11.7
06039,Madera,CA,California,2023,Crude prevalence,10.4,81.9,7.2,13.5,7.0,36.5,31.7,19.8,16.9,69.8,14.8,3.9,17.9
06041,Marin,CA,California,2023,Crude prevalence,9.4,90.1,5.3,10.2,6.4,21.3,18.2,13.9,12.1,74.6,8.2,3.2,5.5
06043,Mariposa,CA,California,2023,Crude prevalence,10.3,88.6,8.4,13.5,9.1,30.5,24.6,16.2,15.6,76.2,12.6,4.6,7.3
06045,Mendocino,CA,California,2023,Crude prevalence,10.6,86.4,8.5,13.7,8.5,29.3,26.0,17.8,16.3,74.3,14.3,4.4,10.3
06047,Merced,CA,California,2023,Crude prevalence,9.8,80.5,6.1,13.0,6.1,33.8,33.2,19.0,16.0,68.9,14.1,3.4,18.2
06049,Modoc,CA,California,2023,Crude prevalence,10.8,87.6,9.9,14.9,10.0,31.9,27.5,17.4,17.4,76.5,14.8,5.2,8.6
06051,Mono,CA,California,2023,Crude prevalence,9.9,86.4,6.0,10.5,6.3,31.2,21.5,16.9,13.5,72.5,11.7,3.2,8.2
06053,Monterey,CA,California,2023,Crude prevalence,9.6,83.6,5.7,12.5,6.2,31.1,27.0,16.7,14.7,71.6,11.9,3.4,15.9
06055,Napa,CA,California,2023,Crude prevalence,9.5,87.2,5.7,11.4,6.5,27.9,23.5,15.5,13.4,73.9,10.4,3.4,9.7
06057,Nevada,CA,California,2023,Crude prevalence,10.2,89.4,7.2,11.5,7.9,27.5,20.4,15.6,14.0,76.6,11.0,4.0,5.6
06059,Orange,CA,California,2023,Crude prevalence,9.0,87.2,4.7,11.5,5.5,23.9,24.1,16.0,12.5,73.4,9.2,2.9,8.9
06061,Placer,CA,California,2023,Crude prevalence,9.9,88.5,5.2,9.8,5.9,27.3,19.1,15.3,12.4,74.6,9.4,3.1,5.6
06063,Plumas,CA,California,2023,Crude prevalence,10.6,89.2,8.7,13.5,9.3,29.9,24.0,16.6,15.8,77.2,13.0,4.6,6.4
06065,Riverside,CA,California,2023,Crude prevalence,9.5,85.0,5.4,12.4,6.0,36.8,27.3,17.1,14.7,71.8,11.5,3.3,12.7
06067,Sacramento,CA,California,2023,Crude prevalence,10.2,85.2,5.6,11.2,5.7,29.6,21.5,17.4,13.6,70.4,11.8,3.2,8.7
06069,San Benito,CA,California,2023,Crude prevalence,9.2,84.8,4.7,11.3,5.3,31.5,25.3,16.6,13.8,69.4,10.9,2.9,13.9
06071,San Bernardino,CA,California,2023,Crude prevalence,9.9,83.6,5.2,12.1,5.6,33.3,26.3,17.7,14.4,69.6,12.3,3.2,14.3
06073,San Diego,CA,California,2023,Crude prevalence,8.9,85.7,4.7,10.0,5.2,25.3,20.6,16.3,11.9,72.6,10.0,2.8,8.7
06075,San Francisco,CA,California,2023,Crude prevalence,8.4,87.1,3.9,10.2,4.9,17.2,19.2,13.8,10.4,72.8,8.8,2.6,6.3
06077,San Joaquin,CA,California,2023,Crude prevalence,9.5,83.8,5.5,12.3,5.7,30.7,26.1,17.2,14.1,70.7,12.6,3.3,12.8
06079,San Luis Obispo,CA,California,2023,Crude prevalence,9.9,85.4,5.8,10.0,6.4,26.1,20.1,16.7,13.0,72.1,10.2,3.3,7.5
06081,San Mateo,CA,California,2023,Crude prevalence,8.5,88.2,4.0,10.6,5.2,22.3,20.2,13.1,10.9,71.6,8.0,2.7,6.6
06083,Santa Barbara,CA,California,2023,Crude prevalence,9.7,83.4,5.6,10.8,6.0,26.1,24.1,17.2,13.8,70.6,10.7,3.2,11.7
06085,Santa Clara,CA,California,2023,Crude prevalence,7.9,86.5,3.5,10.5,4.5,21.9,22.2,13.7,10.1,71.2,8.1,2.4,6.8
06087,Santa Cruz,CA,California,2023,Crude prevalence,9.8,85.4,5.4,10.2,5.9,25.8,20.7,16.7,13.0,71.4,10.0,3.1,8.7
06089,Shasta,CA,California,2023,Crude prevalence,10.8,85.9,7.6,11.7,7.3,29.3,22.2,18.6,15.0,73.8,13.8,3.9,7.1
06091,Sierra,CA,California,2023,Crude prevalence,10.6,88.8,10.2,15.3,10.3,32.5,27.3,16.8,17.5,77.2,15.1,5.2,7.5
06093,Siskiyou,CA,California,2023,Crude prevalence,11.0,87.4,9.1,13.9,9.2,31.8,25.8,17.6,16.6,75.9,14.4,4.7,7.6
06095,Solano,CA,California,2023,Crude prevalence,10.1,86.4,5.3,12.1,5.8,31.3,25.1,16.6,13.2,72.6,11.3,3.3,9.1
06097,Sonoma,CA,California,2023,Crude prevalence,9.8,87.4,5.8,10.7,6.4,26.1,21.2,15.8,13.1,73.2,10.6,3.3,8.4
06099,Stanislaus,CA,California,2023,Crude prevalence,10.0,83.2,6.1,11.9,6.1,36.4,30.3,18.8,15.5,71.0,13.4,3.4,14.0
06101,Sutter,CA,California,2023,Crude prevalence,10.0,83.7,6.8,12.8,6.8,29.5,27.7,17.9,15.3,71.4,13.9,3.7,11.9
06103,Tehama,CA,California,2023,Crude prevalence,10.7,84.9,8.4,13.0,8.1,31.6,27.4,18.8,16.6,72.5,15.1,4.3,10.8
06105,Trinity,CA,California,2023,Crude prevalence,11.0,87.7,11.3,15.9,11.0,33.3,28.4,18.1,18.3,77.0,16.9,5.7,7.0
06107,Tulare,CA,California,2023,Crude prevalence,10.0,81.2,6.1,13.1,6.2,35.0,32.6,19.0,16.4,67.9,14.0,3.4,18.2
06109,Tuolumne,CA,California,2023,Crude prevalence,10.3,88.0,7.6,12.1,8.0,29.0,23.0,16.8,14.8,76.1,12.3,4.1,7.0
06111,Ventura,CA,California,2023,Crude prevalence,9.5,86.9,5.2,11.4,5.8,25.7,23.6,16.2,13.2,73.8,10.4,3.1,10.3
06113,Yolo,CA,California,2023,Crude prevalence,9.8,81.9,4.7,9.3,4.9,25.7,22.4,17.9,12.2,70.5,9.8,2.7,8.9
06115,Yuba,CA,California,2023,Crude prevalence,10.4,82.6,6.5,11.3,6.0,30.8,26.0,19.4,15.0,70.0,14.5,3.4,11.0
08001,Adams,CO,Colorado,2023,Crude prevalence,11.0,83.3,5.1,9.7,4.7,33.2,22.8,17.1,12.5,70.1,13.4,2.6,17.2
08003,Alamosa,CO,Colorado,2023,Crude prevalence,11.0,80.9,6.4,11.3,6.2,30.3,23.9,18.1,14.6,69.5,12.7,3.4,18.0
08005,Arapahoe,CO,Colorado,2023,Crude prevalence,10.5,85.6,4.9,8.5,4.9,26.1,18.0,15.9,11.5,70.2,10.5,2.7,11.5
08007,Archuleta,CO,Colorado,2023,Crude prevalence,10.9,89.1,7.7,11.7,7.9,27.6,19.7,14.3,14.1,75.3,12.0,3.9,9.6
08009,Baca,CO,Colorado,2023,Crude prevalence,11.9,84.9,10.7,13.4,9.6,29.9,26.0,17.7,17.2,74.1,16.9,5.0,12.8
08011,Bent,CO,Colorado,2023,Crude prevalence,10.8,79.2,10.1,14.7,9.2,33.7,29.9,18.3,17.8,69.5,20.0,4.9,22.1
08013,Boulder,CO,Colorado,2023,Crude prevalence,10.3,85.0,4.7,7.1,4.8,16.7,12.1,15.2,10.5,69.3,8.8,2.5,7.8
08014,Broomfield,CO,Colorado,2023,Crude prevalence,10.3,87.0,4.2,7.1,4.4,22.3,13.5,14.4,10.0,71.6,8.7,2.3,7.8
08015,Chaffee,CO,Colorado,2023,Crude prevalence,10.8,87.3,7.1,10.2,7.1,25.7,18.0,14.9,13.1,73.8,12.1,3.6,9.3
08017,Cheyenne,CO,Colorado,2023,Crude prevalence,11.3,86.4,8.0,11.3,7.6,28.8,21.2,16.5,14.6,73.8,13.9,3.9,11.1
08019,Clear Creek,CO,Colorado,2023,Crude prevalence,10.6,88.8,5.7,9.0,6.1,23.9,15.2,13.9,11.7,74.4,10.1,3.0,7.3
08021,Conejos,CO,Colorado,2023,Crude prevalence,10.4,84.7,6.9,13.8,7.5,30.3,26.0,16.0,15.6,72.7,13.0,3.9,18.8
08023,Costilla,CO,Colorado,2023,Crude prevalence,10.4,86.7,8.4,17.0,9.4,31.6,28.7,15.0,17.1,75.1,13.5,4.8,19.6
08025,Crowley,CO,Colorado,2023,Crude prevalence,10.1,78.2,7.1,11.0,6.4,31.7,25.2,17.9,15.0,66.3,18.0,3.5,21.1
08027,Custer,CO,Colorado,2023,Crude prevalence,11.2,89.9,8.6,12.4,8.8,26.6,19.6,14.4,14.6,77.8,12.2,4.4,7.6
08029,Delta,CO,Colorado,2023,Crude prevalence,11.4,86.4,9.2,12.4,8.8,26.7,22.9,16.2,15.8,74.1,14.5,4.5,11.9
08031,Denver,CO,Colorado,2023,Crude prevalence,10.3,84.0,4.2,7.1,4.1,21.6,17.0,15.2,10.8,69.6,10.3,2.3,12.5
08033,Dolores,CO,Colorado,2023,Crude prevalence,11.2,85.8,8.3,11.5,7.9,27.3,21.1,16.6,14.8,73.5,14.9,4.1,10.2
08035,Douglas,CO,Colorado,2023,Crude prevalence,10.5,88.4,4.0,6.8,4.3,25.3,13.7,14.2,9.6,74.6,7.8,2.2,6.3
08037,Eagle,CO,Colorado,2023,Crude prevalence,10.3,86.7,5.0,8.5,5.1,24.3,16.3,14.7,11.5,71.6,10.3,2.6,11.3
08039,Elbert,CO,Colorado,2023,Crude prevalence,11.1,88.0,5.9,8.9,5.9,24.8,16.2,15.2,12.2,73.8,11.2,3.0,7.9
08041,El Paso,CO,Colorado,2023,Crude prevalence,11.6,84.6,5.2,8.7,4.9,28.3,18.8,17.8,12.7,73.7,10.7,2.7,9.5
08043,Fremont,CO,Colorado,2023,Crude prevalence,11.0,84.2,8.2,11.4,7.6,30.6,22.9,16.9,15.3,71.9,15.5,3.9,13.4
08045,Garfield,CO,Colorado,2023,Crude prevalence,10.7,84.4,5.8,8.9,5.5,24.0,18.6,16.2,12.9,70.9,12.2,2.9,13.8
08047,Gilpin,CO,Colorado,2023,Crude prevalence,11.0,88.9,6.1,9.6,6.2,25.5,16.2,14.7,12.5,74.1,11.4,3.1,7.3
08049,Grand,CO,Colorado,2023,Crude prevalence,10.8,86.9,6.2,9.1,6.2,24.3,16.6,15.6,12.4,72.8,11.8,3.1,8.6
08051,Gunnison,CO,Colorado,2023,Crude prevalence,10.8,84.0,4.6,7.1,4.6,23.8,14.2,16.1,10.4,70.2,9.6,2.3,7.4
08053,Hinsdale,CO,Colorado,2023,Crude prevalence,10.4,91.1,6.0,10.0,7.5,23.5,15.0,12.5,11.8,78.1,8.4,3.5,6.0
08055,Huerfano,CO,Colorado,2023,Crude prevalence,10.8,88.3,8.6,13.9,9.1,27.5,23.7,14.7,15.7,76.0,12.9,4.6,13.4
08057,Jackson,CO,Colorado,2023,Crude prevalence,11.5,86.3,10.6,13.9,9.6,30.0,25.2,16.6,17.0,74.4,16.9,4.9,13.0
08059,Jefferson,CO,Colorado,2023,Crude prevalence,11.2,87.3,5.0,8.3,5.1,23.1,13.3,14.8,10.8,73.2,9.9,2.6,8.4
08061,Kiowa,CO,Colorado,2023,Crude prevalence,11.4,87.2,8.9,11.8,8.7,27.1,21.7,16.3,15.3,75.2,13.8,4.4,10.1
08063,Kit Carson,CO,Colorado,2023,Crude prevalence,11.5,85.0,8.3,11.4,7.7,29.4,22.9,17.3,15.4,71.9,14.5,4.0,13.2
08065,Lake,CO,Colorado,2023,Crude prevalence,10.2,85.5,4.7,8.4,4.9,23.9,17.0,15.1,11.4,70.0,10.2,2.5,11.9
08067,La Plata,CO,Colorado,2023,Crude prevalence,11.1,86.8,6.2,9.3,6.2,20.9,16.1,15.6,12.5,73.1,11.7,3.2,8.6
08069,Larimer,CO,Colorado,2023,Crude prevalence,11.2,84.1,5.2,7.3,5.1,23.5,13.9,16.6,11.5,69.8,9.6,2.6,8.6
08071,Las Animas,CO,Colorado,2023,Crude prevalence,10.8,85.6,8.2,13.7,8.5,32.5,26.0,16.0,16.0,73.0,13.7,4.4,16.8
08073,Lincoln,CO,Colorado,2023,Crude prevalence,10.9,83.1,7.9,10.8,7.3,29.8,23.4,17.2,14.7,70.3,15.5,3.8,14.5
08075,Logan,CO,Colorado,2023,Crude prevalence,11.4,82.0,8.4,11.2,7.5,29.7,23.5,18.1,15.2,70.5,16.0,4.0,14.7
08077,Mesa,CO,Colorado,2023,Crude prevalence,11.4,85.0,7.0,9.8,6.7,29.8,20.0,16.6,14.1,72.0,12.7,3.5,11.0
08079,Mineral,CO,Colorado,2023,Crude prevalence,10.7,89.5,6.9,10.5,7.3,25.7,16.6,13.8,12.6,76.2,10.5,3.6,6.9
08081,Moffat,CO,Colorado,2023,Crude prevalence,11.4,83.5,7.9,10.8,7.0,28.5,22.1,17.9,15.0,70.7,15.6,3.7,12.8
08083,Montezuma,CO,Colorado,2023,Crude prevalence,11.8,86.4,8.3,11.8,7.8,28.4,22.0,16.6,15.0,73.6,14.7,4.1,10.8
08085,Montrose,CO,Colorado,2023,Crude prevalence,11.1,86.9,8.0,11.5,8.0,27.5,21.6,15.7,14.8,73.3,13.4,4.1,12.6
08087,Morgan,CO,Colorado,2023,Crude prevalence,11.1,83.3,6.9,10.9,6.6,32.1,23.3,17.4,14.7,70.3,13.8,3.5,17.9
08089,Otero,CO,Colorado,2023,Crude prevalence,11.3,83.5,9.0,14.5,8.5,34.6,27.6,17.6,17.1,72.6,15.3,4.6,18.8
08091,Ouray,CO,Colorado,2023,Crude prevalence,10.6,91.0,6.2,10.0,7.0,23.3,15.3,12.9,12.0,77.6,9.1,3.4,6.2
08093,Park,CO,Colorado,2023,Crude prevalence,10.9,89.3,6.5,10.2,6.7,23.5,16.0,14.4,12.7,74.9,11.3,3.3,7.3
08095,Phillips,CO,Colorado,2023,Crude prevalence,11.2,84.9,8.3,11.9,8.0,28.9,24.0,16.8,15.4,72.5,14.3,4.2,14.6
08097,Pitkin,CO,Colorado,2023,Crude prevalence,10.2,89.2,4.9,8.4,5.8,20.7,13.7,13.3,10.7,74.2,8.3,2.8,6.9
08099,Prowers,CO,Colorado,2023,Crude prevalence,11.1,82.9,8.1,12.6,7.6,29.2,26.3,17.6,15.9,70.4,15.0,4.0,18.3
08101,Pueblo,CO,Colorado,2023,Crude prevalence,11.1,84.9,7.2,12.3,6.9,32.1,26.8,17.3,15.2,72.9,13.9,3.7,16.3
08103,Rio Blanco,CO,Colorado,2023,Crude prevalence,11.2,85.5,6.8,9.6,6.5,26.7,18.9,16.9,13.4,72.3,13.1,3.3,9.9
08105,Rio Grande,CO,Colorado,2023,Crude prevalence,10.6,85.9,7.1,12.2,7.4,27.7,23.2,15.6,14.7,73.5,12.5,3.8,15.9
08107,Routt,CO,Colorado,2023,Crude prevalence,10.6,87.6,5.4,8.3,5.5,23.7,15.3,14.8,11.5,72.8,10.2,2.8,7.5
08109,Saguache,CO,Colorado,2023,Crude prevalence,11.1,86.8,9.3,15.1,9.3,29.1,25.9,15.7,16.7,75.0,14.6,4.7,15.8
08111,San Juan,CO,Colorado,2023,Crude prevalence,10.4,88.4,6.2,10.2,6.9,26.4,17.4,14.3,12.5,74.2,11.2,3.4,8.3
08113,San Miguel,CO,Colorado,2023,Crude prevalence,10.5,87.9,5.3,8.7,5.7,26.3,14.9,14.3,11.2,73.4,9.8,2.8,7.3
08115,Sedgwick,CO,Colorado,2023,Crude prevalence,11.1,87.6,9.1,13.0,9.3,28.0,23.1,15.6,15.7,75.8,13.6,4.7,12.0
08117,Summit,CO,Colorado,2023,Crude prevalence,10.4,86.2,5.0,7.9,5.0,24.4,15.3,15.3,11.1,71.6,10.5,2.5,9.1
08119,Teller,CO,Colorado,2023,Crude prevalence,11.0,89.2,6.8,10.2,6.9,24.1,17.0,14.4,12.9,75.5,11.3,3.5,7.6
08121,Washington,CO,Colorado,2023,Crude prevalence,11.1,86.0,7.6,10.5,7.4,26.4,20.2,16.4,14.1,72.6,13.4,3.8,10.8
08123,Weld,CO,Colorado,2023,Crude prevalence,10.7,83.1,5.5,9.5,5.1,33.8,20.6,17.2,12.8,67.6,12.7,2.7,13.7
08125,Yuma,CO,Colorado,2023,Crude prevalence,11.1,84.2,7.8,10.9,7.2,28.4,22.7,16.9,14.8,71.5,13.9,3.8,15.7
09110,Capitol,CT,Connecticut,2023,Crude prevalence,11.9,89.4,5.6,11.0,5.7,31.9,25.1,16.7,12.4,81.8,11.1,3.2,9.8
09120,Greater Bridgeport,CT,Connecticut,2023,Crude prevalence,10.5,88.6,5.4,10.3,5.5,28.1,27.6,15.7,12.6,78.0,10.7,3.4,14.1
09130,Lower Connecticut River Valley,CT,Connecticut,2023,Crude prevalence,10.7,90.9,5.6,9.4,6.1,29.0,21.0,14.6,11.7,82.8,9.8,3.2,6.4
09140,Naugatuck Valley,CT,Connecticut,2023,Crude prevalence,11.1,89.5,6.2,10.6,6.3,32.5,26.7,16.2,13.3,80.4,11.8,3.4,10.3
09150,Northeastern Connecticut,CT,Connecticut,2023,Crude prevalence,11.4,89.2,6.8,10.3,6.4,33.3,26.3,17.2,13.9,80.0,13.2,3.4,7.6
09160,Northwest Hills,CT,Connecticut,2023,Crude prevalence,11.0,91.1,6.5,10.0,6.6,28.2,23.4,15.2,13.3,81.6,10.9,3.4,7.1
09170,South Central Connecticut,CT,Connecticut,2023,Crude prevalence,10.9,88.9,5.6,10.4,5.9,33.4,26.5,16.1,12.6,80.2,10.8,3.2,10.1
09180,Southeastern Connecticut,CT,Connecticut,2023,Crude prevalence,11.7,88.5,6.3,10.0,6.1,32.5,26.3,16.6,13.5,80.7,10.8,3.3,9.6
09190,Western Connecticut,CT,Connecticut,2023,Crude prevalence,9.8,90.4,4.6,8.5,5.0,24.7,22.1,13.9,10.9,78.4,8.5,2.8,9.9
10001,Kent,DE,Delaware,2023,Crude prevalence,12.5,86.6,7.6,14.3,6.6,43.5,31.6,17.7,14.4,82.3,13.5,3.8,9.5
10003,New Castle,DE,Delaware,2023,Crude prevalence,10.4,87.4,6.0,12.2,5.9,33.4,25.5,15.5,12.3,79.2,11.6,3.4,8.6
10005,Sussex,DE,Delaware,2023,Crude prevalence,10.5,89.9,9.1,14.2,9.1,33.8,27.9,13.8,14.8,83.7,14.0,4.4,9.4
11001,District of Columbia,DC,District of Columbia,2023,Crude prevalence,10.2,89.3,4.0,7.8,3.8,24.7,14.9,14.1,9.2,75.8,9.4,2.8,6.5
12001,Alachua,FL,Florida,2023,Crude prevalence,10.1,82.7,6.0,10.5,5.6,30.9,21.0,18.2,12.1,77.3,11.2,3.0,11.7
12003,Baker,FL,Florida,2023,Crude prevalence,10.3,83.8,8.3,12.3,6.9,35.3,27.7,19.0,14.9,76.0,16.6,3.6,13.4
12005,Bay,FL,Florida,2023,Crude prevalence,10.0,85.5,7.9,11.9,7.3,33.4,25.3,17.7,14.8,76.3,14.6,3.7,12.5
12007,Bradford,FL,Florida,2023,Crude prevalence,10.5,83.1,10.5,14.4,8.6,34.9,32.0,19.8,17.1,76.9,19.3,4.6,15.8
12009,Brevard,FL,Florida,2023,Crude prevalence,9.6,88.2,7.8,13.1,7.9,34.0,23.8,15.9,14.1,79.7,12.5,3.9,11.6
12011,Broward,FL,Florida,2023,Crude prevalence,9.2,87.5,6.3,13.5,6.7,30.6,26.4,15.7,13.8,79.5,11.8,3.7,16.7
12013,Calhoun,FL,Florida,2023,Crude prevalence,10.6,82.5,11.1,15.2,9.2,40.0,32.7,19.6,17.8,77.2,20.2,4.8,16.8
12015,Charlotte,FL,Florida,2023,Crude prevalence,9.5,90.8,9.7,15.6,10.7,30.6,25.3,14.3,15.8,83.1,12.8,5.0,11.4
12017,Citrus,FL,Florida,2023,Crude prevalence,9.7,89.0,11.1,15.8,11.1,32.3,28.8,15.9,17.1,81.9,15.2,5.3,12.4
12019,Clay,FL,Florida,2023,Crude prevalence,9.9,86.9,7.0,12.2,6.6,34.9,25.4,17.6,13.7,78.1,13.5,3.4,11.7
12021,Collier,FL,Florida,2023,Crude prevalence,8.6,90.0,8.0,13.7,9.4,26.6,24.6,13.3,14.4,80.5,10.3,4.4,15.2
12023,Columbia,FL,Florida,2023,Crude prevalence,10.3,84.3,10.1,15.1,8.9,39.7,31.5,18.2,16.7,77.9,18.2,4.6,15.5
12027,DeSoto,FL,Florida,2023,Crude prevalence,10.0,82.5,12.1,17.6,10.7,41.0,38.6,18.9,19.5,76.6,19.6,5.5,26.1
12029,Dixie,FL,Florida,2023,Crude prevalence,10.3,84.0,12.2,16.1,10.6,34.7,32.4,19.2,18.5,77.0,20.0,5.3,16.2
12031,Duval,FL,Florida,2023,Crude prevalence,10.3,85.3,7.0,12.8,6.3,34.3,27.1,18.2,14.0,76.4,13.9,3.5,13.6
12033,Escambia,FL,Florida,2023,Crude prevalence,10.6,84.8,7.8,12.8,7.2,35.8,26.1,18.1,14.6,77.1,14.2,3.8,12.4
12035,Flagler,FL,Florida,2023,Crude prevalence,9.7,89.6,8.6,13.7,9.0,30.6,24.5,14.8,14.8,81.4,12.2,4.4,11.4
12037,Franklin,FL,Florida,2023,Crude prevalence,9.9,86.5,10.8,15.3,9.8,32.3,29.4,16.8,16.9,79.4,16.6,4.9,13.9
12039,Gadsden,FL,Florida,2023,Crude prevalence,11.1,85.4,11.0,19.2,9.3,44.6,31.4,18.8,17.7,80.5,18.6,5.9,18.0
12041,Gilchrist,FL,Florida,2023,Crude prevalence,10.2,84.5,9.7,12.8,8.3,34.5,27.4,18.3,16.2,77.1,17.0,4.2,14.0
12043,Glades,FL,Florida,2023,Crude prevalence,9.8,83.4,11.7,17.7,10.9,37.1,36.1,18.2,18.8,77.2,19.7,5.5,23.7
12045,Gulf,FL,Florida,2023,Crude prevalence,9.8,86.4,9.1,14.1,8.3,35.3,27.4,16.8,15.6,77.7,15.5,4.2,13.0
12047,Hamilton,FL,Florida,2023,Crude prevalence,10.9,82.4,12.1,17.6,9.9,41.5,32.9,19.8,18.7,77.9,20.6,5.5,19.4
12049,Hardee,FL,Florida,2023,Crude prevalence,9.7,80.9,9.5,15.6,8.6,39.9,33.9,19.0,17.3,74.9,17.6,4.4,26.1
12051,Hendry,FL,Florida,2023,Crude prevalence,9.4,80.3,8.5,16.8,8.0,37.6,38.1,18.5,18.6,74.4,17.4,4.2,31.5
12053,Hernando,FL,Florida,2023,Crude prevalence,9.8,87.3,9.1,14.9,8.9,36.1,27.7,16.7,16.1,79.1,14.3,4.4,14.7
12055,Highlands,FL,Florida,2023,Crude prevalence,9.5,88.6,11.0,18.3,11.7,36.7,33.3,15.7,17.5,81.9,14.3,5.6,17.9
12057,Hillsborough,FL,Florida,2023,Crude prevalence,9.4,85.6,6.0,12.5,6.0,31.6,23.9,16.4,13.1,76.6,12.1,3.2,16.1
12059,Holmes,FL,Florida,2023,Crude prevalence,10.4,83.1,10.9,14.5,9.0,36.3,29.5,19.5,17.1,76.8,19.2,4.6,15.1
12061,Indian River,FL,Florida,2023,Crude prevalence,9.1,90.1,8.8,14.3,9.7,26.6,25.0,14.1,14.9,82.1,11.5,4.6,12.2
12063,Jackson,FL,Florida,2023,Crude prevalence,10.3,83.8,10.3,15.6,9.1,38.7,31.7,19.0,17.1,77.4,19.0,5.0,16.5
12065,Jefferson,FL,Florida,2023,Crude prevalence,10.3,86.7,10.3,16.3,9.3,35.1,28.3,17.2,17.0,79.5,17.1,5.2,14.1
12067,Lafayette,FL,Florida,2023,Crude prevalence,10.2,81.6,10.6,14.6,8.8,34.7,31.6,19.8,17.4,75.3,19.3,4.5,18.1
12069,Lake,FL,Florida,2023,Crude prevalence,9.5,88.4,8.0,14.5,8.5,35.3,26.1,15.7,14.9,79.9,12.3,4.2,14.3
12071,Lee,FL,Florida,2023,Crude prevalence,9.2,88.6,8.2,14.5,8.9,30.4,26.6,14.8,14.6,80.5,11.9,4.3,15.7
12073,Leon,FL,Florida,2023,Crude prevalence,10.5,83.6,5.9,10.6,5.5,33.1,22.6,18.2,12.1,76.0,11.3,3.0,11.2
12075,Levy,FL,Florida,2023,Crude prevalence,10.3,85.8,11.0,16.1,9.9,33.8,30.4,18.5,17.4,78.9,17.8,5.0,15.5
12077,Liberty,FL,Florida,2023,Crude prevalence,10.1,81.3,10.0,14.3,8.4,44.5,31.8,19.5,17.1,75.4,19.3,4.3,18.0
12079,Madison,FL,Florida,2023,Crude prevalence,10.9,85.1,11.1,16.8,9.4,38.0,32.5,18.7,17.7,79.7,18.8,5.5,16.6
12081,Manatee,FL,Florida,2023,Crude prevalence,9.1,88.9,8.3,14.0,8.8,32.1,25.4,15.1,14.5,80.5,12.4,4.2,13.4
12083,Marion,FL,Florida,2023,Crude prevalence,9.8,87.6,9.8,14.9,9.7,36.4,26.6,16.6,16.4,81.1,14.8,4.8,15.6
12085,Martin,FL,Florida,2023,Crude prevalence,9.2,89.7,8.5,13.6,9.4,27.0,23.5,14.3,14.7,80.2,11.4,4.4,12.2
12086,Miami-Dade,FL,Florida,2023,Crude prevalence,8.5,86.2,5.3,15.4,6.8,29.5,32.5,14.4,14.6,75.9,11.3,3.6,25.6
12087,Monroe,FL,Florida,2023,Crude prevalence,8.9,89.1,7.2,13.2,7.9,25.8,23.8,14.4,14.1,79.3,12.0,3.7,13.5
12089,Nassau,FL,Florida,2023,Crude prevalence,9.6,88.5,7.6,11.6,7.4,33.7,20.2,15.7,13.8,79.4,12.4,3.6,9.9
12091,Okaloosa,FL,Florida,2023,Crude prevalence,9.6,85.8,6.6,10.8,6.1,30.7,22.8,17.4,12.9,76.1,12.8,3.1,11.7
12093,Okeechobee,FL,Florida,2023,Crude prevalence,9.9,84.1,10.5,15.6,9.4,43.9,32.0,18.7,18.2,77.6,18.2,4.7,21.0
12095,Orange,FL,Florida,2023,Crude prevalence,9.1,85.7,5.5,11.7,5.6,33.5,24.5,16.3,12.9,76.2,11.9,3.0,16.1
12097,Osceola,FL,Florida,2023,Crude prevalence,9.0,85.1,5.5,13.4,5.9,39.8,28.2,16.7,14.1,75.6,11.8,3.1,21.8
12099,Palm Beach,FL,Florida,2023,Crude prevalence,9.2,87.9,7.1,13.7,7.9,26.6,25.6,14.4,13.5,79.9,11.2,4.0,14.6
12101,Pasco,FL,Florida,2023,Crude prevalence,9.7,87.0,7.8,12.8,7.7,31.8,26.5,16.4,14.6,77.4,13.5,3.8,14.5
12103,Pinellas,FL,Florida,2023,Crude prevalence,9.5,88.5,8.1,13.1,8.2,31.5,23.9,15.5,14.2,79.5,12.2,4.0,11.5
12105,Polk,FL,Florida,2023,Crude prevalence,10.0,85.0,8.0,13.6,7.7,40.2,28.8,17.8,16.0,77.3,14.4,4.0,19.2
12107,Putnam,FL,Florida,2023,Crude prevalence,10.8,84.0,13.0,17.5,10.8,33.1,33.7,19.4,19.3,78.5,21.0,5.7,18.0
12109,St. Johns,FL,Florida,2023,Crude prevalence,9.3,89.3,6.0,10.6,6.5,29.2,18.5,14.4,12.3,80.7,10.1,3.1,8.9
12111,St. Lucie,FL,Florida,2023,Crude prevalence,9.9,87.7,8.3,14.5,8.4,31.5,27.0,16.4,15.3,78.1,13.5,4.3,16.0
12113,Santa Rosa,FL,Florida,2023,Crude prevalence,9.6,86.5,6.8,10.9,6.4,32.1,20.5,17.2,13.5,78.7,13.4,3.2,10.8
12115,Sarasota,FL,Florida,2023,Crude prevalence,9.1,90.8,8.4,13.0,9.4,29.2,23.4,13.4,14.3,82.8,10.5,4.4,10.3
12117,Seminole,FL,Florida,2023,Crude prevalence,9.1,87.3,5.6,11.0,5.9,29.5,21.2,15.1,11.9,78.1,10.8,3.0,13.0
12119,Sumter,FL,Florida,2023,Crude prevalence,8.8,93.3,10.1,16.0,12.1,29.5,25.1,11.5,15.6,87.0,9.9,5.5,10.4
12121,Suwannee,FL,Florida,2023,Crude prevalence,10.2,84.5,10.5,15.0,9.3,38.3,32.3,18.2,17.3,77.5,17.9,4.7,16.2
12123,Taylor,FL,Florida,2023,Crude prevalence,10.5,84.2,11.5,15.9,9.7,40.8,32.4,19.0,17.5,77.3,19.2,5.1,15.8
12125,Union,FL,Florida,2023,Crude prevalence,10.3,81.9,10.0,14.5,8.5,41.6,30.7,19.5,17.0,74.8,20.1,4.5,17.3
12127,Volusia,FL,Florida,2023,Crude prevalence,10.0,87.0,8.4,13.5,8.3,32.7,25.5,16.7,15.0,79.4,13.7,4.1,13.9
12129,Wakulla,FL,Florida,2023,Crude prevalence,10.0,85.7,7.8,12.6,6.9,38.9,27.2,17.6,14.9,76.4,15.3,3.5,12.8
12131,Walton,FL,Florida,2023,Crude prevalence,9.5,87.3,7.7,12.3,7.4,30.1,22.0,16.4,13.9,77.1,13.8,3.6,11.4
12133,Washington,FL,Florida,2023,Crude prevalence,10.5,83.0,10.7,15.1,8.9,40.1,32.3,19.7,17.5,76.3,19.5,4.6,15.7
13001,Appling,GA,Georgia,2023,Crude prevalence,10.8,83.9,11.0,17.4,9.1,40.6,35.1,19.6,18.4,77.4,20.3,5.2,17.9
13003,Atkinson,GA,Georgia,2023,Crude prevalence,10.8,81.3,11.0,18.0,8.7,44.0,39.9,20.7,19.5,75.8,22.0,5.1,25.2
13005,Bacon,GA,Georgia,2023,Crude prevalence,10.7,84.1,9.5,14.9,7.9,36.9,32.7,19.5,16.7,77.2,18.8,4.4,15.7
13007,Baker,GA,Georgia,2023,Crude prevalence,11.1,87.0,12.4,22.9,11.3,43.3,38.8,18.2,19.2,82.2,20.0,6.9,16.4
13009,Baldwin,GA,Georgia,2023,Crude prevalence,10.8,83.6,8.1,15.3,7.2,38.7,29.8,19.0,15.1,79.0,15.8,4.4,13.6
13011,Banks,GA,Georgia,2023,Crude prevalence,10.1,85.3,8.8,13.8,7.6,34.5,29.2,18.3,15.9,76.9,17.3,4.0,14.2
13013,Barrow,GA,Georgia,2023,Crude prevalence,9.9,85.4,6.5,12.2,5.7,35.3,28.0,17.7,13.9,76.3,15.0,3.2,14.7
13015,Bartow,GA,Georgia,2023,Crude prevalence,10.1,86.0,7.1,12.0,6.2,38.7,26.2,17.9,14.4,77.2,15.2,3.4,13.3
13017,Ben Hill,GA,Georgia,2023,Crude prevalence,11.4,84.5,11.1,19.1,9.0,41.5,37.8,19.8,18.6,79.6,21.3,5.6,17.2
13019,Berrien,GA,Georgia,2023,Crude prevalence,10.7,84.1,10.7,16.0,8.8,38.1,34.0,19.9,17.8,77.4,20.7,4.8,15.9
13021,Bibb,GA,Georgia,2023,Crude prevalence,11.2,85.9,8.4,16.9,7.3,44.7,32.2,19.1,15.8,81.0,16.8,4.8,14.5
13023,Bleckley,GA,Georgia,2023,Crude prevalence,10.8,85.6,8.8,14.7,7.7,37.7,29.8,19.0,16.0,79.3,16.6,4.3,13.2
13025,Brantley,GA,Georgia,2023,Crude prevalence,10.6,84.4,10.3,14.4,8.4,39.0,32.6,19.7,17.4,77.0,19.6,4.4,14.4
13027,Brooks,GA,Georgia,2023,Crude prevalence,11.1,86.1,11.6,20.0,10.0,40.2,36.7,18.8,18.8,80.9,19.8,5.9,16.4
13029,Bryan,GA,Georgia,2023,Crude prevalence,9.6,87.2,5.0,10.0,4.7,33.5,21.2,16.7,12.0,77.5,12.3,2.6,10.6
13031,Bulloch,GA,Georgia,2023,Crude prevalence,10.6,82.0,6.6,11.5,5.6,38.9,25.7,20.1,13.5,76.4,14.1,3.3,12.5
13033,Burke,GA,Georgia,2023,Crude prevalence,11.4,85.9,9.8,18.3,8.3,40.1,34.7,19.4,17.5,79.9,19.0,5.2,15.0
13035,Butts,GA,Georgia,2023,Crude prevalence,10.4,84.6,8.0,13.8,6.8,38.2,31.0,18.7,15.3,77.4,17.4,4.0,14.5
13037,Calhoun,GA,Georgia,2023,Crude prevalence,10.6,83.2,9.3,18.5,8.1,43.6,37.0,19.1,16.8,78.5,20.8,5.4,18.6
13039,Camden,GA,Georgia,2023,Crude prevalence,10.1,84.8,6.9,12.3,6.2,37.2,27.1,18.2,13.8,76.5,14.8,3.5,12.9
13043,Candler,GA,Georgia,2023,Crude prevalence,10.8,84.7,9.8,16.5,8.4,42.2,33.4,18.9,17.4,78.5,18.6,4.9,17.2
13045,Carroll,GA,Georgia,2023,Crude prevalence,10.4,84.3,7.3,12.8,6.3,34.2,28.1,18.7,14.6,76.1,16.1,3.5,13.9
13047,Catoosa,GA,Georgia,2023,Crude prevalence,9.9,87.0,7.5,12.5,6.9,34.1,25.3,17.2,14.2,77.7,14.7,3.6,11.1
13049,Charlton,GA,Georgia,2023,Crude prevalence,10.0,82.2,9.1,16.1,7.8,41.5,34.3,19.2,17.0,75.5,20.1,4.5,21.2
13051,Chatham,GA,Georgia,2023,Crude prevalence,10.2,86.8,6.4,13.1,6.1,33.0,25.2,16.6,13.0,79.7,13.3,3.7,12.4
13053,Chattahoochee,GA,Georgia,2023,Crude prevalence,9.2,74.7,4.3,7.5,3.4,35.8,24.7,20.6,11.3,69.4,13.5,2.0,17.2
13055,Chattooga,GA,Georgia,2023,Crude prevalence,10.7,83.4,11.3,16.0,8.9,35.2,35.1,20.0,18.5,76.6,21.3,4.9,17.2
13057,Cherokee,GA,Georgia,2023,Crude prevalence,9.5,88.1,5.6,11.0,5.7,33.5,23.7,16.0,12.2,77.1,11.7,2.9,10.7
13059,Clarke,GA,Georgia,2023,Crude prevalence,10.6,81.4,5.8,10.9,5.1,30.2,25.0,19.4,12.5,75.3,12.3,3.0,12.7
13061,Clay,GA,Georgia,2023,Crude prevalence,11.2,88.5,11.0,21.5,10.5,41.2,37.3,17.4,17.9,83.7,17.2,6.6,14.5
13063,Clayton,GA,Georgia,2023,Crude prevalence,11.4,85.8,6.5,16.2,5.7,45.2,32.5,19.2,14.8,80.0,16.0,4.3,16.8
13065,Clinch,GA,Georgia,2023,Crude prevalence,11.1,83.7,11.0,17.3,8.8,41.9,35.6,20.1,18.4,78.0,21.2,5.2,16.7
13067,Cobb,GA,Georgia,2023,Crude prevalence,9.4,88.5,4.8,10.9,4.9,29.9,21.6,15.0,11.2,77.6,10.4,2.8,10.7
13069,Coffee,GA,Georgia,2023,Crude prevalence,10.9,82.8,9.8,16.1,7.8,39.3,35.0,20.4,17.5,77.4,20.7,4.7,19.0
13071,Colquitt,GA,Georgia,2023,Crude prevalence,10.7,84.0,9.6,16.7,8.1,35.7,35.0,19.6,17.6,77.8,19.2,4.7,19.9
13073,Columbia,GA,Georgia,2023,Crude prevalence,9.6,88.0,5.5,11.9,5.4,33.1,24.3,16.1,12.4,79.3,11.9,3.0,10.1
13075,Cook,GA,Georgia,2023,Crude prevalence,11.0,84.2,10.1,16.5,8.3,37.6,32.6,19.9,17.7,78.1,19.7,4.9,16.2
13077,Coweta,GA,Georgia,2023,Crude prevalence,9.9,88.0,5.9,12.4,5.7,35.7,24.9,16.1,12.9,78.3,12.3,3.2,10.8
13079,Crawford,GA,Georgia,2023,Crude prevalence,10.4,86.8,9.0,15.5,7.9,37.3,30.4,17.7,16.1,78.8,17.1,4.5,13.3
13081,Crisp,GA,Georgia,2023,Crude prevalence,11.6,85.8,11.0,19.4,9.4,44.6,36.9,19.4,18.1,80.4,19.9,5.7,15.8
13083,Dade,GA,Georgia,2023,Crude prevalence,10.1,86.6,8.2,12.6,7.4,35.1,26.4,17.6,14.9,78.2,15.2,3.8,11.5
13085,Dawson,GA,Georgia,2023,Crude prevalence,9.5,87.7,6.8,11.6,6.6,31.6,23.5,16.1,13.5,78.2,12.6,3.3,10.9
13087,Decatur,GA,Georgia,2023,Crude prevalence,11.1,85.3,9.7,17.8,8.3,42.2,34.6,19.5,17.5,79.9,18.9,5.2,16.4
13089,DeKalb,GA,Georgia,2023,Crude prevalence,10.4,88.3,5.2,13.0,5.1,31.8,22.5,15.8,11.9,79.1,11.5,3.5,11.9
13091,Dodge,GA,Georgia,2023,Crude prevalence,10.6,85.5,9.8,16.7,8.6,40.4,33.8,18.8,17.0,79.1,18.7,5.0,14.9
13093,Dooly,GA,Georgia,2023,Crude prevalence,10.5,86.1,9.2,18.3,8.6,41.0,34.4,17.5,16.5,79.8,18.1,5.3,16.9
13095,Dougherty,GA,Georgia,2023,Crude prevalence,11.9,85.7,9.1,19.0,7.8,41.9,34.1,19.2,16.7,82.0,17.7,5.5,15.5
13097,Douglas,GA,Georgia,2023,Crude prevalence,10.8,87.5,5.8,13.6,5.4,36.3,27.0,17.2,12.9,79.4,13.7,3.5,13.0
13099,Early,GA,Georgia,2023,Crude prevalence,11.6,86.4,10.3,18.9,8.8,40.7,36.2,19.0,17.8,81.1,18.8,5.6,15.4
13101,Echols,GA,Georgia,2023,Crude prevalence,9.8,84.7,7.4,13.6,6.6,38.3,30.6,17.9,15.5,75.1,16.3,3.6,19.4
13103,Effingham,GA,Georgia,2023,Crude prevalence,10.0,86.5,6.1,11.3,5.4,37.9,24.5,17.3,13.2,76.7,14.1,3.0,11.5
13105,Elbert,GA,Georgia,2023,Crude prevalence,10.7,86.6,9.6,16.6,8.6,38.2,32.7,18.1,16.8,79.8,17.8,4.9,14.5
13107,Emanuel,GA,Georgia,2023,Crude prevalence,11.1,83.8,10.0,16.4,8.0,42.7,35.9,19.8,17.5,77.9,20.3,4.8,16.7
13109,Evans,GA,Georgia,2023,Crude prevalence,10.9,84.4,9.6,16.8,8.0,42.4,35.2,19.4,17.2,78.6,19.2,4.8,17.6
13111,Fannin,GA,Georgia,2023,Crude prevalence,10.0,89.0,10.6,16.5,10.2,38.2,30.1,15.9,17.0,80.9,16.1,5.0,11.5
13113,Fayette,GA,Georgia,2023,Crude prevalence,9.3,90.4,5.3,12.6,6.0,30.7,21.2,13.9,11.6,81.1,9.6,3.3,9.0
13115,Floyd,GA,Georgia,2023,Crude prevalence,10.3,85.0,8.1,14.1,7.1,37.3,28.6,18.6,15.3,77.6,16.0,3.9,14.8
13117,Forsyth,GA,Georgia,2023,Crude prevalence,8.4,89.5,4.2,9.9,4.6,27.7,20.2,13.2,10.4,79.2,9.2,2.4,8.5
13119,Franklin,GA,Georgia,2023,Crude prevalence,10.6,84.5,9.6,14.7,8.2,39.0,30.8,19.0,16.8,77.6,17.9,4.4,14.1
13121,Fulton,GA,Georgia,2023,Crude prevalence,9.4,87.9,4.5,10.9,4.6,28.2,20.0,15.4,10.8,77.7,9.9,2.9,10.1
13123,Gilmer,GA,Georgia,2023,Crude prevalence,9.7,88.4,9.5,15.2,9.1,34.2,28.8,16.0,16.5,79.8,15.0,4.5,13.6
13125,Glascock,GA,Georgia,2023,Crude prevalence,10.5,85.5,9.4,14.5,7.9,37.6,30.5,18.8,16.5,77.5,18.1,4.3,13.1
13127,Glynn,GA,Georgia,2023,Crude prevalence,10.1,88.1,8.2,15.3,7.9,35.1,28.2,16.4,15.0,80.7,14.4,4.4,12.5
13129,Gordon,GA,Georgia,2023,Crude prevalence,10.2,84.6,8.7,13.9,7.3,35.3,31.6,18.7,16.4,75.9,17.3,3.9,16.6
13131,Grady,GA,Georgia,2023,Crude prevalence,10.7,86.0,9.7,17.2,8.6,38.5,35.8,18.5,17.3,79.5,17.9,5.0,16.8
13133,Greene,GA,Georgia,2023,Crude prevalence,9.7,90.9,7.9,15.6,8.6,33.7,26.8,14.1,14.4,83.4,12.1,4.6,11.0
13135,Gwinnett,GA,Georgia,2023,Crude prevalence,9.2,87.0,5.0,12.6,5.1,34.9,27.3,15.5,12.0,76.9,11.7,3.0,15.6
13137,Habersham,GA,Georgia,2023,Crude prevalence,9.9,85.6,8.0,12.9,7.2,32.2,27.9,17.6,15.0,77.5,15.0,3.8,15.2
13139,Hall,GA,Georgia,2023,Crude prevalence,9.6,86.0,7.1,13.2,6.7,32.3,28.3,16.7,14.6,76.8,14.0,3.5,18.0
13141,Hancock,GA,Georgia,2023,Crude prevalence,11.4,85.5,11.9,22.8,10.5,44.8,40.0,18.8,19.2,81.5,21.9,7.0,18.7
13143,Haralson,GA,Georgia,2023,Crude prevalence,10.3,85.2,8.2,12.6,6.8,36.2,26.9,19.0,15.4,77.0,17.4,3.7,12.6
13145,Harris,GA,Georgia,2023,Crude prevalence,9.7,89.1,6.3,12.6,6.4,33.0,22.8,15.3,13.0,80.2,12.2,3.5,9.6
13147,Hart,GA,Georgia,2023,Crude prevalence,10.2,87.3,9.0,15.3,8.3,35.1,29.4,17.2,15.8,79.5,16.0,4.5,12.9
13149,Heard,GA,Georgia,2023,Crude prevalence,10.5,85.2,9.2,14.3,7.8,35.6,30.6,19.1,16.4,77.5,18.3,4.2,13.5
13151,Henry,GA,Georgia,2023,Crude prevalence,10.6,88.1,5.5,13.4,5.2,45.2,25.2,16.9,12.6,79.9,12.9,3.5,11.7
13153,Houston,GA,Georgia,2023,Crude prevalence,10.1,87.4,5.9,13.1,5.5,39.7,24.8,17.1,13.1,79.6,13.0,3.3,11.3
13155,Irwin,GA,Georgia,2023,Crude prevalence,10.7,85.3,9.6,16.2,8.3,40.3,33.4,18.8,17.0,78.9,18.3,4.8,15.2
13157,Jackson,GA,Georgia,2023,Crude prevalence,9.7,86.3,6.6,11.6,6.0,33.0,25.6,17.0,13.8,77.1,14.6,3.2,12.9
13159,Jasper,GA,Georgia,2023,Crude prevalence,10.4,86.1,8.6,14.6,7.5,37.1,30.4,18.2,15.7,78.4,17.3,4.2,13.2
13161,Jeff Davis,GA,Georgia,2023,Crude prevalence,10.8,83.1,10.6,16.4,8.5,40.4,35.7,20.1,18.1,76.5,20.6,4.8,18.6
13163,Jefferson,GA,Georgia,2023,Crude prevalence,11.5,85.2,10.1,18.5,8.5,41.3,36.7,19.4,17.7,80.3,19.9,5.5,16.8
13165,Jenkins,GA,Georgia,2023,Crude prevalence,11.2,83.0,10.9,18.2,8.7,42.5,37.4,20.4,18.3,78.5,21.9,5.5,18.2
13167,Johnson,GA,Georgia,2023,Crude prevalence,10.6,83.8,10.7,18.0,9.3,43.5,35.7,19.2,18.1,78.5,21.5,5.4,17.4
13169,Jones,GA,Georgia,2023,Crude prevalence,10.6,87.0,7.9,14.4,7.1,39.8,30.0,17.9,15.2,79.2,15.9,4.2,11.8
13171,Lamar,GA,Georgia,2023,Crude prevalence,10.7,85.6,7.6,13.6,6.8,36.6,28.6,18.5,14.6,78.6,15.5,3.9,12.4
13173,Lanier,GA,Georgia,2023,Crude prevalence,10.8,83.4,9.7,15.9,7.9,40.9,33.7,19.8,17.1,77.2,19.7,4.6,16.4
13175,Laurens,GA,Georgia,2023,Crude prevalence,11.1,85.8,9.4,16.4,8.2,44.0,34.3,18.8,16.4,80.1,18.1,4.9,14.3
13177,Lee,GA,Georgia,2023,Crude prevalence,10.0,87.6,5.9,11.8,5.5,39.2,23.4,16.7,12.6,78.4,13.1,3.2,10.5
13179,Liberty,GA,Georgia,2023,Crude prevalence,10.3,82.2,5.5,11.6,4.8,32.3,27.9,19.4,12.8,76.4,14.3,3.1,15.4
13181,Lincoln,GA,Georgia,2023,Crude prevalence,10.7,87.9,10.7,18.2,9.8,38.0,33.1,17.5,17.5,81.3,18.0,5.5,13.1
13183,Long,GA,Georgia,2023,Crude prevalence,10.6,83.4,6.7,12.4,5.4,38.4,29.7,19.8,14.5,76.0,17.2,3.3,16.5
13185,Lowndes,GA,Georgia,2023,Crude prevalence,10.7,83.3,7.0,12.9,6.0,38.7,29.1,19.3,14.3,77.8,15.0,3.7,14.2
13187,Lumpkin,GA,Georgia,2023,Crude prevalence,10.0,83.6,7.2,11.5,6.5,28.9,24.8,18.3,13.8,76.8,13.5,3.3,11.4
13189,McDuffie,GA,Georgia,2023,Crude prevalence,11.0,86.6,9.2,16.7,8.0,38.9,32.3,18.5,16.3,80.0,17.3,4.9,14.2
13191,McIntosh,GA,Georgia,2023,Crude prevalence,11.1,87.7,12.3,20.4,11.2,40.7,36.9,17.7,19.0,81.8,19.2,6.4,14.9
13193,Macon,GA,Georgia,2023,Crude prevalence,11.2,83.3,11.3,21.1,9.5,43.8,41.4,19.6,18.9,79.9,22.7,6.3,20.2
13195,Madison,GA,Georgia,2023,Crude prevalence,10.5,85.0,9.5,14.7,8.0,38.1,31.8,18.8,16.6,77.6,18.2,4.3,14.9
13197,Marion,GA,Georgia,2023,Crude prevalence,10.8,86.6,10.5,18.7,9.4,38.6,34.5,18.0,17.9,80.1,18.5,5.5,16.2
13199,Meriwether,GA,Georgia,2023,Crude prevalence,11.0,86.3,9.9,17.6,8.6,41.4,34.8,18.5,17.1,79.8,18.6,5.2,14.7
13201,Miller,GA,Georgia,2023,Crude prevalence,11.0,86.8,10.7,17.8,9.6,41.8,34.4,18.2,17.7,80.6,17.8,5.5,14.2
13205,Mitchell,GA,Georgia,2023,Crude prevalence,11.2,85.6,9.8,18.4,8.4,45.1,34.9,19.3,17.3,79.9,19.3,5.3,16.0
13207,Monroe,GA,Georgia,2023,Crude prevalence,10.1,87.5,7.1,13.1,6.7,34.9,25.9,16.8,13.9,79.2,14.2,3.8,11.2
13209,Montgomery,GA,Georgia,2023,Crude prevalence,10.5,84.9,8.7,15.4,7.7,39.4,31.5,18.5,15.8,78.7,17.0,4.4,14.6
13211,Morgan,GA,Georgia,2023,Crude prevalence,9.9,88.7,6.8,12.9,6.7,31.7,24.9,16.0,13.5,79.4,13.0,3.7,10.6
13213,Murray,GA,Georgia,2023,Crude prevalence,10.2,84.7,8.4,13.3,7.1,41.5,29.1,18.5,16.0,76.0,17.0,3.7,16.4
13215,Muscogee,GA,Georgia,2023,Crude prevalence,10.9,86.1,7.1,15.0,6.3,40.3,29.8,18.7,14.2,79.3,15.1,4.1,14.2
13217,Newton,GA,Georgia,2023,Crude prevalence,11.0,86.6,6.6,14.4,5.9,42.4,30.3,18.3,14.1,79.9,14.8,3.8,13.0
13219,Oconee,GA,Georgia,2023,Crude prevalence,8.9,90.0,4.8,10.1,5.4,28.8,18.3,13.9,10.9,79.8,9.3,2.7,7.5
13221,Oglethorpe,GA,Georgia,2023,Crude prevalence,10.1,87.2,8.0,14.1,7.4,36.4,28.3,17.2,15.2,79.0,15.3,4.1,12.8
13223,Paulding,GA,Georgia,2023,Crude prevalence,10.1,87.3,5.5,11.6,5.0,38.4,23.0,17.1,12.8,77.7,12.7,2.9,11.5
13225,Peach,GA,Georgia,2023,Crude prevalence,10.6,86.3,7.1,14.9,6.6,39.3,29.3,18.0,14.4,79.9,14.3,4.1,13.7
13227,Pickens,GA,Georgia,2023,Crude prevalence,10.0,87.7,8.5,13.6,7.9,35.0,26.6,17.1,15.2,79.1,15.1,4.0,11.3
13229,Pierce,GA,Georgia,2023,Crude prevalence,10.5,85.0,9.3,14.3,7.9,36.4,30.6,18.8,16.3,77.4,18.2,4.2,14.0
13231,Pike,GA,Georgia,2023,Crude prevalence,10.1,86.8,7.1,11.9,6.3,36.0,25.4,17.6,14.1,77.7,14.9,3.4,10.9
13233,Polk,GA,Georgia,2023,Crude prevalence,10.5,84.1,8.9,14.1,7.3,40.4,31.4,19.0,16.3,76.4,17.9,4.1,16.6
13235,Pulaski,GA,Georgia,2023,Crude prevalence,11.5,86.2,10.2,16.8,8.7,40.8,34.2,19.6,17.6,80.3,18.9,5.1,15.2
13237,Putnam,GA,Georgia,2023,Crude prevalence,10.4,88.5,9.5,17.1,9.1,39.4,30.6,16.7,16.3,81.5,15.5,4.9,12.9
13239,Quitman,GA,Georgia,2023,Crude prevalence,11.1,88.9,13.1,23.6,12.1,42.3,39.2,17.3,19.8,83.9,19.3,7.3,15.3
13241,Rabun,GA,Georgia,2023,Crude prevalence,9.7,88.9,9.4,15.5,9.3,34.2,28.9,15.6,15.9,80.6,14.6,4.6,12.2
13243,Randolph,GA,Georgia,2023,Crude prevalence,12.0,86.8,13.7,24.9,12.0,45.6,42.6,19.2,20.6,83.5,21.1,7.9,16.8
13245,Richmond,GA,Georgia,2023,Crude prevalence,11.5,85.0,7.5,16.7,6.6,36.6,30.5,19.4,14.8,79.8,16.2,4.4,14.5
13247,Rockdale,GA,Georgia,2023,Crude prevalence,11.1,87.9,6.8,17.0,6.5,39.0,30.2,17.1,14.3,80.9,14.1,4.4,13.6
13249,Schley,GA,Georgia,2023,Crude prevalence,10.5,87.0,8.5,15.1,7.8,37.4,29.5,17.7,15.8,79.0,16.0,4.4,12.8
13251,Screven,GA,Georgia,2023,Crude prevalence,11.0,86.7,9.7,17.8,8.5,40.0,33.1,18.5,17.1,80.6,18.2,5.2,14.3
13253,Seminole,GA,Georgia,2023,Crude prevalence,10.8,87.9,10.2,18.0,9.5,39.4,33.3,17.4,17.1,81.4,17.0,5.4,13.3
13255,Spalding,GA,Georgia,2023,Crude prevalence,10.8,86.0,8.8,16.0,7.7,39.7,31.2,18.3,15.8,79.0,17.0,4.6,15.0
13257,Stephens,GA,Georgia,2023,Crude prevalence,10.5,85.4,9.6,14.9,8.3,38.5,30.8,18.7,16.5,78.1,17.8,4.5,13.7
13259,Stewart,GA,Georgia,2023,Crude prevalence,10.0,80.0,9.3,17.9,7.9,41.6,39.2,18.8,17.4,75.1,20.7,5.2,28.1
13261,Sumter,GA,Georgia,2023,Crude prevalence,11.3,84.9,8.6,16.7,7.7,39.5,32.9,19.1,15.8,80.0,16.4,4.8,14.9
13263,Talbot,GA,Georgia,2023,Crude prevalence,11.3,88.4,11.3,22.1,10.4,43.1,37.7,17.6,18.6,82.8,18.7,6.6,15.1
13265,Taliaferro,GA,Georgia,2023,Crude prevalence,10.9,88.5,10.8,21.7,10.4,41.7,37.6,17.0,18.1,82.8,18.1,6.6,15.8
13267,Tattnall,GA,Georgia,2023,Crude prevalence,10.4,82.4,9.5,16.0,7.9,40.7,34.9,19.5,17.0,76.9,20.2,4.6,18.7
13269,Taylor,GA,Georgia,2023,Crude prevalence,11.5,85.1,12.6,20.2,10.3,42.4,38.3,19.6,19.6,80.2,21.7,6.3,16.9
13271,Telfair,GA,Georgia,2023,Crude prevalence,10.7,83.0,12.0,20.5,10.1,43.0,40.6,19.7,19.7,77.9,22.7,6.1,22.8
13273,Terrell,GA,Georgia,2023,Crude prevalence,11.9,85.6,11.6,21.2,9.9,43.6,39.7,19.5,19.0,81.3,21.1,6.4,17.6
13275,Thomas,GA,Georgia,2023,Crude prevalence,10.7,87.2,8.5,16.0,7.8,39.2,29.1,17.4,15.4,80.7,15.9,4.6,12.8
13277,Tift,GA,Georgia,2023,Crude prevalence,10.7,84.9,8.6,15.8,7.4,39.4,33.0,19.1,16.2,78.6,17.5,4.4,16.1
13279,Toombs,GA,Georgia,2023,Crude prevalence,10.8,84.7,9.1,15.5,7.7,40.6,32.9,19.0,16.6,78.4,17.5,4.5,16.6
13281,Towns,GA,Georgia,2023,Crude prevalence,9.6,90.1,9.7,15.9,10.1,31.9,27.5,14.7,15.9,82.6,12.8,4.9,9.8
13283,Treutlen,GA,Georgia,2023,Crude prevalence,11.3,82.2,11.9,18.3,9.2,41.2,37.8,20.8,19.2,77.9,22.5,5.5,18.5
13285,Troup,GA,Georgia,2023,Crude prevalence,10.8,85.9,8.2,15.0,7.1,36.0,32.0,18.8,15.5,78.8,16.9,4.3,13.8
13287,Turner,GA,Georgia,2023,Crude prevalence,11.4,84.6,11.1,18.5,9.2,44.4,37.8,19.9,18.4,79.6,20.2,5.6,17.0
13289,Twiggs,GA,Georgia,2023,Crude prevalence,11.0,87.6,10.3,18.6,9.3,39.7,33.9,18.1,17.7,81.2,18.4,5.7,14.6
13291,Union,GA,Georgia,2023,Crude prevalence,9.6,90.0,9.9,15.7,9.9,34.5,28.4,15.1,16.3,81.8,14.2,4.8,10.7
13293,Upson,GA,Georgia,2023,Crude prevalence,10.9,85.8,9.5,16.3,8.1,39.2,32.8,19.0,16.8,78.7,18.8,4.7,14.1
13295,Walker,GA,Georgia,2023,Crude prevalence,10.2,86.1,8.8,13.5,7.7,38.0,29.9,18.0,15.8,78.0,16.7,4.0,12.7
13297,Walton,GA,Georgia,2023,Crude prevalence,10.3,86.6,7.3,13.0,6.6,38.3,28.0,17.3,14.3,78.0,14.9,3.7,12.9
13299,Ware,GA,Georgia,2023,Crude prevalence,10.9,84.1,10.0,16.8,8.4,41.3,36.6,19.8,17.7,78.8,19.6,4.9,16.4
13301,Warren,GA,Georgia,2023,Crude prevalence,11.4,87.4,10.5,20.2,9.4,43.5,37.0,18.2,17.7,81.7,18.6,6.1,15.3
13303,Washington,GA,Georgia,2023,Crude prevalence,11.1,85.5,9.7,18.7,8.3,43.1,34.9,18.8,17.1,80.3,19.3,5.4,15.7
13305,Wayne,GA,Georgia,2023,Crude prevalence,10.8,83.8,10.0,15.8,8.0,43.3,33.5,19.7,17.3,77.9,20.0,4.6,16.3
13307,Webster,GA,Georgia,2023,Crude prevalence,11.2,87.7,11.4,21.0,10.7,42.2,36.4,17.9,18.5,82.2,18.5,6.4,14.6
13309,Wheeler,GA,Georgia,2023,Crude prevalence,10.0,81.7,9.6,16.0,8.1,41.3,35.5,19.2,16.8,76.6,21.0,4.8,19.2
13311,White,GA,Georgia,2023,Crude prevalence,9.9,87.3,8.4,13.2,7.9,35.0,26.3,16.7,15.0,78.5,14.7,4.0,11.5
13313,Whitfield,GA,Georgia,2023,Crude prevalence,9.6,84.3,7.5,14.1,6.9,37.9,31.9,17.7,15.8,76.4,15.6,3.7,22.1
13315,Wilcox,GA,Georgia,2023,Crude prevalence,10.2,83.7,10.3,17.4,9.1,42.6,35.0,18.5,17.3,78.3,20.2,5.3,17.8
13317,Wilkes,GA,Georgia,2023,Crude prevalence,10.8,87.3,10.2,18.9,9.3,40.6,35.4,17.6,17.5,81.2,17.8,5.6,15.1
13319,Wilkinson,GA,Georgia,2023,Crude prevalence,10.9,86.6,9.7,17.7,8.5,41.0,34.0,18.4,16.9,80.4,18.0,5.2,13.9
13321,Worth,GA,Georgia,2023,Crude prevalence,10.9,86.1,10.1,16.9,8.6,38.9,33.9,19.0,17.4,79.5,18.9,5.0,14.2
15001,Hawaii,HI,Hawaii,2023,Crude prevalence,11.0,82.2,7.1,12.5,7.6,27.2,22.3,15.6,14.8,75.5,14.5,4.4,6.6
15003,Honolulu,HI,Hawaii,2023,Crude prevalence,9.5,82.7,4.7,12.4,5.8,25.3,23.7,14.2,11.6,78.3,9.8,3.5,5.2
15005,Kalawao,HI,Hawaii,2023,Crude prevalence,10.2,86.4,9.8,22.1,12.8,38.5,29.8,13.6,18.1,78.5,16.6,7.3,10.9
15007,Kauai,HI,Hawaii,2023,Crude prevalence,10.0,83.1,6.0,12.0,6.8,23.9,21.2,14.6,13.0,75.3,12.0,3.9,6.3
15009,Maui,HI,Hawaii,2023,Crude prevalence,10.3,83.9,5.9,12.2,6.6,26.2,20.5,14.9,12.8,74.2,13.2,3.8,6.3
16001,Ada,ID,Idaho,2023,Crude prevalence,10.3,83.1,5.3,9.0,5.4,29.0,18.4,15.2,12.2,76.4,10.4,2.8,8.5
16003,Adams,ID,Idaho,2023,Crude prevalence,10.8,84.9,10.0,13.9,9.6,34.2,28.0,14.8,16.2,77.6,14.3,4.9,9.8
16005,Bannock,ID,Idaho,2023,Crude prevalence,11.2,79.0,6.6,9.7,5.9,33.0,21.8,17.0,14.1,74.2,12.9,3.1,10.1
16007,Bear Lake,ID,Idaho,2023,Crude prevalence,10.9,81.9,8.1,11.6,7.6,31.0,24.7,15.9,14.9,74.9,13.3,3.9,9.4
16009,Benewah,ID,Idaho,2023,Crude prevalence,11.6,81.4,10.2,13.5,9.1,36.3,29.5,16.6,16.9,75.2,16.8,4.8,11.3
16011,Bingham,ID,Idaho,2023,Crude prevalence,11.0,79.2,7.1,11.2,6.5,39.0,24.4,17.1,14.6,73.6,14.0,3.4,12.4
16013,Blaine,ID,Idaho,2023,Crude prevalence,9.9,85.4,6.1,10.2,6.6,23.1,20.2,13.1,12.7,76.3,9.6,3.3,10.5
16015,Boise,ID,Idaho,2023,Crude prevalence,10.5,86.6,7.7,12.1,8.1,31.9,22.6,13.6,14.3,78.1,11.7,4.0,7.7
16017,Bonner,ID,Idaho,2023,Crude prevalence,10.7,84.5,8.4,11.8,8.4,32.2,23.3,14.5,14.7,75.6,12.9,4.2,8.8
16019,Bonneville,ID,Idaho,2023,Crude prevalence,10.6,81.0,6.0,9.4,5.6,33.3,21.4,16.5,12.5,74.6,11.4,3.0,10.7
16021,Boundary,ID,Idaho,2023,Crude prevalence,11.2,82.1,9.3,12.6,8.5,33.3,26.0,15.8,16.2,75.4,14.7,4.4,11.2
16023,Butte,ID,Idaho,2023,Crude prevalence,11.5,81.0,11.8,15.2,10.5,35.5,29.8,17.2,18.4,75.5,17.3,5.4,13.1
16025,Camas,ID,Idaho,2023,Crude prevalence,10.5,84.8,7.8,11.8,7.9,29.7,23.3,14.4,14.4,76.3,12.4,4.0,10.0
16027,Canyon,ID,Idaho,2023,Crude prevalence,10.8,80.5,6.6,11.2,5.9,35.3,25.1,16.6,14.2,72.4,12.4,3.2,13.6
16029,Caribou,ID,Idaho,2023,Crude prevalence,10.7,81.1,7.3,10.5,6.8,34.8,24.0,16.4,14.2,73.6,13.6,3.6,9.9
16031,Cassia,ID,Idaho,2023,Crude prevalence,10.6,78.8,6.9,11.0,6.5,37.5,26.7,16.6,14.6,71.5,13.0,3.4,15.8
16033,Clark,ID,Idaho,2023,Crude prevalence,10.4,80.2,8.3,13.8,8.5,36.0,30.3,15.7,16.3,74.2,13.9,4.3,19.5
16035,Clearwater,ID,Idaho,2023,Crude prevalence,10.5,84.0,9.3,13.1,9.1,31.8,25.4,14.9,16.1,77.1,14.1,4.7,10.1
16037,Custer,ID,Idaho,2023,Crude prevalence,10.5,85.6,9.1,13.4,9.4,31.5,24.3,14.2,15.6,78.3,12.7,4.7,8.9
16039,Elmore,ID,Idaho,2023,Crude prevalence,10.7,77.1,7.1,10.4,6.2,34.2,24.4,17.5,14.2,70.3,13.8,3.3,13.6
16041,Franklin,ID,Idaho,2023,Crude prevalence,10.7,79.6,6.6,9.4,6.0,35.7,22.6,16.7,13.5,72.0,12.9,3.2,10.1
16043,Fremont,ID,Idaho,2023,Crude prevalence,10.5,80.8,7.1,10.5,6.6,32.7,23.5,16.2,14.0,73.4,12.9,3.4,11.3
16045,Gem,ID,Idaho,2023,Crude prevalence,10.7,83.0,7.8,11.5,7.5,32.9,24.5,15.3,14.9,76.1,12.9,3.9,10.6
16047,Gooding,ID,Idaho,2023,Crude prevalence,10.7,79.3,8.7,13.0,8.0,34.1,29.7,16.7,16.4,73.6,15.0,4.2,17.9
16049,Idaho,ID,Idaho,2023,Crude prevalence,10.6,83.9,9.1,12.8,9.2,31.8,25.0,14.7,15.5,76.2,13.1,4.6,9.7
16051,Jefferson,ID,Idaho,2023,Crude prevalence,10.7,80.2,6.0,9.1,5.5,33.1,21.4,16.3,12.8,72.2,12.2,2.9,10.2
16053,Jerome,ID,Idaho,2023,Crude prevalence,10.8,77.6,8.0,12.6,7.0,35.8,30.1,17.2,16.2,71.8,15.7,3.8,20.4
16055,Kootenai,ID,Idaho,2023,Crude prevalence,10.7,83.0,7.2,9.9,6.7,31.7,19.6,16.1,14.3,73.8,12.1,3.5,8.8
16057,Latah,ID,Idaho,2023,Crude prevalence,10.7,76.2,5.5,7.8,5.3,29.0,18.0,17.2,11.9,72.0,10.0,2.7,8.2
16059,Lemhi,ID,Idaho,2023,Crude prevalence,10.8,84.9,9.2,12.7,9.3,30.4,26.3,14.8,15.7,77.1,13.4,4.7,9.3
16061,Lewis,ID,Idaho,2023,Crude prevalence,11.3,83.5,10.9,15.1,10.4,35.2,29.7,15.8,17.2,77.3,15.5,5.3,10.5
16063,Lincoln,ID,Idaho,2023,Crude prevalence,10.6,78.8,7.3,11.5,6.7,34.2,27.9,16.7,15.3,72.2,14.2,3.5,17.2
16065,Madison,ID,Idaho,2023,Crude prevalence,12.1,63.7,4.4,4.9,3.0,26.2,19.4,22.7,11.2,67.3,10.0,1.7,10.9
16067,Minidoka,ID,Idaho,2023,Crude prevalence,10.3,79.0,7.3,12.3,6.9,36.4,28.9,16.6,15.4,71.6,13.5,3.7,18.1
16069,Nez Perce,ID,Idaho,2023,Crude prevalence,11.4,82.2,7.9,10.8,7.4,37.7,25.2,16.3,14.7,76.2,13.5,3.9,9.5
16071,Oneida,ID,Idaho,2023,Crude prevalence,10.5,82.3,7.2,10.5,7.0,31.9,22.4,15.8,13.8,74.5,12.4,3.6,8.9
16073,Owyhee,ID,Idaho,2023,Crude prevalence,11.0,78.9,9.3,13.4,8.2,33.4,30.7,17.1,17.0,73.0,16.4,4.4,17.4
16075,Payette,ID,Idaho,2023,Crude prevalence,10.9,80.5,8.4,11.8,7.7,31.4,26.7,16.4,15.4,73.6,14.3,4.0,13.5
16077,Power,ID,Idaho,2023,Crude prevalence,10.5,79.2,7.9,12.1,7.4,37.5,28.1,16.5,15.6,73.1,13.8,3.9,17.2
16079,Shoshone,ID,Idaho,2023,Crude prevalence,11.3,81.1,9.9,13.5,8.7,36.1,28.1,17.3,16.9,75.5,15.9,4.6,11.3
16081,Teton,ID,Idaho,2023,Crude prevalence,10.0,83.6,5.4,9.2,5.3,32.0,19.0,14.1,11.9,74.4,10.7,2.7,9.6
16083,Twin Falls,ID,Idaho,2023,Crude prevalence,11.1,80.2,7.3,11.0,6.5,33.3,27.8,16.6,14.2,72.6,13.3,3.5,13.0
16085,Valley,ID,Idaho,2023,Crude prevalence,10.7,85.2,8.6,13.1,8.5,34.0,24.9,14.4,15.0,77.1,13.2,4.3,9.0
16087,Washington,ID,Idaho,2023,Crude prevalence,11.1,82.1,10.0,14.5,9.6,33.4,29.1,16.1,17.1,76.1,15.2,4.9,13.3
17001,Adams,IL,Illinois,2023,Crude prevalence,10.3,87.0,8.1,12.0,7.3,37.8,24.1,16.7,13.5,78.7,14.4,3.7,7.3
17003,Alexander,IL,Illinois,2023,Crude prevalence,11.7,87.3,12.1,19.0,10.2,45.3,33.3,18.2,17.8,81.6,19.6,6.0,10.1
17005,Bond,IL,Illinois,2023,Crude prevalence,10.5,84.8,8.0,11.6,6.9,39.0,24.2,17.9,13.8,77.2,15.1,3.6,8.8
17007,Boone,IL,Illinois,2023,Crude prevalence,10.0,86.4,7.4,12.2,6.7,36.8,25.6,16.7,13.9,77.3,14.1,3.5,11.8
17009,Brown,IL,Illinois,2023,Crude prevalence,10.0,82.5,8.0,11.7,6.5,41.5,26.4,18.1,14.0,75.2,17.8,3.5,12.1
17011,Bureau,IL,Illinois,2023,Crude prevalence,10.2,87.2,8.9,13.2,8.0,38.1,25.8,16.6,14.7,79.3,14.8,4.1,9.1
17013,Calhoun,IL,Illinois,2023,Crude prevalence,10.1,89.5,7.8,11.9,7.5,35.3,22.0,15.4,13.5,80.2,12.9,3.7,6.4
17015,Carroll,IL,Illinois,2023,Crude prevalence,10.1,86.6,9.0,13.3,8.2,38.8,25.8,16.6,14.6,78.6,15.3,4.1,9.1
17017,Cass,IL,Illinois,2023,Crude prevalence,10.2,85.7,8.6,13.4,7.4,40.6,27.8,17.2,15.0,77.6,15.8,3.9,12.6
17019,Champaign,IL,Illinois,2023,Crude prevalence,10.1,82.9,5.6,9.6,5.0,31.1,20.1,17.3,11.1,75.0,11.1,2.7,7.5
17021,Christian,IL,Illinois,2023,Crude prevalence,10.3,85.9,8.6,12.3,7.4,38.1,25.5,17.4,14.5,77.4,16.1,3.8,8.7
17023,Clark,IL,Illinois,2023,Crude prevalence,10.3,87.2,8.3,12.0,7.3,37.3,23.2,16.8,13.9,78.5,14.9,3.7,7.3
17025,Clay,IL,Illinois,2023,Crude prevalence,10.8,85.8,10.3,13.9,8.5,41.5,27.8,18.2,15.9,78.3,17.8,4.4,9.0
17027,Clinton,IL,Illinois,2023,Crude prevalence,10.3,87.1,7.4,11.3,6.6,40.2,22.2,16.5,13.1,78.3,14.0,3.4,7.5
17029,Coles,IL,Illinois,2023,Crude prevalence,10.8,83.8,8.2,11.4,6.9,37.7,24.2,18.7,13.8,77.1,14.8,3.6,8.2
17031,Cook,IL,Illinois,2023,Crude prevalence,9.8,87.9,5.7,11.8,5.3,31.0,23.3,14.9,11.6,77.5,11.1,3.2,11.8
17033,Crawford,IL,Illinois,2023,Crude prevalence,10.4,86.4,8.4,12.1,7.2,40.1,24.3,17.2,14.1,78.0,15.4,3.7,8.3
17035,Cumberland,IL,Illinois,2023,Crude prevalence,10.3,87.6,8.1,11.9,7.3,38.7,23.3,16.8,13.7,78.8,14.5,3.7,7.1
17037,DeKalb,IL,Illinois,2023,Crude prevalence,10.4,83.4,6.3,10.3,5.5,35.1,22.5,18.3,12.2,75.6,12.6,2.9,9.2
17039,De Witt,IL,Illinois,2023,Crude prevalence,10.4,87.1,8.4,12.2,7.3,38.2,24.2,17.0,14.2,78.5,15.3,3.7,7.7
17041,Douglas,IL,Illinois,2023,Crude prevalence,10.4,85.8,8.0,11.7,6.9,38.5,24.7,17.4,14.0,77.3,15.1,3.5,9.4
17043,DuPage,IL,Illinois,2023,Crude prevalence,8.9,88.8,5.0,10.0,5.3,29.2,19.0,13.4,10.2,78.5,9.5,2.7,7.2
17045,Edgar,IL,Illinois,2023,Crude prevalence,10.5,87.1,9.8,13.6,8.6,37.5,26.8,17.2,15.4,79.3,16.4,4.4,8.1
17047,Edwards,IL,Illinois,2023,Crude prevalence,10.8,86.7,10.3,14.1,8.7,40.3,27.3,17.9,16.0,78.9,17.3,4.5,8.3
17049,Effingham,IL,Illinois,2023,Crude prevalence,10.2,86.8,7.7,11.3,6.8,34.3,22.8,16.7,13.2,77.9,14.1,3.5,7.3
17051,Fayette,IL,Illinois,2023,Crude prevalence,10.4,84.4,9.2,12.7,7.6,39.8,26.7,18.1,14.9,76.9,17.4,4.0,9.8
17053,Ford,IL,Illinois,2023,Crude prevalence,10.6,86.3,8.7,12.4,7.5,37.7,25.6,17.5,14.5,78.1,15.8,3.8,8.5
17055,Franklin,IL,Illinois,2023,Crude prevalence,10.9,85.8,10.2,13.9,8.4,41.6,27.6,18.4,16.0,78.8,17.7,4.4,8.7
17057,Fulton,IL,Illinois,2023,Crude prevalence,10.5,86.1,9.2,13.0,7.9,39.9,25.8,17.6,14.9,78.3,16.8,4.1,8.8
17059,Gallatin,IL,Illinois,2023,Crude prevalence,10.8,87.1,10.9,14.6,9.3,40.8,28.2,17.5,16.4,79.5,17.4,4.8,8.7
17061,Greene,IL,Illinois,2023,Crude prevalence,10.7,86.4,9.7,13.2,8.1,40.2,26.7,17.8,15.4,78.3,17.2,4.1,8.1
17063,Grundy,IL,Illinois,2023,Crude prevalence,10.1,86.7,6.4,10.3,5.7,36.4,22.3,16.8,12.4,77.2,13.3,3.0,8.3
17065,Hamilton,IL,Illinois,2023,Crude prevalence,10.7,86.4,10.1,13.9,8.7,40.0,26.8,17.8,15.7,78.8,17.0,4.4,8.3
17067,Hancock,IL,Illinois,2023,Crude prevalence,10.3,88.1,9.0,13.2,8.2,38.8,25.2,16.3,14.5,79.7,14.7,4.1,7.3
17069,Hardin,IL,Illinois,2023,Crude prevalence,10.6,87.7,10.5,14.7,9.3,39.7,27.4,17.1,16.0,79.9,16.9,4.7,8.4
17071,Henderson,IL,Illinois,2023,Crude prevalence,10.2,88.6,9.6,14.1,8.9,38.6,25.8,15.9,15.1,80.6,15.1,4.5,7.6
17073,Henry,IL,Illinois,2023,Crude prevalence,10.2,88.0,7.8,11.9,7.2,36.9,23.6,16.2,13.5,78.5,13.8,3.6,7.9
17075,Iroquois,IL,Illinois,2023,Crude prevalence,10.5,86.7,9.7,13.9,8.4,40.6,27.0,17.4,15.4,78.6,16.4,4.3,9.6
17077,Jackson,IL,Illinois,2023,Crude prevalence,10.8,82.3,7.7,11.6,6.5,39.8,24.4,18.8,13.3,77.7,13.8,3.5,8.4
17079,Jasper,IL,Illinois,2023,Crude prevalence,10.2,88.0,8.1,12.0,7.3,38.2,23.2,16.4,13.7,78.9,14.3,3.7,6.9
17081,Jefferson,IL,Illinois,2023,Crude prevalence,10.6,86.3,8.8,13.0,7.6,39.8,25.2,17.6,14.6,78.2,16.1,4.0,8.4
17083,Jersey,IL,Illinois,2023,Crude prevalence,10.3,87.3,7.9,11.7,7.1,39.0,23.2,16.8,13.5,78.7,14.0,3.6,6.9
17085,Jo Daviess,IL,Illinois,2023,Crude prevalence,9.9,89.7,8.6,13.2,8.5,36.1,23.8,14.8,13.8,81.1,13.0,4.2,6.8
17087,Johnson,IL,Illinois,2023,Crude prevalence,10.2,84.6,8.9,12.9,7.7,41.4,26.4,17.5,14.7,77.2,16.8,4.0,10.4
17089,Kane,IL,Illinois,2023,Crude prevalence,9.3,87.0,5.7,11.5,5.7,35.1,23.1,15.0,12.1,76.2,11.0,3.0,11.6
17091,Kankakee,IL,Illinois,2023,Crude prevalence,10.7,85.9,7.9,13.0,7.0,39.8,25.0,17.8,14.1,78.2,14.7,3.8,9.9
17093,Kendall,IL,Illinois,2023,Crude prevalence,9.5,87.5,4.7,9.4,4.4,39.7,19.5,15.4,10.8,76.8,11.0,2.4,8.8
17095,Knox,IL,Illinois,2023,Crude prevalence,10.6,85.9,9.4,13.5,8.2,39.2,27.5,17.5,15.2,79.0,16.0,4.3,9.3
17097,Lake,IL,Illinois,2023,Crude prevalence,9.1,88.2,5.4,11.2,5.4,32.9,19.9,14.1,11.0,76.9,10.4,2.9,9.2
17099,LaSalle,IL,Illinois,2023,Crude prevalence,10.3,86.5,8.2,12.4,7.3,37.8,24.9,17.0,14.2,78.3,15.0,3.7,9.3
17101,Lawrence,IL,Illinois,2023,Crude prevalence,10.5,84.3,9.2,12.8,7.5,40.7,27.0,18.2,15.1,76.8,17.6,4.0,10.6
17103,Lee,IL,Illinois,2023,Crude prevalence,10.2,86.9,8.4,12.8,7.6,38.9,25.6,16.6,14.2,78.6,15.3,3.9,9.1
17105,Livingston,IL,Illinois,2023,Crude prevalence,10.5,86.3,8.4,12.2,7.3,35.9,25.4,17.2,14.2,77.9,15.3,3.8,8.8
17107,Logan,IL,Illinois,2023,Crude prevalence,10.4,85.9,7.9,11.6,6.9,38.5,24.4,17.5,13.6,77.7,15.1,3.6,8.5
17109,McDonough,IL,Illinois,2023,Crude prevalence,10.6,82.9,7.9,11.4,6.8,36.3,23.4,18.6,13.5,76.9,13.8,3.5,8.0
17111,McHenry,IL,Illinois,2023,Crude prevalence,9.6,88.0,5.9,10.5,5.6,32.1,20.9,15.4,11.7,77.4,11.5,2.9,7.9
17113,McLean,IL,Illinois,2023,Crude prevalence,10.3,85.1,5.6,9.5,5.2,34.5,19.4,16.7,11.1,77.1,11.2,2.7,6.8
17115,Macon,IL,Illinois,2023,Crude prevalence,10.8,86.9,8.5,13.3,7.5,42.1,25.9,17.3,14.4,79.3,15.0,4.1,8.1
17117,Macoupin,IL,Illinois,2023,Crude prevalence,10.6,86.9,9.1,12.8,7.7,37.0,25.0,17.3,14.7,78.7,15.9,4.0,7.8
17119,Madison,IL,Illinois,2023,Crude prevalence,10.5,87.0,7.2,11.2,6.4,38.7,22.1,17.1,13.4,78.3,13.3,3.4,7.3
17121,Marion,IL,Illinois,2023,Crude prevalence,10.8,86.0,9.5,13.3,7.9,39.5,27.0,18.1,15.3,78.5,17.0,4.1,8.3
17123,Marshall,IL,Illinois,2023,Crude prevalence,10.4,87.7,8.9,13.0,8.1,38.6,25.1,16.7,14.6,79.3,15.2,4.1,8.1
17125,Mason,IL,Illinois,2023,Crude prevalence,10.5,87.2,9.4,13.3,8.3,37.3,25.7,17.2,15.0,79.2,16.0,4.2,7.7
17127,Massac,IL,Illinois,2023,Crude prevalence,10.9,86.9,9.7,14.1,8.3,40.8,26.8,17.7,15.5,79.0,16.6,4.4,8.4
17129,Menard,IL,Illinois,2023,Crude prevalence,10.4,88.1,7.9,11.7,7.0,37.9,22.5,16.4,13.5,79.0,14.1,3.6,6.7
17131,Mercer,IL,Illinois,2023,Crude prevalence,10.3,87.3,8.6,12.4,7.6,38.6,24.4,16.9,14.3,78.8,15.3,3.9,7.8
17133,Monroe,IL,Illinois,2023,Crude prevalence,9.9,89.4,6.2,10.1,5.9,35.5,18.6,14.9,11.7,79.4,11.3,3.0,5.6
17135,Montgomery,IL,Illinois,2023,Crude prevalence,10.3,86.1,8.9,12.6,7.6,39.1,25.6,17.4,14.7,78.0,16.1,3.9,8.6
17137,Morgan,IL,Illinois,2023,Crude prevalence,10.5,86.0,8.8,12.6,7.6,39.9,24.9,17.4,14.4,78.5,15.6,3.9,8.6
17139,Moultrie,IL,Illinois,2023,Crude prevalence,10.7,86.0,8.6,11.6,7.1,38.4,24.7,17.9,14.4,77.3,16.0,3.7,8.4
17141,Ogle,IL,Illinois,2023,Crude prevalence,10.1,87.3,7.8,12.2,7.1,40.9,24.0,16.4,13.7,78.4,14.0,3.6,8.9
17143,Peoria,IL,Illinois,2023,Crude prevalence,10.6,86.7,7.5,12.6,6.7,34.8,23.5,16.9,13.2,78.5,13.8,3.7,8.0
17145,Perry,IL,Illinois,2023,Crude prevalence,10.5,84.7,9.5,13.2,7.9,40.7,27.1,18.2,15.3,77.6,17.4,4.2,10.2
17147,Piatt,IL,Illinois,2023,Crude prevalence,10.0,88.6,6.9,10.9,6.6,35.1,20.8,15.5,12.4,79.1,12.5,3.3,6.2
17149,Pike,IL,Illinois,2023,Crude prevalence,10.6,86.2,9.7,13.3,8.2,40.6,27.1,17.7,15.3,78.7,16.8,4.2,8.5
17151,Pope,IL,Illinois,2023,Crude prevalence,10.3,89.8,9.9,14.9,9.4,39.6,26.1,15.7,15.5,81.6,15.0,4.7,7.1
17153,Pulaski,IL,Illinois,2023,Crude prevalence,11.6,85.3,11.6,18.4,9.5,45.6,32.9,18.9,17.5,80.0,20.0,5.7,11.1
17155,Putnam,IL,Illinois,2023,Crude prevalence,9.9,88.7,7.8,12.1,7.6,36.1,22.7,15.5,13.4,79.6,13.1,3.7,7.4
17157,Randolph,IL,Illinois,2023,Crude prevalence,10.4,86.1,8.9,12.9,7.7,38.8,26.2,17.5,14.8,78.1,16.3,4.0,9.3
17159,Richland,IL,Illinois,2023,Crude prevalence,10.5,86.9,8.9,12.5,7.7,39.4,24.9,17.4,14.5,78.6,15.5,4.0,7.7
17161,Rock Island,IL,Illinois,2023,Crude prevalence,10.5,86.6,8.1,13.1,7.3,39.6,24.9,16.9,14.0,78.3,14.5,3.9,10.0
17163,St. Clair,IL,Illinois,2023,Crude prevalence,11.1,87.5,7.2,13.1,6.5,38.8,25.0,16.9,13.2,80.2,14.2,3.8,7.8
17165,Saline,IL,Illinois,2023,Crude prevalence,10.9,86.5,9.7,13.5,8.2,40.3,26.3,17.9,15.4,78.8,16.7,4.3,8.3
17167,Sangamon,IL,Illinois,2023,Crude prevalence,10.5,87.7,7.3,11.9,6.6,39.6,22.2,16.3,13.0,79.6,13.2,3.5,7.1
17169,Schuyler,IL,Illinois,2023,Crude prevalence,10.3,87.0,9.8,14.4,8.7,40.4,27.3,17.0,15.5,79.3,17.2,4.5,8.7
17171,Scott,IL,Illinois,2023,Crude prevalence,10.4,87.3,8.6,12.3,7.5,38.4,24.2,16.8,14.2,79.0,15.1,3.8,7.3
17173,Shelby,IL,Illinois,2023,Crude prevalence,10.4,87.8,9.0,13.0,8.1,37.6,24.8,16.7,14.5,79.4,15.2,4.1,7.4
17175,Stark,IL,Illinois,2023,Crude prevalence,10.3,87.2,8.8,12.7,7.9,38.2,24.9,16.8,14.4,78.9,15.1,4.0,7.8
17177,Stephenson,IL,Illinois,2023,Crude prevalence,10.6,88.0,9.1,13.9,8.3,40.6,26.8,16.9,14.8,80.2,15.0,4.3,8.2
17179,Tazewell,IL,Illinois,2023,Crude prevalence,10.3,87.5,7.3,11.2,6.6,36.3,22.4,16.3,13.0,78.7,13.5,3.4,6.9
17181,Union,IL,Illinois,2023,Crude prevalence,10.7,86.3,10.1,14.1,8.7,39.8,28.0,17.5,15.7,78.8,17.1,4.4,9.3
17183,Vermilion,IL,Illinois,2023,Crude prevalence,10.9,85.9,9.7,14.4,8.2,43.8,29.0,18.2,15.7,79.6,17.2,4.4,9.7
17185,Wabash,IL,Illinois,2023,Crude prevalence,10.6,86.3,9.4,13.3,8.2,39.8,25.6,17.5,14.9,78.7,15.8,4.2,7.9
17187,Warren,IL,Illinois,2023,Crude prevalence,10.4,85.7,8.2,12.3,7.3,37.0,25.0,17.3,14.1,77.7,14.5,3.7,9.5
17189,Washington,IL,Illinois,2023,Crude prevalence,10.2,88.1,7.8,11.7,7.2,36.8,22.4,16.3,13.5,79.0,13.8,3.6,6.7
17191,Wayne,IL,Illinois,2023,Crude prevalence,10.7,86.4,10.0,13.6,8.5,39.9,27.4,17.8,15.7,78.8,17.0,4.3,8.5
17193,White,IL,Illinois,2023,Crude prevalence,10.9,86.2,11.0,14.5,9.2,39.2,28.8,18.1,16.5,79.1,18.1,4.7,8.9
17195,Whiteside,IL,Illinois,2023,Crude prevalence,10.2,87.1,8.3,13.0,7.6,36.2,25.4,16.6,14.4,78.5,14.6,3.8,9.6
17197,Will,IL,Illinois,2023,Crude prevalence,9.7,87.7,5.6,10.7,5.3,38.0,24.0,15.7,11.7,77.5,11.6,2.9,9.1
17199,Williamson,IL,Illinois,2023,Crude prevalence,10.5,87.2,8.2,12.4,7.2,40.1,24.3,16.9,14.0,78.4,14.7,3.7,7.5
17201,Winnebago,IL,Illinois,2023,Crude prevalence,10.6,86.2,8.3,13.9,7.3,42.0,27.0,17.6,14.9,78.9,15.5,4.0,10.7
17203,Woodford,IL,Illinois,2023,Crude prevalence,10.1,88.0,6.8,10.6,6.4,37.3,20.6,15.8,12.3,78.8,12.4,3.2,6.1
18001,Adams,IN,Indiana,2023,Crude prevalence,11.7,83.7,10.4,14.1,8.1,41.7,28.2,19.2,16.1,79.4,19.4,4.1,10.1
18003,Allen,IN,Indiana,2023,Crude prevalence,11.2,85.4,7.6,12.9,6.4,39.4,22.9,17.4,12.8,79.3,14.4,3.4,8.9
18005,Bartholomew,IN,Indiana,2023,Crude prevalence,10.6,86.2,7.6,12.4,6.6,38.9,24.0,17.2,13.2,80.5,14.8,3.3,8.4
18007,Benton,IN,Indiana,2023,Crude prevalence,11.5,84.9,10.0,14.2,8.0,42.4,28.1,18.7,15.7,79.4,18.8,4.0,9.7
18009,Blackford,IN,Indiana,2023,Crude prevalence,11.7,85.3,12.1,16.4,9.6,44.3,30.9,18.9,17.2,80.0,20.8,4.8,9.5
18011,Boone,IN,Indiana,2023,Crude prevalence,10.4,88.5,5.9,10.5,5.4,32.9,18.9,15.0,11.3,80.6,11.6,2.6,5.9
18013,Brown,IN,Indiana,2023,Crude prevalence,10.9,89.2,9.5,14.7,8.5,36.1,25.3,15.8,14.7,82.4,15.9,4.1,6.8
18015,Carroll,IN,Indiana,2023,Crude prevalence,11.1,86.7,9.5,13.9,8.0,41.6,27.4,17.7,15.2,80.7,17.5,3.9,8.7
18017,Cass,IN,Indiana,2023,Crude prevalence,11.1,85.0,10.0,15.3,8.1,47.4,31.2,18.0,16.0,78.8,18.5,4.1,12.3
18019,Clark,IN,Indiana,2023,Crude prevalence,11.3,86.4,8.1,12.5,6.7,43.9,24.8,17.3,13.8,80.1,16.4,3.4,8.3
18021,Clay,IN,Indiana,2023,Crude prevalence,11.4,86.1,9.6,14.2,7.8,43.3,27.6,18.0,15.3,80.4,18.0,3.8,8.1
18023,Clinton,IN,Indiana,2023,Crude prevalence,11.0,84.8,8.9,13.4,7.2,40.2,28.1,17.9,14.9,79.0,17.5,3.6,11.6
18025,Crawford,IN,Indiana,2023,Crude prevalence,11.9,84.7,13.8,17.8,10.4,43.6,33.2,19.5,18.7,80.4,23.5,5.2,10.3
18027,Daviess,IN,Indiana,2023,Crude prevalence,11.7,83.1,10.2,13.8,7.8,41.4,30.3,19.6,16.2,77.9,19.7,3.9,10.8
18029,Dearborn,IN,Indiana,2023,Crude prevalence,10.9,87.3,8.3,12.4,7.2,35.8,24.0,16.8,13.8,80.5,16.3,3.5,7.1
18031,Decatur,IN,Indiana,2023,Crude prevalence,11.1,86.0,8.5,12.4,7.1,37.6,26.5,17.9,14.1,79.0,16.4,3.5,7.9
18033,DeKalb,IN,Indiana,2023,Crude prevalence,11.2,85.8,8.6,12.8,7.1,43.7,25.7,18.1,14.3,79.4,16.8,3.5,8.1
18035,Delaware,IN,Indiana,2023,Crude prevalence,12.0,82.5,9.1,13.5,7.2,36.6,25.3,20.2,14.7,79.1,16.8,3.7,8.3
18037,Dubois,IN,Indiana,2023,Crude prevalence,10.9,86.8,8.5,13.2,7.4,40.0,25.0,16.6,14.2,80.1,15.4,3.6,8.8
18039,Elkhart,IN,Indiana,2023,Crude prevalence,11.3,84.1,8.8,13.6,7.1,43.8,26.5,18.9,15.2,79.2,17.0,3.7,12.6
18041,Fayette,IN,Indiana,2023,Crude prevalence,11.8,84.9,11.4,15.4,8.9,44.9,29.6,19.1,16.6,80.1,20.2,4.4,9.4
18043,Floyd,IN,Indiana,2023,Crude prevalence,11.3,87.1,7.8,12.5,6.7,37.6,24.9,17.6,13.5,80.3,14.9,3.3,7.3
18045,Fountain,IN,Indiana,2023,Crude prevalence,11.5,85.9,10.0,14.1,8.2,42.6,28.2,18.2,15.8,80.0,18.5,4.0,8.6
18047,Franklin,IN,Indiana,2023,Crude prevalence,11.2,86.8,9.1,13.7,7.6,40.8,26.0,17.3,14.6,80.6,16.8,3.7,7.5
18049,Fulton,IN,Indiana,2023,Crude prevalence,11.4,85.8,10.2,14.6,8.5,41.7,28.7,18.0,16.0,80.1,18.6,4.2,9.4
18051,Gibson,IN,Indiana,2023,Crude prevalence,11.2,85.7,9.0,13.0,7.5,39.4,25.8,18.1,14.7,80.1,17.6,3.7,8.0
18053,Grant,IN,Indiana,2023,Crude prevalence,11.7,84.4,10.1,15.2,8.1,41.1,29.1,19.1,15.8,80.9,17.8,4.1,9.1
18055,Greene,IN,Indiana,2023,Crude prevalence,11.5,85.7,10.5,14.7,8.5,40.7,28.4,18.5,15.9,79.7,19.4,4.2,8.7
18057,Hamilton,IN,Indiana,2023,Crude prevalence,10.2,89.4,4.7,9.6,4.9,32.5,16.1,13.7,9.6,80.9,9.5,2.3,5.2
18059,Hancock,IN,Indiana,2023,Crude prevalence,11.0,87.9,6.7,11.3,6.1,39.9,20.7,16.2,12.5,79.0,13.6,3.0,6.7
18061,Harrison,IN,Indiana,2023,Crude prevalence,11.2,87.3,8.7,12.8,7.3,42.7,24.6,17.4,14.0,80.1,16.2,3.6,7.4
18063,Hendricks,IN,Indiana,2023,Crude prevalence,10.7,88.0,6.1,11.1,5.6,36.4,19.8,15.4,11.8,79.2,12.8,2.8,6.9
18065,Henry,IN,Indiana,2023,Crude prevalence,11.4,85.5,9.6,13.5,7.9,43.7,29.1,18.4,15.2,79.3,18.0,3.9,8.5
18067,Howard,IN,Indiana,2023,Crude prevalence,11.6,86.2,9.4,14.4,7.7,36.5,27.8,17.8,15.0,79.9,17.9,4.0,8.4
18069,Huntington,IN,Indiana,2023,Crude prevalence,11.2,85.9,8.8,13.3,7.3,39.9,25.2,17.9,14.4,80.4,16.6,3.6,7.9
18071,Jackson,IN,Indiana,2023,Crude prevalence,10.8,85.5,8.8,13.6,7.3,39.6,26.9,17.5,14.4,78.9,17.3,3.6,10.1
18073,Jasper,IN,Indiana,2023,Crude prevalence,10.9,86.7,8.4,12.7,7.2,40.2,25.3,17.3,14.4,78.5,15.8,3.5,8.4
18075,Jay,IN,Indiana,2023,Crude prevalence,11.6,84.5,11.0,15.0,8.6,43.6,30.6,19.2,16.6,79.3,20.2,4.3,10.0
18077,Jefferson,IN,Indiana,2023,Crude prevalence,11.5,85.7,9.2,13.5,7.5,36.6,25.3,18.2,15.0,80.5,17.2,3.7,8.4
18079,Jennings,IN,Indiana,2023,Crude prevalence,11.5,85.2,9.9,14.3,7.8,41.2,28.1,19.0,15.8,79.8,19.5,3.9,8.9
18081,Johnson,IN,Indiana,2023,Crude prevalence,10.9,87.0,6.9,11.9,6.0,38.8,22.5,16.7,12.5,80.8,14.1,2.9,7.1
18083,Knox,IN,Indiana,2023,Crude prevalence,11.3,84.7,9.3,13.2,7.6,36.8,25.4,18.6,15.1,79.7,17.5,3.8,8.3
18085,Kosciusko,IN,Indiana,2023,Crude prevalence,11.0,85.5,8.5,13.0,7.2,38.7,27.2,17.4,14.2,78.8,16.6,3.5,9.2
18087,LaGrange,IN,Indiana,2023,Crude prevalence,11.9,82.0,9.8,12.4,7.2,39.6,29.1,19.9,15.9,76.2,19.6,3.6,12.0
18089,Lake,IN,Indiana,2023,Crude prevalence,11.5,86.7,8.4,15.1,7.1,39.9,27.9,17.0,14.9,79.6,17.0,4.0,10.7
18091,LaPorte,IN,Indiana,2023,Crude prevalence,11.0,86.2,9.2,15.0,7.7,37.0,28.1,17.7,15.2,79.8,17.6,3.9,9.5
18093,Lawrence,IN,Indiana,2023,Crude prevalence,11.4,86.1,9.5,13.9,7.9,42.0,26.8,17.5,15.1,80.2,16.9,3.9,8.0
18095,Madison,IN,Indiana,2023,Crude prevalence,11.5,85.6,9.2,14.0,7.5,36.4,29.1,18.3,14.9,80.1,18.5,3.8,9.0
18097,Marion,IN,Indiana,2023,Crude prevalence,11.8,85.1,7.3,13.0,5.9,38.3,24.3,17.9,13.5,79.1,15.0,3.5,10.7
18099,Marshall,IN,Indiana,2023,Crude prevalence,11.1,85.5,9.4,14.0,7.9,43.2,28.8,18.0,15.2,78.6,17.4,3.9,10.3
18101,Martin,IN,Indiana,2023,Crude prevalence,11.5,85.9,10.3,14.6,8.6,39.1,27.5,18.2,15.8,80.1,18.7,4.2,8.5
18103,Miami,IN,Indiana,2023,Crude prevalence,11.2,84.5,9.9,14.6,8.1,44.3,28.4,18.6,15.6,79.5,19.2,4.0,9.8
18105,Monroe,IN,Indiana,2023,Crude prevalence,11.0,82.2,6.4,9.9,5.4,32.5,20.6,18.9,11.7,78.1,12.2,2.7,7.0
18107,Montgomery,IN,Indiana,2023,Crude prevalence,11.1,85.1,9.6,13.5,7.8,39.2,28.5,17.8,15.1,80.3,17.5,3.9,9.1
18109,Morgan,IN,Indiana,2023,Crude prevalence,11.1,86.6,8.7,13.4,7.2,37.8,24.4,17.4,14.4,79.2,16.3,3.5,7.6
18111,Newton,IN,Indiana,2023,Crude prevalence,11.2,85.8,10.0,14.4,8.3,43.5,28.3,17.8,15.9,79.4,18.3,4.1,9.9
18113,Noble,IN,Indiana,2023,Crude prevalence,11.2,85.2,8.9,13.2,7.2,39.6,26.9,17.9,14.9,79.0,17.0,3.6,10.5
18115,Ohio,IN,Indiana,2023,Crude prevalence,11.1,88.1,9.6,14.3,8.4,39.5,26.2,16.7,15.0,81.6,16.6,4.1,7.3
18117,Orange,IN,Indiana,2023,Crude prevalence,11.5,85.7,10.5,14.7,8.5,39.7,28.8,18.6,16.0,80.4,19.1,4.2,8.9
18119,Owen,IN,Indiana,2023,Crude prevalence,11.5,86.2,10.3,14.5,8.4,41.7,27.5,18.0,15.8,80.4,18.5,4.1,8.4
18121,Parke,IN,Indiana,2023,Crude prevalence,12.2,85.1,11.8,15.4,9.1,42.3,31.0,19.3,17.1,80.3,20.7,4.5,9.7
18123,Perry,IN,Indiana,2023,Crude prevalence,11.0,85.4,9.2,13.4,7.7,37.6,25.8,17.9,14.7,79.2,18.3,3.8,8.5
18125,Pike,IN,Indiana,2023,Crude prevalence,11.2,86.3,10.2,14.5,8.4,37.9,27.7,17.8,15.6,80.3,18.6,4.1,8.3
18127,Porter,IN,Indiana,2023,Crude prevalence,10.9,87.1,7.4,12.5,6.6,39.9,25.5,16.6,13.4,79.8,14.5,3.2,8.3
18129,Posey,IN,Indiana,2023,Crude prevalence,10.9,87.8,8.5,12.9,7.4,40.4,23.0,16.5,13.8,81.2,15.3,3.6,6.8
18131,Pulaski,IN,Indiana,2023,Crude prevalence,11.2,86.2,10.2,14.5,8.6,38.7,28.6,17.9,15.7,80.2,18.3,4.2,8.9
18133,Putnam,IN,Indiana,2023,Crude prevalence,11.3,84.8,8.3,12.4,6.9,38.4,24.7,18.1,13.8,78.8,16.4,3.4,8.0
18135,Randolph,IN,Indiana,2023,Crude prevalence,11.3,85.7,10.3,14.4,8.5,38.7,29.0,18.2,15.9,79.7,18.7,4.2,9.2
18137,Ripley,IN,Indiana,2023,Crude prevalence,11.2,86.1,8.7,12.5,7.3,36.2,25.0,17.6,14.2,80.1,16.9,3.6,7.7
18139,Rush,IN,Indiana,2023,Crude prevalence,11.6,85.7,10.1,14.3,8.2,39.1,27.7,18.4,15.6,80.3,18.6,4.0,8.4
18141,St. Joseph,IN,Indiana,2023,Crude prevalence,11.1,85.3,7.8,12.9,6.5,35.3,26.5,18.6,13.4,80.0,14.9,3.4,9.0
18143,Scott,IN,Indiana,2023,Crude prevalence,11.7,84.5,10.4,14.1,7.8,42.3,29.9,19.5,16.1,79.0,20.0,3.9,9.4
18145,Shelby,IN,Indiana,2023,Crude prevalence,11.2,86.1,9.2,13.9,7.6,41.2,26.2,18.0,15.0,80.1,17.9,3.7,8.5
18147,Spencer,IN,Indiana,2023,Crude prevalence,10.9,87.6,8.6,13.4,7.6,39.9,24.0,16.9,14.2,80.8,16.0,3.6,7.3
18149,Starke,IN,Indiana,2023,Crude prevalence,11.4,85.3,10.9,15.0,8.6,42.4,29.3,18.6,16.3,79.3,19.9,4.3,9.6
18151,Steuben,IN,Indiana,2023,Crude prevalence,11.1,86.4,8.8,13.5,7.8,34.8,24.7,17.0,14.4,80.3,15.4,3.7,7.8
18153,Sullivan,IN,Indiana,2023,Crude prevalence,11.3,84.3,10.3,14.1,8.1,43.6,28.4,18.5,15.7,79.1,19.9,4.0,9.5
18155,Switzerland,IN,Indiana,2023,Crude prevalence,11.5,85.4,10.9,14.9,8.7,40.4,29.8,18.6,16.5,79.7,20.4,4.3,9.5
18157,Tippecanoe,IN,Indiana,2023,Crude prevalence,10.7,81.2,6.4,10.0,5.3,27.9,20.9,18.4,11.8,77.4,13.0,2.7,8.6
18159,Tipton,IN,Indiana,2023,Crude prevalence,11.0,87.5,8.9,13.5,7.8,36.5,24.7,16.6,14.4,80.9,15.7,3.8,7.4
18161,Union,IN,Indiana,2023,Crude prevalence,11.2,87.5,8.6,13.0,7.5,37.6,24.2,17.0,14.1,80.7,15.9,3.6,7.1
18163,Vanderburgh,IN,Indiana,2023,Crude prevalence,11.5,85.6,8.6,12.8,7.3,38.2,26.2,18.3,14.3,81.9,16.2,3.7,8.2
18165,Vermillion,IN,Indiana,2023,Crude prevalence,11.5,85.8,10.1,14.3,8.2,40.6,27.6,18.4,15.6,80.6,18.6,4.0,8.1
18167,Vigo,IN,Indiana,2023,Crude prevalence,11.6,83.1,9.5,13.7,7.4,41.0,25.7,19.6,14.8,79.2,17.6,3.8,8.9
18169,Wabash,IN,Indiana,2023,Crude prevalence,11.3,86.4,9.7,13.8,8.1,38.1,26.7,17.5,14.8,80.6,16.8,4.0,8.0
18171,Warren,IN,Indiana,2023,Crude prevalence,11.2,86.9,9.6,14.1,8.2,41.6,26.7,17.5,15.1,80.4,17.4,4.0,7.9
18173,Warrick,IN,Indiana,2023,Crude prevalence,10.7,88.3,6.8,11.6,6.3,34.0,21.2,16.0,12.1,81.1,13.0,3.1,6.1
18175,Washington,IN,Indiana,2023,Crude prevalence,11.7,85.2,10.6,14.7,8.3,41.5,28.6,18.7,16.2,79.9,19.8,4.1,9.0
18177,Wayne,IN,Indiana,2023,Crude prevalence,11.8,85.2,10.3,14.7,8.3,37.9,28.7,19.3,15.8,80.1,19.1,4.2,9.0
18179,Wells,IN,Indiana,2023,Crude prevalence,11.0,86.3,8.5,12.7,7.2,41.9,25.6,17.4,14.1,79.5,16.4,3.5,8.0
18181,White,IN,Indiana,2023,Crude prevalence,11.0,86.7,9.5,14.6,8.1,44.6,27.9,17.1,15.0,80.8,16.4,4.0,9.4
18183,Whitley,IN,Indiana,2023,Crude prevalence,11.0,86.7,8.5,12.6,7.3,39.7,24.0,17.1,14.0,80.1,15.8,3.5,7.6
19001,Adair,IA,Iowa,2023,Crude prevalence,10.0,85.2,8.7,13.1,8.3,39.9,28.2,16.2,14.2,78.3,16.7,4.1,7.2
19003,Adams,IA,Iowa,2023,Crude prevalence,9.9,86.7,8.4,13.2,8.4,39.1,27.6,15.4,14.1,80.1,15.6,4.1,6.5
19005,Allamakee,IA,Iowa,2023,Crude prevalence,9.8,85.6,8.6,13.1,8.5,42.3,27.4,16.0,14.3,77.8,16.2,4.1,8.2
19007,Appanoose,IA,Iowa,2023,Crude prevalence,10.7,84.3,10.8,15.4,9.6,43.4,31.5,17.2,16.2,79.4,19.6,4.8,8.2
19009,Audubon,IA,Iowa,2023,Crude prevalence,10.0,86.3,9.0,13.6,8.8,37.6,27.9,15.8,14.6,79.4,16.3,4.3,7.2
19011,Benton,IA,Iowa,2023,Crude prevalence,9.8,86.1,7.1,11.1,7.0,40.8,23.9,15.6,12.8,78.9,14.9,3.4,6.1
19013,Black Hawk,IA,Iowa,2023,Crude prevalence,10.4,83.0,7.0,11.6,6.5,40.4,23.6,16.8,12.2,78.7,15.6,3.3,7.2
19015,Boone,IA,Iowa,2023,Crude prevalence,9.8,85.9,6.8,11.2,6.6,43.4,24.8,15.6,12.5,78.3,14.3,3.3,6.2
19017,Bremer,IA,Iowa,2023,Crude prevalence,9.6,85.1,6.3,9.9,6.4,37.6,22.4,15.4,11.7,77.8,13.2,3.1,5.8
19019,Buchanan,IA,Iowa,2023,Crude prevalence,10.0,85.2,7.0,11.1,6.7,37.6,24.0,15.9,12.7,77.8,15.3,3.3,6.4
19021,Buena Vista,IA,Iowa,2023,Crude prevalence,9.4,82.1,7.2,13.0,7.1,38.1,30.1,16.3,13.8,77.0,15.6,3.6,12.8
19023,Butler,IA,Iowa,2023,Crude prevalence,9.9,85.6,8.3,12.6,8.0,39.3,28.0,15.9,14.0,79.3,15.7,4.0,6.9
19025,Calhoun,IA,Iowa,2023,Crude prevalence,9.8,85.2,8.0,12.3,7.8,39.8,26.5,15.8,13.5,78.5,15.6,3.8,7.1
19027,Carroll,IA,Iowa,2023,Crude prevalence,9.8,85.6,7.7,12.0,7.5,39.7,27.2,15.8,13.6,79.0,15.2,3.7,6.9
19029,Cass,IA,Iowa,2023,Crude prevalence,10.2,85.1,9.2,13.9,8.7,40.7,28.6,16.4,14.9,79.4,17.5,4.3,7.6
19031,Cedar,IA,Iowa,2023,Crude prevalence,10.0,86.1,7.4,11.9,7.2,40.8,25.5,15.9,13.2,78.7,15.2,3.6,6.5
19033,Cerro Gordo,IA,Iowa,2023,Crude prevalence,10.0,85.6,8.0,12.5,7.9,40.1,27.0,15.9,13.5,78.5,15.5,3.9,7.1
19035,Cherokee,IA,Iowa,2023,Crude prevalence,10.0,85.6,9.0,13.7,8.7,40.6,30.0,15.9,14.5,79.4,16.4,4.3,7.9
19037,Chickasaw,IA,Iowa,2023,Crude prevalence,9.7,85.6,8.0,12.6,7.9,39.4,27.5,15.6,13.7,77.7,15.5,3.9,7.7
19039,Clarke,IA,Iowa,2023,Crude prevalence,10.2,82.6,9.4,14.2,8.4,43.1,31.8,17.4,15.6,77.0,18.8,4.3,11.3
19041,Clay,IA,Iowa,2023,Crude prevalence,9.9,85.5,7.8,12.3,7.6,35.2,26.5,15.7,13.4,78.3,15.3,3.8,6.9
19043,Clayton,IA,Iowa,2023,Crude prevalence,10.0,85.4,9.7,13.9,9.1,41.0,30.7,16.1,15.2,79.8,17.8,4.5,7.7
19045,Clinton,IA,Iowa,2023,Crude prevalence,10.2,84.8,8.5,12.7,7.8,39.3,27.5,16.6,14.2,78.0,16.9,3.9,7.4
19047,Crawford,IA,Iowa,2023,Crude prevalence,9.6,83.1,8.4,14.3,8.0,42.6,32.5,16.5,14.9,77.6,16.7,4.0,13.5
19049,Dallas,IA,Iowa,2023,Crude prevalence,9.2,85.8,4.5,8.8,4.6,32.8,19.4,14.4,10.0,75.9,10.9,2.3,5.5
19051,Davis,IA,Iowa,2023,Crude prevalence,10.3,83.2,8.5,12.0,7.6,37.5,28.4,17.3,14.4,77.1,17.5,3.8,8.8
19053,Decatur,IA,Iowa,2023,Crude prevalence,10.2,81.8,8.5,12.4,7.9,39.6,27.6,17.4,14.2,76.5,15.9,3.9,8.1
19055,Delaware,IA,Iowa,2023,Crude prevalence,9.9,85.2,8.3,12.5,7.9,39.7,27.9,16.1,13.8,78.5,16.3,3.9,7.0
19057,Des Moines,IA,Iowa,2023,Crude prevalence,10.0,84.8,7.9,12.3,7.5,34.6,28.2,16.5,13.8,79.8,15.9,3.8,7.4
19059,Dickinson,IA,Iowa,2023,Crude prevalence,9.7,88.0,7.5,12.1,7.9,37.2,24.2,14.1,12.6,79.9,13.1,3.8,5.6
19061,Dubuque,IA,Iowa,2023,Crude prevalence,9.9,84.6,6.8,10.4,6.5,34.3,22.8,15.7,11.9,78.1,13.6,3.3,6.4
19063,Emmet,IA,Iowa,2023,Crude prevalence,9.9,84.3,8.4,12.7,8.0,42.5,27.9,16.3,14.2,78.2,16.2,4.0,8.9
19065,Fayette,IA,Iowa,2023,Crude prevalence,9.9,84.5,8.6,13.1,8.2,38.5,29.4,16.3,14.4,79.4,16.9,4.1,7.4
19067,Floyd,IA,Iowa,2023,Crude prevalence,10.0,85.1,8.3,12.9,8.0,39.8,27.5,16.3,13.9,78.2,16.2,4.0,7.4
19069,Franklin,IA,Iowa,2023,Crude prevalence,10.0,85.0,9.0,14.1,8.6,40.7,30.1,16.4,15.0,78.4,17.0,4.2,10.0
19071,Fremont,IA,Iowa,2023,Crude prevalence,10.0,86.6,8.1,12.7,8.0,39.9,25.7,15.5,13.7,79.5,15.2,3.9,6.6
19073,Greene,IA,Iowa,2023,Crude prevalence,10.1,85.7,8.6,13.1,8.3,35.8,28.2,16.1,14.5,79.1,16.5,4.1,7.1
19075,Grundy,IA,Iowa,2023,Crude prevalence,9.7,86.5,6.8,11.1,6.9,37.5,23.9,15.4,12.4,78.7,13.9,3.4,5.9
19077,Guthrie,IA,Iowa,2023,Crude prevalence,9.8,86.6,7.6,12.4,7.7,37.2,26.1,15.2,13.3,78.2,14.6,3.8,6.4
19079,Hamilton,IA,Iowa,2023,Crude prevalence,9.8,85.9,7.3,12.1,7.3,36.5,25.6,15.2,13.1,79.4,14.7,3.6,7.5
19081,Hancock,IA,Iowa,2023,Crude prevalence,9.8,85.7,8.1,12.6,7.9,42.2,28.7,15.6,13.9,79.3,15.5,3.9,7.5
19083,Hardin,IA,Iowa,2023,Crude prevalence,10.0,85.3,8.3,12.9,7.9,38.9,27.3,16.0,13.8,78.8,16.2,4.0,7.5
19085,Harrison,IA,Iowa,2023,Crude prevalence,9.9,85.6,7.8,12.5,7.4,35.2,25.8,16.0,13.5,79.0,15.8,3.7,6.7
19087,Henry,IA,Iowa,2023,Crude prevalence,9.7,84.1,7.8,12.5,7.5,38.8,26.4,16.3,13.5,77.4,16.1,3.7,7.8
19089,Howard,IA,Iowa,2023,Crude prevalence,10.0,84.6,8.3,12.4,7.7,38.0,26.5,16.4,13.9,77.8,16.6,3.8,7.5
19091,Humboldt,IA,Iowa,2023,Crude prevalence,10.1,85.0,8.7,13.2,8.3,41.4,27.5,16.4,14.3,78.5,16.8,4.1,7.7
19093,Ida,IA,Iowa,2023,Crude prevalence,10.0,85.1,8.2,12.4,7.9,41.0,27.8,16.0,13.7,77.8,16.0,3.9,7.4
19095,Iowa,IA,Iowa,2023,Crude prevalence,9.9,86.1,7.3,11.7,7.1,43.4,24.8,15.9,13.0,79.1,14.8,3.5,6.6
19097,Jackson,IA,Iowa,2023,Crude prevalence,10.1,85.5,8.4,12.7,7.9,40.3,27.1,16.2,14.0,78.6,16.3,3.9,6.9
19099,Jasper,IA,Iowa,2023,Crude prevalence,10.0,84.6,7.6,11.9,7.1,38.3,25.6,16.5,13.4,78.3,16.5,3.6,7.2
19101,Jefferson,IA,Iowa,2023,Crude prevalence,9.6,85.6,8.1,13.2,8.3,39.6,25.9,14.7,13.3,79.5,14.0,4.0,6.8
19103,Johnson,IA,Iowa,2023,Crude prevalence,9.8,81.2,5.0,8.8,4.8,30.4,18.1,16.5,10.0,76.4,10.9,2.5,6.3
19105,Jones,IA,Iowa,2023,Crude prevalence,9.8,85.2,7.7,11.9,7.4,39.7,25.8,16.0,13.4,79.0,16.0,3.7,6.9
19107,Keokuk,IA,Iowa,2023,Crude prevalence,10.2,84.5,8.9,13.4,8.2,41.4,28.7,16.9,14.5,78.0,17.6,4.1,7.3
19109,Kossuth,IA,Iowa,2023,Crude prevalence,9.8,86.3,8.2,13.1,8.4,38.2,26.8,15.6,13.8,79.7,14.9,4.1,7.0
19111,Lee,IA,Iowa,2023,Crude prevalence,10.2,84.9,8.6,12.9,8.0,37.6,28.1,16.5,14.7,78.2,17.5,4.0,7.4
19113,Linn,IA,Iowa,2023,Crude prevalence,10.3,84.8,6.5,11.2,6.2,35.4,22.6,16.3,12.2,78.0,13.5,3.1,6.4
19115,Louisa,IA,Iowa,2023,Crude prevalence,9.8,85.1,7.7,12.8,7.4,40.2,28.9,15.8,13.7,78.4,15.7,3.7,9.8
19117,Lucas,IA,Iowa,2023,Crude prevalence,10.3,84.3,9.6,13.9,8.7,39.8,29.1,16.9,15.2,78.8,18.4,4.3,8.1
19119,Lyon,IA,Iowa,2023,Crude prevalence,10.3,85.3,7.3,11.8,7.2,42.2,27.5,17.0,13.5,79.1,16.0,3.5,7.5
19121,Madison,IA,Iowa,2023,Crude prevalence,9.8,86.0,6.4,10.5,6.2,37.2,22.8,15.8,12.3,77.8,14.2,3.1,5.9
19123,Mahaska,IA,Iowa,2023,Crude prevalence,10.1,83.4,7.8,11.7,7.2,38.6,28.4,16.9,13.6,76.8,16.3,3.6,7.1
19125,Marion,IA,Iowa,2023,Crude prevalence,9.6,85.4,6.4,10.5,6.5,39.4,22.6,15.7,12.0,78.1,13.3,3.2,5.9
19127,Marshall,IA,Iowa,2023,Crude prevalence,9.5,84.0,7.2,12.7,7.1,44.1,28.4,15.8,13.8,78.8,15.2,3.6,11.0
19129,Mills,IA,Iowa,2023,Crude prevalence,9.8,86.7,6.7,11.3,6.7,39.2,23.0,15.2,12.2,78.6,13.8,3.3,5.9
19131,Mitchell,IA,Iowa,2023,Crude prevalence,9.9,85.6,7.9,12.2,7.8,40.1,26.4,15.7,13.5,78.7,15.3,3.8,6.8
19133,Monona,IA,Iowa,2023,Crude prevalence,10.1,85.3,8.8,13.1,8.3,42.2,28.3,16.5,14.3,79.4,16.3,4.1,7.3
19135,Monroe,IA,Iowa,2023,Crude prevalence,10.0,85.4,7.5,11.7,7.2,38.2,25.4,16.1,13.3,78.4,15.5,3.6,6.6
19137,Montgomery,IA,Iowa,2023,Crude prevalence,10.2,84.9,8.6,12.9,8.1,39.5,28.4,16.5,14.3,78.7,16.5,4.1,7.4
19139,Muscatine,IA,Iowa,2023,Crude prevalence,9.8,84.1,7.4,12.3,7.0,41.4,29.3,16.8,13.6,76.8,15.9,3.5,10.0
19141,O'Brien,IA,Iowa,2023,Crude prevalence,10.1,83.9,8.4,12.4,7.9,38.8,27.9,16.7,14.1,77.6,16.4,3.9,8.4
19143,Osceola,IA,Iowa,2023,Crude prevalence,10.0,84.4,9.3,14.0,8.8,39.5,30.1,16.2,15.2,78.2,17.1,4.4,9.6
19145,Page,IA,Iowa,2023,Crude prevalence,10.0,84.5,9.1,13.6,8.5,42.9,29.3,16.4,14.7,78.5,18.0,4.3,8.3
19147,Palo Alto,IA,Iowa,2023,Crude prevalence,9.9,85.2,7.8,12.1,7.7,40.0,25.8,15.8,13.4,78.6,15.1,3.8,6.9
19149,Plymouth,IA,Iowa,2023,Crude prevalence,9.7,85.7,6.8,11.2,6.8,39.4,24.6,15.5,12.4,77.8,14.5,3.3,7.0
19151,Pocahontas,IA,Iowa,2023,Crude prevalence,10.0,85.9,8.6,13.3,8.4,36.2,28.2,15.8,14.3,79.6,15.9,4.2,7.8
19153,Polk,IA,Iowa,2023,Crude prevalence,9.8,83.5,5.8,10.1,5.5,37.0,23.7,17.2,12.5,75.3,13.3,2.8,7.5
19155,Pottawattamie,IA,Iowa,2023,Crude prevalence,10.4,84.0,7.8,11.7,7.0,39.1,27.4,17.0,13.6,77.3,17.0,3.6,8.2
19157,Poweshiek,IA,Iowa,2023,Crude prevalence,9.9,83.5,7.5,11.4,7.2,40.5,25.8,16.5,13.0,77.3,14.7,3.6,7.0
19159,Ringgold,IA,Iowa,2023,Crude prevalence,9.9,86.4,7.7,12.2,7.7,42.7,25.9,15.4,13.4,79.6,14.8,3.8,6.4
19161,Sac,IA,Iowa,2023,Crude prevalence,9.9,86.2,8.1,12.5,8.1,41.3,26.3,15.6,13.7,79.1,15.1,3.9,7.0
19163,Scott,IA,Iowa,2023,Crude prevalence,10.5,84.9,6.7,11.0,6.3,40.6,24.1,16.2,12.6,78.8,14.0,3.3,6.9
19165,Shelby,IA,Iowa,2023,Crude prevalence,10.0,86.2,7.9,12.5,7.9,37.8,26.7,15.5,13.8,79.3,15.2,3.9,7.0
19167,Sioux,IA,Iowa,2023,Crude prevalence,9.6,83.3,6.0,9.8,5.9,33.0,23.3,15.9,11.8,76.9,12.9,2.9,7.9
19169,Story,IA,Iowa,2023,Crude prevalence,9.7,78.3,4.8,8.1,4.7,30.8,20.1,17.1,10.1,74.6,11.1,2.3,6.1
19171,Tama,IA,Iowa,2023,Crude prevalence,10.2,84.3,8.8,13.6,8.2,40.2,29.6,16.6,14.9,77.9,17.4,4.1,9.3
19173,Taylor,IA,Iowa,2023,Crude prevalence,9.8,84.9,8.3,12.9,8.0,39.7,28.4,16.0,14.4,78.3,16.3,4.0,8.5
19175,Union,IA,Iowa,2023,Crude prevalence,10.1,84.3,7.9,12.1,7.4,37.2,27.1,16.6,13.6,78.5,15.8,3.7,7.3
19177,Van Buren,IA,Iowa,2023,Crude prevalence,10.5,84.4,9.8,13.9,8.8,39.5,29.6,16.9,15.5,78.3,18.5,4.4,8.0
19179,Wapello,IA,Iowa,2023,Crude prevalence,10.3,82.8,8.6,13.5,7.6,41.7,30.7,17.2,14.9,77.3,18.0,3.9,10.0
19181,Warren,IA,Iowa,2023,Crude prevalence,9.7,85.7,5.7,9.7,5.6,38.7,21.8,15.4,11.4,77.1,12.6,2.8,5.7
19183,Washington,IA,Iowa,2023,Crude prevalence,9.8,85.0,7.6,12.0,7.3,38.6,26.2,15.9,13.5,78.1,15.1,3.6,7.8
19185,Wayne,IA,Iowa,2023,Crude prevalence,10.2,84.5,9.1,13.1,8.6,40.6,29.3,16.7,14.8,78.6,17.2,4.3,7.8
19187,Webster,IA,Iowa,2023,Crude prevalence,10.1,83.0,7.7,11.8,7.1,41.2,27.6,16.9,13.2,77.8,16.0,3.6,8.0
19189,Winnebago,IA,Iowa,2023,Crude prevalence,9.9,84.8,7.4,11.6,7.2,38.4,24.8,15.8,13.0,78.5,14.3,3.6,7.0
19191,Winneshiek,IA,Iowa,2023,Crude prevalence,9.6,85.3,6.6,10.7,7.0,34.7,22.8,15.2,11.9,79.1,12.4,3.4,5.8
19193,Woodbury,IA,Iowa,2023,Crude prevalence,9.8,82.5,7.3,12.1,6.6,39.1,28.9,17.5,14.1,76.9,16.1,3.4,10.6
19195,Worth,IA,Iowa,2023,Crude prevalence,9.8,86.1,7.8,12.4,7.7,40.5,26.0,15.6,13.4,79.2,15.5,3.8,6.8
19197,Wright,IA,Iowa,2023,Crude prevalence,9.9,84.8,8.7,13.9,8.6,40.7,28.8,15.6,14.5,78.8,16.0,4.2,9.9
20001,Allen,KS,Kansas,2023,Crude prevalence,10.3,84.0,8.5,12.5,7.8,37.4,29.3,17.1,14.0,77.7,16.5,3.9,9.1
20003,Anderson,KS,Kansas,2023,Crude prevalence,10.3,83.8,9.3,13.1,8.4,40.1,29.9,17.1,14.8,76.8,18.1,4.2,9.7
20005,Atchison,KS,Kansas,2023,Crude prevalence,10.4,81.6,7.6,11.2,6.9,37.0,27.7,17.8,13.0,75.2,15.3,3.4,8.8
20007,Barber,KS,Kansas,2023,Crude prevalence,10.1,86.0,9.4,13.8,8.9,38.6,29.5,15.8,14.5,78.3,16.4,4.3,8.6
20009,Barton,KS,Kansas,2023,Crude prevalence,10.1,84.2,9.0,13.4,8.2,38.8,30.2,16.2,14.4,78.0,16.3,4.0,11.7
20011,Bourbon,KS,Kansas,2023,Crude prevalence,10.4,83.4,8.9,12.7,7.9,36.7,30.9,17.1,14.5,77.9,16.9,4.0,9.0
20013,Brown,KS,Kansas,2023,Crude prevalence,10.5,85.3,9.0,13.5,8.4,39.6,29.3,16.7,14.5,78.7,17.7,4.2,9.0
20015,Butler,KS,Kansas,2023,Crude prevalence,10.2,84.9,6.6,10.7,6.2,39.0,23.2,16.6,12.4,77.0,14.4,3.1,8.3
20017,Chase,KS,Kansas,2023,Crude prevalence,10.0,84.7,9.3,13.9,8.9,38.2,29.8,15.9,14.5,78.4,16.4,4.3,10.7
20019,Chautauqua,KS,Kansas,2023,Crude prevalence,10.6,84.5,10.9,15.2,10.1,40.4,33.3,17.1,16.3,78.1,19.1,5.0,10.7
20021,Cherokee,KS,Kansas,2023,Crude prevalence,10.8,83.9,9.7,13.4,8.5,43.8,30.6,17.6,15.4,77.9,18.9,4.3,9.5
20023,Cheyenne,KS,Kansas,2023,Crude prevalence,10.1,85.1,10.3,14.8,9.8,38.0,33.5,16.2,15.5,78.6,17.7,4.7,11.4
20025,Clark,KS,Kansas,2023,Crude prevalence,9.9,85.9,7.6,12.1,7.7,36.8,27.0,15.2,13.1,78.0,13.9,3.7,9.8
20027,Clay,KS,Kansas,2023,Crude prevalence,10.1,85.7,8.8,12.8,8.4,39.6,28.2,15.9,14.0,78.1,16.5,4.1,8.7
20029,Cloud,KS,Kansas,2023,Crude prevalence,10.2,84.0,8.4,12.3,7.7,41.4,29.0,16.9,13.9,76.9,15.9,3.8,8.6
20031,Coffey,KS,Kansas,2023,Crude prevalence,10.2,85.6,8.5,12.7,8.1,36.9,27.6,16.1,13.9,78.5,16.2,3.9,8.7
20033,Comanche,KS,Kansas,2023,Crude prevalence,10.1,86.5,8.7,13.3,8.6,39.2,29.1,15.7,14.2,79.5,15.1,4.2,8.9
20035,Cowley,KS,Kansas,2023,Crude prevalence,10.2,83.5,8.0,12.8,7.4,40.9,28.4,17.2,14.2,76.3,15.7,3.7,10.7
20037,Crawford,KS,Kansas,2023,Crude prevalence,10.5,80.3,7.9,11.2,6.9,36.8,27.5,18.3,14.0,75.6,16.4,3.5,9.7
20039,Decatur,KS,Kansas,2023,Crude prevalence,9.8,87.6,8.5,13.4,8.9,36.6,27.7,14.4,13.6,78.8,14.1,4.2,8.1
20041,Dickinson,KS,Kansas,2023,Crude prevalence,10.1,85.6,7.8,11.9,7.5,39.5,28.3,16.1,13.5,77.8,15.0,3.7,8.6
20043,Doniphan,KS,Kansas,2023,Crude prevalence,10.2,84.4,7.5,11.5,7.1,37.5,26.9,16.6,13.1,77.3,15.3,3.5,8.3
20045,Douglas,KS,Kansas,2023,Crude prevalence,10.1,80.7,5.3,8.4,4.8,30.5,18.8,17.1,10.7,76.5,11.6,2.5,7.5
20047,Edwards,KS,Kansas,2023,Crude prevalence,10.0,84.8,8.8,14.3,8.6,39.9,32.2,15.9,14.8,77.6,16.7,4.2,13.4
20049,Elk,KS,Kansas,2023,Crude prevalence,10.4,86.1,11.1,15.8,10.3,40.5,35.1,16.3,16.3,79.6,18.4,5.0,9.5
20051,Ellis,KS,Kansas,2023,Crude prevalence,9.9,80.7,6.6,9.8,6.1,36.5,23.6,17.2,11.8,76.1,13.1,3.0,8.6
20053,Ellsworth,KS,Kansas,2023,Crude prevalence,9.4,84.8,7.4,11.7,7.5,39.1,27.6,15.1,13.0,77.1,14.7,3.7,9.5
20055,Finney,KS,Kansas,2023,Crude prevalence,9.7,80.8,6.5,13.1,6.2,37.3,33.0,17.0,14.4,72.7,15.3,3.2,21.1
20057,Ford,KS,Kansas,2023,Crude prevalence,9.3,80.1,6.6,13.1,6.4,39.1,34.0,16.6,14.3,72.2,15.5,3.3,21.9
20059,Franklin,KS,Kansas,2023,Crude prevalence,10.4,84.0,7.7,11.5,7.0,40.3,27.3,16.8,13.6,76.3,16.1,3.5,8.8
20061,Geary,KS,Kansas,2023,Crude prevalence,10.3,77.1,5.9,9.3,4.9,34.5,29.7,19.6,12.4,73.1,16.4,2.7,13.1
20063,Gove,KS,Kansas,2023,Crude prevalence,9.9,86.1,8.1,12.3,8.0,37.4,28.3,15.5,13.4,77.3,15.2,3.9,8.4
20065,Graham,KS,Kansas,2023,Crude prevalence,10.1,86.8,9.4,14.3,9.5,36.7,29.9,15.1,14.5,79.7,15.3,4.6,8.4
20067,Grant,KS,Kansas,2023,Crude prevalence,9.0,83.9,5.5,11.8,5.9,35.4,29.3,14.6,12.5,74.1,12.6,2.9,17.4
20069,Gray,KS,Kansas,2023,Crude prevalence,10.2,82.6,7.6,11.2,7.0,39.5,29.2,16.9,13.5,74.5,15.6,3.4,12.9
20071,Greeley,KS,Kansas,2023,Crude prevalence,9.6,86.7,6.9,11.7,7.1,36.8,26.5,14.6,12.6,78.1,13.4,3.4,10.0
20073,Greenwood,KS,Kansas,2023,Crude prevalence,10.3,86.1,9.9,14.4,9.4,40.7,29.9,16.2,14.9,78.2,17.4,4.5,9.0
20075,Hamilton,KS,Kansas,2023,Crude prevalence,9.3,83.6,6.5,11.8,6.4,40.2,30.1,15.5,13.2,74.7,14.5,3.2,17.0
20077,Harper,KS,Kansas,2023,Crude prevalence,10.4,83.6,10.6,14.8,9.3,41.9,33.1,17.0,15.8,77.4,19.2,4.7,11.4
20079,Harvey,KS,Kansas,2023,Crude prevalence,10.0,85.0,7.2,12.2,7.2,36.5,28.2,15.6,12.9,78.2,13.8,3.5,9.8
20081,Haskell,KS,Kansas,2023,Crude prevalence,9.9,81.8,7.9,13.2,7.4,41.8,32.9,16.8,14.5,74.6,16.2,3.7,16.4
20083,Hodgeman,KS,Kansas,2023,Crude prevalence,9.5,86.8,6.9,11.5,7.2,36.5,25.2,14.6,12.3,78.2,13.3,3.5,8.1
20085,Jackson,KS,Kansas,2023,Crude prevalence,10.3,85.3,7.9,12.3,7.6,37.8,27.2,16.3,13.7,77.4,15.8,3.7,8.8
20087,Jefferson,KS,Kansas,2023,Crude prevalence,9.9,86.4,7.3,11.3,7.1,34.7,25.3,15.4,12.7,78.9,14.6,3.4,7.5
20089,Jewell,KS,Kansas,2023,Crude prevalence,10.1,86.5,11.0,15.8,10.8,39.1,32.6,15.5,16.0,80.5,17.3,5.1,9.2
20091,Johnson,KS,Kansas,2023,Crude prevalence,9.3,87.9,4.6,9.4,5.0,31.2,19.3,13.2,9.6,79.1,9.7,2.5,6.6
20093,Kearny,KS,Kansas,2023,Crude prevalence,9.7,82.5,7.3,12.9,7.1,37.6,32.2,16.4,14.2,74.1,15.7,3.6,16.5
20095,Kingman,KS,Kansas,2023,Crude prevalence,10.2,85.1,8.2,12.0,7.4,39.8,27.9,16.5,13.6,77.1,16.4,3.7,8.8
20097,Kiowa,KS,Kansas,2023,Crude prevalence,9.9,85.2,7.7,11.8,7.7,39.0,26.5,15.6,12.9,78.1,13.9,3.7,8.6
20099,Labette,KS,Kansas,2023,Crude prevalence,10.7,84.0,9.4,13.4,8.4,41.3,32.2,17.1,14.9,77.1,17.9,4.3,10.2
20101,Lane,KS,Kansas,2023,Crude prevalence,10.1,86.9,8.3,13.1,8.3,36.6,28.4,15.4,13.8,79.0,14.4,4.0,9.3
20103,Leavenworth,KS,Kansas,2023,Crude prevalence,10.0,85.1,6.0,10.8,6.0,39.8,23.2,15.7,11.7,76.2,13.6,3.0,8.5
20105,Lincoln,KS,Kansas,2023,Crude prevalence,10.1,86.3,9.6,14.2,9.4,40.2,30.0,15.8,14.8,79.5,16.2,4.5,8.5
20107,Linn,KS,Kansas,2023,Crude prevalence,10.2,86.1,8.4,12.5,8.0,37.2,27.8,16.0,13.9,78.4,16.1,3.9,8.2
20109,Logan,KS,Kansas,2023,Crude prevalence,10.1,84.5,8.4,12.5,7.9,39.8,29.3,16.2,13.8,77.1,15.9,3.9,9.7
20111,Lyon,KS,Kansas,2023,Crude prevalence,10.0,80.4,7.2,11.5,6.6,37.8,29.2,17.6,13.1,75.0,14.8,3.3,13.1
20113,McPherson,KS,Kansas,2023,Crude prevalence,9.9,84.7,6.8,10.5,6.7,37.0,26.5,15.8,12.3,76.8,13.6,3.3,7.9
20115,Marion,KS,Kansas,2023,Crude prevalence,10.0,84.8,8.2,12.2,8.0,38.7,27.9,15.8,13.4,77.1,15.0,3.9,8.4
20117,Marshall,KS,Kansas,2023,Crude prevalence,10.2,85.1,9.1,13.0,8.6,37.4,29.1,16.5,14.4,77.9,17.3,4.2,9.0
20119,Meade,KS,Kansas,2023,Crude prevalence,10.0,83.7,8.0,12.5,7.6,36.8,30.6,16.2,14.1,76.0,15.8,3.7,12.8
20121,Miami,KS,Kansas,2023,Crude prevalence,9.8,85.8,6.7,10.8,6.5,35.0,23.9,15.6,12.0,76.5,13.8,3.2,7.7
20123,Mitchell,KS,Kansas,2023,Crude prevalence,10.1,85.3,8.4,12.8,8.2,39.0,28.4,16.2,13.9,77.7,15.6,3.9,8.4
20125,Montgomery,KS,Kansas,2023,Crude prevalence,10.7,83.5,9.4,13.8,8.4,38.9,29.4,17.5,15.0,76.9,17.9,4.3,10.5
20127,Morris,KS,Kansas,2023,Crude prevalence,9.9,86.8,8.9,13.5,8.8,36.7,30.0,15.2,14.3,79.3,15.2,4.2,8.5
20129,Morton,KS,Kansas,2023,Crude prevalence,10.0,84.3,8.8,14.0,8.3,37.9,32.7,16.1,15.0,77.4,16.6,4.2,14.1
20131,Nemaha,KS,Kansas,2023,Crude prevalence,9.9,85.3,7.6,11.4,7.5,38.7,26.2,15.7,13.0,77.1,14.7,3.6,8.0
20133,Neosho,KS,Kansas,2023,Crude prevalence,10.3,84.0,8.9,13.1,8.1,39.5,28.6,17.0,14.1,77.4,16.6,4.0,9.4
20135,Ness,KS,Kansas,2023,Crude prevalence,9.8,85.8,8.7,13.2,8.5,35.2,29.7,15.2,14.0,78.3,15.1,4.1,10.4
20137,Norton,KS,Kansas,2023,Crude prevalence,9.8,82.9,8.6,12.7,8.0,42.7,30.1,16.5,14.2,76.2,17.4,3.9,10.7
20139,Osage,KS,Kansas,2023,Crude prevalence,10.1,85.4,8.4,12.5,7.8,41.8,28.2,16.3,13.7,78.1,16.4,3.8,8.6
20141,Osborne,KS,Kansas,2023,Crude prevalence,10.0,86.5,9.3,14.0,9.4,38.8,29.9,15.5,14.5,79.8,15.7,4.4,8.3
20143,Ottawa,KS,Kansas,2023,Crude prevalence,10.0,85.7,8.2,12.2,7.8,38.3,27.0,15.8,13.4,77.8,15.6,3.8,8.0
20145,Pawnee,KS,Kansas,2023,Crude prevalence,9.8,85.3,8.1,12.7,8.0,38.2,29.0,15.3,13.8,77.3,16.5,3.9,10.5
20147,Phillips,KS,Kansas,2023,Crude prevalence,10.1,85.7,9.3,13.6,8.9,40.5,29.9,15.8,14.6,78.6,16.2,4.3,8.9
20149,Pottawatomie,KS,Kansas,2023,Crude prevalence,9.7,84.7,6.1,9.7,5.9,35.8,23.8,15.7,11.4,75.4,13.6,2.9,7.7
20151,Pratt,KS,Kansas,2023,Crude prevalence,9.9,84.2,7.7,12.1,7.6,36.5,28.5,16.1,13.3,77.5,14.8,3.7,9.4
20153,Rawlins,KS,Kansas,2023,Crude prevalence,10.1,86.8,9.9,14.7,9.9,41.9,30.9,15.8,15.3,79.4,16.8,4.7,9.4
20155,Reno,KS,Kansas,2023,Crude prevalence,10.2,84.3,8.3,13.2,7.9,44.0,29.9,16.3,13.5,78.5,16.9,3.9,10.2
20157,Republic,KS,Kansas,2023,Crude prevalence,10.1,86.3,9.9,14.3,9.6,41.2,30.6,15.7,14.9,79.6,16.3,4.6,8.5
20159,Rice,KS,Kansas,2023,Crude prevalence,9.9,84.0,7.4,11.9,7.1,39.5,28.5,16.1,13.3,77.5,14.5,3.5,10.0
20161,Riley,KS,Kansas,2023,Crude prevalence,10.1,74.5,4.9,7.2,4.3,26.4,21.9,18.8,10.5,71.1,11.8,2.2,9.3
20163,Rooks,KS,Kansas,2023,Crude prevalence,10.0,86.2,8.2,12.3,7.8,40.6,28.5,15.4,13.5,78.7,15.0,3.8,8.6
20165,Rush,KS,Kansas,2023,Crude prevalence,10.1,86.3,9.4,13.9,9.1,38.7,30.7,15.6,14.8,78.8,16.3,4.4,9.0
20167,Russell,KS,Kansas,2023,Crude prevalence,10.5,85.7,9.8,13.9,9.2,41.5,31.0,16.5,15.1,78.6,17.1,4.5,9.6
20169,Saline,KS,Kansas,2023,Crude prevalence,9.9,84.1,7.6,12.1,7.3,41.1,28.8,16.4,13.1,76.6,15.1,3.6,10.1
20171,Scott,KS,Kansas,2023,Crude prevalence,9.5,85.1,6.9,11.4,7.1,38.1,26.4,15.0,12.6,76.9,13.3,3.4,11.1
20173,Sedgwick,KS,Kansas,2023,Crude prevalence,10.0,82.8,7.1,12.0,6.5,38.6,26.3,17.0,12.8,73.6,15.1,3.4,11.4
20175,Seward,KS,Kansas,2023,Crude prevalence,9.2,79.5,6.0,13.4,6.0,42.7,37.5,16.9,14.4,72.2,15.0,3.2,24.8
20177,Shawnee,KS,Kansas,2023,Crude prevalence,10.5,86.0,7.4,12.5,7.1,38.3,25.7,15.6,13.0,79.4,15.2,3.5,9.6
20179,Sheridan,KS,Kansas,2023,Crude prevalence,9.8,86.3,7.5,11.8,7.8,34.0,26.3,15.2,13.0,78.3,13.7,3.7,7.8
20181,Sherman,KS,Kansas,2023,Crude prevalence,9.9,84.0,7.8,12.3,7.7,38.2,30.2,16.2,13.4,76.4,15.1,3.7,10.3
20183,Smith,KS,Kansas,2023,Crude prevalence,9.8,87.5,8.7,13.3,9.0,39.0,29.6,14.6,13.9,80.1,14.7,4.3,7.8
20185,Stafford,KS,Kansas,2023,Crude prevalence,10.1,85.5,8.4,13.1,8.1,41.0,29.4,15.7,14.1,78.0,15.3,4.0,10.3
20187,Stanton,KS,Kansas,2023,Crude prevalence,9.7,82.9,8.3,14.7,8.1,39.5,35.4,16.0,15.4,75.9,16.3,4.1,19.2
20189,Stevens,KS,Kansas,2023,Crude prevalence,10.1,81.8,9.1,14.9,8.4,41.3,36.7,17.2,16.3,76.1,18.1,4.2,19.0
20191,Sumner,KS,Kansas,2023,Crude prevalence,10.1,84.8,8.3,12.4,7.7,39.9,27.4,16.4,13.9,78.5,16.8,3.8,8.9
20193,Thomas,KS,Kansas,2023,Crude prevalence,9.9,83.9,6.5,10.2,6.4,35.0,24.9,16.4,11.9,75.7,12.7,3.1,8.3
20195,Trego,KS,Kansas,2023,Crude prevalence,9.7,87.9,7.8,12.3,8.0,40.5,26.7,14.4,13.0,79.7,13.9,3.8,7.2
20197,Wabaunsee,KS,Kansas,2023,Crude prevalence,9.9,85.9,7.3,11.5,7.3,35.1,25.6,15.5,12.8,77.6,14.2,3.5,7.9
20199,Wallace,KS,Kansas,2023,Crude prevalence,10.0,85.9,9.0,13.7,8.9,36.6,29.9,15.6,14.4,78.9,15.5,4.3,9.7
20201,Washington,KS,Kansas,2023,Crude prevalence,9.7,86.1,8.0,11.9,7.9,34.0,28.4,15.2,13.1,78.3,14.9,3.8,8.3
20203,Wichita,KS,Kansas,2023,Crude prevalence,9.5,84.6,8.6,14.5,8.8,41.7,33.9,15.6,14.7,76.8,16.0,4.2,14.6
20205,Wilson,KS,Kansas,2023,Crude prevalence,10.4,84.7,9.6,13.8,8.8,39.8,30.1,16.6,14.9,77.9,17.7,4.3,9.5
20207,Woodson,KS,Kansas,2023,Crude prevalence,10.2,86.2,9.4,13.6,8.9,39.6,29.2,15.8,14.5,79.0,16.6,4.3,8.6
20209,Wyandotte,KS,Kansas,2023,Crude prevalence,10.1,81.1,7.4,14.5,6.7,40.7,34.7,17.2,14.3,75.7,17.6,3.8,17.3
22001,Acadia,LA,Louisiana,2023,Crude prevalence,10.8,84.1,11.2,16.5,8.7,41.8,36.1,21.6,18.2,80.3,21.9,4.9,10.4
22003,Allen,LA,Louisiana,2023,Crude prevalence,10.1,83.1,9.7,15.3,8.0,44.2,34.9,20.7,17.0,79.0,21.7,4.5,11.7
22005,Ascension,LA,Louisiana,2023,Crude prevalence,9.7,87.2,6.6,12.2,5.9,35.5,26.1,18.7,13.5,81.4,15.4,3.3,7.9
22007,Assumption,LA,Louisiana,2023,Crude prevalence,10.6,86.0,10.5,16.7,8.9,38.4,35.2,19.8,17.2,82.2,20.5,5.1,10.0
22009,Avoyelles,LA,Louisiana,2023,Crude prevalence,11.1,83.8,12.0,17.7,9.6,43.0,37.9,21.8,18.9,80.9,23.2,5.5,11.4
22011,Beauregard,LA,Louisiana,2023,Crude prevalence,10.3,85.2,8.9,13.4,7.5,40.7,29.7,20.0,15.8,80.4,18.5,4.0,8.6
22013,Bienville,LA,Louisiana,2023,Crude prevalence,11.2,85.8,13.4,22.1,11.1,47.5,42.4,20.9,20.1,83.6,23.8,6.8,10.8
22015,Bossier,LA,Louisiana,2023,Crude prevalence,10.1,86.8,7.6,13.2,6.7,40.9,29.9,18.5,14.2,81.6,16.1,3.8,8.1
22017,Caddo,LA,Louisiana,2023,Crude prevalence,10.8,87.0,9.4,17.2,8.4,42.2,33.2,19.4,16.4,83.9,18.2,5.1,8.9
22019,Calcasieu,LA,Louisiana,2023,Crude prevalence,10.2,86.0,8.1,14.2,7.2,43.0,32.9,19.0,14.7,81.1,17.1,4.0,8.3
22021,Caldwell,LA,Louisiana,2023,Crude prevalence,10.5,83.6,11.7,16.7,9.4,38.6,35.7,21.4,18.2,80.5,23.0,5.2,10.7
22023,Cameron,LA,Louisiana,2023,Crude prevalence,9.8,87.1,8.8,13.3,8.0,36.4,28.1,18.7,15.5,81.1,17.0,4.0,7.6
22025,Catahoula,LA,Louisiana,2023,Crude prevalence,10.6,84.1,11.6,17.7,9.3,41.8,36.9,20.6,18.6,80.8,22.7,5.3,12.0
22027,Claiborne,LA,Louisiana,2023,Crude prevalence,11.0,84.2,14.2,22.8,11.6,48.5,43.6,21.1,20.6,83.2,25.7,7.1,13.2
22029,Concordia,LA,Louisiana,2023,Crude prevalence,11.1,84.4,12.4,19.8,10.1,45.6,39.1,21.3,19.0,82.5,22.8,6.0,11.2
22031,De Soto,LA,Louisiana,2023,Crude prevalence,10.9,86.3,10.5,17.8,8.9,44.4,34.4,20.3,17.5,82.8,20.7,5.3,9.5
22033,East Baton Rouge,LA,Louisiana,2023,Crude prevalence,10.3,86.4,6.8,13.9,6.3,35.3,24.6,18.8,13.2,81.8,14.0,3.8,7.6
22035,East Carroll,LA,Louisiana,2023,Crude prevalence,11.6,80.3,13.3,22.0,10.1,51.2,44.3,23.2,20.4,81.3,28.4,6.8,16.1
22037,East Feliciana,LA,Louisiana,2023,Crude prevalence,10.1,87.1,8.6,16.1,8.1,42.2,33.7,18.6,15.6,82.2,18.3,4.7,8.8
22039,Evangeline,LA,Louisiana,2023,Crude prevalence,10.9,83.4,11.1,16.8,8.8,44.7,36.6,21.3,18.2,80.9,22.1,5.0,11.7
22041,Franklin,LA,Louisiana,2023,Crude prevalence,11.1,84.7,12.5,18.4,9.9,42.0,37.7,21.1,19.1,82.0,22.7,5.7,10.7
22043,Grant,LA,Louisiana,2023,Crude prevalence,9.8,83.9,9.0,13.7,7.5,39.9,31.3,20.2,16.0,79.1,20.1,4.0,11.0
22045,Iberia,LA,Louisiana,2023,Crude prevalence,10.8,85.3,10.4,17.1,8.5,42.5,35.2,20.5,17.3,82.8,20.4,4.9,10.4
22047,Iberville,LA,Louisiana,2023,Crude prevalence,10.6,86.1,8.9,16.5,7.8,43.0,34.3,19.8,16.2,81.7,18.9,4.7,10.2
22049,Jackson,LA,Louisiana,2023,Crude prevalence,10.5,85.7,11.2,17.7,9.6,44.9,37.1,19.8,18.0,82.3,20.6,5.4,9.8
22051,Jefferson,LA,Louisiana,2023,Crude prevalence,9.8,88.2,7.7,16.2,7.5,41.6,30.3,17.7,14.3,83.2,14.9,4.1,10.0
22053,Jefferson Davis,LA,Louisiana,2023,Crude prevalence,10.4,85.3,9.9,14.8,8.1,42.7,33.4,20.5,17.0,80.5,19.9,4.4,9.1
22055,Lafayette,LA,Louisiana,2023,Crude prevalence,9.7,86.9,7.2,13.0,6.5,34.5,24.4,18.2,13.5,81.8,16.0,3.6,7.9
22057,Lafourche,LA,Louisiana,2023,Crude prevalence,10.2,85.4,9.5,14.7,7.9,47.2,32.7,20.4,16.4,80.5,19.1,4.2,9.2
22059,LaSalle,LA,Louisiana,2023,Crude prevalence,9.7,83.7,8.4,13.1,7.0,38.6,30.2,19.8,15.3,78.6,18.6,3.8,11.3
22061,Lincoln,LA,Louisiana,2023,Crude prevalence,10.8,81.4,8.0,13.5,6.7,42.6,30.7,21.7,14.8,80.2,15.9,4.0,8.4
22063,Livingston,LA,Louisiana,2023,Crude prevalence,9.9,85.7,7.8,12.7,6.6,38.9,27.3,19.6,14.8,81.2,17.1,3.4,8.3
22065,Madison,LA,Louisiana,2023,Crude prevalence,12.1,83.9,13.5,22.6,10.5,49.9,43.8,22.5,20.4,83.5,25.5,7.0,13.0
22067,Morehouse,LA,Louisiana,2023,Crude prevalence,11.5,85.4,12.3,20.3,10.0,44.8,38.7,21.0,18.8,83.2,23.0,6.2,10.8
22069,Natchitoches,LA,Louisiana,2023,Crude prevalence,10.9,83.8,9.0,15.5,7.7,40.1,32.1,21.0,15.9,81.6,17.7,4.6,8.9
22071,Orleans,LA,Louisiana,2023,Crude prevalence,10.5,87.3,7.3,16.2,7.0,34.4,26.8,18.4,13.8,81.6,15.0,4.5,8.3
22073,Ouachita,LA,Louisiana,2023,Crude prevalence,10.9,85.8,8.8,15.4,7.5,43.9,32.9,19.8,15.2,81.9,17.9,4.4,8.6
22075,Plaquemines,LA,Louisiana,2023,Crude prevalence,9.9,86.3,7.6,13.8,6.8,38.7,29.5,18.8,14.7,80.3,16.8,3.8,9.1
22077,Pointe Coupee,LA,Louisiana,2023,Crude prevalence,10.6,87.4,10.2,17.1,9.1,39.9,34.2,19.1,16.9,83.4,18.5,5.2,9.2
22079,Rapides,LA,Louisiana,2023,Crude prevalence,10.6,86.3,9.2,15.6,7.9,40.7,31.4,19.9,16.3,81.9,18.7,4.5,8.7
22081,Red River,LA,Louisiana,2023,Crude prevalence,11.1,85.4,12.3,19.8,9.9,43.9,39.9,21.0,19.2,82.7,23.2,6.0,11.1
22083,Richland,LA,Louisiana,2023,Crude prevalence,11.0,85.2,11.0,17.7,9.0,43.1,36.0,20.8,17.8,82.2,21.4,5.3,10.2
22085,Sabine,LA,Louisiana,2023,Crude prevalence,10.7,85.6,11.5,17.9,9.9,44.7,36.3,20.6,18.5,82.2,21.1,5.3,9.5
22087,St. Bernard,LA,Louisiana,2023,Crude prevalence,10.6,84.9,9.1,15.3,7.4,42.8,33.6,20.8,16.7,80.3,20.2,4.2,11.1
22089,St. Charles,LA,Louisiana,2023,Crude prevalence,9.9,87.8,7.1,13.2,6.5,37.7,27.6,18.1,14.0,81.9,15.1,3.6,7.8
22091,St. Helena,LA,Louisiana,2023,Crude prevalence,11.3,86.1,11.5,19.8,9.8,42.7,39.2,20.5,18.4,83.4,21.8,6.1,10.6
22093,St. James,LA,Louisiana,2023,Crude prevalence,10.5,88.3,8.3,16.5,7.8,43.7,32.4,18.4,15.2,83.8,16.5,4.8,7.8
22095,St. John the Baptist,LA,Louisiana,2023,Crude prevalence,10.7,87.6,7.8,17.2,7.2,41.8,31.7,19.0,15.1,83.7,16.7,4.6,9.5
22097,St. Landry,LA,Louisiana,2023,Crude prevalence,11.2,84.8,11.2,18.2,9.0,40.4,36.3,21.3,18.4,82.4,22.0,5.5,10.7
22099,St. Martin,LA,Louisiana,2023,Crude prevalence,10.5,86.1,9.7,15.5,8.0,45.3,33.3,20.4,16.6,81.4,19.7,4.6,9.7
22101,St. Mary,LA,Louisiana,2023,Crude prevalence,10.7,85.9,10.8,18.1,9.2,45.0,36.6,20.4,18.2,82.6,21.3,5.4,11.1
22103,St. Tammany,LA,Louisiana,2023,Crude prevalence,9.5,88.4,7.2,13.3,7.0,37.4,26.0,18.0,13.7,80.9,14.5,3.6,6.9
22105,Tangipahoa,LA,Louisiana,2023,Crude prevalence,10.5,85.0,8.7,14.6,7.3,43.0,30.4,20.8,15.4,80.5,18.6,4.1,9.5
22107,Tensas,LA,Louisiana,2023,Crude prevalence,11.3,87.2,14.6,25.1,12.8,48.4,43.1,19.7,20.7,85.4,22.8,7.9,11.3
22109,Terrebonne,LA,Louisiana,2023,Crude prevalence,10.4,85.8,9.0,15.2,7.7,41.3,33.1,20.1,16.4,81.5,18.8,4.2,9.3
22111,Union,LA,Louisiana,2023,Crude prevalence,10.5,86.4,11.9,18.4,10.2,37.0,35.9,19.7,18.2,82.3,20.8,5.6,9.9
22113,Vermilion,LA,Louisiana,2023,Crude prevalence,10.3,85.1,10.0,15.0,8.1,42.8,32.1,20.3,16.8,80.3,20.2,4.4,9.2
22115,Vernon,LA,Louisiana,2023,Crude prevalence,10.0,83.1,8.1,12.5,6.8,38.5,31.6,20.5,14.9,79.4,18.3,3.7,10.0
22117,Washington,LA,Louisiana,2023,Crude prevalence,10.8,85.4,11.3,17.8,9.3,45.5,37.7,20.4,18.0,80.6,21.7,5.3,10.1
22119,Webster,LA,Louisiana,2023,Crude prevalence,11.2,85.3,12.6,19.5,10.2,44.6,39.0,20.9,19.5,82.4,22.8,6.0,10.1
22121,West Baton Rouge,LA,Louisiana,2023,Crude prevalence,10.4,87.2,7.2,14.0,6.5,41.6,28.1,18.9,14.0,82.1,16.2,3.9,8.0
22123,West Carroll,LA,Louisiana,2023,Crude prevalence,10.4,86.1,11.1,16.5,9.4,40.1,33.7,19.6,17.6,81.7,20.0,5.1,9.5
22125,West Feliciana,LA,Louisiana,2023,Crude prevalence,9.1,87.7,6.9,14.6,6.9,40.7,28.5,16.9,13.7,81.4,17.0,4.0,8.7
22127,Winn,LA,Louisiana,2023,Crude prevalence,10.2,84.9,10.3,17.1,8.9,45.9,35.6,19.9,17.2,81.2,20.6,5.0,11.1
23001,Androscoggin,ME,Maine,2023,Crude prevalence,13.2,85.1,8.9,12.1,7.5,35.8,26.9,19.7,15.2,79.6,16.3,3.7,9.1
23003,Aroostook,ME,Maine,2023,Crude prevalence,13.4,86.9,11.0,14.8,9.5,40.0,32.0,18.3,17.3,82.7,17.9,4.5,9.4
23005,Cumberland,ME,Maine,2023,Crude prevalence,11.8,87.9,6.1,8.9,6.0,26.7,17.1,16.7,12.0,80.1,10.9,2.9,6.4
23007,Franklin,ME,Maine,2023,Crude prevalence,13.2,86.0,9.2,11.3,8.3,34.6,25.2,19.0,15.0,79.5,15.6,3.9,8.2
23009,Hancock,ME,Maine,2023,Crude prevalence,12.1,88.5,8.3,11.2,7.9,29.4,20.6,16.5,13.7,82.9,13.3,3.8,7.5
23011,Kennebec,ME,Maine,2023,Crude prevalence,12.5,86.4,8.9,11.8,7.6,32.5,24.7,18.3,14.8,81.1,15.4,3.6,8.2
23013,Knox,ME,Maine,2023,Crude prevalence,11.9,88.7,8.6,11.2,8.1,28.8,21.7,15.3,13.7,82.3,13.6,3.9,7.6
23015,Lincoln,ME,Maine,2023,Crude prevalence,12.1,89.0,8.6,11.8,8.4,30.9,21.4,16.1,14.1,83.6,12.7,3.9,7.2
23017,Oxford,ME,Maine,2023,Crude prevalence,13.4,86.8,10.7,13.7,9.0,35.0,25.4,17.8,16.7,81.6,17.8,4.4,8.9
23019,Penobscot,ME,Maine,2023,Crude prevalence,13.3,85.5,8.6,11.5,7.7,38.0,26.2,19.4,15.5,81.8,15.6,3.6,8.4
23021,Piscataquis,ME,Maine,2023,Crude prevalence,12.6,87.2,11.2,13.8,10.1,34.6,28.1,17.8,17.3,82.4,18.0,4.7,9.2
23023,Sagadahoc,ME,Maine,2023,Crude prevalence,12.3,88.2,8.1,10.8,7.7,29.6,22.2,16.2,13.7,82.3,13.9,3.6,7.4
23025,Somerset,ME,Maine,2023,Crude prevalence,13.5,86.2,11.3,13.9,9.3,37.2,28.1,19.7,17.1,82.8,19.7,4.4,9.5
23027,Waldo,ME,Maine,2023,Crude prevalence,13.3,87.6,8.9,11.7,8.2,34.3,23.6,18.1,15.4,82.0,15.4,3.8,8.1
23029,Washington,ME,Maine,2023,Crude prevalence,13.2,86.5,11.3,14.9,9.8,39.8,32.5,19.1,18.2,82.5,18.3,4.6,9.6
23031,York,ME,Maine,2023,Crude prevalence,12.7,88.1,7.8,10.4,7.2,33.1,21.3,16.9,13.1,80.9,13.4,3.4,7.3
24001,Allegany,MD,Maryland,2023,Crude prevalence,11.3,86.4,9.7,13.3,7.9,36.6,32.0,18.9,15.5,79.7,17.7,4.2,9.4
24003,Anne Arundel,MD,Maryland,2023,Crude prevalence,10.0,90.1,5.2,10.4,5.3,34.5,20.5,14.6,11.7,79.6,10.6,2.9,7.1
24005,Baltimore,MD,Maryland,2023,Crude prevalence,11.0,89.2,6.5,13.1,6.2,34.0,26.3,16.1,11.7,80.3,11.1,3.5,8.1
24009,Calvert,MD,Maryland,2023,Crude prevalence,10.5,90.1,5.9,10.9,5.5,36.3,19.8,14.9,11.9,79.4,11.1,3.0,6.5
24011,Caroline,MD,Maryland,2023,Crude prevalence,11.8,87.2,9.5,14.2,7.7,41.7,28.6,18.1,15.3,78.7,17.4,4.3,10.6
24013,Carroll,MD,Maryland,2023,Crude prevalence,10.1,89.7,5.9,10.3,6.0,37.7,23.2,14.9,11.4,76.2,10.9,2.9,6.3
24015,Cecil,MD,Maryland,2023,Crude prevalence,10.5,88.1,7.7,13.2,6.6,41.3,27.8,17.4,14.0,77.4,15.3,3.5,8.0
24017,Charles,MD,Maryland,2023,Crude prevalence,10.7,90.3,5.5,13.4,5.2,41.9,23.3,16.0,11.8,81.1,11.5,3.4,7.5
24019,Dorchester,MD,Maryland,2023,Crude prevalence,11.5,88.7,9.9,16.6,8.7,41.8,29.8,17.0,16.3,81.8,16.1,4.9,10.1
24021,Frederick,MD,Maryland,2023,Crude prevalence,9.5,89.8,5.1,10.6,5.4,34.7,20.1,15.1,10.5,78.7,9.2,2.8,7.7
24023,Garrett,MD,Maryland,2023,Crude prevalence,11.1,88.7,9.3,14.1,8.3,36.3,27.1,16.4,15.0,80.0,14.2,4.2,7.9
24025,Harford,MD,Maryland,2023,Crude prevalence,10.2,89.8,6.1,11.6,5.8,35.8,20.6,15.4,12.1,79.7,10.9,3.1,6.8
24027,Howard,MD,Maryland,2023,Crude prevalence,9.1,91.6,4.0,10.4,4.8,30.0,16.4,12.4,9.5,80.8,7.4,2.6,5.7
24029,Kent,MD,Maryland,2023,Crude prevalence,10.6,89.4,8.1,13.7,8.1,35.1,24.4,15.2,13.3,80.8,11.9,4.2,7.9
24031,Montgomery,MD,Maryland,2023,Crude prevalence,9.2,91.0,4.5,10.8,5.3,26.1,19.2,12.0,10.5,77.5,7.2,2.9,8.7
24033,Prince George's,MD,Maryland,2023,Crude prevalence,11.5,89.6,5.5,15.2,5.5,42.2,27.1,14.3,12.6,78.2,10.5,3.9,12.5
24035,Queen Anne's,MD,Maryland,2023,Crude prevalence,9.9,90.3,6.8,11.6,6.7,29.4,20.9,14.9,12.4,77.8,11.7,3.4,6.7
24037,St. Mary's,MD,Maryland,2023,Crude prevalence,10.7,88.6,5.9,11.4,5.7,37.4,22.7,16.4,11.9,77.5,12.7,3.0,7.6
24039,Somerset,MD,Maryland,2023,Crude prevalence,11.7,85.6,8.7,14.2,7.5,38.4,31.3,18.5,14.9,79.6,16.9,4.3,10.9
24041,Talbot,MD,Maryland,2023,Crude prevalence,10.3,91.5,8.0,13.1,8.4,30.1,24.2,13.6,13.6,82.8,10.9,4.3,7.7
24043,Washington,MD,Maryland,2023,Crude prevalence,10.7,87.7,8.4,13.3,7.2,39.0,29.5,16.9,14.3,79.5,15.1,3.8,9.4
24045,Wicomico,MD,Maryland,2023,Crude prevalence,11.1,87.4,7.4,12.6,6.5,39.6,28.0,17.6,13.1,81.0,13.4,3.7,9.1
24047,Worcester,MD,Maryland,2023,Crude prevalence,10.1,91.2,8.0,13.7,8.1,33.1,25.7,14.5,13.9,83.1,12.3,4.2,7.1
24510,Baltimore,MD,Maryland,2023,Crude prevalence,12.7,87.5,7.3,14.4,6.4,38.7,27.4,18.4,13.8,80.4,15.8,4.4,10.1
25001,Barnstable,MA,Massachusetts,2023,Crude prevalence,11.5,92.9,7.3,10.7,8.0,26.3,19.0,13.8,13.4,85.3,10.5,3.8,3.6
25003,Berkshire,MA,Massachusetts,2023,Crude prevalence,12.0,90.3,7.7,10.9,7.8,31.2,22.2,16.9,13.9,81.7,12.7,3.7,4.8
25005,Bristol,MA,Massachusetts,2023,Crude prevalence,12.6,89.0,7.6,10.8,6.8,32.1,24.8,18.6,14.6,81.9,15.8,3.5,5.9
25007,Dukes,MA,Massachusetts,2023,Crude prevalence,11.5,92.2,6.8,10.6,7.3,25.5,19.0,14.7,12.7,83.4,10.8,3.5,3.9
25009,Essex,MA,Massachusetts,2023,Crude prevalence,11.5,89.7,6.3,10.3,6.2,30.0,24.1,15.3,13.0,81.1,11.4,3.1,6.2
25011,Franklin,MA,Massachusetts,2023,Crude prevalence,11.8,90.5,7.7,10.8,7.3,26.3,22.1,16.1,13.8,82.1,12.8,3.6,4.7
25013,Hampden,MA,Massachusetts,2023,Crude prevalence,12.7,87.8,7.7,12.1,7.0,34.9,29.8,18.9,16.0,80.4,14.8,3.7,8.1
25015,Hampshire,MA,Massachusetts,2023,Crude prevalence,12.1,87.7,5.6,8.2,5.5,22.2,17.4,17.4,11.7,80.6,9.7,2.7,4.2
25017,Middlesex,MA,Massachusetts,2023,Crude prevalence,11.1,90.6,4.6,8.5,4.9,23.8,18.3,14.8,10.0,79.9,9.1,2.5,4.0
25019,Nantucket,MA,Massachusetts,2023,Crude prevalence,10.9,91.6,4.6,8.6,5.1,27.7,17.2,14.3,10.6,81.4,9.1,2.5,4.5
25021,Norfolk,MA,Massachusetts,2023,Crude prevalence,10.7,91.2,4.9,9.0,5.2,23.5,17.1,14.6,10.8,81.5,9.2,2.7,3.8
25023,Plymouth,MA,Massachusetts,2023,Crude prevalence,12.1,90.7,6.4,10.3,6.2,29.7,20.4,16.8,12.8,82.1,11.9,3.2,4.4
25025,Suffolk,MA,Massachusetts,2023,Crude prevalence,11.4,87.0,5.1,9.3,4.8,24.2,23.8,17.3,11.4,78.5,11.1,2.8,6.6
25027,Worcester,MA,Massachusetts,2023,Crude prevalence,12.1,89.4,6.3,10.4,6.0,32.6,23.8,17.2,13.4,81.3,12.3,3.1,5.4
26001,Alcona,MI,Michigan,2023,Crude prevalence,11.2,90.8,11.9,16.0,11.0,39.0,28.7,15.7,17.0,84.2,15.9,5.2,6.2
26003,Alger,MI,Michigan,2023,Crude prevalence,11.1,88.0,9.6,13.2,8.7,36.1,25.8,16.8,15.2,80.7,16.0,4.3,7.0
26005,Allegan,MI,Michigan,2023,Crude prevalence,11.0,87.3,8.2,11.6,7.1,35.6,24.9,17.2,14.2,79.5,14.8,3.5,7.2
26007,Alpena,MI,Michigan,2023,Crude prevalence,11.9,87.5,11.4,14.2,9.5,41.3,28.5,18.1,16.6,81.5,17.8,4.6,7.0
26009,Antrim,MI,Michigan,2023,Crude prevalence,11.0,89.9,9.0,12.8,8.5,36.4,23.3,15.5,14.3,82.4,13.4,4.0,5.5
26011,Arenac,MI,Michigan,2023,Crude prevalence,11.7,88.2,11.4,14.7,9.8,38.6,28.3,17.7,16.8,81.4,17.8,4.7,7.3
26013,Baraga,MI,Michigan,2023,Crude prevalence,11.9,86.4,10.6,14.5,9.0,40.3,28.6,18.5,16.7,80.1,18.6,4.6,7.9
26015,Barry,MI,Michigan,2023,Crude prevalence,11.2,87.7,8.3,11.2,7.2,37.0,24.1,17.2,13.9,79.7,14.9,3.5,6.3
26017,Bay,MI,Michigan,2023,Crude prevalence,11.5,87.4,9.3,12.6,7.8,38.0,26.3,17.6,15.0,80.0,15.7,3.9,7.3
26019,Benzie,MI,Michigan,2023,Crude prevalence,11.0,90.0,9.0,12.8,8.5,35.4,23.7,15.8,14.6,82.2,13.5,4.1,5.6
26021,Berrien,MI,Michigan,2023,Crude prevalence,11.8,87.8,9.2,13.5,8.0,38.8,27.2,17.2,15.2,80.2,15.0,4.2,7.3
26023,Branch,MI,Michigan,2023,Crude prevalence,11.6,85.8,10.2,13.3,8.3,36.0,28.2,18.6,16.3,79.0,18.0,4.2,8.7
26025,Calhoun,MI,Michigan,2023,Crude prevalence,11.8,86.5,9.2,13.3,7.6,42.5,27.8,18.5,15.0,80.0,16.7,4.0,7.7
26027,Cass,MI,Michigan,2023,Crude prevalence,11.7,87.8,9.7,13.1,8.3,36.2,26.8,17.7,15.4,80.5,16.3,4.2,7.3
26029,Charlevoix,MI,Michigan,2023,Crude prevalence,11.2,90.0,8.6,12.3,8.2,35.0,22.5,15.5,13.9,82.2,13.1,3.9,5.4
26031,Cheboygan,MI,Michigan,2023,Crude prevalence,11.6,88.7,10.9,14.6,9.5,41.1,26.7,17.0,16.3,82.2,16.7,4.6,6.8
26033,Chippewa,MI,Michigan,2023,Crude prevalence,12.1,85.3,9.1,12.7,7.8,35.6,26.5,19.3,15.6,79.5,17.6,4.0,7.4
26035,Clare,MI,Michigan,2023,Crude prevalence,12.1,87.2,12.7,15.4,10.2,40.5,30.4,18.9,18.1,81.5,19.5,5.1,7.9
26037,Clinton,MI,Michigan,2023,Crude prevalence,11.2,88.5,7.3,10.6,6.6,35.2,21.8,16.6,13.1,80.8,12.9,3.2,5.8
26039,Crawford,MI,Michigan,2023,Crude prevalence,11.6,88.6,11.6,14.9,10.0,37.5,28.9,17.5,16.9,82.2,17.6,4.8,6.9
26041,Delta,MI,Michigan,2023,Crude prevalence,11.6,88.2,10.5,13.8,9.1,39.9,26.8,17.6,15.9,81.1,16.4,4.4,6.7
26043,Dickinson,MI,Michigan,2023,Crude prevalence,11.3,88.6,9.2,12.6,8.3,38.1,25.7,17.0,14.8,81.6,15.1,4.0,5.9
26045,Eaton,MI,Michigan,2023,Crude prevalence,11.4,88.1,7.5,11.4,6.8,38.9,24.0,17.4,13.4,80.8,13.3,3.4,6.3
26047,Emmet,MI,Michigan,2023,Crude prevalence,11.0,89.5,7.8,11.5,7.5,32.7,21.4,15.8,13.2,81.7,12.8,3.6,5.3
26049,Genesee,MI,Michigan,2023,Crude prevalence,12.3,86.9,9.5,13.2,7.8,40.6,28.1,19.3,16.0,80.3,17.0,4.2,7.3
26051,Gladwin,MI,Michigan,2023,Crude prevalence,11.8,88.3,11.9,15.0,10.1,40.6,29.2,17.8,17.1,82.1,18.2,4.9,7.2
26053,Gogebic,MI,Michigan,2023,Crude prevalence,11.5,89.1,11.3,15.2,10.3,37.0,28.4,17.0,16.7,82.7,16.6,4.9,6.5
26055,Grand Traverse,MI,Michigan,2023,Crude prevalence,11.0,88.7,7.4,10.7,6.8,35.3,22.5,16.3,13.2,80.7,12.8,3.3,5.5
26057,Gratiot,MI,Michigan,2023,Crude prevalence,11.3,84.7,8.8,11.6,7.3,36.7,26.3,18.8,14.8,78.4,16.6,3.7,8.2
26059,Hillsdale,MI,Michigan,2023,Crude prevalence,11.7,86.1,10.5,13.5,8.7,37.6,28.2,18.8,16.1,80.1,17.8,4.2,7.4
26061,Houghton,MI,Michigan,2023,Crude prevalence,11.1,82.7,7.6,10.0,6.6,33.7,21.8,18.5,12.8,77.6,13.1,3.2,6.2
26063,Huron,MI,Michigan,2023,Crude prevalence,11.5,88.3,10.8,14.3,9.4,38.6,28.8,17.2,16.3,81.5,16.6,4.6,7.0
26065,Ingham,MI,Michigan,2023,Crude prevalence,11.6,84.2,6.5,10.2,5.6,34.5,22.0,18.4,12.5,78.2,13.0,2.9,6.9
26067,Ionia,MI,Michigan,2023,Crude prevalence,11.2,85.6,8.1,11.1,6.7,40.2,24.9,18.7,14.0,78.3,16.3,3.4,7.7
26069,Iosco,MI,Michigan,2023,Crude prevalence,11.6,88.6,12.7,15.9,10.9,38.8,30.7,17.2,18.0,82.5,18.2,5.3,7.7
26071,Iron,MI,Michigan,2023,Crude prevalence,11.3,89.5,11.5,15.3,10.3,39.0,28.5,16.5,16.7,82.5,16.6,5.0,6.7
26073,Isabella,MI,Michigan,2023,Crude prevalence,12.2,80.6,8.2,10.5,6.2,39.5,25.5,21.7,14.3,77.6,15.8,3.2,7.5
26075,Jackson,MI,Michigan,2023,Crude prevalence,11.6,86.6,8.7,12.5,7.5,39.2,27.4,18.5,14.9,78.5,15.4,3.7,7.1
26077,Kalamazoo,MI,Michigan,2023,Crude prevalence,11.5,85.8,6.9,9.7,5.9,37.4,22.8,18.6,12.7,78.9,12.9,3.1,6.4
26079,Kalkaska,MI,Michigan,2023,Crude prevalence,11.8,87.0,10.5,13.5,8.7,38.7,27.2,18.5,16.3,80.2,17.8,4.3,7.3
26081,Kent,MI,Michigan,2023,Crude prevalence,11.0,86.7,6.4,10.3,5.7,34.8,21.6,17.0,12.5,79.0,13.0,2.9,7.4
26083,Keweenaw,MI,Michigan,2023,Crude prevalence,10.6,91.4,9.0,13.4,9.5,33.7,22.8,14.1,14.0,84.0,11.5,4.3,4.7
26085,Lake,MI,Michigan,2023,Crude prevalence,11.7,86.8,13.4,17.2,10.9,40.5,34.1,18.3,19.0,81.3,20.9,5.6,10.7
26087,Lapeer,MI,Michigan,2023,Crude prevalence,11.4,87.4,9.0,11.9,7.6,35.5,25.5,17.5,14.8,79.7,16.1,3.7,7.0
26089,Leelanau,MI,Michigan,2023,Crude prevalence,10.5,91.9,7.8,12.2,8.3,31.7,20.5,13.4,13.0,84.0,10.6,3.8,4.7
26091,Lenawee,MI,Michigan,2023,Crude prevalence,11.3,86.7,8.8,12.4,7.6,40.6,26.4,18.2,14.9,78.6,15.5,3.8,7.6
26093,Livingston,MI,Michigan,2023,Crude prevalence,11.0,89.5,6.8,9.7,6.2,32.3,20.9,15.5,12.3,80.9,11.9,3.0,4.7
26095,Luce,MI,Michigan,2023,Crude prevalence,11.2,86.4,10.1,14.1,8.9,40.9,27.8,17.7,15.8,80.2,18.1,4.5,8.2
26097,Mackinac,MI,Michigan,2023,Crude prevalence,12.0,88.8,11.7,16.4,10.4,41.2,29.3,17.3,17.6,82.7,17.7,5.2,7.3
26099,Macomb,MI,Michigan,2023,Crude prevalence,11.3,87.9,8.2,11.4,6.8,37.5,26.3,17.4,14.1,81.5,15.2,3.5,6.5
26101,Manistee,MI,Michigan,2023,Crude prevalence,11.4,88.4,10.2,13.7,9.1,36.6,28.5,16.9,15.7,81.7,15.6,4.4,7.1
26103,Marquette,MI,Michigan,2023,Crude prevalence,11.5,85.7,7.8,10.6,6.9,36.4,21.4,18.1,13.4,80.3,13.5,3.3,5.9
26105,Mason,MI,Michigan,2023,Crude prevalence,11.4,88.5,10.1,13.8,8.9,40.4,25.4,17.0,15.7,81.7,15.7,4.4,7.0
26107,Mecosta,MI,Michigan,2023,Crude prevalence,11.7,85.0,10.0,12.4,8.2,37.1,27.2,18.9,15.5,79.9,16.7,4.1,7.3
26109,Menominee,MI,Michigan,2023,Crude prevalence,11.4,88.5,10.6,13.9,9.3,38.9,27.7,17.2,16.1,81.5,16.7,4.5,6.9
26111,Midland,MI,Michigan,2023,Crude prevalence,11.0,88.2,7.7,10.8,7.1,31.8,21.6,16.3,13.5,80.1,13.2,3.4,5.8
26113,Missaukee,MI,Michigan,2023,Crude prevalence,11.6,87.2,10.3,13.3,8.6,39.3,28.2,18.2,16.0,80.8,17.3,4.2,7.4
26115,Monroe,MI,Michigan,2023,Crude prevalence,11.7,87.8,8.6,12.3,7.4,40.6,24.9,17.8,14.6,79.5,15.2,3.6,6.7
26117,Montcalm,MI,Michigan,2023,Crude prevalence,11.5,85.4,9.5,12.4,7.6,42.5,26.9,18.9,15.5,79.7,18.3,3.8,8.3
26119,Montmorency,MI,Michigan,2023,Crude prevalence,11.6,89.4,12.9,16.5,11.2,38.6,29.8,16.9,18.0,83.1,18.3,5.4,7.0
26121,Muskegon,MI,Michigan,2023,Crude prevalence,12.1,86.6,9.1,12.7,7.4,44.3,27.9,18.5,15.0,79.6,17.1,3.9,7.8
26123,Newaygo,MI,Michigan,2023,Crude prevalence,11.6,86.8,10.4,13.2,8.5,37.8,27.8,18.2,16.0,80.0,18.0,4.2,8.0
26125,Oakland,MI,Michigan,2023,Crude prevalence,10.6,90.0,5.9,10.2,5.9,31.3,19.1,14.8,11.2,81.2,10.8,3.0,5.2
26127,Oceana,MI,Michigan,2023,Crude prevalence,11.3,87.0,10.0,13.7,8.7,40.6,28.3,17.5,16.3,79.5,16.7,4.3,9.3
26129,Ogemaw,MI,Michigan,2023,Crude prevalence,11.7,88.0,12.0,15.3,10.1,39.4,29.5,17.8,17.4,81.4,18.3,4.9,7.4
26131,Ontonagon,MI,Michigan,2023,Crude prevalence,11.2,90.9,12.4,16.5,11.6,37.0,28.9,15.7,17.3,84.3,16.3,5.5,6.3
26133,Osceola,MI,Michigan,2023,Crude prevalence,11.8,86.9,10.9,13.7,9.1,39.6,29.0,18.6,16.8,80.8,18.1,4.4,7.6
26135,Oscoda,MI,Michigan,2023,Crude prevalence,11.9,88.1,13.5,16.5,11.2,38.4,31.4,17.8,18.6,81.9,19.4,5.5,8.1
26137,Otsego,MI,Michigan,2023,Crude prevalence,11.4,88.1,9.1,12.3,7.9,38.1,25.7,17.5,14.8,81.1,15.1,3.8,6.2
26139,Ottawa,MI,Michigan,2023,Crude prevalence,10.9,86.9,6.4,9.4,5.8,32.3,20.1,16.8,12.2,80.7,11.4,2.9,6.5
26141,Presque Isle,MI,Michigan,2023,Crude prevalence,11.4,89.8,11.9,15.6,10.8,40.9,28.5,16.3,17.0,83.5,16.3,5.1,6.5
26143,Roscommon,MI,Michigan,2023,Crude prevalence,11.4,90.2,12.0,15.7,10.7,39.2,28.4,16.1,17.1,83.3,16.5,5.1,6.5
26145,Saginaw,MI,Michigan,2023,Crude prevalence,12.2,86.3,9.6,14.1,8.0,36.6,30.6,18.5,15.9,81.1,16.2,4.3,8.2
26147,St. Clair,MI,Michigan,2023,Crude prevalence,11.7,87.7,9.2,12.2,7.7,36.5,25.8,18.3,15.2,80.9,16.3,3.8,6.7
26149,St. Joseph,MI,Michigan,2023,Crude prevalence,11.6,86.0,9.6,12.8,7.8,38.3,26.2,18.5,15.5,78.9,17.4,3.9,8.8
26151,Sanilac,MI,Michigan,2023,Crude prevalence,11.6,87.2,10.7,13.8,8.9,40.0,30.3,18.1,16.2,80.6,17.9,4.4,7.7
26153,Schoolcraft,MI,Michigan,2023,Crude prevalence,11.9,88.9,11.9,15.8,10.3,40.3,29.5,17.4,17.5,82.6,18.1,5.1,7.0
26155,Shiawassee,MI,Michigan,2023,Crude prevalence,11.6,87.2,9.2,12.5,7.7,38.8,26.1,18.6,15.4,80.6,16.3,3.8,6.8
26157,Tuscola,MI,Michigan,2023,Crude prevalence,11.6,87.1,10.2,13.2,8.4,41.7,27.5,18.2,15.9,79.9,17.3,4.2,7.4
26159,Van Buren,MI,Michigan,2023,Crude prevalence,11.7,87.2,9.5,13.5,8.0,39.4,28.0,18.2,15.8,80.3,16.4,4.0,8.7
26161,Washtenaw,MI,Michigan,2023,Crude prevalence,10.6,86.6,5.4,8.7,5.1,27.5,16.1,15.8,10.8,77.2,9.8,2.7,5.2
26163,Wayne,MI,Michigan,2023,Crude prevalence,12.3,87.1,9.2,14.3,7.4,37.4,29.7,19.7,15.5,80.9,16.9,4.4,8.1
26165,Wexford,MI,Michigan,2023,Crude prevalence,11.7,86.6,10.2,13.0,8.4,39.0,26.4,18.4,15.7,79.9,17.4,4.1,7.4
27001,Aitkin,MN,Minnesota,2023,Crude prevalence,10.1,88.3,9.2,15.2,10.2,33.2,28.8,14.0,14.9,79.7,16.4,5.0,7.4
27003,Anoka,MN,Minnesota,2023,Crude prevalence,9.9,85.2,5.2,10.6,5.7,36.2,24.6,15.5,11.3,73.2,13.6,3.0,7.5
27005,Becker,MN,Minnesota,2023,Crude prevalence,10.1,86.1,7.2,11.8,7.8,37.3,24.6,15.5,13.2,77.6,15.4,3.9,7.5
27007,Beltrami,MN,Minnesota,2023,Crude prevalence,11.2,81.8,6.9,11.3,6.9,38.5,26.3,17.6,13.1,73.2,17.5,3.7,8.2
27009,Benton,MN,Minnesota,2023,Crude prevalence,10.3,83.4,5.9,10.2,5.9,41.5,23.8,16.8,12.1,74.2,16.0,3.1,8.0
27011,Big Stone,MN,Minnesota,2023,Crude prevalence,10.0,86.7,7.8,13.2,8.8,37.6,27.7,14.6,13.8,77.2,15.5,4.4,7.9
27013,Blue Earth,MN,Minnesota,2023,Crude prevalence,10.5,79.7,5.4,9.4,5.5,33.8,23.0,17.6,11.2,73.0,13.5,2.9,7.9
27015,Brown,MN,Minnesota,2023,Crude prevalence,10.0,85.2,6.6,11.5,7.2,35.5,24.8,15.4,12.7,76.8,14.6,3.7,8.1
27017,Carlton,MN,Minnesota,2023,Crude prevalence,10.5,84.3,6.4,11.7,6.8,38.8,25.6,15.9,12.8,73.2,16.2,3.5,8.0
27019,Carver,MN,Minnesota,2023,Crude prevalence,9.5,86.8,4.3,8.5,5.0,32.0,19.0,13.5,9.9,75.2,11.3,2.5,5.8
27021,Cass,MN,Minnesota,2023,Crude prevalence,10.2,87.0,8.2,14.2,9.0,36.9,28.1,15.2,14.5,77.8,16.9,4.4,7.4
27023,Chippewa,MN,Minnesota,2023,Crude prevalence,10.0,84.6,7.6,12.8,8.2,40.4,28.9,15.8,13.9,75.0,16.3,4.1,9.9
27025,Chisago,MN,Minnesota,2023,Crude prevalence,10.0,85.6,5.7,10.3,6.2,36.5,22.9,15.2,11.8,75.4,14.8,3.1,7.0
27027,Clay,MN,Minnesota,2023,Crude prevalence,10.4,82.1,5.2,9.3,5.5,32.9,21.7,16.5,10.9,72.7,13.7,2.8,7.2
27029,Clearwater,MN,Minnesota,2023,Crude prevalence,10.5,84.0,8.0,12.8,8.2,34.5,28.6,16.7,14.6,74.1,18.8,4.3,8.9
27031,Cook,MN,Minnesota,2023,Crude prevalence,9.8,89.0,6.6,12.9,8.1,35.3,24.0,13.2,12.4,78.8,13.0,4.0,6.3
27033,Cottonwood,MN,Minnesota,2023,Crude prevalence,9.8,84.9,7.6,13.1,8.4,39.2,29.8,15.2,13.9,76.0,15.8,4.2,10.2
27035,Crow Wing,MN,Minnesota,2023,Crude prevalence,10.2,86.6,6.9,11.8,7.9,37.5,24.6,14.4,12.5,76.6,14.8,3.8,7.0
27037,Dakota,MN,Minnesota,2023,Crude prevalence,9.8,87.2,4.6,9.7,5.1,34.5,22.5,14.1,10.8,75.5,11.3,2.7,7.1
27039,Dodge,MN,Minnesota,2023,Crude prevalence,9.9,85.2,5.1,9.6,5.7,35.2,22.6,15.2,11.2,73.5,13.5,2.9,7.1
27041,Douglas,MN,Minnesota,2023,Crude prevalence,10.0,86.7,6.4,11.4,7.3,35.2,23.7,14.5,12.1,77.1,13.7,3.7,6.9
27043,Faribault,MN,Minnesota,2023,Crude prevalence,10.2,85.1,7.8,12.8,8.4,37.6,28.9,15.6,14.0,75.9,16.4,4.2,9.3
27045,Fillmore,MN,Minnesota,2023,Crude prevalence,10.1,85.8,6.9,11.8,7.5,40.5,25.5,15.4,13.1,75.9,15.5,3.8,7.6
27047,Freeborn,MN,Minnesota,2023,Crude prevalence,9.9,85.2,7.4,12.9,8.1,36.0,30.0,15.5,13.8,75.7,16.1,4.1,9.8
27049,Goodhue,MN,Minnesota,2023,Crude prevalence,10.0,85.6,6.4,10.9,6.9,36.0,25.3,15.3,12.6,74.8,14.7,3.5,7.7
27051,Grant,MN,Minnesota,2023,Crude prevalence,10.3,85.6,7.7,12.7,8.4,39.7,26.7,15.8,13.7,76.2,16.6,4.1,8.0
27053,Hennepin,MN,Minnesota,2023,Crude prevalence,9.6,85.9,4.4,8.1,5.0,27.1,18.9,14.5,9.8,74.7,11.1,2.8,7.5
27055,Houston,MN,Minnesota,2023,Crude prevalence,10.0,87.1,6.4,11.3,7.2,34.1,25.7,14.2,12.5,76.2,13.8,3.6,6.8
27057,Hubbard,MN,Minnesota,2023,Crude prevalence,9.9,87.7,7.3,13.3,8.3,35.4,24.4,14.1,13.0,78.6,14.2,4.1,6.9
27059,Isanti,MN,Minnesota,2023,Crude prevalence,10.0,84.2,6.3,10.5,6.5,32.8,24.8,16.0,12.8,73.5,16.2,3.3,8.0
27061,Itasca,MN,Minnesota,2023,Crude prevalence,10.2,86.5,7.5,13.7,8.3,36.0,25.4,15.0,13.6,76.9,16.0,4.1,7.1
27063,Jackson,MN,Minnesota,2023,Crude prevalence,9.8,86.3,6.6,11.7,7.5,35.8,25.2,14.6,12.6,76.3,14.1,3.8,7.7
27065,Kanabec,MN,Minnesota,2023,Crude prevalence,10.4,84.5,7.9,12.8,7.8,37.6,28.0,16.2,14.2,74.0,17.8,4.0,8.5
27067,Kandiyohi,MN,Minnesota,2023,Crude prevalence,10.1,84.9,6.6,12.3,7.2,40.6,25.4,14.9,12.7,75.8,14.4,3.7,10.0
27069,Kittson,MN,Minnesota,2023,Crude prevalence,9.9,87.2,7.1,12.5,8.2,34.0,25.9,14.4,13.0,77.5,14.3,4.0,7.0
27071,Koochiching,MN,Minnesota,2023,Crude prevalence,10.1,86.9,7.7,13.4,8.7,37.0,27.8,14.8,13.8,77.4,15.9,4.3,7.3
27073,Lac qui Parle,MN,Minnesota,2023,Crude prevalence,9.7,87.2,7.0,12.2,8.3,34.0,25.9,14.1,12.7,77.8,14.0,4.0,7.3
27075,Lake,MN,Minnesota,2023,Crude prevalence,9.8,87.5,7.4,12.5,8.4,35.4,25.5,14.4,13.4,76.6,15.1,4.2,7.2
27077,Lake of the Woods,MN,Minnesota,2023,Crude prevalence,9.9,87.6,7.3,12.9,8.1,36.2,25.8,14.3,13.2,77.7,15.3,4.0,7.0
27079,Le Sueur,MN,Minnesota,2023,Crude prevalence,9.8,85.7,5.8,10.9,6.5,35.3,22.4,14.8,11.9,75.3,14.3,3.3,7.7
27081,Lincoln,MN,Minnesota,2023,Crude prevalence,9.9,86.3,7.1,12.0,7.9,36.6,26.1,14.8,13.2,77.3,15.0,4.0,7.7
27083,Lyon,MN,Minnesota,2023,Crude prevalence,10.0,84.2,6.2,11.0,6.6,37.9,24.9,15.5,12.2,75.0,14.7,3.4,8.5
27085,McLeod,MN,Minnesota,2023,Crude prevalence,9.9,85.0,6.3,11.4,6.8,42.0,25.8,15.3,12.4,74.4,14.9,3.5,8.3
27087,Mahnomen,MN,Minnesota,2023,Crude prevalence,12.5,81.1,10.2,16.8,9.7,43.8,34.5,19.8,18.0,75.0,24.5,5.3,11.4
27089,Marshall,MN,Minnesota,2023,Crude prevalence,9.9,86.0,7.0,12.1,7.8,39.0,25.7,15.0,13.1,76.0,15.3,3.9,8.2
27091,Martin,MN,Minnesota,2023,Crude prevalence,9.9,85.8,7.5,13.0,8.3,36.3,28.7,15.0,13.6,76.5,15.6,4.1,8.4
27093,Meeker,MN,Minnesota,2023,Crude prevalence,9.9,85.5,6.8,12.2,7.4,37.1,26.1,15.4,12.6,76.1,15.6,3.7,7.8
27095,Mille Lacs,MN,Minnesota,2023,Crude prevalence,10.5,84.1,7.1,12.0,7.2,38.5,28.2,16.3,13.3,74.1,17.5,3.7,8.3
27097,Morrison,MN,Minnesota,2023,Crude prevalence,10.3,85.1,7.2,12.0,7.7,37.2,26.4,15.3,13.5,75.8,16.4,3.8,7.7
27099,Mower,MN,Minnesota,2023,Crude prevalence,9.9,83.5,6.7,11.8,7.0,37.9,28.6,15.8,12.8,74.3,15.8,3.7,10.6
27101,Murray,MN,Minnesota,2023,Crude prevalence,9.9,86.7,7.2,12.6,8.4,36.3,26.9,14.6,13.3,76.5,14.6,4.1,8.3
27103,Nicollet,MN,Minnesota,2023,Crude prevalence,10.1,83.7,5.5,9.8,6.0,33.2,23.2,15.9,11.4,73.1,13.7,3.1,7.3
27105,Nobles,MN,Minnesota,2023,Crude prevalence,9.5,82.0,7.3,13.5,7.7,38.6,33.7,15.7,14.4,73.4,16.7,4.0,16.5
27107,Norman,MN,Minnesota,2023,Crude prevalence,10.1,85.2,7.3,12.5,7.9,35.6,26.7,15.5,13.5,75.4,15.9,4.0,8.3
27109,Olmsted,MN,Minnesota,2023,Crude prevalence,9.7,85.9,4.7,9.5,5.5,36.4,21.3,13.8,10.4,73.1,11.2,2.8,6.7
27111,Otter Tail,MN,Minnesota,2023,Crude prevalence,10.0,86.8,7.2,12.1,8.1,34.3,25.9,14.7,13.2,76.5,15.3,4.0,7.5
27113,Pennington,MN,Minnesota,2023,Crude prevalence,10.3,84.6,6.3,11.2,6.8,40.2,24.8,16.3,12.7,75.1,15.4,3.5,7.9
27115,Pine,MN,Minnesota,2023,Crude prevalence,10.1,84.9,7.8,13.1,8.1,39.6,27.7,16.5,14.4,76.3,18.1,4.1,8.7
27117,Pipestone,MN,Minnesota,2023,Crude prevalence,10.2,84.9,7.5,12.7,7.9,38.5,28.0,15.7,13.8,76.2,16.5,4.1,9.1
27119,Polk,MN,Minnesota,2023,Crude prevalence,10.2,84.5,6.7,11.3,7.1,39.4,25.9,15.6,12.8,74.9,15.3,3.6,8.3
27121,Pope,MN,Minnesota,2023,Crude prevalence,10.0,86.8,7.1,12.2,8.1,38.9,25.1,14.7,13.2,77.7,14.6,4.0,7.2
27123,Ramsey,MN,Minnesota,2023,Crude prevalence,10.1,84.2,5.2,10.5,5.7,32.1,20.3,15.9,11.7,74.5,12.5,3.0,7.8
27125,Red Lake,MN,Minnesota,2023,Crude prevalence,10.1,86.0,6.8,12.0,7.7,38.6,26.6,15.3,13.1,76.6,15.5,3.8,7.6
27127,Redwood,MN,Minnesota,2023,Crude prevalence,10.2,84.9,7.4,12.8,7.9,36.5,26.2,15.9,13.6,75.5,16.3,4.1,8.5
27129,Renville,MN,Minnesota,2023,Crude prevalence,10.0,84.9,7.5,13.1,8.0,38.8,28.1,15.4,14.0,75.5,16.6,4.0,9.8
27131,Rice,MN,Minnesota,2023,Crude prevalence,9.9,83.0,5.5,10.1,6.0,37.5,25.5,15.8,11.8,74.8,13.9,3.1,8.7
27133,Rock,MN,Minnesota,2023,Crude prevalence,10.0,84.9,6.7,11.4,7.2,36.6,26.2,15.6,12.7,75.7,15.4,3.7,8.0
27135,Roseau,MN,Minnesota,2023,Crude prevalence,10.0,85.2,6.8,11.8,7.2,35.9,25.1,15.4,12.9,75.2,15.6,3.7,7.8
27137,St. Louis,MN,Minnesota,2023,Crude prevalence,10.5,84.4,6.5,11.2,7.0,35.2,23.5,16.5,12.8,74.9,15.2,3.5,6.8
27139,Scott,MN,Minnesota,2023,Crude prevalence,9.5,86.1,4.3,9.4,4.8,32.0,22.6,14.3,10.5,74.3,12.2,2.5,6.6
27141,Sherburne,MN,Minnesota,2023,Crude prevalence,9.8,84.4,4.9,9.0,5.0,39.0,23.2,16.0,11.0,71.9,14.2,2.6,7.1
27143,Sibley,MN,Minnesota,2023,Crude prevalence,9.9,84.8,6.7,11.5,7.2,38.8,27.4,15.6,13.1,74.9,15.7,3.6,9.0
27145,Stearns,MN,Minnesota,2023,Crude prevalence,10.3,82.4,5.8,10.1,6.1,36.0,23.1,16.6,11.9,74.3,14.0,3.2,7.9
27147,Steele,MN,Minnesota,2023,Crude prevalence,9.9,85.2,6.1,10.9,6.7,37.4,24.3,15.1,12.3,74.5,14.2,3.4,8.2
27149,Stevens,MN,Minnesota,2023,Crude prevalence,10.0,81.3,5.5,9.7,6.0,36.8,24.7,16.5,11.6,72.1,13.1,3.0,9.7
27151,Swift,MN,Minnesota,2023,Crude prevalence,10.0,85.2,7.8,13.2,8.6,38.4,28.2,15.4,13.8,76.3,16.6,4.3,9.1
27153,Todd,MN,Minnesota,2023,Crude prevalence,10.0,84.8,8.3,13.3,8.7,39.3,28.9,15.7,14.5,75.3,17.8,4.4,10.4
27155,Traverse,MN,Minnesota,2023,Crude prevalence,10.1,86.3,7.7,13.2,8.7,38.7,28.0,15.0,14.0,76.7,15.9,4.4,8.5
27157,Wabasha,MN,Minnesota,2023,Crude prevalence,9.9,87.1,6.5,11.6,7.4,37.5,23.8,14.5,12.4,76.9,13.9,3.7,7.0
27159,Wadena,MN,Minnesota,2023,Crude prevalence,10.6,84.0,7.8,12.7,7.9,38.4,29.3,16.8,14.1,74.8,17.2,4.1,8.8
27161,Waseca,MN,Minnesota,2023,Crude prevalence,10.3,84.5,6.5,11.4,6.8,39.1,26.4,16.2,12.7,75.0,15.4,3.5,8.9
27163,Washington,MN,Minnesota,2023,Crude prevalence,9.3,87.3,4.5,10.3,5.2,32.5,19.1,13.3,10.0,76.2,10.9,2.7,5.8
27165,Watonwan,MN,Minnesota,2023,Crude prevalence,9.6,84.7,6.9,12.9,7.6,36.8,29.5,15.0,13.8,75.7,14.9,3.9,13.4
27167,Wilkin,MN,Minnesota,2023,Crude prevalence,10.3,85.0,7.3,12.3,7.6,38.6,26.4,15.9,13.6,75.2,16.6,3.9,8.0
27169,Winona,MN,Minnesota,2023,Crude prevalence,10.3,81.5,5.8,9.8,6.1,33.8,22.5,16.6,11.5,72.8,13.0,3.1,7.3
27171,Wright,MN,Minnesota,2023,Crude prevalence,10.0,85.3,4.9,9.2,5.2,35.4,20.3,15.2,10.7,74.9,12.8,2.7,6.8
27173,Yellow Medicine,MN,Minnesota,2023,Crude prevalence,10.2,85.0,7.2,12.4,7.7,38.8,26.9,15.7,13.4,75.9,16.0,3.9,8.5
28001,Adams,MS,Mississippi,2023,Crude prevalence,10.3,86.0,11.0,20.6,9.7,41.2,41.6,17.4,17.1,83.1,20.2,6.3,15.2
28003,Alcorn,MS,Mississippi,2023,Crude prevalence,9.8,85.6,9.9,15.0,8.3,40.0,35.2,17.5,15.9,80.4,19.3,4.5,11.8
28005,Amite,MS,Mississippi,2023,Crude prevalence,10.2,87.5,12.2,20.6,10.9,45.0,41.5,17.2,18.0,83.5,20.4,6.5,12.6
28007,Attala,MS,Mississippi,2023,Crude prevalence,10.3,86.7,9.8,16.9,8.5,42.6,37.3,17.5,16.0,82.5,18.2,5.3,12.2
28009,Benton,MS,Mississippi,2023,Crude prevalence,10.1,86.4,10.2,17.4,8.8,42.4,36.7,17.5,16.5,81.7,19.4,5.2,12.7
28011,Bolivar,MS,Mississippi,2023,Crude prevalence,11.2,85.6,10.7,20.5,8.9,46.5,42.3,18.6,17.0,84.1,19.8,6.1,13.7
28013,Calhoun,MS,Mississippi,2023,Crude prevalence,10.2,85.6,11.4,18.2,9.5,41.1,37.6,18.0,17.6,81.3,20.1,5.6,14.0
28015,Carroll,MS,Mississippi,2023,Crude prevalence,9.8,86.6,11.3,18.6,10.3,40.0,38.9,16.7,17.1,82.4,19.4,5.9,13.0
28017,Chickasaw,MS,Mississippi,2023,Crude prevalence,10.4,85.4,10.6,18.4,8.8,43.3,38.9,18.1,17.0,81.3,19.9,5.6,14.0
28019,Choctaw,MS,Mississippi,2023,Crude prevalence,9.7,87.5,9.7,16.9,9.0,40.2,35.3,16.1,15.6,82.3,17.2,5.2,11.4
28021,Claiborne,MS,Mississippi,2023,Crude prevalence,11.4,83.9,9.8,20.4,8.5,47.8,41.5,19.4,16.4,84.0,18.7,6.1,13.9
28023,Clarke,MS,Mississippi,2023,Crude prevalence,10.1,87.0,10.6,17.8,9.3,38.6,35.7,17.4,16.8,82.6,19.0,5.5,11.7
28025,Clay,MS,Mississippi,2023,Crude prevalence,10.6,86.5,10.3,19.1,8.8,47.6,38.8,17.8,16.8,83.6,19.1,5.8,13.1
28027,Coahoma,MS,Mississippi,2023,Crude prevalence,11.4,85.0,11.1,21.8,9.1,46.4,42.8,19.2,17.8,84.2,21.1,6.5,15.1
28029,Copiah,MS,Mississippi,2023,Crude prevalence,10.3,86.4,9.7,18.2,8.5,41.8,37.3,17.5,16.0,82.8,17.8,5.4,12.3
28031,Covington,MS,Mississippi,2023,Crude prevalence,10.1,86.4,9.1,15.6,7.9,40.4,35.1,17.5,15.3,81.7,18.0,4.7,11.6
28033,DeSoto,MS,Mississippi,2023,Crude prevalence,9.7,87.6,6.2,12.4,5.6,37.3,27.9,16.4,12.4,81.1,13.9,3.4,9.7
28035,Forrest,MS,Mississippi,2023,Crude prevalence,10.0,84.1,7.4,13.1,6.2,35.8,29.8,18.4,13.7,80.0,15.2,3.8,10.8
28037,Franklin,MS,Mississippi,2023,Crude prevalence,10.2,86.5,11.3,18.5,9.7,40.4,38.2,17.5,17.1,82.3,20.0,5.7,12.1
28039,George,MS,Mississippi,2023,Crude prevalence,9.5,84.6,8.7,13.1,7.2,37.2,31.7,18.0,14.9,78.2,18.2,3.9,11.3
28041,Greene,MS,Mississippi,2023,Crude prevalence,9.3,83.6,8.8,14.0,7.4,41.9,33.7,17.8,15.0,78.5,19.2,4.2,13.4
28043,Grenada,MS,Mississippi,2023,Crude prevalence,10.3,86.2,9.9,17.6,8.5,46.1,37.0,17.5,16.0,81.3,18.5,5.3,12.3
28045,Hancock,MS,Mississippi,2023,Crude prevalence,9.2,88.0,8.8,14.3,8.2,37.3,31.2,16.0,14.8,81.1,15.7,4.3,9.7
28047,Harrison,MS,Mississippi,2023,Crude prevalence,9.6,86.2,8.0,14.1,7.2,36.5,35.0,17.3,14.4,81.3,16.3,4.0,11.1
28049,Hinds,MS,Mississippi,2023,Crude prevalence,10.6,87.2,7.7,17.0,7.0,44.0,34.7,17.2,14.2,83.5,15.9,4.9,11.1
28051,Holmes,MS,Mississippi,2023,Crude prevalence,11.5,84.2,11.6,23.3,9.4,50.7,45.0,19.5,18.1,84.2,22.4,7.0,15.6
28053,Humphreys,MS,Mississippi,2023,Crude prevalence,11.7,85.3,13.4,24.7,10.8,52.4,47.9,19.2,19.6,84.5,23.2,7.7,16.0
28055,Issaquena,MS,Mississippi,2023,Crude prevalence,9.7,78.3,9.5,16.4,7.8,45.3,41.0,19.2,16.2,77.8,21.6,5.1,21.3
28057,Itawamba,MS,Mississippi,2023,Crude prevalence,9.5,85.1,8.2,12.2,7.1,36.2,31.8,17.6,14.3,79.3,16.1,3.7,10.4
28059,Jackson,MS,Mississippi,2023,Crude prevalence,9.4,86.9,7.7,15.0,7.1,40.7,30.5,16.5,13.9,81.1,15.4,4.0,11.1
28061,Jasper,MS,Mississippi,2023,Crude prevalence,10.2,87.2,10.0,19.0,9.1,44.9,40.2,17.3,16.3,83.5,18.7,5.8,12.4
28063,Jefferson,MS,Mississippi,2023,Crude prevalence,11.2,86.2,11.5,23.6,9.8,51.5,45.0,18.3,18.0,84.8,21.5,7.2,15.0
28065,Jefferson Davis,MS,Mississippi,2023,Crude prevalence,10.7,87.5,11.6,21.8,10.3,45.4,41.6,17.4,17.5,84.6,20.0,6.8,12.9
28067,Jones,MS,Mississippi,2023,Crude prevalence,9.9,85.9,9.3,16.0,8.1,41.6,36.2,17.0,15.4,81.2,17.6,4.7,11.9
28069,Kemper,MS,Mississippi,2023,Crude prevalence,10.4,85.9,9.5,18.4,8.9,43.7,37.9,17.4,15.8,83.1,17.5,5.7,12.7
28071,Lafayette,MS,Mississippi,2023,Crude prevalence,9.5,83.5,6.2,10.9,5.4,34.4,26.6,17.3,12.0,79.2,12.9,3.1,9.2
28073,Lamar,MS,Mississippi,2023,Crude prevalence,9.3,87.0,7.1,12.4,6.4,38.7,29.4,16.2,13.0,81.2,14.8,3.6,9.5
28075,Lauderdale,MS,Mississippi,2023,Crude prevalence,10.3,86.7,9.7,16.7,8.4,42.1,35.7,17.5,15.8,82.2,18.5,5.2,12.0
28077,Lawrence,MS,Mississippi,2023,Crude prevalence,10.5,85.4,11.8,18.8,9.6,46.3,40.8,18.5,17.9,81.8,21.7,5.8,13.6
28079,Leake,MS,Mississippi,2023,Crude prevalence,10.4,85.9,9.7,17.0,8.3,42.8,38.1,17.9,16.5,81.6,19.3,5.1,13.6
28081,Lee,MS,Mississippi,2023,Crude prevalence,9.8,87.1,7.3,13.9,6.6,36.4,32.1,16.6,13.6,81.5,15.4,3.8,10.2
28083,Leflore,MS,Mississippi,2023,Crude prevalence,11.3,85.0,10.6,20.9,8.5,43.4,41.6,18.8,17.2,84.2,20.9,6.2,14.6
28085,Lincoln,MS,Mississippi,2023,Crude prevalence,9.9,86.4,9.2,15.7,7.8,40.5,34.9,17.4,15.4,80.7,18.0,4.6,11.1
28087,Lowndes,MS,Mississippi,2023,Crude prevalence,10.1,86.6,8.0,15.5,7.2,37.5,33.2,16.9,14.2,81.8,15.9,4.5,11.0
28089,Madison,MS,Mississippi,2023,Crude prevalence,9.3,89.1,5.8,12.4,5.7,36.3,26.3,14.6,11.4,82.4,12.0,3.4,8.1
28091,Marion,MS,Mississippi,2023,Crude prevalence,10.3,85.6,10.6,17.2,8.8,43.5,37.3,18.1,16.9,81.3,20.4,5.3,12.8
28093,Marshall,MS,Mississippi,2023,Crude prevalence,10.4,85.3,10.5,18.5,8.7,41.9,38.2,18.3,17.1,82.0,20.3,5.6,14.2
28095,Monroe,MS,Mississippi,2023,Crude prevalence,10.0,86.6,9.9,16.7,8.6,42.9,38.3,17.8,16.4,82.1,18.7,5.1,11.7
28097,Montgomery,MS,Mississippi,2023,Crude prevalence,10.3,86.7,11.4,19.6,10.0,43.5,40.1,17.5,17.4,83.2,19.4,6.1,12.8
28099,Neshoba,MS,Mississippi,2023,Crude prevalence,10.7,84.3,10.4,16.5,8.5,43.1,37.8,19.2,17.0,80.3,21.0,4.9,12.8
28101,Newton,MS,Mississippi,2023,Crude prevalence,10.2,85.1,9.4,15.7,8.0,40.9,34.3,18.3,15.7,80.7,18.4,4.8,11.7
28103,Noxubee,MS,Mississippi,2023,Crude prevalence,11.1,85.5,11.0,21.2,9.2,46.4,42.1,18.7,17.8,83.2,21.3,6.5,15.2
28105,Oktibbeha,MS,Mississippi,2023,Crude prevalence,9.8,80.1,6.2,10.9,5.3,34.5,27.5,18.5,11.8,78.3,12.4,3.2,10.1
28107,Panola,MS,Mississippi,2023,Crude prevalence,10.7,85.8,10.6,18.4,8.8,46.3,39.7,18.5,16.9,82.3,20.4,5.5,13.2
28109,Pearl River,MS,Mississippi,2023,Crude prevalence,9.6,86.1,9.3,14.4,8.1,38.0,33.0,17.2,15.5,80.5,17.6,4.4,11.2
28111,Perry,MS,Mississippi,2023,Crude prevalence,9.9,85.6,10.2,16.2,8.6,43.7,36.3,18.0,16.3,81.1,19.5,4.9,11.7
28113,Pike,MS,Mississippi,2023,Crude prevalence,10.8,85.5,10.5,18.9,8.7,46.0,38.7,18.6,16.7,83.4,20.3,5.7,13.5
28115,Pontotoc,MS,Mississippi,2023,Crude prevalence,9.8,85.1,8.6,13.8,7.2,38.9,34.2,17.9,15.0,79.0,17.7,4.0,12.4
28117,Prentiss,MS,Mississippi,2023,Crude prevalence,9.9,84.8,9.1,13.9,7.6,40.5,34.0,18.0,15.1,79.7,17.5,4.2,11.0
28119,Quitman,MS,Mississippi,2023,Crude prevalence,11.6,85.1,12.4,22.8,9.7,51.2,45.1,19.4,18.7,83.8,23.2,7.0,15.4
28121,Rankin,MS,Mississippi,2023,Crude prevalence,9.1,88.1,6.4,12.1,6.0,36.6,27.2,15.5,12.4,80.8,13.1,3.4,8.9
28123,Scott,MS,Mississippi,2023,Crude prevalence,10.4,84.8,10.5,18.3,8.6,43.4,40.9,18.7,17.5,80.7,20.6,5.4,16.5
28125,Sharkey,MS,Mississippi,2023,Crude prevalence,11.3,86.6,13.3,25.2,11.3,50.3,46.6,18.4,19.4,84.9,22.8,7.8,15.2
28127,Simpson,MS,Mississippi,2023,Crude prevalence,10.1,86.6,9.4,16.2,8.1,40.2,35.1,17.5,15.6,81.8,18.1,4.9,11.9
28129,Smith,MS,Mississippi,2023,Crude prevalence,10.2,85.8,11.0,16.9,9.3,43.6,37.6,17.9,16.8,81.4,19.8,5.3,12.5
28131,Stone,MS,Mississippi,2023,Crude prevalence,9.7,85.5,8.6,14.0,7.4,41.0,33.2,17.5,14.8,80.2,17.1,4.1,10.8
28133,Sunflower,MS,Mississippi,2023,Crude prevalence,10.8,83.3,10.1,19.3,8.1,48.6,41.8,18.9,16.8,82.5,21.4,5.8,16.2
28135,Tallahatchie,MS,Mississippi,2023,Crude prevalence,10.3,84.1,10.2,18.9,8.6,44.9,40.7,18.1,16.9,81.2,20.7,5.7,15.8
28137,Tate,MS,Mississippi,2023,Crude prevalence,9.8,85.6,8.1,14.2,7.1,36.1,32.8,17.3,14.6,80.4,16.4,4.1,11.1
28139,Tippah,MS,Mississippi,2023,Crude prevalence,9.8,84.9,9.8,15.3,8.1,43.3,35.9,18.2,16.0,80.4,18.7,4.6,12.4
28141,Tishomingo,MS,Mississippi,2023,Crude prevalence,9.7,85.7,10.7,15.0,9.0,39.5,35.2,17.5,16.8,80.3,19.0,4.7,11.6
28143,Tunica,MS,Mississippi,2023,Crude prevalence,11.7,84.1,11.2,21.4,8.5,51.0,45.1,20.3,18.0,83.3,23.5,6.3,16.1
28145,Union,MS,Mississippi,2023,Crude prevalence,9.8,85.0,9.3,14.1,7.7,41.6,33.5,17.9,15.8,79.4,18.5,4.3,12.8
28147,Walthall,MS,Mississippi,2023,Crude prevalence,10.3,86.3,10.4,17.8,9.0,43.1,37.7,17.7,16.8,82.2,19.3,5.5,13.0
28149,Warren,MS,Mississippi,2023,Crude prevalence,10.1,87.9,8.2,16.2,7.5,43.8,32.9,16.2,14.4,83.1,16.1,4.7,10.5
28151,Washington,MS,Mississippi,2023,Crude prevalence,11.3,86.1,11.1,21.0,9.1,44.2,40.8,18.3,17.4,83.4,20.7,6.5,14.4
28153,Wayne,MS,Mississippi,2023,Crude prevalence,10.5,85.4,10.7,17.8,9.0,44.2,38.0,18.3,17.0,81.6,20.2,5.5,13.2
28155,Webster,MS,Mississippi,2023,Crude prevalence,9.7,86.5,8.5,13.7,7.3,36.5,32.2,16.7,14.7,80.6,16.9,4.1,10.7
28157,Wilkinson,MS,Mississippi,2023,Crude prevalence,10.5,85.5,10.5,20.6,9.1,47.4,41.8,17.8,16.9,83.1,20.6,6.2,14.3
28159,Winston,MS,Mississippi,2023,Crude prevalence,10.3,86.2,11.0,19.5,9.6,41.7,37.9,17.7,16.8,83.4,19.8,5.9,13.1
28161,Yalobusha,MS,Mississippi,2023,Crude prevalence,10.3,86.2,11.4,19.0,9.6,40.1,39.8,17.8,17.4,82.2,20.7,5.8,13.2
28163,Yazoo,MS,Mississippi,2023,Crude prevalence,10.4,82.3,10.7,18.5,8.3,50.5,42.6,19.4,17.4,80.1,23.5,5.5,18.6
29001,Adair,MO,Missouri,2023,Crude prevalence,10.9,78.3,7.5,10.0,6.1,34.7,28.1,19.7,13.5,76.3,14.3,3.1,8.2
29003,Andrew,MO,Missouri,2023,Crude prevalence,10.3,85.8,8.1,11.6,7.1,36.0,27.3,16.5,14.2,78.5,15.4,3.6,7.7
29005,Atchison,MO,Missouri,2023,Crude prevalence,10.5,85.7,10.9,14.9,9.4,41.6,34.0,16.9,16.6,80.2,18.0,4.7,8.9
29007,Audrain,MO,Missouri,2023,Crude prevalence,11.2,83.0,10.7,14.1,8.3,40.0,34.8,19.3,17.1,78.9,20.2,4.4,10.0
29009,Barry,MO,Missouri,2023,Crude prevalence,10.7,83.7,11.3,15.0,9.2,37.8,36.6,18.1,17.7,78.3,20.2,4.7,12.0
29011,Barton,MO,Missouri,2023,Crude prevalence,11.2,82.6,12.2,15.2,9.5,40.7,35.8,19.1,18.3,78.6,21.6,4.9,10.9
29013,Bates,MO,Missouri,2023,Crude prevalence,10.9,83.1,10.7,13.8,8.5,41.2,34.0,18.9,16.8,78.2,20.5,4.4,10.1
29015,Benton,MO,Missouri,2023,Crude prevalence,10.6,87.1,12.4,16.7,10.9,38.9,34.7,16.3,18.0,81.8,19.3,5.4,9.2
29017,Bollinger,MO,Missouri,2023,Crude prevalence,10.8,83.9,11.2,14.1,8.9,39.3,34.7,18.4,17.3,79.1,20.6,4.6,9.9
29019,Boone,MO,Missouri,2023,Crude prevalence,10.4,81.3,6.0,9.5,5.2,29.8,23.8,17.3,11.9,76.6,12.2,2.7,7.5
29021,Buchanan,MO,Missouri,2023,Crude prevalence,10.9,82.8,9.3,13.0,7.6,42.9,32.7,18.4,15.6,77.9,18.6,3.9,10.6
29023,Butler,MO,Missouri,2023,Crude prevalence,11.6,81.9,11.8,15.3,9.0,41.1,37.7,20.2,18.5,78.4,22.1,4.8,11.3
29025,Caldwell,MO,Missouri,2023,Crude prevalence,10.7,84.1,9.8,13.0,8.1,38.9,32.6,17.9,16.0,78.5,18.5,4.1,9.2
29027,Callaway,MO,Missouri,2023,Crude prevalence,10.6,83.6,8.4,11.9,7.1,36.9,29.0,17.7,14.4,77.7,16.7,3.6,8.6
29029,Camden,MO,Missouri,2023,Crude prevalence,10.3,87.8,10.2,14.7,9.4,35.6,31.7,15.5,16.0,81.8,16.4,4.6,7.9
29031,Cape Girardeau,MO,Missouri,2023,Crude prevalence,10.5,83.3,7.7,11.2,6.6,34.7,28.4,17.9,13.9,78.7,14.9,3.4,8.2
29033,Carroll,MO,Missouri,2023,Crude prevalence,10.6,84.7,10.3,13.9,8.6,38.6,33.7,17.7,16.4,79.1,18.3,4.4,9.3
29035,Carter,MO,Missouri,2023,Crude prevalence,11.3,82.7,12.7,15.7,9.7,40.0,37.0,19.4,18.8,79.3,22.6,5.0,10.9
29037,Cass,MO,Missouri,2023,Crude prevalence,10.1,85.7,7.3,11.5,6.4,38.0,26.3,16.7,13.2,78.4,14.9,3.3,8.0
29039,Cedar,MO,Missouri,2023,Crude prevalence,10.9,83.7,12.2,15.6,9.9,39.8,35.3,18.3,18.0,79.3,20.3,5.0,10.2
29041,Chariton,MO,Missouri,2023,Crude prevalence,10.5,85.3,10.4,14.0,9.1,38.3,32.1,17.1,16.3,79.9,17.8,4.6,8.9
29043,Christian,MO,Missouri,2023,Crude prevalence,10.3,85.7,7.2,10.7,6.3,36.3,26.5,16.8,13.5,78.6,14.8,3.2,7.4
29045,Clark,MO,Missouri,2023,Crude prevalence,10.8,83.6,11.7,14.9,9.5,41.7,35.4,18.5,17.7,78.8,21.0,4.8,9.9
29047,Clay,MO,Missouri,2023,Crude prevalence,10.3,85.2,6.4,10.8,5.8,37.4,24.5,16.5,12.6,77.2,14.2,3.0,8.0
29049,Clinton,MO,Missouri,2023,Crude prevalence,10.4,85.1,8.6,12.0,7.5,39.5,30.3,17.3,15.0,78.3,17.0,3.8,8.2
29051,Cole,MO,Missouri,2023,Crude prevalence,10.2,85.5,7.1,11.0,6.3,36.6,27.4,16.4,13.1,79.2,13.9,3.3,7.6
29053,Cooper,MO,Missouri,2023,Crude prevalence,10.4,84.5,8.6,12.2,7.3,37.5,30.7,17.3,14.7,78.3,16.6,3.8,8.7
29055,Crawford,MO,Missouri,2023,Crude prevalence,10.9,83.5,11.0,14.1,8.7,41.9,33.7,18.5,17.0,78.6,20.3,4.4,10.2
29057,Dade,MO,Missouri,2023,Crude prevalence,11.0,84.7,12.2,16.0,10.0,40.7,35.2,18.1,18.1,80.1,20.9,5.1,9.6
29059,Dallas,MO,Missouri,2023,Crude prevalence,11.0,83.0,11.7,14.9,9.1,39.5,35.0,18.8,17.7,78.4,21.4,4.7,10.2
29061,Daviess,MO,Missouri,2023,Crude prevalence,10.9,83.5,11.2,14.2,9.1,38.4,33.8,18.2,17.0,78.6,19.6,4.6,10.1
29063,DeKalb,MO,Missouri,2023,Crude prevalence,10.4,84.3,9.0,12.5,7.8,38.9,30.3,17.2,15.3,78.5,17.4,4.0,9.3
29065,Dent,MO,Missouri,2023,Crude prevalence,10.8,84.2,11.2,14.6,9.2,39.5,34.1,17.9,17.3,79.4,19.9,4.7,9.8
29067,Douglas,MO,Missouri,2023,Crude prevalence,11.1,84.5,11.7,15.3,9.6,38.0,34.8,18.0,17.7,79.8,20.1,4.9,10.1
29069,Dunklin,MO,Missouri,2023,Crude prevalence,11.4,82.0,12.3,16.0,9.3,46.2,42.4,20.0,19.3,78.4,22.8,5.0,12.9
29071,Franklin,MO,Missouri,2023,Crude prevalence,10.4,85.2,8.5,12.2,7.3,39.6,29.4,17.1,14.8,78.9,16.4,3.7,8.1
29073,Gasconade,MO,Missouri,2023,Crude prevalence,10.6,85.6,10.0,13.5,8.6,39.3,30.5,17.2,15.9,79.8,17.6,4.3,8.4
29075,Gentry,MO,Missouri,2023,Crude prevalence,10.8,83.6,10.1,13.2,8.0,41.2,33.1,18.2,16.2,77.8,19.3,4.1,9.6
29077,Greene,MO,Missouri,2023,Crude prevalence,10.7,82.8,7.8,11.0,6.5,36.7,26.1,18.1,14.2,77.5,15.4,3.4,8.4
29079,Grundy,MO,Missouri,2023,Crude prevalence,10.8,83.5,11.2,14.3,9.2,39.0,34.9,18.2,17.3,79.1,19.4,4.7,10.2
29081,Harrison,MO,Missouri,2023,Crude prevalence,10.7,83.9,11.5,14.7,9.4,39.3,34.8,18.3,17.4,79.4,19.7,4.8,9.9
29083,Henry,MO,Missouri,2023,Crude prevalence,10.8,84.2,11.1,14.4,9.1,38.5,33.8,18.2,17.1,79.2,19.7,4.6,9.8
29085,Hickory,MO,Missouri,2023,Crude prevalence,11.1,85.8,16.0,19.7,13.1,43.0,41.1,17.9,21.0,82.1,23.2,6.7,10.7
29087,Holt,MO,Missouri,2023,Crude prevalence,10.4,85.6,10.3,14.1,9.1,36.6,33.3,16.8,16.1,80.0,17.6,4.5,8.7
29089,Howard,MO,Missouri,2023,Crude prevalence,10.6,83.5,8.5,12.0,7.3,34.8,29.2,17.6,14.5,78.6,15.7,3.7,8.2
29091,Howell,MO,Missouri,2023,Crude prevalence,11.2,82.2,12.0,14.9,9.1,36.8,34.4,19.3,17.9,78.4,21.6,4.8,10.8
29093,Iron,MO,Missouri,2023,Crude prevalence,10.9,83.8,11.5,15.0,9.3,42.3,35.3,18.5,17.8,79.3,20.5,4.7,10.0
29095,Jackson,MO,Missouri,2023,Crude prevalence,10.5,84.5,7.4,12.1,6.2,37.2,30.9,18.9,13.9,77.2,15.8,3.6,10.0
29097,Jasper,MO,Missouri,2023,Crude prevalence,10.8,82.1,9.2,12.8,7.2,40.0,32.4,19.2,15.7,77.0,18.5,3.8,10.9
29099,Jefferson,MO,Missouri,2023,Crude prevalence,10.5,84.9,7.9,11.2,6.6,40.3,27.7,17.4,14.0,78.7,16.5,3.3,7.9
29101,Johnson,MO,Missouri,2023,Crude prevalence,10.5,79.5,6.9,9.6,5.5,35.3,26.0,19.5,13.2,76.5,15.2,2.9,8.6
29103,Knox,MO,Missouri,2023,Crude prevalence,11.1,82.5,12.4,15.1,9.7,39.5,35.2,18.8,18.0,78.7,21.2,4.9,10.7
29105,Laclede,MO,Missouri,2023,Crude prevalence,11.1,82.2,11.1,14.0,8.6,38.5,34.6,19.2,17.2,78.2,21.1,4.5,10.7
29107,Lafayette,MO,Missouri,2023,Crude prevalence,10.5,85.0,8.5,11.8,7.2,37.0,28.9,17.4,14.6,78.0,16.5,3.7,8.6
29109,Lawrence,MO,Missouri,2023,Crude prevalence,10.9,82.2,10.7,13.7,8.4,40.1,35.3,19.0,17.1,77.8,20.4,4.3,11.6
29111,Lewis,MO,Missouri,2023,Crude prevalence,11.0,81.4,9.9,12.7,7.9,36.6,32.6,19.1,16.1,77.5,18.8,4.1,9.7
29113,Lincoln,MO,Missouri,2023,Crude prevalence,10.6,83.3,7.9,11.1,6.3,39.9,28.8,18.3,14.4,77.1,17.6,3.3,8.7
29115,Linn,MO,Missouri,2023,Crude prevalence,10.7,84.1,10.4,13.5,8.5,35.7,32.9,17.9,16.3,79.1,18.8,4.3,9.6
29117,Livingston,MO,Missouri,2023,Crude prevalence,11.0,83.6,9.7,12.6,7.8,39.4,32.3,18.9,16.0,78.5,18.7,4.1,9.5
29119,McDonald,MO,Missouri,2023,Crude prevalence,11.3,80.7,11.9,15.8,9.0,43.0,38.5,20.2,18.7,77.7,23.3,4.8,13.9
29121,Macon,MO,Missouri,2023,Crude prevalence,10.4,85.2,9.3,12.9,8.2,34.4,31.5,17.2,15.5,79.6,16.9,4.1,8.5
29123,Madison,MO,Missouri,2023,Crude prevalence,10.7,83.8,9.8,13.2,7.9,37.7,32.2,18.1,16.1,77.9,19.3,4.1,9.6
29125,Maries,MO,Missouri,2023,Crude prevalence,10.7,84.7,10.3,13.6,8.5,38.2,33.1,17.9,16.5,79.1,18.8,4.3,9.3
29127,Marion,MO,Missouri,2023,Crude prevalence,10.6,83.6,9.1,12.8,7.5,39.6,31.4,17.9,15.3,78.6,17.3,3.9,8.8
29129,Mercer,MO,Missouri,2023,Crude prevalence,10.8,84.3,11.8,15.6,9.8,41.1,35.7,18.0,17.6,79.7,20.0,4.9,10.5
29131,Miller,MO,Missouri,2023,Crude prevalence,10.7,84.0,9.9,13.2,8.2,37.5,31.5,18.1,16.0,78.8,18.6,4.1,9.2
29133,Mississippi,MO,Missouri,2023,Crude prevalence,11.6,81.3,12.3,16.7,9.2,47.6,41.4,19.9,18.7,79.1,23.6,5.2,12.8
29135,Moniteau,MO,Missouri,2023,Crude prevalence,10.4,83.1,8.7,11.9,7.1,39.2,30.7,18.1,15.2,77.1,18.0,3.7,10.3
29137,Monroe,MO,Missouri,2023,Crude prevalence,10.6,85.0,11.4,15.0,9.6,37.8,33.9,17.5,17.0,80.2,19.3,4.9,9.5
29139,Montgomery,MO,Missouri,2023,Crude prevalence,10.9,83.9,10.6,13.9,8.5,37.3,33.7,18.2,16.6,78.5,19.5,4.4,9.5
29141,Morgan,MO,Missouri,2023,Crude prevalence,10.9,83.7,12.5,15.8,10.1,38.2,36.9,18.3,18.5,78.4,21.1,5.1,11.1
29143,New Madrid,MO,Missouri,2023,Crude prevalence,11.5,83.2,11.9,16.1,9.1,43.2,39.0,19.3,18.2,78.8,21.4,5.1,11.2
29145,Newton,MO,Missouri,2023,Crude prevalence,10.7,83.7,9.5,13.4,7.9,38.8,31.4,18.1,15.8,78.6,17.9,4.1,10.0
29147,Nodaway,MO,Missouri,2023,Crude prevalence,10.6,79.8,7.7,10.6,6.7,36.1,27.8,19.0,13.8,77.4,14.7,3.3,8.2
29149,Oregon,MO,Missouri,2023,Crude prevalence,11.1,82.8,13.3,16.5,10.4,41.1,37.0,19.2,18.8,79.2,22.8,5.4,10.9
29151,Osage,MO,Missouri,2023,Crude prevalence,10.3,84.6,8.0,11.2,6.9,35.6,27.8,17.1,14.1,78.2,16.0,3.5,7.6
29153,Ozark,MO,Missouri,2023,Crude prevalence,11.2,84.8,14.9,18.3,12.0,42.5,39.2,18.4,20.3,80.7,23.1,6.1,11.2
29155,Pemiscot,MO,Missouri,2023,Crude prevalence,12.2,81.5,13.3,17.9,9.7,44.9,42.1,20.5,19.6,80.3,24.8,5.6,13.1
29157,Perry,MO,Missouri,2023,Crude prevalence,10.4,84.4,9.2,12.5,7.7,36.0,31.0,17.3,15.3,78.3,17.5,3.9,9.0
29159,Pettis,MO,Missouri,2023,Crude prevalence,10.7,83.4,9.0,12.6,7.4,36.1,32.1,18.1,15.7,78.2,17.9,3.9,10.6
29161,Phelps,MO,Missouri,2023,Crude prevalence,10.4,81.2,8.4,11.7,7.1,34.6,29.1,18.2,14.5,76.6,16.4,3.6,8.7
29163,Pike,MO,Missouri,2023,Crude prevalence,10.6,82.3,10.3,13.5,8.3,38.3,33.5,18.5,16.5,78.2,20.3,4.3,10.8
29165,Platte,MO,Missouri,2023,Crude prevalence,9.8,86.5,5.9,10.0,5.6,37.0,22.8,15.4,11.9,80.1,12.1,2.8,7.0
29167,Polk,MO,Missouri,2023,Crude prevalence,10.9,82.1,10.1,13.0,8.1,38.7,33.2,19.0,16.1,78.3,18.9,4.1,9.8
29169,Pulaski,MO,Missouri,2023,Crude prevalence,10.1,77.4,5.8,8.6,4.5,35.8,26.6,19.1,12.3,74.0,15.0,2.5,10.6
29171,Putnam,MO,Missouri,2023,Crude prevalence,10.4,85.5,9.9,13.6,8.7,35.0,31.5,17.1,15.9,80.4,17.1,4.3,8.6
29173,Ralls,MO,Missouri,2023,Crude prevalence,10.6,85.5,10.5,14.1,8.8,40.1,32.6,17.4,16.5,79.8,18.9,4.5,8.8
29175,Randolph,MO,Missouri,2023,Crude prevalence,10.9,82.5,9.6,12.7,7.6,37.7,31.9,18.8,15.9,77.3,19.4,4.0,9.8
29177,Ray,MO,Missouri,2023,Crude prevalence,10.7,84.3,9.6,13.3,7.9,39.6,33.2,18.0,15.9,78.1,18.7,4.0,9.1
29179,Reynolds,MO,Missouri,2023,Crude prevalence,11.0,83.7,12.7,15.9,10.2,41.2,36.7,18.4,18.6,79.1,21.8,5.2,10.7
29181,Ripley,MO,Missouri,2023,Crude prevalence,11.4,82.2,12.8,15.6,9.7,41.3,37.4,19.9,18.5,78.7,23.0,5.0,11.2
29183,St. Charles,MO,Missouri,2023,Crude prevalence,10.0,86.9,5.8,10.3,5.6,35.7,23.2,15.1,11.9,78.2,12.2,2.8,6.4
29185,St. Clair,MO,Missouri,2023,Crude prevalence,10.8,84.7,12.5,16.2,10.5,37.6,36.9,17.9,18.5,79.9,20.9,5.3,10.2
29186,Ste. Genevieve,MO,Missouri,2023,Crude prevalence,10.4,85.0,9.1,12.5,7.9,37.2,30.2,17.1,15.2,79.0,17.1,3.9,8.4
29187,St. Francois,MO,Missouri,2023,Crude prevalence,10.8,81.7,10.1,12.9,7.7,40.3,34.4,19.3,16.6,77.2,20.7,4.0,10.5
29189,St. Louis,MO,Missouri,2023,Crude prevalence,10.6,86.8,6.5,11.5,6.1,31.3,25.4,15.9,12.6,79.5,13.2,3.4,7.0
29195,Saline,MO,Missouri,2023,Crude prevalence,10.5,82.1,8.2,12.4,7.1,37.7,31.8,18.0,14.8,77.4,16.2,3.7,10.7
29197,Schuyler,MO,Missouri,2023,Crude prevalence,10.4,84.3,8.9,12.2,7.6,38.8,31.2,17.8,15.3,78.2,17.3,3.9,8.5
29199,Scotland,MO,Missouri,2023,Crude prevalence,10.8,82.2,10.4,12.8,8.4,37.1,33.3,18.5,16.5,77.8,19.1,4.3,10.7
29201,Scott,MO,Missouri,2023,Crude prevalence,11.0,83.5,9.9,13.4,7.8,38.1,36.3,18.2,15.9,79.2,19.2,4.2,9.8
29203,Shannon,MO,Missouri,2023,Crude prevalence,10.9,84.5,11.7,15.2,9.5,37.0,34.6,18.1,17.6,79.4,20.7,4.9,10.1
29205,Shelby,MO,Missouri,2023,Crude prevalence,10.8,83.2,11.8,14.9,9.6,40.3,34.9,18.4,17.6,78.5,20.5,4.8,10.0
29207,Stoddard,MO,Missouri,2023,Crude prevalence,10.9,82.6,11.4,14.2,8.8,37.6,35.2,19.0,17.5,77.0,21.6,4.6,10.8
29209,Stone,MO,Missouri,2023,Crude prevalence,10.4,87.8,11.3,15.6,10.2,41.1,32.9,15.9,16.9,82.0,17.3,5.0,8.4
29211,Sullivan,MO,Missouri,2023,Crude prevalence,10.4,83.8,10.3,15.1,8.9,40.1,35.4,17.7,17.1,78.8,18.7,4.5,13.2
29213,Taney,MO,Missouri,2023,Crude prevalence,10.7,84.4,9.5,13.3,8.3,35.7,31.0,17.5,15.9,78.8,16.8,4.2,9.5
29215,Texas,MO,Missouri,2023,Crude prevalence,10.9,82.4,12.2,15.8,9.6,42.1,36.5,19.1,18.1,78.9,21.7,4.9,11.2
29217,Vernon,MO,Missouri,2023,Crude prevalence,11.1,82.9,11.3,14.3,9.0,37.8,34.4,19.0,17.4,78.7,20.5,4.6,10.1
29219,Warren,MO,Missouri,2023,Crude prevalence,10.5,84.4,8.7,12.3,7.3,39.0,31.1,17.8,15.1,77.9,17.1,3.7,8.9
29221,Washington,MO,Missouri,2023,Crude prevalence,11.2,81.7,11.9,14.8,8.8,41.9,35.3,19.8,17.8,77.8,22.9,4.6,11.0
29223,Wayne,MO,Missouri,2023,Crude prevalence,11.3,83.4,14.3,17.4,11.1,41.5,39.1,19.1,20.0,79.2,23.9,5.7,11.4
29225,Webster,MO,Missouri,2023,Crude prevalence,10.8,82.4,9.4,12.2,7.4,41.7,31.1,19.0,15.8,77.3,19.4,3.8,9.7
29227,Worth,MO,Missouri,2023,Crude prevalence,10.6,85.1,11.7,15.5,9.9,40.2,35.1,17.5,17.3,80.0,19.2,5.0,9.3
29229,Wright,MO,Missouri,2023,Crude prevalence,11.2,81.9,12.6,15.5,9.5,42.2,38.2,19.8,18.6,78.6,23.0,5.0,11.5
29510,St. Louis,MO,Missouri,2023,Crude prevalence,11.7,84.2,7.4,13.3,6.1,37.0,27.0,18.2,13.7,80.5,16.5,3.9,9.2
30001,Beaverhead,MT,Montana,2023,Crude prevalence,10.9,82.0,7.5,10.5,7.4,28.3,21.0,16.9,14.0,72.8,13.1,3.8,9.5
30003,Big Horn,MT,Montana,2023,Crude prevalence,14.1,77.2,10.0,15.1,8.3,35.5,28.3,22.2,19.1,70.2,24.7,5.0,14.1
30005,Blaine,MT,Montana,2023,Crude prevalence,13.2,79.8,9.3,14.3,8.3,41.1,27.6,19.8,18.1,70.7,20.8,4.7,11.9
30007,Broadwater,MT,Montana,2023,Crude prevalence,10.9,84.5,7.5,10.4,7.2,30.7,21.6,16.3,14.2,72.5,13.9,3.7,9.2
30009,Carbon,MT,Montana,2023,Crude prevalence,10.9,86.1,8.0,11.8,8.0,33.0,22.2,15.3,14.6,74.9,13.4,4.1,8.5
30011,Carter,MT,Montana,2023,Crude prevalence,11.1,85.1,9.5,12.3,9.2,32.9,24.9,16.3,16.1,74.7,15.0,4.7,9.5
30013,Cascade,MT,Montana,2023,Crude prevalence,12.3,81.9,7.5,10.4,6.7,35.3,23.5,18.8,15.1,74.1,14.4,3.6,10.0
30015,Chouteau,MT,Montana,2023,Crude prevalence,11.8,82.8,8.5,12.2,7.9,35.6,24.3,17.8,16.0,73.6,16.6,4.2,10.3
30017,Custer,MT,Montana,2023,Crude prevalence,11.0,82.6,7.4,10.5,6.8,32.6,23.6,16.9,14.1,72.2,14.5,3.6,9.1
30019,Daniels,MT,Montana,2023,Crude prevalence,10.8,84.8,7.9,11.2,8.1,33.5,22.6,15.9,14.6,73.9,13.3,4.1,9.1
30021,Dawson,MT,Montana,2023,Crude prevalence,10.8,83.3,7.0,10.1,6.8,32.8,22.5,16.8,13.9,70.6,13.5,3.5,9.0
30023,Deer Lodge,MT,Montana,2023,Crude prevalence,11.3,82.6,9.8,12.9,8.8,32.4,25.2,17.3,16.6,72.6,17.0,4.6,10.7
30025,Fallon,MT,Montana,2023,Crude prevalence,11.1,82.5,7.4,10.2,6.8,31.4,23.3,17.6,14.2,70.6,14.3,3.6,9.1
30027,Fergus,MT,Montana,2023,Crude prevalence,11.1,83.9,8.5,11.4,8.0,31.2,23.8,16.4,15.1,73.8,14.6,4.2,9.4
30029,Flathead,MT,Montana,2023,Crude prevalence,10.7,83.4,7.0,9.3,6.5,31.2,19.3,15.8,13.6,71.1,12.8,3.4,9.0
30031,Gallatin,MT,Montana,2023,Crude prevalence,10.7,79.9,4.5,6.7,4.3,23.0,13.9,16.7,10.8,68.0,9.7,2.3,8.3
30033,Garfield,MT,Montana,2023,Crude prevalence,11.1,84.0,8.6,11.5,8.3,30.6,24.6,16.9,15.3,73.5,14.8,4.3,9.3
30035,Glacier,MT,Montana,2023,Crude prevalence,14.6,76.3,10.8,15.5,8.5,39.7,32.2,23.2,20.7,68.7,26.5,5.3,14.3
30037,Golden Valley,MT,Montana,2023,Crude prevalence,11.3,85.7,11.1,14.7,10.6,32.5,28.0,16.3,17.8,76.3,16.1,5.4,11.0
30039,Granite,MT,Montana,2023,Crude prevalence,10.9,85.1,9.0,12.3,9.0,30.4,24.2,15.6,15.6,75.0,14.3,4.6,9.7
30041,Hill,MT,Montana,2023,Crude prevalence,12.2,79.1,8.5,12.1,7.5,38.5,25.3,20.2,16.6,71.6,18.2,4.0,11.5
30043,Jefferson,MT,Montana,2023,Crude prevalence,10.9,85.5,7.0,10.3,6.7,32.8,21.3,15.4,13.6,73.2,12.7,3.5,8.1
30045,Judith Basin,MT,Montana,2023,Crude prevalence,11.0,84.9,9.4,12.9,9.2,31.5,25.0,16.1,15.9,74.9,14.9,4.7,9.3
30047,Lake,MT,Montana,2023,Crude prevalence,12.0,83.3,8.8,12.2,8.3,33.0,23.7,17.5,16.0,74.9,15.5,4.5,10.2
30049,Lewis and Clark,MT,Montana,2023,Crude prevalence,11.2,84.5,6.3,9.3,6.0,31.0,18.3,16.6,13.4,74.7,12.0,3.2,8.1
30051,Liberty,MT,Montana,2023,Crude prevalence,11.9,81.8,10.9,13.1,9.6,34.0,27.9,18.2,17.7,73.3,17.7,5.1,11.8
30053,Lincoln,MT,Montana,2023,Crude prevalence,11.4,84.6,10.7,14.0,9.9,37.8,27.0,16.9,17.5,76.0,16.7,5.1,10.7
30055,McCone,MT,Montana,2023,Crude prevalence,10.7,85.7,7.8,11.1,8.1,32.4,22.6,15.5,14.5,74.0,12.7,4.1,8.4
30057,Madison,MT,Montana,2023,Crude prevalence,10.5,86.4,7.3,10.6,7.7,28.7,19.4,15.0,13.8,74.4,12.2,3.8,8.7
30059,Meagher,MT,Montana,2023,Crude prevalence,10.8,86.3,8.9,12.5,9.1,32.3,23.7,15.0,15.3,76.3,13.3,4.6,8.8
30061,Mineral,MT,Montana,2023,Crude prevalence,11.1,85.4,9.3,12.8,9.1,36.0,25.0,16.0,16.0,74.4,15.0,4.6,9.7
30063,Missoula,MT,Montana,2023,Crude prevalence,10.7,80.7,5.4,8.3,5.2,26.2,16.5,17.6,11.9,70.7,11.5,2.8,8.5
30065,Musselshell,MT,Montana,2023,Crude prevalence,11.2,84.4,9.2,12.7,8.6,35.6,26.7,16.5,16.1,73.9,15.4,4.5,10.4
30067,Park,MT,Montana,2023,Crude prevalence,10.7,84.9,7.6,10.5,7.3,30.4,22.2,15.8,14.2,72.9,13.5,3.7,8.2
30069,Petroleum,MT,Montana,2023,Crude prevalence,10.5,86.6,8.6,12.4,9.0,32.9,23.8,14.9,15.2,75.0,13.9,4.5,8.5
30071,Phillips,MT,Montana,2023,Crude prevalence,11.2,83.8,8.6,12.0,8.2,38.8,24.8,17.1,15.4,73.5,15.1,4.3,9.3
30073,Pondera,MT,Montana,2023,Crude prevalence,12.3,81.6,10.3,13.6,8.9,37.2,29.1,18.8,17.7,72.0,19.1,4.9,11.7
30075,Powder River,MT,Montana,2023,Crude prevalence,10.7,86.0,8.3,11.9,8.4,30.4,22.2,15.3,14.9,74.9,13.3,4.2,9.2
30077,Powell,MT,Montana,2023,Crude prevalence,10.4,80.7,8.1,11.3,7.6,35.8,25.1,17.0,15.1,70.6,16.9,3.9,11.2
30079,Prairie,MT,Montana,2023,Crude prevalence,11.2,86.1,12.8,16.2,12.3,33.5,30.9,16.0,18.9,76.8,17.5,6.3,12.2
30081,Ravalli,MT,Montana,2023,Crude prevalence,10.5,85.7,7.6,10.4,7.5,31.9,20.4,15.3,14.7,73.9,12.7,3.8,9.1
30083,Richland,MT,Montana,2023,Crude prevalence,10.7,82.4,6.4,9.2,6.2,37.9,23.3,16.7,13.4,70.2,13.8,3.2,9.3
30085,Roosevelt,MT,Montana,2023,Crude prevalence,14.2,76.2,9.6,14.1,7.5,41.0,29.4,22.5,18.9,68.9,23.4,4.6,12.9
30087,Rosebud,MT,Montana,2023,Crude prevalence,12.9,79.6,9.5,13.6,8.2,39.5,27.4,20.2,17.5,71.0,20.2,4.6,12.2
30089,Sanders,MT,Montana,2023,Crude prevalence,11.0,85.0,10.8,13.7,10.2,34.9,26.2,16.3,17.4,73.5,16.6,5.2,10.5
30091,Sheridan,MT,Montana,2023,Crude prevalence,11.1,84.3,8.3,11.5,7.9,35.5,23.7,16.4,15.1,73.9,14.7,4.1,9.9
30093,Silver Bow,MT,Montana,2023,Crude prevalence,11.1,81.0,7.6,10.2,6.8,32.3,22.0,18.5,14.9,71.4,14.1,3.6,10.0
30095,Stillwater,MT,Montana,2023,Crude prevalence,10.8,85.3,7.5,10.8,7.3,30.2,21.0,15.4,13.9,73.9,12.9,3.8,8.7
30097,Sweet Grass,MT,Montana,2023,Crude prevalence,10.7,85.5,7.7,10.9,7.9,29.4,22.0,15.6,14.4,73.9,13.0,4.0,8.6
30099,Teton,MT,Montana,2023,Crude prevalence,11.1,83.4,8.1,11.0,7.8,30.9,24.0,17.0,14.8,72.1,14.1,4.1,9.5
30101,Toole,MT,Montana,2023,Crude prevalence,11.0,78.0,8.8,11.5,7.5,35.6,26.7,18.8,15.7,68.0,19.3,4.0,13.2
30103,Treasure,MT,Montana,2023,Crude prevalence,10.6,86.3,8.7,12.5,9.2,33.2,23.6,14.8,15.1,75.8,13.1,4.6,9.0
30105,Valley,MT,Montana,2023,Crude prevalence,11.3,84.0,8.4,11.6,8.2,32.7,24.6,17.0,15.7,74.0,14.1,4.3,9.3
30107,Wheatland,MT,Montana,2023,Crude prevalence,11.5,82.4,10.0,13.0,9.1,32.0,26.8,17.7,16.9,72.8,17.0,4.7,11.7
30109,Wibaux,MT,Montana,2023,Crude prevalence,11.0,84.1,8.4,11.6,8.2,32.5,24.1,16.7,15.2,73.5,14.4,4.2,9.3
30111,Yellowstone,MT,Montana,2023,Crude prevalence,10.7,83.2,6.4,9.5,6.0,34.0,20.8,17.6,13.6,74.8,13.9,3.2,9.0
31001,Adams,NE,Nebraska,2023,Crude prevalence,9.2,83.7,7.0,11.8,7.1,41.2,26.9,14.0,12.4,77.3,13.6,3.4,9.8
31003,Antelope,NE,Nebraska,2023,Crude prevalence,9.2,85.2,8.1,12.9,8.2,42.4,28.5,13.4,13.1,78.3,14.4,4.0,8.7
31005,Arthur,NE,Nebraska,2023,Crude prevalence,9.3,84.9,7.5,12.1,8.0,41.7,26.6,13.7,12.6,77.3,13.6,3.9,7.3
31007,Banner,NE,Nebraska,2023,Crude prevalence,9.1,88.0,7.5,13.1,8.2,38.5,27.2,12.3,12.9,79.3,12.8,3.9,8.9
31009,Blaine,NE,Nebraska,2023,Crude prevalence,9.4,86.3,8.1,13.3,8.3,39.3,29.2,13.7,13.5,77.5,15.1,4.0,7.9
31011,Boone,NE,Nebraska,2023,Crude prevalence,8.9,85.4,8.0,12.7,8.2,33.1,29.4,13.2,13.1,77.4,14.8,4.1,9.2
31013,Box Butte,NE,Nebraska,2023,Crude prevalence,9.2,84.2,7.6,13.0,7.7,38.8,30.4,14.1,13.5,75.5,14.8,3.8,10.8
31015,Boyd,NE,Nebraska,2023,Crude prevalence,9.0,86.6,9.3,14.8,9.8,37.9,30.5,12.8,14.2,79.6,14.7,4.8,8.4
31017,Brown,NE,Nebraska,2023,Crude prevalence,9.3,84.9,8.4,13.2,8.5,40.2,29.2,13.7,13.8,77.0,14.7,4.2,10.0
31019,Buffalo,NE,Nebraska,2023,Crude prevalence,9.2,81.7,5.8,9.6,5.9,37.3,23.7,14.7,11.6,74.9,12.2,2.9,9.2
31021,Burt,NE,Nebraska,2023,Crude prevalence,9.2,85.2,8.1,13.1,8.3,40.3,29.1,13.7,13.2,77.6,15.2,4.1,8.7
31023,Butler,NE,Nebraska,2023,Crude prevalence,9.2,84.9,7.0,11.3,7.1,38.6,27.3,13.5,12.3,76.4,14.1,3.5,8.8
31025,Cass,NE,Nebraska,2023,Crude prevalence,9.2,85.6,6.2,10.8,6.4,40.2,25.2,13.4,11.7,77.9,13.0,3.2,7.5
31027,Cedar,NE,Nebraska,2023,Crude prevalence,9.0,85.6,6.9,11.3,7.3,40.2,25.4,13.0,11.8,76.4,12.5,3.6,7.5
31029,Chase,NE,Nebraska,2023,Crude prevalence,9.1,85.2,7.7,12.7,8.1,36.9,30.0,13.1,13.1,76.6,14.0,4.0,11.2
31031,Cherry,NE,Nebraska,2023,Crude prevalence,9.5,84.7,8.1,13.1,8.2,40.8,28.4,14.0,13.6,76.1,15.4,4.1,8.6
31033,Cheyenne,NE,Nebraska,2023,Crude prevalence,9.3,84.3,8.0,12.9,7.9,34.7,29.9,14.1,13.5,76.3,15.1,4.0,9.6
31035,Clay,NE,Nebraska,2023,Crude prevalence,9.2,84.6,7.2,11.8,7.3,40.1,27.6,13.7,12.8,76.5,14.9,3.6,9.6
31037,Colfax,NE,Nebraska,2023,Crude prevalence,8.5,81.3,6.5,13.2,6.6,38.8,32.3,13.5,13.3,72.5,14.4,3.5,19.8
31039,Cuming,NE,Nebraska,2023,Crude prevalence,8.9,84.7,7.3,12.1,7.7,40.4,28.4,13.5,12.8,77.0,13.5,3.8,10.1
31041,Custer,NE,Nebraska,2023,Crude prevalence,9.2,85.0,7.5,12.2,7.7,40.0,28.3,13.6,12.4,77.0,14.1,3.8,8.3
31043,Dakota,NE,Nebraska,2023,Crude prevalence,8.9,81.2,6.3,12.8,6.3,44.3,32.9,14.3,12.7,74.7,14.7,3.3,17.5
31045,Dawes,NE,Nebraska,2023,Crude prevalence,9.4,81.4,6.3,10.6,6.5,35.5,25.7,14.7,11.7,74.5,12.3,3.2,7.8
31047,Dawson,NE,Nebraska,2023,Crude prevalence,8.7,81.7,6.9,13.5,7.0,41.1,32.8,13.7,13.3,73.3,15.0,3.6,18.0
31049,Deuel,NE,Nebraska,2023,Crude prevalence,9.3,87.3,8.5,14.2,9.1,39.8,29.4,13.0,14.1,79.3,14.6,4.4,9.1
31051,Dixon,NE,Nebraska,2023,Crude prevalence,9.0,84.1,8.1,13.2,8.3,43.3,31.3,13.4,13.5,76.2,15.3,4.1,12.0
31053,Dodge,NE,Nebraska,2023,Crude prevalence,9.1,82.9,7.2,11.9,7.0,39.7,28.4,13.7,13.0,75.6,15.0,3.6,12.2
31055,Douglas,NE,Nebraska,2023,Crude prevalence,8.7,83.9,5.6,9.8,5.3,36.9,22.1,14.6,11.1,75.5,13.4,2.9,10.3
31057,Dundy,NE,Nebraska,2023,Crude prevalence,9.3,86.6,8.6,14.2,9.0,37.0,29.6,13.1,13.9,79.2,14.3,4.4,9.2
31059,Fillmore,NE,Nebraska,2023,Crude prevalence,9.3,86.0,7.3,12.3,7.6,42.1,28.6,13.1,12.8,78.3,14.0,3.7,8.1
31061,Franklin,NE,Nebraska,2023,Crude prevalence,9.4,85.6,9.2,14.2,9.5,39.2,30.7,13.9,14.3,78.4,15.9,4.6,8.9
31063,Frontier,NE,Nebraska,2023,Crude prevalence,9.2,84.6,7.4,11.9,7.9,37.4,26.7,13.5,12.6,77.3,13.0,3.8,8.1
31065,Furnas,NE,Nebraska,2023,Crude prevalence,9.4,85.1,8.5,13.5,8.7,44.4,29.1,13.6,13.7,78.0,14.9,4.2,9.5
31067,Gage,NE,Nebraska,2023,Crude prevalence,9.4,84.6,8.1,12.6,7.9,41.8,28.7,14.3,13.8,78.2,15.8,3.9,8.9
31069,Garden,NE,Nebraska,2023,Crude prevalence,9.4,86.7,9.9,15.5,10.2,40.2,32.6,13.4,15.1,79.1,15.9,5.0,9.2
31071,Garfield,NE,Nebraska,2023,Crude prevalence,9.0,86.8,7.5,12.3,8.4,38.8,26.7,12.5,12.5,78.6,12.4,4.0,7.2
31073,Gosper,NE,Nebraska,2023,Crude prevalence,9.0,86.8,7.2,12.4,8.0,38.4,26.5,12.8,12.6,78.1,13.2,3.8,8.0
31075,Grant,NE,Nebraska,2023,Crude prevalence,9.1,86.4,7.3,12.1,7.8,36.5,25.9,12.9,12.4,77.7,13.3,3.8,7.3
31077,Greeley,NE,Nebraska,2023,Crude prevalence,9.0,85.1,8.0,12.6,8.3,34.7,28.5,13.5,13.2,76.5,14.3,4.1,8.9
31079,Hall,NE,Nebraska,2023,Crude prevalence,8.8,82.1,6.9,12.0,6.7,41.2,31.2,14.0,13.1,74.1,14.6,3.5,16.1
31081,Hamilton,NE,Nebraska,2023,Crude prevalence,9.2,85.6,6.4,10.5,6.8,40.7,24.7,13.4,11.6,77.4,12.5,3.3,7.5
31083,Harlan,NE,Nebraska,2023,Crude prevalence,9.1,86.6,8.0,13.0,8.5,35.4,29.3,13.1,13.3,78.4,14.0,4.1,8.2
31085,Hayes,NE,Nebraska,2023,Crude prevalence,8.9,86.4,8.7,14.1,9.5,41.0,31.2,12.9,14.0,78.6,14.4,4.5,9.6
31087,Hitchcock,NE,Nebraska,2023,Crude prevalence,9.3,85.6,8.5,13.4,8.7,41.6,29.8,13.7,13.7,77.9,14.8,4.3,8.8
31089,Holt,NE,Nebraska,2023,Crude prevalence,9.2,85.0,8.1,12.9,8.2,38.4,29.4,13.3,13.2,77.3,14.3,4.0,9.2
31091,Hooker,NE,Nebraska,2023,Crude prevalence,9.2,86.1,8.3,13.3,8.6,39.7,29.0,13.4,13.5,78.3,14.6,4.3,8.3
31093,Howard,NE,Nebraska,2023,Crude prevalence,9.1,85.5,7.0,11.5,7.3,38.6,27.6,13.4,12.5,77.6,13.7,3.6,7.8
31095,Jefferson,NE,Nebraska,2023,Crude prevalence,9.2,85.7,7.7,13.4,8.1,37.4,29.4,13.6,13.2,77.6,14.6,4.0,8.8
31097,Johnson,NE,Nebraska,2023,Crude prevalence,8.5,82.1,6.9,11.6,6.8,38.1,30.3,13.7,12.5,73.0,15.6,3.5,12.3
31099,Kearney,NE,Nebraska,2023,Crude prevalence,9.0,85.9,6.2,10.8,6.7,38.3,24.8,12.8,11.4,76.6,12.4,3.3,7.8
31101,Keith,NE,Nebraska,2023,Crude prevalence,9.0,86.4,8.0,13.2,8.5,35.4,31.1,12.9,13.8,76.9,14.0,4.2,9.4
31103,Keya Paha,NE,Nebraska,2023,Crude prevalence,8.9,86.3,9.0,14.2,10.1,36.6,30.1,12.6,13.9,78.8,13.9,4.8,8.9
31105,Kimball,NE,Nebraska,2023,Crude prevalence,9.5,85.1,9.8,15.2,9.7,42.1,34.1,14.0,15.4,77.8,17.0,4.9,11.6
31107,Knox,NE,Nebraska,2023,Crude prevalence,9.5,85.1,9.0,14.1,8.9,39.8,29.9,14.1,14.2,78.2,16.0,4.5,8.9
31109,Lancaster,NE,Nebraska,2023,Crude prevalence,9.2,82.4,5.5,9.6,5.5,34.4,20.2,14.5,10.3,75.7,11.7,2.8,8.7
31111,Lincoln,NE,Nebraska,2023,Crude prevalence,9.7,84.1,8.0,12.9,8.0,40.1,29.4,14.5,13.6,76.1,15.1,4.0,10.0
31113,Logan,NE,Nebraska,2023,Crude prevalence,8.9,87.5,7.1,12.0,7.8,35.9,26.4,12.4,12.1,78.7,12.5,3.8,7.1
31115,Loup,NE,Nebraska,2023,Crude prevalence,8.8,87.7,7.8,13.5,8.7,36.4,27.2,12.2,12.7,79.7,12.7,4.2,7.0
31117,McPherson,NE,Nebraska,2023,Crude prevalence,9.2,87.4,8.2,13.3,9.2,38.5,28.6,12.7,13.3,79.9,13.2,4.4,6.9
31119,Madison,NE,Nebraska,2023,Crude prevalence,9.4,83.5,6.7,11.8,6.7,40.0,27.7,14.0,12.2,75.1,14.4,3.4,10.7
31121,Merrick,NE,Nebraska,2023,Crude prevalence,9.2,84.6,7.4,11.7,7.5,39.3,28.8,14.2,13.2,76.2,15.0,3.7,9.3
31123,Morrill,NE,Nebraska,2023,Crude prevalence,9.2,83.9,8.4,13.3,8.3,41.6,32.1,14.0,14.0,76.4,15.9,4.2,11.8
31125,Nance,NE,Nebraska,2023,Crude prevalence,9.5,84.0,8.4,12.7,7.8,41.0,28.6,14.7,13.6,76.5,16.5,3.9,8.7
31127,Nemaha,NE,Nebraska,2023,Crude prevalence,9.5,82.2,7.6,11.7,7.4,40.7,29.6,14.8,12.8,75.4,14.8,3.7,9.1
31129,Nuckolls,NE,Nebraska,2023,Crude prevalence,9.0,86.5,7.9,12.7,8.4,41.8,27.8,12.8,13.0,78.8,13.5,4.1,8.4
31131,Otoe,NE,Nebraska,2023,Crude prevalence,9.2,85.2,6.8,11.9,7.0,40.7,27.3,13.6,12.6,77.6,13.4,3.4,9.0
31133,Pawnee,NE,Nebraska,2023,Crude prevalence,9.5,85.3,9.8,14.4,9.9,37.5,33.2,13.7,14.9,78.1,15.7,4.9,9.6
31135,Perkins,NE,Nebraska,2023,Crude prevalence,9.1,85.3,7.3,11.9,7.6,40.6,26.7,13.3,12.5,77.2,13.8,3.7,8.9
31137,Phelps,NE,Nebraska,2023,Crude prevalence,9.2,84.0,7.3,11.5,7.3,38.6,27.2,14.1,13.0,75.7,14.5,3.7,9.3
31139,Pierce,NE,Nebraska,2023,Crude prevalence,9.1,84.8,6.8,10.9,7.0,38.9,26.9,13.7,12.2,76.4,13.7,3.5,7.9
31141,Platte,NE,Nebraska,2023,Crude prevalence,8.6,84.2,6.6,11.9,6.8,41.8,27.2,13.4,12.4,76.6,13.5,3.4,12.4
31143,Polk,NE,Nebraska,2023,Crude prevalence,9.0,85.5,7.2,12.0,7.6,40.4,28.3,13.3,12.5,75.3,13.6,3.7,9.1
31145,Red Willow,NE,Nebraska,2023,Crude prevalence,9.5,83.9,7.6,12.1,7.6,42.1,29.6,14.2,13.2,76.4,14.3,3.8,9.0
31147,Richardson,NE,Nebraska,2023,Crude prevalence,9.4,85.2,8.4,14.0,8.4,45.3,31.5,13.7,13.8,76.7,15.7,4.2,8.7
31149,Rock,NE,Nebraska,2023,Crude prevalence,9.1,86.6,7.7,12.5,8.2,38.8,27.6,12.7,12.8,78.6,13.4,3.9,8.0
31151,Saline,NE,Nebraska,2023,Crude prevalence,8.8,81.8,6.5,11.8,6.5,40.4,29.2,14.2,12.6,73.7,14.1,3.3,14.4
31153,Sarpy,NE,Nebraska,2023,Crude prevalence,8.6,84.8,4.6,9.4,4.7,35.9,21.3,13.5,10.0,76.6,11.1,2.5,7.9
31155,Saunders,NE,Nebraska,2023,Crude prevalence,8.9,85.2,6.1,10.5,6.4,39.3,23.5,13.0,11.2,76.0,12.8,3.1,7.2
31157,Scotts Bluff,NE,Nebraska,2023,Crude prevalence,9.2,83.9,7.6,13.0,7.5,39.1,29.4,14.1,13.6,77.2,14.0,3.8,12.1
31159,Seward,NE,Nebraska,2023,Crude prevalence,9.1,83.0,5.9,9.5,6.0,34.5,23.7,13.8,11.2,74.2,12.6,3.0,7.4
31161,Sheridan,NE,Nebraska,2023,Crude prevalence,9.5,85.7,8.7,13.9,8.9,36.0,32.1,13.3,14.1,76.7,15.0,4.5,9.8
31163,Sherman,NE,Nebraska,2023,Crude prevalence,9.3,85.6,8.8,13.7,9.0,41.4,29.8,13.5,13.9,78.0,15.1,4.4,9.1
31165,Sioux,NE,Nebraska,2023,Crude prevalence,9.4,84.9,10.6,16.0,10.9,42.6,32.5,13.8,15.5,78.3,16.8,5.2,10.2
31167,Stanton,NE,Nebraska,2023,Crude prevalence,9.1,85.4,6.8,11.5,7.1,39.8,27.5,13.3,12.3,76.1,13.6,3.5,8.7
31169,Thayer,NE,Nebraska,2023,Crude prevalence,9.3,85.4,8.4,13.2,8.4,40.0,29.2,13.7,13.9,77.6,15.0,4.2,8.5
31171,Thomas,NE,Nebraska,2023,Crude prevalence,9.0,86.5,6.7,11.3,7.3,36.6,25.8,12.6,11.9,77.9,11.9,3.6,8.1
31173,Thurston,NE,Nebraska,2023,Crude prevalence,11.3,78.8,7.8,13.4,6.9,45.4,30.0,17.7,14.6,74.8,21.0,3.9,10.9
31175,Valley,NE,Nebraska,2023,Crude prevalence,9.3,85.4,8.2,12.9,8.5,41.8,28.6,13.3,13.4,77.4,14.0,4.2,8.6
31177,Washington,NE,Nebraska,2023,Crude prevalence,8.9,86.0,6.0,10.7,6.3,41.2,23.1,12.9,11.4,77.5,12.2,3.1,7.0
31179,Wayne,NE,Nebraska,2023,Crude prevalence,9.2,79.3,5.8,9.7,5.8,37.3,25.2,15.5,11.1,74.3,12.0,2.9,8.9
31181,Webster,NE,Nebraska,2023,Crude prevalence,9.3,85.3,7.7,12.9,7.6,39.1,27.0,13.7,13.2,76.2,14.6,3.8,8.8
31183,Wheeler,NE,Nebraska,2023,Crude prevalence,8.8,88.2,7.6,13.2,8.5,38.4,26.7,11.8,12.6,79.6,12.8,4.0,7.5
31185,York,NE,Nebraska,2023,Crude prevalence,9.4,83.4,7.0,11.2,7.1,40.9,26.8,14.3,12.3,74.3,14.1,3.5,9.2
32001,Churchill,NV,Nevada,2023,Crude prevalence,11.2,84.3,8.2,11.7,7.3,37.8,26.4,18.8,15.6,71.9,16.1,3.8,11.4
32003,Clark,NV,Nevada,2023,Crude prevalence,10.1,84.8,6.9,12.4,6.2,31.4,27.1,18.7,14.9,73.7,14.8,3.4,15.4
32005,Douglas,NV,Nevada,2023,Crude prevalence,10.1,89.6,8.2,12.2,8.5,27.1,21.4,14.5,14.7,78.3,12.0,4.2,8.6
32007,Elko,NV,Nevada,2023,Crude prevalence,10.7,82.7,7.3,11.0,6.2,38.0,25.8,18.8,15.1,71.1,17.1,3.3,13.9
32009,Esmeralda,NV,Nevada,2023,Crude prevalence,10.9,87.0,12.5,17.7,12.1,36.1,32.3,16.8,19.4,77.3,18.2,6.1,14.7
32011,Eureka,NV,Nevada,2023,Crude prevalence,11.4,84.1,12.1,16.1,9.9,38.8,31.5,19.7,19.1,74.3,21.8,5.2,12.3
32013,Humboldt,NV,Nevada,2023,Crude prevalence,10.7,83.7,7.6,11.5,6.6,36.2,26.8,18.2,15.1,72.3,15.6,3.5,14.0
32015,Lander,NV,Nevada,2023,Crude prevalence,10.9,83.2,9.0,13.0,7.7,35.1,28.5,19.1,16.5,71.8,17.8,4.1,13.9
32017,Lincoln,NV,Nevada,2023,Crude prevalence,10.4,86.8,8.3,11.8,7.9,31.6,24.2,16.9,15.0,75.0,15.0,4.0,9.4
32019,Lyon,NV,Nevada,2023,Crude prevalence,10.8,85.1,8.5,12.3,7.5,35.2,27.4,17.7,15.8,73.5,15.9,3.9,12.4
32021,Mineral,NV,Nevada,2023,Crude prevalence,11.7,84.7,12.9,17.6,11.1,38.2,34.4,19.3,20.0,76.1,21.4,6.0,13.9
32023,Nye,NV,Nevada,2023,Crude prevalence,11.1,86.9,11.0,15.7,10.1,39.7,32.1,17.9,18.3,75.1,17.7,5.2,13.1
32027,Pershing,NV,Nevada,2023,Crude prevalence,9.8,83.4,8.0,12.1,7.4,35.7,26.5,17.6,15.4,70.9,17.0,3.8,15.0
32029,Storey,NV,Nevada,2023,Crude prevalence,10.3,89.7,8.1,12.4,8.4,31.6,22.4,14.7,14.4,78.3,12.1,4.1,8.7
32031,Washoe,NV,Nevada,2023,Crude prevalence,10.3,84.8,6.7,10.0,6.1,28.5,21.6,17.5,14.0,74.5,12.6,3.2,12.0
32033,White Pine,NV,Nevada,2023,Crude prevalence,10.7,84.1,9.1,12.6,8.1,34.4,26.8,18.5,16.2,72.9,17.5,4.2,13.2
32510,Carson City,NV,Nevada,2023,Crude prevalence,10.5,85.4,7.8,12.1,7.2,33.1,24.9,17.6,15.1,72.9,14.4,3.7,12.9
33001,Belknap,NH,New Hampshire,2023,Crude prevalence,10.3,89.0,7.5,10.5,7.0,30.5,20.8,15.1,12.9,77.9,12.2,3.6,6.6
33003,Carroll,NH,New Hampshire,2023,Crude prevalence,10.0,90.7,7.5,10.7,7.8,30.7,20.5,13.8,13.0,79.8,10.7,3.8,6.2
33005,Cheshire,NH,New Hampshire,2023,Crude prevalence,10.5,87.4,7.1,9.5,6.6,29.9,20.8,15.8,12.7,74.7,11.9,3.4,7.0
33007,Coos,NH,New Hampshire,2023,Crude prevalence,11.5,87.6,9.5,13.0,8.4,36.4,28.1,16.0,14.8,78.7,15.2,4.4,8.6
33009,Grafton,NH,New Hampshire,2023,Crude prevalence,10.4,87.0,6.4,9.3,6.4,25.8,19.7,15.0,11.5,74.8,10.5,3.2,6.7
33011,Hillsborough,NH,New Hampshire,2023,Crude prevalence,10.6,88.1,5.7,9.2,5.6,33.1,22.2,15.3,11.4,77.6,10.7,2.9,7.4
33013,Merrimack,NH,New Hampshire,2023,Crude prevalence,11.0,88.2,6.4,9.1,5.9,33.2,19.8,15.5,11.7,79.3,10.6,3.1,6.7
33015,Rockingham,NH,New Hampshire,2023,Crude prevalence,10.0,89.8,5.7,9.1,5.7,31.2,18.8,14.4,11.2,78.9,9.9,2.9,5.9
33017,Strafford,NH,New Hampshire,2023,Crude prevalence,10.7,85.8,6.0,8.6,5.3,32.4,19.3,17.5,11.1,76.8,10.7,2.8,6.7
33019,Sullivan,NH,New Hampshire,2023,Crude prevalence,10.8,87.5,8.0,11.2,7.3,33.5,24.6,15.7,13.4,76.6,13.0,3.8,7.8
34001,Atlantic,NJ,New Jersey,2023,Crude prevalence,9.5,88.7,6.5,12.7,6.8,30.7,27.9,15.9,13.8,80.0,12.9,3.7,11.9
34003,Bergen,NJ,New Jersey,2023,Crude prevalence,8.0,90.8,4.4,9.7,5.2,25.6,21.7,13.6,10.5,79.0,8.4,2.8,9.8
34005,Burlington,NJ,New Jersey,2023,Crude prevalence,9.2,89.9,5.2,10.5,5.6,30.2,23.6,15.0,12.3,79.8,10.9,3.1,8.3
34007,Camden,NJ,New Jersey,2023,Crude prevalence,9.7,88.3,5.7,11.4,5.7,29.8,26.3,16.2,13.2,77.6,13.1,3.3,11.6
34009,Cape May,NJ,New Jersey,2023,Crude prevalence,9.5,91.0,7.2,11.7,7.8,33.5,22.9,14.3,13.7,81.0,11.8,3.9,8.3
34011,Cumberland,NJ,New Jersey,2023,Crude prevalence,9.7,85.9,7.4,13.5,7.0,40.4,32.8,17.7,16.0,76.8,16.5,4.0,18.4
34013,Essex,NJ,New Jersey,2023,Crude prevalence,9.8,88.0,5.5,12.0,5.6,29.6,28.9,16.0,12.9,77.3,12.4,3.6,14.5
34015,Gloucester,NJ,New Jersey,2023,Crude prevalence,9.8,88.8,5.4,10.3,5.4,31.5,23.4,16.3,12.1,77.4,11.9,3.0,8.4
34017,Hudson,NJ,New Jersey,2023,Crude prevalence,8.4,87.1,4.1,10.5,4.7,27.9,27.9,14.7,12.4,75.6,10.6,2.6,14.6
34019,Hunterdon,NJ,New Jersey,2023,Crude prevalence,8.8,91.4,4.9,9.2,5.8,26.3,19.4,13.3,11.2,79.1,8.8,2.8,6.6
34021,Mercer,NJ,New Jersey,2023,Crude prevalence,9.0,88.9,4.9,11.1,5.4,25.4,24.4,14.5,11.8,78.6,10.5,3.1,11.4
34023,Middlesex,NJ,New Jersey,2023,Crude prevalence,8.4,89.0,4.4,11.6,5.1,29.9,25.3,13.8,11.0,78.8,10.0,2.8,10.8
34025,Monmouth,NJ,New Jersey,2023,Crude prevalence,8.8,90.5,5.0,9.8,5.7,30.4,19.5,13.6,10.9,79.3,9.7,2.9,7.7
34027,Morris,NJ,New Jersey,2023,Crude prevalence,8.3,90.7,4.2,9.0,5.1,22.8,19.2,13.0,10.3,78.6,8.4,2.6,7.9
34029,Ocean,NJ,New Jersey,2023,Crude prevalence,9.2,89.1,6.8,11.4,7.0,29.8,25.8,15.0,13.9,77.9,13.3,3.6,9.5
34031,Passaic,NJ,New Jersey,2023,Crude prevalence,8.9,87.3,5.8,12.7,6.1,31.0,31.2,15.8,14.5,74.9,12.3,3.4,18.3
34033,Salem,NJ,New Jersey,2023,Crude prevalence,10.1,87.8,7.2,11.9,6.9,34.0,27.9,17.0,14.2,78.3,14.7,3.8,11.0
34035,Somerset,NJ,New Jersey,2023,Crude prevalence,8.0,90.7,4.1,10.1,4.9,26.3,20.8,12.6,10.4,79.1,8.2,2.6,8.5
34037,Sussex,NJ,New Jersey,2023,Crude prevalence,9.4,89.7,5.4,9.5,5.8,26.9,21.3,14.9,11.8,78.3,11.2,2.9,8.3
34039,Union,NJ,New Jersey,2023,Crude prevalence,9.0,88.9,5.0,11.6,5.5,29.7,25.5,15.0,12.7,76.9,11.4,3.2,15.0
34041,Warren,NJ,New Jersey,2023,Crude prevalence,9.3,89.7,5.8,10.0,6.1,32.5,25.0,15.3,12.7,77.8,11.6,3.2,9.1
35001,Bernalillo,NM,New Mexico,2023,Crude prevalence,9.7,84.5,5.6,11.6,6.5,33.0,23.2,15.7,14.3,67.7,12.0,3.4,14.0
35003,Catron,NM,New Mexico,2023,Crude prevalence,10.0,89.3,11.3,17.7,12.4,31.6,27.3,14.1,18.1,76.6,14.8,6.1,10.0
35005,Chaves,NM,New Mexico,2023,Crude prevalence,9.9,81.4,7.4,14.3,7.5,39.8,31.0,17.3,17.1,69.2,15.1,4.0,20.2
35006,Cibola,NM,New Mexico,2023,Crude prevalence,11.5,81.0,8.4,16.6,8.3,39.1,29.5,18.7,18.1,68.4,19.4,4.7,16.1
35007,Colfax,NM,New Mexico,2023,Crude prevalence,9.4,85.8,8.1,15.5,9.3,31.5,27.5,14.6,16.6,72.3,13.2,4.7,15.8
35009,Curry,NM,New Mexico,2023,Crude prevalence,10.3,78.6,6.7,12.0,6.4,39.4,28.5,18.3,15.3,66.4,14.4,3.5,17.6
35011,De Baca,NM,New Mexico,2023,Crude prevalence,10.0,86.2,8.8,15.3,9.8,32.5,27.7,15.4,17.2,72.4,14.1,4.9,15.3
35013,DoÃ±a Ana,NM,New Mexico,2023,Crude prevalence,9.4,81.0,6.0,13.7,6.7,35.9,27.7,15.9,15.6,69.7,12.1,3.6,19.7
35015,Eddy,NM,New Mexico,2023,Crude prevalence,9.7,82.1,5.9,11.6,6.3,39.8,26.7,16.7,14.7,66.3,13.3,3.3,16.9
35017,Grant,NM,New Mexico,2023,Crude prevalence,9.5,86.1,8.5,15.9,9.8,32.8,28.3,14.5,16.8,72.9,12.7,4.9,15.7
35019,Guadalupe,NM,New Mexico,2023,Crude prevalence,8.6,81.2,6.4,16.5,8.3,36.8,33.2,15.2,17.1,67.5,13.9,4.3,24.5
35021,Harding,NM,New Mexico,2023,Crude prevalence,9.4,88.4,10.8,19.6,12.9,35.3,32.2,13.6,19.0,76.0,14.3,6.4,16.4
35023,Hidalgo,NM,New Mexico,2023,Crude prevalence,9.5,83.6,8.3,16.4,9.2,34.5,31.1,15.8,17.9,70.9,14.7,4.8,19.6
35025,Lea,NM,New Mexico,2023,Crude prevalence,9.6,78.8,6.3,12.0,6.2,37.0,29.8,17.6,15.5,65.0,14.8,3.4,21.6
35027,Lincoln,NM,New Mexico,2023,Crude prevalence,9.6,87.8,8.5,14.4,9.6,30.0,25.4,14.2,16.2,74.7,12.6,4.7,12.4
35028,Los Alamos,NM,New Mexico,2023,Crude prevalence,8.8,88.4,3.7,8.0,4.9,25.4,13.5,12.1,9.6,71.7,7.1,2.4,5.7
35029,Luna,NM,New Mexico,2023,Crude prevalence,9.9,79.8,9.5,17.7,10.1,35.7,35.7,17.6,19.7,68.6,16.9,5.3,25.8
35031,McKinley,NM,New Mexico,2023,Crude prevalence,14.2,76.5,11.5,19.0,9.5,41.3,32.1,23.3,22.2,66.1,26.8,6.0,15.1
35033,Mora,NM,New Mexico,2023,Crude prevalence,8.4,87.8,6.6,18.5,9.6,33.1,30.6,12.6,16.6,74.2,10.6,4.7,19.4
35035,Otero,NM,New Mexico,2023,Crude prevalence,10.0,80.8,7.2,12.7,7.2,37.1,24.6,17.1,15.3,69.1,14.9,3.9,15.7
35037,Quay,NM,New Mexico,2023,Crude prevalence,10.0,84.5,9.9,17.2,10.3,37.6,31.6,16.0,18.4,72.7,15.8,5.4,17.5
35039,Rio Arriba,NM,New Mexico,2023,Crude prevalence,9.9,84.1,7.0,17.2,8.4,39.9,30.8,15.8,17.5,70.9,14.2,4.5,19.3
35041,Roosevelt,NM,New Mexico,2023,Crude prevalence,10.0,78.6,6.6,11.5,6.5,32.6,26.9,18.2,15.0,65.0,13.4,3.4,16.2
35043,Sandoval,NM,New Mexico,2023,Crude prevalence,9.7,86.2,5.6,11.8,6.4,32.6,22.1,15.3,13.8,69.7,11.2,3.4,12.3
35045,San Juan,NM,New Mexico,2023,Crude prevalence,12.0,80.8,9.2,14.5,8.3,35.1,26.5,19.4,18.3,69.8,20.1,4.7,12.9
35047,San Miguel,NM,New Mexico,2023,Crude prevalence,9.0,84.9,6.5,17.1,8.5,37.3,31.7,14.5,16.9,71.2,11.6,4.4,20.1
35049,Santa Fe,NM,New Mexico,2023,Crude prevalence,9.2,87.8,6.3,12.6,7.6,25.6,21.4,13.1,14.1,72.0,10.0,3.8,13.1
35051,Sierra,NM,New Mexico,2023,Crude prevalence,10.1,87.2,11.9,18.2,12.7,36.8,30.9,15.1,19.4,74.7,15.8,6.4,14.7
35053,Socorro,NM,New Mexico,2023,Crude prevalence,10.0,81.1,8.1,15.7,8.7,36.2,30.9,17.2,17.8,69.0,15.5,4.6,18.0
35055,Taos,NM,New Mexico,2023,Crude prevalence,9.4,87.8,7.0,15.2,8.7,27.9,25.2,13.4,15.4,72.3,11.2,4.4,13.8
35057,Torrance,NM,New Mexico,2023,Crude prevalence,10.2,82.7,9.6,16.5,9.6,34.5,30.7,17.2,18.4,69.9,17.0,5.0,17.8
35059,Union,NM,New Mexico,2023,Crude prevalence,9.7,83.1,8.4,14.7,8.7,34.3,28.2,16.0,16.8,69.3,15.3,4.5,17.0
35061,Valencia,NM,New Mexico,2023,Crude prevalence,9.6,83.3,6.6,14.6,7.4,35.4,29.0,16.1,16.4,69.3,13.5,3.9,18.6
36001,Albany,NY,New York,2023,Crude prevalence,10.8,88.1,5.7,9.2,5.5,29.8,21.2,15.4,11.6,79.4,10.5,3.0,5.5
36003,Allegany,NY,New York,2023,Crude prevalence,11.2,86.7,8.1,11.1,7.3,34.4,25.5,17.4,14.2,80.0,13.8,3.7,6.0
36005,Bronx,NY,New York,2023,Crude prevalence,11.8,86.8,6.9,16.1,7.0,33.5,38.1,16.4,16.8,81.6,13.2,4.4,15.6
36007,Broome,NY,New York,2023,Crude prevalence,11.5,86.9,7.7,10.9,7.1,33.1,24.4,16.6,13.6,81.2,13.2,3.7,6.4
36009,Cattaraugus,NY,New York,2023,Crude prevalence,11.4,87.7,9.4,12.1,8.0,35.7,28.4,17.5,15.6,81.2,16.5,4.1,6.6
36011,Cayuga,NY,New York,2023,Crude prevalence,11.1,88.7,8.6,11.8,7.7,35.7,28.1,16.6,15.0,81.3,15.1,3.9,6.6
36013,Chautauqua,NY,New York,2023,Crude prevalence,11.2,88.2,8.8,12.6,7.9,36.3,27.8,16.7,15.3,81.4,14.9,4.0,7.3
36015,Chemung,NY,New York,2023,Crude prevalence,11.2,88.6,8.2,11.5,7.3,30.7,26.5,17.1,14.5,81.1,14.9,3.8,6.4
36017,Chenango,NY,New York,2023,Crude prevalence,11.2,88.9,9.0,12.3,8.1,36.3,27.8,16.9,15.1,80.2,15.3,4.1,6.4
36019,Clinton,NY,New York,2023,Crude prevalence,11.6,87.4,7.8,10.7,7.0,33.2,26.7,17.6,14.1,79.9,14.4,3.5,6.3
36021,Columbia,NY,New York,2023,Crude prevalence,10.5,90.9,7.7,11.8,7.8,30.8,24.6,14.3,13.5,82.0,12.4,3.9,5.7
36023,Cortland,NY,New York,2023,Crude prevalence,11.3,86.4,6.9,9.3,6.2,30.5,23.8,17.9,13.1,79.0,12.8,3.1,5.8
36025,Delaware,NY,New York,2023,Crude prevalence,10.9,89.0,9.0,12.5,8.5,32.8,28.6,16.1,15.2,81.8,14.5,4.3,6.5
36027,Dutchess,NY,New York,2023,Crude prevalence,10.4,89.9,5.9,9.9,6.0,28.2,21.6,14.8,11.9,80.0,11.0,3.1,6.5
36029,Erie,NY,New York,2023,Crude prevalence,11.5,89.0,6.9,10.8,6.5,32.8,24.8,16.0,13.1,82.9,12.4,3.4,5.9
36031,Essex,NY,New York,2023,Crude prevalence,10.7,90.2,8.3,11.8,8.1,34.8,25.8,15.1,14.4,81.5,13.5,4.0,5.8
36033,Franklin,NY,New York,2023,Crude prevalence,11.4,87.8,8.6,12.2,7.6,40.7,28.9,17.3,15.2,79.4,16.3,3.9,6.9
36035,Fulton,NY,New York,2023,Crude prevalence,11.9,88.5,9.1,12.1,7.8,35.8,28.5,17.4,15.5,80.7,16.0,4.0,6.7
36037,Genesee,NY,New York,2023,Crude prevalence,10.9,89.1,7.4,10.7,6.9,30.2,24.8,16.4,13.8,80.7,13.5,3.5,5.9
36039,Greene,NY,New York,2023,Crude prevalence,10.8,89.6,8.0,11.7,7.6,34.4,26.2,15.5,14.5,81.6,13.5,3.9,6.6
36041,Hamilton,NY,New York,2023,Crude prevalence,10.9,91.8,9.4,13.4,9.3,31.0,27.0,14.5,15.2,83.8,13.4,4.5,5.4
36043,Herkimer,NY,New York,2023,Crude prevalence,11.0,89.1,8.4,11.3,7.6,37.0,28.1,16.6,14.7,80.6,14.6,3.9,5.9
36045,Jefferson,NY,New York,2023,Crude prevalence,11.2,85.6,6.9,10.0,6.0,37.8,25.4,17.4,12.8,79.4,13.9,3.1,7.2
36047,Kings,NY,New York,2023,Crude prevalence,10.3,88.6,5.8,12.0,5.7,25.1,26.2,15.2,12.8,80.0,12.1,3.6,8.9
36049,Lewis,NY,New York,2023,Crude prevalence,11.0,88.6,8.6,11.8,7.7,40.9,27.8,16.8,15.1,81.1,15.1,3.9,6.2
36051,Livingston,NY,New York,2023,Crude prevalence,11.0,88.1,7.1,10.1,6.6,30.8,23.1,16.3,13.0,79.9,12.3,3.4,5.7
36053,Madison,NY,New York,2023,Crude prevalence,11.0,88.8,7.1,10.3,6.7,36.4,22.7,16.3,13.2,81.2,12.5,3.4,5.3
36055,Monroe,NY,New York,2023,Crude prevalence,10.9,89.1,6.3,11.2,6.3,31.4,25.4,15.3,13.1,79.6,11.6,3.3,6.0
36057,Montgomery,NY,New York,2023,Crude prevalence,11.0,88.1,8.2,11.5,7.4,38.8,27.7,16.8,14.9,79.3,15.2,3.8,8.3
36059,Nassau,NY,New York,2023,Crude prevalence,9.6,91.3,4.8,10.1,5.4,28.4,23.2,13.2,11.2,82.1,8.5,2.9,6.0
36061,New York,NY,New York,2023,Crude prevalence,9.6,89.2,4.4,8.9,4.9,19.2,20.4,14.5,11.1,79.7,8.2,2.7,6.8
36063,Niagara,NY,New York,2023,Crude prevalence,11.3,89.3,7.7,11.3,7.0,39.5,26.3,16.2,14.3,82.5,13.7,3.7,5.8
36065,Oneida,NY,New York,2023,Crude prevalence,11.0,88.3,8.0,11.5,7.3,36.1,28.1,16.7,14.1,80.4,14.2,3.7,6.7
36067,Onondaga,NY,New York,2023,Crude prevalence,11.3,88.8,6.8,10.9,6.5,36.9,23.1,16.5,13.2,82.0,11.9,3.4,5.8
36069,Ontario,NY,New York,2023,Crude prevalence,10.6,90.1,6.8,10.5,6.8,30.7,22.0,15.2,12.8,81.5,11.5,3.4,5.4
36071,Orange,NY,New York,2023,Crude prevalence,10.5,88.3,6.1,11.2,5.8,32.2,26.0,16.0,13.2,79.4,12.0,3.2,8.6
36073,Orleans,NY,New York,2023,Crude prevalence,11.4,88.2,8.5,11.7,7.5,32.9,28.3,17.2,15.0,80.3,15.7,3.9,7.2
36075,Oswego,NY,New York,2023,Crude prevalence,11.3,87.2,8.3,11.2,7.2,36.4,28.5,18.0,14.7,80.3,15.7,3.7,6.4
36077,Otsego,NY,New York,2023,Crude prevalence,11.3,86.7,7.2,10.2,6.8,29.9,24.2,17.4,13.4,78.5,12.1,3.4,5.9
36079,Putnam,NY,New York,2023,Crude prevalence,9.9,90.9,5.3,9.7,5.8,27.5,21.6,13.7,11.6,80.7,9.6,2.9,6.3
36081,Queens,NY,New York,2023,Crude prevalence,8.9,89.6,5.4,14.3,6.0,24.0,31.0,13.6,12.8,81.1,10.9,3.5,10.6
36083,Rensselaer,NY,New York,2023,Crude prevalence,10.9,88.8,6.5,9.9,6.0,31.5,23.2,16.0,12.6,79.6,11.9,3.1,5.7
36085,Richmond,NY,New York,2023,Crude prevalence,10.2,89.9,6.0,11.9,5.8,30.3,26.5,14.6,12.8,81.8,12.1,3.2,7.6
36087,Rockland,NY,New York,2023,Crude prevalence,10.5,88.8,6.1,11.3,6.3,30.5,27.2,15.0,12.4,80.2,11.4,3.4,8.2
36089,St. Lawrence,NY,New York,2023,Crude prevalence,11.7,86.4,8.6,11.9,7.3,41.8,28.0,18.2,14.7,81.2,15.3,3.8,6.5
36091,Saratoga,NY,New York,2023,Crude prevalence,10.3,90.6,5.8,9.6,6.0,33.1,19.8,14.7,11.8,80.7,10.6,3.0,4.7
36093,Schenectady,NY,New York,2023,Crude prevalence,11.0,88.7,6.4,10.2,6.1,34.3,22.6,15.8,12.5,79.7,12.1,3.3,6.2
36095,Schoharie,NY,New York,2023,Crude prevalence,11.0,89.0,7.9,11.3,7.6,32.4,25.3,16.1,13.9,81.5,13.4,3.8,5.9
36097,Schuyler,NY,New York,2023,Crude prevalence,11.2,89.5,9.0,12.4,8.2,31.7,26.2,16.2,15.1,81.4,15.1,4.1,6.0
36099,Seneca,NY,New York,2023,Crude prevalence,11.2,88.3,8.7,11.6,7.8,34.7,28.4,16.8,15.0,81.0,15.3,4.0,7.2
36101,Steuben,NY,New York,2023,Crude prevalence,11.0,88.6,8.3,11.5,7.5,34.8,26.2,16.4,14.4,81.0,14.6,3.8,5.9
36103,Suffolk,NY,New York,2023,Crude prevalence,10.2,90.5,5.4,10.0,5.7,29.7,24.1,14.4,11.9,81.5,9.6,3.0,7.2
36105,Sullivan,NY,New York,2023,Crude prevalence,10.6,88.9,7.5,12.1,7.2,31.9,28.7,15.7,14.3,80.4,13.7,3.7,8.5
36107,Tioga,NY,New York,2023,Crude prevalence,11.0,89.5,8.1,11.3,7.6,30.5,26.1,16.0,14.3,81.3,13.9,3.8,5.8
36109,Tompkins,NY,New York,2023,Crude prevalence,10.5,86.1,4.8,7.6,4.8,24.6,17.9,16.1,10.5,76.5,9.0,2.4,4.7
36111,Ulster,NY,New York,2023,Crude prevalence,10.4,89.7,6.9,10.9,6.8,30.5,24.1,15.2,13.3,81.5,11.8,3.5,6.5
36113,Warren,NY,New York,2023,Crude prevalence,10.9,90.2,7.4,11.2,7.2,31.0,23.5,15.3,13.7,81.9,12.2,3.6,5.3
36115,Washington,NY,New York,2023,Crude prevalence,11.1,89.1,8.1,11.2,7.4,31.4,26.7,16.4,14.5,81.7,14.7,3.8,6.2
36117,Wayne,NY,New York,2023,Crude prevalence,11.1,89.4,7.7,11.2,7.3,37.4,26.0,16.1,14.1,80.8,13.9,3.7,6.2
36119,Westchester,NY,New York,2023,Crude prevalence,9.3,90.8,4.9,10.5,5.6,26.0,22.0,13.3,11.2,80.6,9.2,3.0,7.5
36121,Wyoming,NY,New York,2023,Crude prevalence,10.9,88.5,8.1,11.2,7.3,35.6,26.1,16.5,14.3,80.5,15.1,3.7,7.0
36123,Yates,NY,New York,2023,Crude prevalence,11.3,87.9,8.9,11.6,7.9,33.9,26.6,16.7,14.8,80.9,14.8,4.0,6.8
37001,Alamance,NC,North Carolina,2023,Crude prevalence,10.9,87.0,7.4,12.2,6.7,38.5,24.4,17.2,13.2,80.0,13.9,3.8,11.7
37003,Alexander,NC,North Carolina,2023,Crude prevalence,10.8,86.8,9.2,12.7,8.0,36.5,26.3,17.5,14.6,79.3,16.8,4.1,11.1
37005,Alleghany,NC,North Carolina,2023,Crude prevalence,10.8,88.2,11.6,16.0,10.5,36.5,29.6,16.4,16.6,81.7,17.2,5.3,12.4
37007,Anson,NC,North Carolina,2023,Crude prevalence,12.0,85.7,10.5,17.2,8.8,43.3,33.1,18.9,16.2,81.2,19.7,5.5,14.0
37009,Ashe,NC,North Carolina,2023,Crude prevalence,10.6,88.8,10.0,14.0,9.4,36.2,26.3,16.2,15.1,81.4,15.5,4.6,10.2
37011,Avery,NC,North Carolina,2023,Crude prevalence,10.6,86.9,9.2,12.9,8.4,37.1,25.4,16.8,14.5,79.7,15.8,4.2,10.8
37013,Beaufort,NC,North Carolina,2023,Crude prevalence,11.2,88.8,10.0,15.6,9.2,36.8,28.3,16.5,15.2,82.3,16.1,5.0,10.9
37015,Bertie,NC,North Carolina,2023,Crude prevalence,12.0,87.6,10.7,19.3,9.6,43.0,34.2,17.5,16.2,83.2,18.3,6.3,13.2
37017,Bladen,NC,North Carolina,2023,Crude prevalence,11.6,87.9,10.0,16.6,9.1,41.3,31.3,17.4,15.6,82.3,16.8,5.3,12.0
37019,Brunswick,NC,North Carolina,2023,Crude prevalence,10.4,91.5,8.5,13.5,8.8,32.8,22.5,14.0,13.3,84.3,12.4,4.3,7.9
37021,Buncombe,NC,North Carolina,2023,Crude prevalence,10.3,88.5,6.9,10.9,6.7,31.3,20.3,15.3,12.2,79.1,12.3,3.4,9.0
37023,Burke,NC,North Carolina,2023,Crude prevalence,10.9,86.9,9.8,13.8,8.6,36.8,28.4,17.3,15.1,80.3,17.0,4.4,11.6
37025,Cabarrus,NC,North Carolina,2023,Crude prevalence,10.4,88.1,5.8,10.8,5.5,33.3,21.7,16.2,11.6,78.8,12.4,3.1,9.9
37027,Caldwell,NC,North Carolina,2023,Crude prevalence,11.0,86.9,9.6,13.2,8.4,33.4,27.3,17.6,15.2,80.0,17.0,4.3,11.3
37029,Camden,NC,North Carolina,2023,Crude prevalence,10.6,88.8,6.5,10.7,6.1,35.2,21.2,16.1,12.1,79.9,13.1,3.3,8.2
37031,Carteret,NC,North Carolina,2023,Crude prevalence,10.4,90.3,8.1,12.5,8.1,34.0,22.1,14.7,13.3,82.3,12.7,4.0,8.0
37033,Caswell,NC,North Carolina,2023,Crude prevalence,11.3,87.5,9.5,15.5,8.5,39.3,28.9,17.2,15.1,81.4,16.9,5.0,11.8
37035,Catawba,NC,North Carolina,2023,Crude prevalence,10.7,87.3,7.8,12.1,7.1,37.4,24.3,16.7,13.4,78.9,14.7,3.7,10.9
37037,Chatham,NC,North Carolina,2023,Crude prevalence,10.2,90.5,7.3,12.9,7.8,30.1,22.5,13.8,12.5,82.6,11.5,4.0,9.3
37039,Cherokee,NC,North Carolina,2023,Crude prevalence,10.7,89.8,10.8,15.2,10.3,34.8,27.1,15.7,15.6,82.9,15.6,5.1,9.2
37041,Chowan,NC,North Carolina,2023,Crude prevalence,11.5,88.5,10.5,17.0,9.5,40.4,30.2,16.7,15.8,82.8,16.8,5.5,11.2
37043,Clay,NC,North Carolina,2023,Crude prevalence,10.5,90.5,10.0,14.3,9.9,35.3,25.5,14.7,14.7,83.0,13.8,4.8,8.5
37045,Cleveland,NC,North Carolina,2023,Crude prevalence,11.5,86.7,9.1,13.6,7.8,38.6,27.5,17.8,14.6,80.2,16.4,4.4,10.9
37047,Columbus,NC,North Carolina,2023,Crude prevalence,11.8,86.4,10.0,15.6,8.6,41.1,31.1,18.3,15.8,80.8,18.3,5.1,12.3
37049,Craven,NC,North Carolina,2023,Crude prevalence,10.9,87.3,7.9,12.5,7.4,36.9,24.8,16.7,13.4,80.9,14.0,4.0,10.2
37051,Cumberland,NC,North Carolina,2023,Crude prevalence,11.4,84.9,6.5,12.2,5.7,40.1,25.3,18.4,12.8,79.3,14.8,3.6,11.8
37053,Currituck,NC,North Carolina,2023,Crude prevalence,10.4,89.1,6.7,10.7,6.3,34.5,21.6,15.8,12.2,80.0,13.2,3.2,8.1
37055,Dare,NC,North Carolina,2023,Crude prevalence,10.1,90.8,7.0,11.2,7.1,31.6,20.2,14.2,12.0,81.9,11.4,3.5,7.3
37057,Davidson,NC,North Carolina,2023,Crude prevalence,11.0,87.2,8.7,12.7,7.6,36.2,26.5,17.5,14.2,79.5,15.8,4.1,11.1
37059,Davie,NC,North Carolina,2023,Crude prevalence,10.5,88.8,7.8,12.1,7.5,33.4,23.6,15.8,13.3,80.3,13.5,3.9,9.4
37061,Duplin,NC,North Carolina,2023,Crude prevalence,11.2,86.6,9.4,15.5,8.4,39.4,29.9,17.3,15.4,80.4,16.3,4.9,15.8
37063,Durham,NC,North Carolina,2023,Crude prevalence,10.8,87.4,5.1,10.5,5.0,36.1,21.6,15.3,10.7,80.4,10.7,3.0,9.6
37065,Edgecombe,NC,North Carolina,2023,Crude prevalence,12.4,87.5,10.0,17.9,8.8,43.7,33.5,18.2,16.0,82.5,17.7,5.7,13.0
37067,Forsyth,NC,North Carolina,2023,Crude prevalence,11.1,87.7,7.0,12.4,6.5,41.2,25.2,16.4,12.6,80.0,13.4,3.7,10.9
37069,Franklin,NC,North Carolina,2023,Crude prevalence,11.0,87.8,7.6,12.8,6.8,38.8,25.0,16.8,13.3,80.2,14.8,3.9,11.1
37071,Gaston,NC,North Carolina,2023,Crude prevalence,11.1,87.2,7.7,12.3,6.7,36.2,25.3,17.4,13.5,79.7,15.0,3.7,10.9
37073,Gates,NC,North Carolina,2023,Crude prevalence,11.5,88.4,9.5,15.8,8.6,39.0,29.2,17.3,15.1,81.5,16.6,5.1,10.1
37075,Graham,NC,North Carolina,2023,Crude prevalence,10.9,87.9,9.2,13.1,8.7,35.1,25.7,16.8,14.7,80.4,15.7,4.3,9.9
37077,Granville,NC,North Carolina,2023,Crude prevalence,11.3,87.6,8.0,13.6,7.2,36.2,26.5,17.0,13.8,80.5,15.4,4.2,11.6
37079,Greene,NC,North Carolina,2023,Crude prevalence,11.3,84.2,9.6,15.9,8.1,42.8,32.4,18.7,15.7,78.8,19.6,4.9,16.9
37081,Guilford,NC,North Carolina,2023,Crude prevalence,11.2,87.3,6.5,12.2,6.1,38.0,23.7,16.8,12.4,80.6,13.0,3.6,10.3
37083,Halifax,NC,North Carolina,2023,Crude prevalence,12.4,86.9,11.5,19.4,9.8,42.6,35.2,18.4,17.2,82.7,19.8,6.3,13.6
37085,Harnett,NC,North Carolina,2023,Crude prevalence,11.0,86.2,7.1,11.8,6.2,36.9,25.9,18.1,13.1,79.0,15.3,3.5,12.1
37087,Haywood,NC,North Carolina,2023,Crude prevalence,10.6,89.0,8.7,12.4,8.3,33.3,23.9,15.9,14.0,80.6,13.9,4.1,9.0
37089,Henderson,NC,North Carolina,2023,Crude prevalence,10.3,89.6,8.2,12.5,8.2,30.3,23.2,14.9,13.4,81.5,12.7,4.1,9.9
37091,Hertford,NC,North Carolina,2023,Crude prevalence,12.3,87.0,10.2,18.9,9.1,42.5,33.2,18.2,16.0,83.2,17.6,6.0,12.9
37093,Hoke,NC,North Carolina,2023,Crude prevalence,11.7,85.6,7.0,13.3,6.0,38.5,28.0,19.0,13.9,79.3,16.5,3.8,13.0
37095,Hyde,NC,North Carolina,2023,Crude prevalence,11.0,86.7,10.8,17.0,9.6,41.0,31.5,17.2,16.2,80.9,19.0,5.5,13.7
37097,Iredell,NC,North Carolina,2023,Crude prevalence,10.5,88.3,6.6,10.7,6.2,32.8,21.6,15.9,12.2,80.2,12.9,3.3,9.1
37099,Jackson,NC,North Carolina,2023,Crude prevalence,11.1,84.6,8.2,12.1,7.4,34.5,24.2,18.3,13.6,78.7,14.2,3.8,9.8
37101,Johnston,NC,North Carolina,2023,Crude prevalence,10.8,87.4,6.6,11.6,5.9,35.1,23.6,16.9,12.7,79.3,14.2,3.3,11.4
37103,Jones,NC,North Carolina,2023,Crude prevalence,11.6,87.6,10.8,17.0,9.4,40.0,30.9,17.6,16.3,81.9,18.1,5.5,11.8
37105,Lee,NC,North Carolina,2023,Crude prevalence,10.9,86.8,8.0,13.5,7.2,37.8,27.4,17.5,14.2,79.6,15.5,4.0,13.8
37107,Lenoir,NC,North Carolina,2023,Crude prevalence,12.2,86.6,11.1,17.8,9.5,42.4,34.2,18.5,16.9,82.2,19.3,5.8,13.9
37109,Lincoln,NC,North Carolina,2023,Crude prevalence,10.6,88.5,7.6,11.5,7.0,35.0,22.9,16.2,13.0,79.7,14.0,3.6,9.4
37111,McDowell,NC,North Carolina,2023,Crude prevalence,10.9,87.0,9.6,13.0,8.3,35.2,26.3,17.4,14.9,80.0,17.0,4.3,11.2
37113,Macon,NC,North Carolina,2023,Crude prevalence,10.6,89.0,10.1,14.2,9.6,35.3,27.0,15.8,15.1,82.0,14.9,4.7,10.4
37115,Madison,NC,North Carolina,2023,Crude prevalence,10.7,87.9,8.1,11.6,7.6,34.6,23.0,16.3,13.3,80.5,13.9,3.8,8.8
37117,Martin,NC,North Carolina,2023,Crude prevalence,12.0,88.4,10.6,17.8,9.5,40.4,31.2,17.5,16.2,82.9,17.3,5.8,11.8
37119,Mecklenburg,NC,North Carolina,2023,Crude prevalence,10.4,87.7,5.0,10.1,4.8,29.7,20.9,15.7,10.7,78.6,10.8,2.8,10.1
37121,Mitchell,NC,North Carolina,2023,Crude prevalence,10.6,88.8,9.0,12.8,8.4,37.2,24.9,16.2,14.2,81.0,14.6,4.2,9.3
37123,Montgomery,NC,North Carolina,2023,Crude prevalence,11.1,87.3,9.8,15.1,8.8,38.7,28.9,17.1,15.6,81.2,16.4,4.8,13.5
37125,Moore,NC,North Carolina,2023,Crude prevalence,10.3,89.8,7.0,11.5,7.3,32.6,21.0,14.7,12.2,81.7,11.4,3.7,8.4
37127,Nash,NC,North Carolina,2023,Crude prevalence,11.5,87.8,8.3,15.0,7.5,38.4,28.9,17.2,14.2,81.5,15.6,4.6,11.6
37129,New Hanover,NC,North Carolina,2023,Crude prevalence,10.5,87.6,6.5,10.6,6.3,31.1,20.9,16.3,11.7,79.9,11.6,3.3,8.4
37131,Northampton,NC,North Carolina,2023,Crude prevalence,12.0,89.6,11.2,20.3,10.6,42.7,33.6,16.5,16.5,85.0,17.2,6.7,11.7
37133,Onslow,NC,North Carolina,2023,Crude prevalence,10.2,81.1,5.6,8.6,4.7,33.4,20.9,18.9,11.2,76.5,13.3,2.6,11.7
37135,Orange,NC,North Carolina,2023,Crude prevalence,10.2,87.1,5.0,9.3,5.2,28.0,18.1,15.3,10.0,79.1,9.3,2.7,7.5
37137,Pamlico,NC,North Carolina,2023,Crude prevalence,10.6,90.2,9.6,15.2,9.6,36.0,26.5,15.0,14.7,83.2,14.3,5.0,9.6
37139,Pasquotank,NC,North Carolina,2023,Crude prevalence,11.3,87.5,7.2,13.0,6.7,38.3,25.2,17.1,13.0,81.1,13.9,4.0,10.0
37141,Pender,NC,North Carolina,2023,Crude prevalence,10.7,88.3,7.3,11.8,6.8,36.3,22.1,16.5,13.0,79.6,14.3,3.6,9.6
37143,Perquimans,NC,North Carolina,2023,Crude prevalence,11.1,89.6,9.7,15.3,9.2,37.3,27.4,15.9,14.8,82.9,15.2,5.0,9.9
37145,Person,NC,North Carolina,2023,Crude prevalence,11.4,87.9,9.1,14.9,8.2,38.8,28.4,17.3,14.8,81.1,16.2,4.7,10.8
37147,Pitt,NC,North Carolina,2023,Crude prevalence,11.5,84.9,6.7,12.0,6.0,39.0,25.2,18.2,12.4,79.3,13.8,3.6,10.2
37149,Polk,NC,North Carolina,2023,Crude prevalence,10.5,90.7,9.4,14.1,9.5,35.2,25.1,14.5,14.3,82.9,13.0,4.7,8.8
37151,Randolph,NC,North Carolina,2023,Crude prevalence,10.9,86.3,9.2,13.2,7.8,39.9,27.8,17.9,14.9,79.4,16.7,4.1,13.0
37153,Richmond,NC,North Carolina,2023,Crude prevalence,12.1,85.5,10.6,16.4,8.8,42.9,32.1,19.1,16.4,80.7,19.5,5.2,13.4
37155,Robeson,NC,North Carolina,2023,Crude prevalence,13.3,83.5,11.4,18.4,9.3,47.9,35.6,20.1,18.0,81.3,22.5,5.8,16.2
37157,Rockingham,NC,North Carolina,2023,Crude prevalence,11.3,87.4,9.7,14.5,8.4,37.3,28.6,17.8,15.3,80.9,17.3,4.7,11.7
37159,Rowan,NC,North Carolina,2023,Crude prevalence,11.0,86.7,8.4,12.7,7.3,37.4,27.3,17.5,14.3,79.6,15.9,4.0,11.7
37161,Rutherford,NC,North Carolina,2023,Crude prevalence,11.3,87.0,10.3,14.4,8.9,38.1,28.8,17.7,15.6,80.1,17.3,4.7,11.2
37163,Sampson,NC,North Carolina,2023,Crude prevalence,11.3,86.1,9.2,15.6,8.1,41.8,30.6,18.1,15.5,79.8,17.2,4.7,15.4
37165,Scotland,NC,North Carolina,2023,Crude prevalence,12.4,84.5,10.9,17.4,9.0,45.2,33.7,19.7,16.9,80.6,21.3,5.6,14.2
37167,Stanly,NC,North Carolina,2023,Crude prevalence,11.0,86.8,8.6,12.7,7.6,36.3,25.4,17.6,14.3,79.0,16.0,4.0,10.8
37169,Stokes,NC,North Carolina,2023,Crude prevalence,10.9,88.1,9.4,13.2,8.4,37.1,26.3,16.9,14.7,80.8,16.2,4.3,9.8
37171,Surry,NC,North Carolina,2023,Crude prevalence,11.2,86.8,10.1,13.7,8.7,40.9,28.8,17.7,15.5,80.1,17.1,4.5,12.5
37173,Swain,NC,North Carolina,2023,Crude prevalence,12.1,85.9,10.3,15.2,8.7,40.7,28.0,19.2,16.5,80.1,19.8,4.8,11.4
37175,Transylvania,NC,North Carolina,2023,Crude prevalence,10.3,90.4,8.5,12.9,9.0,33.7,22.3,14.5,13.4,83.1,12.0,4.3,7.9
37177,Tyrrell,NC,North Carolina,2023,Crude prevalence,11.1,87.1,10.6,17.5,9.7,41.3,32.1,17.0,16.2,81.3,18.1,5.7,14.1
37179,Union,NC,North Carolina,2023,Crude prevalence,10.3,88.4,5.7,10.5,5.5,33.4,21.6,15.8,11.6,79.7,11.9,2.9,9.3
37181,Vance,NC,North Carolina,2023,Crude prevalence,12.0,87.2,9.4,16.8,8.3,42.6,31.3,18.1,15.4,82.4,17.3,5.2,13.2
37183,Wake,NC,North Carolina,2023,Crude prevalence,10.1,89.1,4.6,9.5,4.7,29.3,18.0,14.7,9.5,80.2,9.6,2.6,7.9
37185,Warren,NC,North Carolina,2023,Crude prevalence,11.9,88.3,11.5,20.0,10.5,43.9,33.8,17.2,16.8,83.8,18.6,6.5,12.7
37187,Washington,NC,North Carolina,2023,Crude prevalence,12.2,88.5,12.4,20.6,11.1,43.6,35.0,17.7,17.6,84.2,19.0,6.8,12.8
37189,Watauga,NC,North Carolina,2023,Crude prevalence,10.9,82.0,7.0,9.8,6.3,33.0,21.5,19.0,12.2,77.6,12.3,3.1,8.8
37191,Wayne,NC,North Carolina,2023,Crude prevalence,11.5,85.9,8.4,14.2,7.4,39.5,28.3,17.9,14.4,80.1,16.2,4.4,13.0
37193,Wilkes,NC,North Carolina,2023,Crude prevalence,11.0,87.0,10.4,13.9,9.0,38.0,28.0,17.5,15.7,80.3,17.1,4.7,11.8
37195,Wilson,NC,North Carolina,2023,Crude prevalence,11.9,86.6,9.9,16.8,8.6,38.4,31.9,18.1,15.9,81.9,18.0,5.2,13.8
37197,Yadkin,NC,North Carolina,2023,Crude prevalence,10.9,87.1,9.5,13.3,8.4,36.3,27.1,17.3,15.2,80.0,16.3,4.3,11.9
37199,Yancey,NC,North Carolina,2023,Crude prevalence,10.8,88.1,10.0,13.7,9.1,35.6,26.5,16.6,15.1,80.9,15.9,4.5,10.4
38001,Adams,ND,North Dakota,2023,Crude prevalence,10.0,85.9,9.2,14.1,9.7,34.8,29.0,13.2,14.5,78.2,15.3,4.8,8.0
38003,Barnes,ND,North Dakota,2023,Crude prevalence,9.9,84.5,7.0,11.5,7.5,37.7,23.8,13.5,12.3,75.0,13.3,3.7,6.8
38005,Benson,ND,North Dakota,2023,Crude prevalence,12.4,80.1,9.8,15.4,9.0,43.3,31.3,17.3,16.7,75.3,22.0,4.8,9.8
38007,Billings,ND,North Dakota,2023,Crude prevalence,9.4,85.9,7.2,12.1,8.4,36.4,24.8,12.7,12.6,77.3,13.5,3.9,7.2
38009,Bottineau,ND,North Dakota,2023,Crude prevalence,10.0,86.3,7.3,11.9,8.0,37.7,24.4,13.0,12.6,77.1,13.4,3.9,6.7
38011,Bowman,ND,North Dakota,2023,Crude prevalence,9.9,85.9,7.4,11.4,7.8,36.3,24.5,13.1,12.7,76.6,13.6,3.8,7.9
38013,Burke,ND,North Dakota,2023,Crude prevalence,9.7,86.3,6.7,11.1,7.3,37.3,22.6,12.8,12.2,76.5,13.1,3.5,6.9
38015,Burleigh,ND,North Dakota,2023,Crude prevalence,9.8,84.6,5.6,9.3,5.9,35.2,18.4,13.1,10.7,75.2,11.8,2.9,6.3
38017,Cass,ND,North Dakota,2023,Crude prevalence,9.8,81.8,4.5,7.9,4.8,33.8,17.6,13.9,9.6,74.3,11.2,2.4,6.3
38019,Cavalier,ND,North Dakota,2023,Crude prevalence,9.7,87.3,7.2,11.8,8.5,39.5,23.9,12.4,12.6,79.1,12.4,4.0,6.6
38021,Dickey,ND,North Dakota,2023,Crude prevalence,10.1,83.5,7.0,11.2,7.3,38.7,24.3,14.2,12.6,75.0,13.8,3.6,7.4
38023,Divide,ND,North Dakota,2023,Crude prevalence,10.0,86.4,7.8,12.6,8.6,37.4,25.6,13.2,13.4,77.8,14.1,4.1,7.6
38025,Dunn,ND,North Dakota,2023,Crude prevalence,10.1,84.1,6.8,11.5,7.1,36.7,24.0,14.1,12.5,74.9,14.8,3.6,7.8
38027,Eddy,ND,North Dakota,2023,Crude prevalence,10.5,84.6,8.7,13.5,8.8,38.7,27.5,14.1,14.4,77.0,16.2,4.4,8.1
38029,Emmons,ND,North Dakota,2023,Crude prevalence,10.1,86.3,8.8,13.5,9.5,38.1,26.0,13.1,14.0,78.6,14.7,4.6,7.5
38031,Foster,ND,North Dakota,2023,Crude prevalence,10.0,86.3,7.2,11.8,7.8,35.7,24.4,13.1,12.7,77.1,13.3,3.8,6.6
38033,Golden Valley,ND,North Dakota,2023,Crude prevalence,10.3,85.9,8.8,13.7,9.4,37.6,28.7,13.8,14.2,78.0,15.6,4.5,7.6
38035,Grand Forks,ND,North Dakota,2023,Crude prevalence,10.4,79.7,5.3,9.1,5.4,35.2,21.5,15.3,11.0,73.0,11.3,2.7,7.1
38037,Grant,ND,North Dakota,2023,Crude prevalence,10.3,86.3,10.3,15.2,11.0,41.3,30.9,13.4,15.5,78.9,16.4,5.3,8.0
38039,Griggs,ND,North Dakota,2023,Crude prevalence,9.4,87.3,7.7,12.3,9.0,36.8,23.9,11.9,12.8,78.4,12.3,4.3,6.5
38041,Hettinger,ND,North Dakota,2023,Crude prevalence,10.2,85.5,7.5,11.7,8.1,37.4,25.1,13.9,13.0,76.8,14.5,3.9,7.3
38043,Kidder,ND,North Dakota,2023,Crude prevalence,9.9,86.5,8.1,12.8,8.9,39.9,26.9,13.2,13.7,78.0,14.5,4.3,7.4
38045,LaMoure,ND,North Dakota,2023,Crude prevalence,9.9,86.2,8.0,12.5,8.8,34.4,25.8,12.9,13.3,77.8,13.8,4.2,7.3
38047,Logan,ND,North Dakota,2023,Crude prevalence,10.2,85.1,8.9,13.2,9.6,39.8,27.9,13.6,14.3,77.3,14.9,4.6,8.1
38049,McHenry,ND,North Dakota,2023,Crude prevalence,10.0,85.4,7.6,11.9,7.8,42.1,26.2,13.7,13.4,76.7,15.2,3.8,7.5
38051,McIntosh,ND,North Dakota,2023,Crude prevalence,10.2,86.4,9.7,14.4,10.1,35.8,29.2,13.4,15.2,78.8,15.6,5.0,8.6
38053,McKenzie,ND,North Dakota,2023,Crude prevalence,10.3,81.0,5.6,9.6,5.4,41.1,23.9,15.4,11.9,71.0,15.2,2.8,9.4
38055,McLean,ND,North Dakota,2023,Crude prevalence,9.9,87.2,7.2,12.1,8.1,40.2,25.2,12.9,12.8,78.6,13.6,3.9,6.6
38057,Mercer,ND,North Dakota,2023,Crude prevalence,10.3,85.5,7.9,12.2,8.2,39.8,25.3,13.7,13.6,76.6,15.1,4.0,7.5
38059,Morton,ND,North Dakota,2023,Crude prevalence,10.2,83.9,5.9,9.6,6.2,38.6,22.5,14.1,11.3,75.2,13.5,3.0,7.1
38061,Mountrail,ND,North Dakota,2023,Crude prevalence,11.2,81.1,7.3,12.8,6.9,42.2,29.8,16.3,14.1,72.9,19.2,3.7,10.1
38063,Nelson,ND,North Dakota,2023,Crude prevalence,9.7,87.2,7.5,12.4,8.5,39.6,23.8,12.3,12.8,78.2,13.2,4.0,6.9
38065,Oliver,ND,North Dakota,2023,Crude prevalence,9.8,86.9,7.0,11.7,7.9,34.6,24.0,12.8,12.4,77.8,13.1,3.8,6.4
38067,Pembina,ND,North Dakota,2023,Crude prevalence,9.8,85.7,7.8,12.8,8.6,41.9,26.5,13.4,13.7,76.5,14.7,4.1,8.0
38069,Pierce,ND,North Dakota,2023,Crude prevalence,10.1,85.9,7.5,12.1,8.0,40.7,25.8,13.4,13.1,77.7,14.2,3.9,7.0
38071,Ramsey,ND,North Dakota,2023,Crude prevalence,10.2,83.9,7.9,12.3,8.1,40.8,26.0,14.3,13.5,76.9,15.4,4.0,7.7
38073,Ransom,ND,North Dakota,2023,Crude prevalence,9.9,84.7,7.4,12.1,7.8,37.9,25.1,13.8,13.0,76.9,14.8,3.8,7.7
38075,Renville,ND,North Dakota,2023,Crude prevalence,9.9,85.3,6.9,11.1,7.2,39.0,24.4,13.7,12.4,75.5,14.1,3.5,7.0
38077,Richland,ND,North Dakota,2023,Crude prevalence,10.0,82.7,6.6,10.5,7.0,36.1,23.7,14.3,12.1,74.7,13.2,3.4,7.1
38079,Rolette,ND,North Dakota,2023,Crude prevalence,13.8,78.9,9.7,17.9,8.5,50.2,34.5,19.2,18.2,74.4,25.9,5.0,10.8
38081,Sargent,ND,North Dakota,2023,Crude prevalence,9.7,85.3,7.0,11.8,7.7,41.2,24.5,13.4,12.8,76.2,13.8,3.7,7.5
38083,Sheridan,ND,North Dakota,2023,Crude prevalence,9.8,88.2,9.0,13.9,10.5,36.2,28.2,12.2,14.4,80.0,13.8,5.0,7.5
38085,Sioux,ND,North Dakota,2023,Crude prevalence,14.7,74.2,12.2,20.2,9.9,49.1,39.1,22.2,21.4,73.5,32.9,6.0,13.3
38087,Slope,ND,North Dakota,2023,Crude prevalence,9.8,87.8,9.4,14.6,10.3,38.3,27.0,12.4,14.6,79.1,15.2,4.9,6.9
38089,Stark,ND,North Dakota,2023,Crude prevalence,9.8,81.8,6.0,9.5,6.0,37.4,23.5,14.6,11.7,73.6,14.1,3.0,8.5
38091,Steele,ND,North Dakota,2023,Crude prevalence,9.8,86.3,7.9,12.7,8.7,35.0,24.9,13.1,13.2,77.3,14.2,4.1,7.1
38093,Stutsman,ND,North Dakota,2023,Crude prevalence,10.3,82.9,7.3,10.9,7.3,39.7,24.7,14.7,13.0,73.8,15.3,3.6,7.9
38095,Towner,ND,North Dakota,2023,Crude prevalence,10.5,85.8,9.9,15.0,10.1,43.9,30.3,14.0,15.3,78.5,16.9,4.9,8.6
38097,Traill,ND,North Dakota,2023,Crude prevalence,9.7,85.2,6.2,10.5,6.8,38.2,22.5,13.4,11.9,75.4,12.3,3.3,6.8
38099,Walsh,ND,North Dakota,2023,Crude prevalence,9.9,84.9,7.8,12.4,8.2,35.8,26.7,13.4,13.5,77.0,14.8,4.1,9.9
38101,Ward,ND,North Dakota,2023,Crude prevalence,9.9,82.1,5.2,8.8,5.3,33.9,22.6,14.4,11.0,72.2,12.6,2.7,7.7
38103,Wells,ND,North Dakota,2023,Crude prevalence,10.1,86.4,9.0,13.8,9.5,37.8,27.0,13.3,14.3,78.5,14.7,4.6,7.3
38105,Williams,ND,North Dakota,2023,Crude prevalence,10.2,80.0,5.4,8.9,5.1,40.4,24.1,16.0,11.3,70.4,15.6,2.7,9.5
39001,Adams,OH,Ohio,2023,Crude prevalence,11.8,83.7,11.8,15.7,9.2,40.3,35.3,19.8,17.4,79.3,21.9,4.6,9.6
39003,Allen,OH,Ohio,2023,Crude prevalence,11.1,85.5,9.1,14.5,7.9,39.7,29.3,18.3,14.6,81.3,17.0,3.9,8.3
39005,Ashland,OH,Ohio,2023,Crude prevalence,11.0,85.3,9.6,13.9,8.2,38.3,30.7,18.0,15.7,79.8,17.7,4.0,8.2
39007,Ashtabula,OH,Ohio,2023,Crude prevalence,11.3,84.6,11.0,16.2,9.2,45.8,34.5,19.5,16.9,78.5,20.1,4.5,10.0
39009,Athens,OH,Ohio,2023,Crude prevalence,11.6,79.8,7.7,11.5,6.2,34.5,24.8,20.9,13.3,76.4,15.2,3.1,7.8
39011,Auglaize,OH,Ohio,2023,Crude prevalence,10.7,86.6,8.1,12.2,7.5,39.5,26.5,17.2,13.7,79.7,15.3,3.5,7.2
39013,Belmont,OH,Ohio,2023,Crude prevalence,11.1,85.9,9.8,14.5,8.6,40.9,32.1,18.1,16.2,80.0,18.1,4.1,8.2
39015,Brown,OH,Ohio,2023,Crude prevalence,11.4,85.3,10.4,14.5,8.7,41.6,34.1,18.9,16.1,80.4,19.7,4.2,8.7
39017,Butler,OH,Ohio,2023,Crude prevalence,10.8,85.2,7.2,12.5,6.6,39.0,27.8,17.8,13.3,80.3,14.6,3.3,7.9
39019,Carroll,OH,Ohio,2023,Crude prevalence,11.1,86.1,10.5,14.9,9.1,38.9,32.4,18.3,16.4,80.5,19.0,4.4,8.4
39021,Champaign,OH,Ohio,2023,Crude prevalence,11.0,86.3,8.5,12.7,7.5,43.2,27.5,17.7,14.4,79.4,16.4,3.6,7.6
39023,Clark,OH,Ohio,2023,Crude prevalence,11.4,85.7,9.9,15.0,8.4,42.2,33.5,18.8,15.8,80.3,17.9,4.2,8.9
39025,Clermont,OH,Ohio,2023,Crude prevalence,10.6,86.8,7.6,12.6,7.0,34.7,25.3,17.2,13.3,79.3,15.6,3.3,7.2
39027,Clinton,OH,Ohio,2023,Crude prevalence,11.3,85.0,9.3,13.5,8.0,39.7,30.3,18.4,15.0,79.4,17.7,3.9,8.1
39029,Columbiana,OH,Ohio,2023,Crude prevalence,11.2,85.8,10.3,15.2,8.8,41.1,32.0,17.9,16.4,79.4,18.5,4.3,8.6
39031,Coshocton,OH,Ohio,2023,Crude prevalence,11.3,84.5,11.1,15.3,9.1,41.5,32.3,18.9,16.8,79.4,20.1,4.5,9.4
39033,Crawford,OH,Ohio,2023,Crude prevalence,11.1,85.4,10.3,14.6,8.8,39.5,32.2,18.6,15.8,79.1,18.3,4.2,8.7
39035,Cuyahoga,OH,Ohio,2023,Crude prevalence,11.6,87.4,7.7,13.4,6.9,35.3,24.7,16.1,13.5,80.1,14.8,4.0,8.4
39037,Darke,OH,Ohio,2023,Crude prevalence,11.0,85.6,9.7,14.3,8.5,36.4,30.0,18.3,15.6,79.8,17.7,4.1,8.3
39039,Defiance,OH,Ohio,2023,Crude prevalence,10.6,86.0,8.2,13.3,7.6,35.3,27.8,17.2,14.3,79.4,15.9,3.6,9.2
39041,Delaware,OH,Ohio,2023,Crude prevalence,9.5,89.0,4.9,10.1,5.0,31.5,17.7,13.5,9.8,81.6,10.1,2.5,5.0
39043,Erie,OH,Ohio,2023,Crude prevalence,10.9,87.6,8.9,14.4,8.3,40.1,28.0,16.8,14.3,82.0,14.9,4.0,7.7
39045,Fairfield,OH,Ohio,2023,Crude prevalence,10.8,86.9,7.2,12.2,6.6,35.6,24.4,16.6,12.9,79.8,14.4,3.3,7.1
39047,Fayette,OH,Ohio,2023,Crude prevalence,11.4,84.3,10.2,14.3,8.2,41.3,32.3,19.2,16.1,78.2,19.9,4.1,9.4
39049,Franklin,OH,Ohio,2023,Crude prevalence,11.2,85.3,6.3,11.8,5.6,33.7,23.7,18.1,12.8,79.6,13.9,3.1,8.4
39051,Fulton,OH,Ohio,2023,Crude prevalence,10.5,86.6,8.1,13.3,7.4,37.0,27.3,17.1,13.9,79.5,15.1,3.6,8.5
39053,Gallia,OH,Ohio,2023,Crude prevalence,11.5,84.3,11.0,15.3,9.2,36.6,35.2,19.6,17.3,79.7,20.8,4.4,9.3
39055,Geauga,OH,Ohio,2023,Crude prevalence,10.3,88.4,7.6,12.4,7.4,32.6,23.2,15.2,12.8,80.9,12.8,3.5,6.4
39057,Greene,OH,Ohio,2023,Crude prevalence,10.8,86.7,6.6,11.2,6.4,37.8,22.6,16.3,12.1,79.6,12.3,3.1,6.5
39059,Guernsey,OH,Ohio,2023,Crude prevalence,11.3,84.7,10.6,14.8,8.9,38.3,32.5,19.1,16.1,79.5,19.0,4.3,9.1
39061,Hamilton,OH,Ohio,2023,Crude prevalence,11.4,86.2,7.1,13.2,6.5,35.6,24.4,17.3,12.2,79.7,13.9,3.5,7.7
39063,Hancock,OH,Ohio,2023,Crude prevalence,10.6,86.0,7.5,12.5,6.9,39.3,26.7,17.4,13.3,79.2,14.5,3.3,7.5
39065,Hardin,OH,Ohio,2023,Crude prevalence,11.2,82.1,9.1,12.9,7.5,40.3,30.4,19.9,15.2,77.8,17.7,3.6,8.7
39067,Harrison,OH,Ohio,2023,Crude prevalence,11.3,85.9,10.6,15.6,9.1,41.4,31.6,18.7,16.2,79.5,19.0,4.4,8.6
39069,Henry,OH,Ohio,2023,Crude prevalence,10.8,86.5,8.3,13.1,7.6,38.6,28.0,17.2,14.4,79.9,15.8,3.7,8.5
39071,Highland,OH,Ohio,2023,Crude prevalence,11.4,84.8,10.4,14.7,8.5,41.3,32.7,19.2,16.2,78.5,19.5,4.2,9.0
39073,Hocking,OH,Ohio,2023,Crude prevalence,11.4,84.9,10.9,15.7,9.2,36.1,33.4,19.3,16.7,80.1,20.5,4.4,8.7
39075,Holmes,OH,Ohio,2023,Crude prevalence,12.0,80.0,10.7,12.7,7.8,38.2,33.9,21.5,17.0,75.1,21.5,3.9,12.3
39077,Huron,OH,Ohio,2023,Crude prevalence,11.1,85.4,9.0,13.5,7.7,35.0,30.3,18.0,15.0,79.7,17.2,3.8,9.0
39079,Jackson,OH,Ohio,2023,Crude prevalence,11.5,84.1,10.5,14.9,8.4,44.9,33.8,20.0,16.9,78.9,20.1,4.1,9.1
39081,Jefferson,OH,Ohio,2023,Crude prevalence,11.7,85.9,10.1,15.1,8.7,42.5,31.3,18.7,16.1,80.3,17.6,4.2,8.0
39083,Knox,OH,Ohio,2023,Crude prevalence,11.0,85.3,8.5,12.6,7.5,37.1,27.6,17.7,13.8,78.2,15.5,3.6,7.6
39085,Lake,OH,Ohio,2023,Crude prevalence,10.7,88.0,7.7,12.9,7.3,36.9,25.4,16.2,13.9,81.3,14.5,3.5,7.1
39087,Lawrence,OH,Ohio,2023,Crude prevalence,11.7,85.2,10.6,15.1,8.6,41.6,32.4,19.6,16.3,80.3,19.6,4.3,8.6
39089,Licking,OH,Ohio,2023,Crude prevalence,10.9,86.1,7.6,12.9,6.8,37.5,24.1,17.1,13.3,79.2,15.4,3.4,7.2
39091,Logan,OH,Ohio,2023,Crude prevalence,11.0,86.1,9.2,14.0,8.0,39.3,29.2,17.9,15.0,79.6,17.5,3.9,7.8
39093,Lorain,OH,Ohio,2023,Crude prevalence,11.0,86.8,8.2,14.2,7.6,36.8,29.0,17.4,14.5,80.2,15.0,3.7,8.6
39095,Lucas,OH,Ohio,2023,Crude prevalence,11.3,85.8,8.6,14.0,7.5,36.1,29.8,18.3,14.6,80.8,16.4,3.9,9.0
39097,Madison,OH,Ohio,2023,Crude prevalence,10.6,85.4,7.8,12.4,6.8,37.3,26.9,17.6,13.6,78.8,16.5,3.4,8.4
39099,Mahoning,OH,Ohio,2023,Crude prevalence,11.0,86.1,9.5,14.8,8.4,38.6,28.2,17.6,15.3,79.4,16.9,4.3,9.1
39101,Marion,OH,Ohio,2023,Crude prevalence,10.9,84.3,10.0,14.8,8.3,44.2,33.8,18.7,16.1,79.1,19.6,4.1,9.5
39103,Medina,OH,Ohio,2023,Crude prevalence,10.5,88.0,7.0,11.9,6.8,36.3,24.2,15.8,12.7,80.3,13.1,3.2,6.2
39105,Meigs,OH,Ohio,2023,Crude prevalence,11.6,84.4,12.9,17.3,10.3,44.5,39.1,20.3,18.5,79.8,22.5,5.0,9.6
39107,Mercer,OH,Ohio,2023,Crude prevalence,10.4,86.4,7.9,12.1,7.3,36.3,27.5,17.1,13.4,79.0,15.0,3.5,7.2
39109,Miami,OH,Ohio,2023,Crude prevalence,10.8,86.7,8.0,12.7,7.3,33.6,26.1,16.9,13.8,79.2,15.3,3.5,7.2
39111,Monroe,OH,Ohio,2023,Crude prevalence,11.2,85.7,11.6,16.1,9.9,40.4,34.0,18.5,16.9,80.4,20.0,4.8,8.7
39113,Montgomery,OH,Ohio,2023,Crude prevalence,11.5,85.9,8.1,14.5,7.2,37.0,29.3,18.0,14.0,80.8,15.2,3.9,7.9
39115,Morgan,OH,Ohio,2023,Crude prevalence,11.5,85.7,11.1,16.0,9.4,41.1,33.5,18.5,16.7,80.8,19.5,4.6,8.8
39117,Morrow,OH,Ohio,2023,Crude prevalence,11.1,86.1,9.2,13.8,7.8,40.0,29.8,18.1,15.2,80.0,17.8,3.8,8.0
39119,Muskingum,OH,Ohio,2023,Crude prevalence,11.5,85.0,9.6,14.4,8.0,43.9,29.9,18.9,15.3,81.4,18.1,3.9,8.2
39121,Noble,OH,Ohio,2023,Crude prevalence,10.2,87.8,11.8,18.0,11.9,41.6,33.6,16.3,17.2,81.8,18.5,5.4,8.8
39123,Ottawa,OH,Ohio,2023,Crude prevalence,10.5,89.2,8.5,13.8,8.5,38.0,28.4,15.5,14.3,81.2,14.0,3.9,7.0
39125,Paulding,OH,Ohio,2023,Crude prevalence,10.9,86.0,9.2,14.1,8.1,41.3,30.8,17.8,15.0,79.7,17.2,3.9,8.7
39127,Perry,OH,Ohio,2023,Crude prevalence,11.2,84.9,10.1,14.3,8.3,38.6,32.1,18.8,15.9,79.2,19.3,4.0,8.8
39129,Pickaway,OH,Ohio,2023,Crude prevalence,11.0,84.4,8.5,12.6,7.1,39.8,29.4,18.5,14.4,78.5,17.9,3.5,8.5
39131,Pike,OH,Ohio,2023,Crude prevalence,11.9,83.4,12.5,16.2,9.6,43.2,36.6,21.0,18.1,79.7,22.9,4.8,10.2
39133,Portage,OH,Ohio,2023,Crude prevalence,10.8,84.7,7.6,11.8,6.8,32.9,25.0,17.8,13.1,79.1,14.5,3.3,7.1
39135,Preble,OH,Ohio,2023,Crude prevalence,10.9,86.5,9.1,13.4,7.9,39.7,30.3,17.9,14.8,79.5,17.0,3.8,7.5
39137,Putnam,OH,Ohio,2023,Crude prevalence,10.5,87.4,7.4,12.3,7.0,43.7,24.7,16.4,13.4,80.3,14.0,3.3,7.3
39139,Richland,OH,Ohio,2023,Crude prevalence,11.0,84.8,9.7,14.5,8.3,39.0,30.2,18.8,15.6,78.6,18.0,4.1,9.2
39141,Ross,OH,Ohio,2023,Crude prevalence,11.6,84.2,10.0,15.0,8.1,44.3,30.8,19.2,15.7,78.0,19.8,4.1,9.3
39143,Sandusky,OH,Ohio,2023,Crude prevalence,10.7,86.1,8.8,14.4,8.0,40.7,29.3,17.6,15.1,80.1,16.6,3.9,9.2
39145,Scioto,OH,Ohio,2023,Crude prevalence,11.6,83.8,11.4,15.3,9.0,44.7,35.9,21.0,17.6,80.9,20.8,4.4,9.5
39147,Seneca,OH,Ohio,2023,Crude prevalence,10.8,85.3,8.5,13.2,7.4,35.8,29.3,18.0,14.5,78.5,16.4,3.6,8.2
39149,Shelby,OH,Ohio,2023,Crude prevalence,11.0,85.3,8.8,13.3,7.7,39.6,29.3,18.1,14.8,78.7,17.0,3.7,8.0
39151,Stark,OH,Ohio,2023,Crude prevalence,11.2,86.2,8.8,13.7,7.9,40.4,29.1,17.7,14.6,79.1,17.1,3.9,7.8
39153,Summit,OH,Ohio,2023,Crude prevalence,11.2,86.6,7.9,13.7,7.0,37.6,26.2,17.2,13.9,81.2,14.6,3.6,7.4
39155,Trumbull,OH,Ohio,2023,Crude prevalence,11.3,85.7,10.2,15.5,8.9,39.7,31.3,18.5,15.7,80.5,18.4,4.4,8.7
39157,Tuscarawas,OH,Ohio,2023,Crude prevalence,11.2,85.2,9.7,13.6,8.2,43.4,29.9,18.4,15.0,79.7,17.5,4.0,9.1
39159,Union,OH,Ohio,2023,Crude prevalence,10.4,87.4,5.7,10.2,5.2,39.8,23.2,16.1,11.4,79.3,12.6,2.6,6.3
39161,Van Wert,OH,Ohio,2023,Crude prevalence,10.8,86.0,8.8,13.2,7.8,37.3,29.3,17.8,14.4,79.4,16.5,3.7,8.1
39163,Vinton,OH,Ohio,2023,Crude prevalence,11.7,84.3,11.4,15.4,8.9,40.3,33.0,19.6,17.1,79.1,21.2,4.4,9.5
39165,Warren,OH,Ohio,2023,Crude prevalence,9.9,87.9,5.8,11.0,5.8,32.6,20.4,15.2,11.4,79.7,12.2,2.8,6.0
39167,Washington,OH,Ohio,2023,Crude prevalence,10.9,86.2,9.6,13.8,8.6,43.7,29.9,17.6,15.1,80.9,17.0,4.1,7.7
39169,Wayne,OH,Ohio,2023,Crude prevalence,11.0,84.7,8.7,12.9,7.6,37.5,27.3,17.8,14.4,78.6,16.3,3.7,8.5
39171,Williams,OH,Ohio,2023,Crude prevalence,11.1,85.4,9.5,14.4,8.3,40.6,31.6,18.2,15.3,79.0,17.8,4.0,9.0
39173,Wood,OH,Ohio,2023,Crude prevalence,10.6,84.4,6.6,10.7,6.1,37.4,22.9,17.4,12.2,79.2,12.7,2.9,7.0
39175,Wyandot,OH,Ohio,2023,Crude prevalence,10.7,86.6,8.4,13.0,7.6,35.6,27.1,17.0,14.0,79.8,15.5,3.6,7.4
40001,Adair,OK,Oklahoma,2023,Crude prevalence,13.6,81.7,11.7,17.5,9.6,46.2,40.8,21.2,19.1,77.8,25.8,5.3,13.5
40003,Alfalfa,OK,Oklahoma,2023,Crude prevalence,10.4,85.7,8.5,13.5,8.3,40.6,31.7,16.2,14.5,77.9,17.9,4.0,11.2
40005,Atoka,OK,Oklahoma,2023,Crude prevalence,11.7,82.6,10.3,14.6,8.9,40.3,34.7,18.8,16.5,76.6,21.3,4.6,12.7
40007,Beaver,OK,Oklahoma,2023,Crude prevalence,10.5,85.5,8.5,13.9,8.4,38.4,33.9,16.2,15.1,79.1,15.3,4.1,15.2
40009,Beckham,OK,Oklahoma,2023,Crude prevalence,11.2,81.3,9.5,13.3,7.9,40.0,35.0,18.7,15.6,76.2,20.0,4.0,14.8
40011,Blaine,OK,Oklahoma,2023,Crude prevalence,11.3,85.4,9.4,14.3,8.6,38.3,33.2,17.4,15.6,79.6,17.6,4.3,12.1
40013,Bryan,OK,Oklahoma,2023,Crude prevalence,12.2,83.2,9.4,13.4,8.1,40.0,34.1,18.9,16.0,78.5,19.0,4.2,11.5
40015,Caddo,OK,Oklahoma,2023,Crude prevalence,11.5,81.2,9.5,14.9,8.2,40.2,37.4,19.0,16.5,76.6,21.5,4.3,15.8
40017,Canadian,OK,Oklahoma,2023,Crude prevalence,10.7,85.5,5.9,10.4,5.6,39.0,26.8,17.3,12.2,78.2,13.4,2.8,9.4
40019,Carter,OK,Oklahoma,2023,Crude prevalence,11.7,84.5,8.8,13.7,7.7,39.7,34.6,18.4,15.1,78.7,18.0,4.0,11.1
40021,Cherokee,OK,Oklahoma,2023,Crude prevalence,12.7,82.8,8.9,14.3,8.1,42.9,31.6,19.6,16.1,78.8,18.9,4.2,10.8
40023,Choctaw,OK,Oklahoma,2023,Crude prevalence,12.6,84.4,11.5,17.2,9.9,45.4,38.6,19.3,18.0,79.7,21.5,5.3,11.9
40025,Cimarron,OK,Oklahoma,2023,Crude prevalence,10.1,88.0,8.1,13.7,8.7,37.6,31.7,14.4,14.1,80.5,13.0,4.1,13.0
40027,Cleveland,OK,Oklahoma,2023,Crude prevalence,11.0,83.9,6.4,10.9,5.9,36.3,26.6,17.5,12.3,77.3,13.2,3.0,9.4
40029,Coal,OK,Oklahoma,2023,Crude prevalence,12.8,83.1,12.4,17.2,10.4,42.6,39.2,20.0,18.7,79.0,23.1,5.4,12.6
40031,Comanche,OK,Oklahoma,2023,Crude prevalence,11.3,82.8,7.5,12.8,6.6,43.0,33.1,18.9,14.3,78.0,17.6,3.6,12.1
40033,Cotton,OK,Oklahoma,2023,Crude prevalence,11.8,85.0,10.5,15.4,9.2,43.1,35.0,18.0,16.7,79.2,19.3,4.7,11.3
40035,Craig,OK,Oklahoma,2023,Crude prevalence,12.4,83.4,11.2,15.9,9.6,41.8,36.1,19.7,17.7,78.7,22.2,5.1,12.0
40037,Creek,OK,Oklahoma,2023,Crude prevalence,11.7,85.1,8.9,13.4,8.0,39.8,31.3,17.9,15.1,79.2,18.4,4.1,10.1
40039,Custer,OK,Oklahoma,2023,Crude prevalence,11.1,81.3,7.5,11.8,6.9,41.0,31.4,18.4,13.8,76.0,15.4,3.4,12.0
40041,Delaware,OK,Oklahoma,2023,Crude prevalence,12.1,85.9,11.5,16.7,10.4,37.8,35.9,18.5,17.8,80.3,20.5,5.3,10.8
40043,Dewey,OK,Oklahoma,2023,Crude prevalence,11.3,85.1,9.2,13.5,8.3,38.2,32.5,17.5,15.2,78.8,17.5,4.1,10.1
40045,Ellis,OK,Oklahoma,2023,Crude prevalence,11.0,86.6,9.5,14.1,9.1,39.6,33.2,16.5,15.2,79.8,16.4,4.4,10.6
40047,Garfield,OK,Oklahoma,2023,Crude prevalence,11.0,83.6,8.2,12.6,7.3,41.7,32.0,16.9,13.9,78.1,16.9,3.7,12.3
40049,Garvin,OK,Oklahoma,2023,Crude prevalence,11.7,84.1,9.6,14.1,8.2,38.6,34.4,18.7,15.7,78.4,19.2,4.2,12.0
40051,Grady,OK,Oklahoma,2023,Crude prevalence,11.1,85.1,7.9,12.0,7.1,38.4,29.3,17.7,13.9,78.0,16.3,3.6,10.0
40053,Grant,OK,Oklahoma,2023,Crude prevalence,11.0,86.3,9.2,13.5,8.8,36.3,32.5,16.8,15.1,79.9,16.9,4.3,9.6
40055,Greer,OK,Oklahoma,2023,Crude prevalence,10.8,83.4,8.4,13.0,7.6,42.1,33.1,17.6,14.9,76.8,17.9,3.9,12.9
40057,Harmon,OK,Oklahoma,2023,Crude prevalence,11.1,84.9,10.1,17.0,9.4,42.4,39.3,17.2,17.1,79.7,17.8,4.8,16.7
40059,Harper,OK,Oklahoma,2023,Crude prevalence,10.7,86.1,9.0,14.0,8.5,39.4,33.3,16.2,15.3,79.0,16.2,4.1,13.8
40061,Haskell,OK,Oklahoma,2023,Crude prevalence,12.2,84.2,10.8,15.4,9.5,42.2,36.3,18.8,17.2,79.2,20.7,4.9,11.6
40063,Hughes,OK,Oklahoma,2023,Crude prevalence,11.9,82.1,10.5,15.1,9.0,41.9,36.5,19.3,16.9,77.4,21.8,4.7,13.3
40065,Jackson,OK,Oklahoma,2023,Crude prevalence,11.0,83.3,7.9,13.2,7.3,40.4,34.4,17.5,14.6,77.4,16.1,3.7,13.9
40067,Jefferson,OK,Oklahoma,2023,Crude prevalence,11.7,84.2,11.6,16.3,10.1,41.2,38.3,18.5,17.7,79.1,20.9,5.1,13.0
40069,Johnston,OK,Oklahoma,2023,Crude prevalence,12.4,82.6,10.8,15.3,9.3,39.4,36.9,19.8,17.4,78.2,21.0,4.8,11.7
40071,Kay,OK,Oklahoma,2023,Crude prevalence,11.8,84.3,9.6,14.1,8.6,42.6,32.1,18.6,15.8,77.8,18.7,4.3,11.2
40073,Kingfisher,OK,Oklahoma,2023,Crude prevalence,10.8,85.0,7.7,11.9,7.2,37.1,33.6,17.0,14.0,77.4,15.6,3.6,12.1
40075,Kiowa,OK,Oklahoma,2023,Crude prevalence,11.8,84.6,11.4,16.6,10.1,42.7,36.4,18.4,17.5,79.5,19.9,5.1,12.9
40077,Latimer,OK,Oklahoma,2023,Crude prevalence,12.6,83.2,12.1,17.0,10.6,42.3,37.9,19.9,18.7,78.4,22.4,5.5,12.2
40079,Le Flore,OK,Oklahoma,2023,Crude prevalence,12.3,82.7,10.8,15.1,9.1,40.3,37.9,19.8,17.3,78.5,21.9,4.7,12.7
40081,Lincoln,OK,Oklahoma,2023,Crude prevalence,11.7,84.7,9.8,14.1,8.6,44.1,33.3,18.0,15.9,78.7,18.9,4.3,10.3
40083,Logan,OK,Oklahoma,2023,Crude prevalence,11.2,86.0,7.4,12.0,6.9,40.2,28.8,16.9,13.3,78.9,15.3,3.5,9.4
40085,Love,OK,Oklahoma,2023,Crude prevalence,11.4,84.4,9.3,14.4,8.5,38.8,35.0,18.0,15.9,78.3,18.5,4.3,13.7
40087,McClain,OK,Oklahoma,2023,Crude prevalence,11.1,85.7,7.1,11.3,6.6,38.5,28.6,17.1,13.5,77.7,15.4,3.3,9.8
40089,McCurtain,OK,Oklahoma,2023,Crude prevalence,12.5,83.2,10.5,15.5,8.9,42.6,36.5,19.5,17.0,78.5,21.2,4.8,12.4
40091,McIntosh,OK,Oklahoma,2023,Crude prevalence,12.4,85.3,12.4,17.7,11.1,44.8,39.8,18.9,18.6,80.8,21.8,5.6,11.3
40093,Major,OK,Oklahoma,2023,Crude prevalence,11.0,85.8,9.1,13.3,8.4,41.9,33.9,16.9,15.1,78.5,16.9,4.1,11.0
40095,Marshall,OK,Oklahoma,2023,Crude prevalence,11.6,85.3,10.5,15.7,9.6,39.4,37.3,17.8,16.9,79.6,18.7,4.8,13.6
40097,Mayes,OK,Oklahoma,2023,Crude prevalence,12.4,84.4,10.0,14.6,8.7,41.8,34.9,19.0,16.7,78.8,20.3,4.5,10.5
40099,Murray,OK,Oklahoma,2023,Crude prevalence,11.7,85.6,9.5,14.3,8.7,41.4,34.9,17.5,15.9,79.7,17.9,4.4,11.0
40101,Muskogee,OK,Oklahoma,2023,Crude prevalence,12.6,83.2,10.1,15.2,8.5,41.5,35.8,20.1,17.1,78.9,20.7,4.6,12.1
40103,Noble,OK,Oklahoma,2023,Crude prevalence,11.5,86.3,8.8,13.3,8.2,41.6,33.3,17.3,15.2,80.1,16.8,4.1,9.4
40105,Nowata,OK,Oklahoma,2023,Crude prevalence,12.3,85.0,10.2,15.2,9.0,40.5,35.1,18.7,16.7,79.6,20.3,4.7,10.2
40107,Okfuskee,OK,Oklahoma,2023,Crude prevalence,12.5,82.1,12.1,17.3,10.1,45.8,39.0,19.9,18.4,78.0,24.4,5.4,13.5
40109,Oklahoma,OK,Oklahoma,2023,Crude prevalence,11.5,84.4,7.0,12.6,6.7,37.7,29.2,17.4,13.3,78.1,14.3,3.5,12.5
40111,Okmulgee,OK,Oklahoma,2023,Crude prevalence,12.7,83.8,9.9,15.4,8.6,45.0,37.2,19.5,16.5,78.6,20.0,4.6,11.1
40113,Osage,OK,Oklahoma,2023,Crude prevalence,12.1,86.1,9.2,14.4,8.7,46.4,31.9,17.4,15.3,80.4,17.9,4.5,10.1
40115,Ottawa,OK,Oklahoma,2023,Crude prevalence,12.6,82.6,10.7,15.2,9.1,41.7,36.3,19.8,17.1,78.1,21.3,4.7,11.8
40117,Pawnee,OK,Oklahoma,2023,Crude prevalence,11.9,84.9,9.9,14.3,8.8,39.7,33.3,18.2,16.0,79.0,19.3,4.4,10.7
40119,Payne,OK,Oklahoma,2023,Crude prevalence,11.5,78.5,6.7,9.8,5.7,33.9,27.1,19.1,12.3,75.3,14.0,2.9,9.4
40121,Pittsburg,OK,Oklahoma,2023,Crude prevalence,11.8,84.2,9.9,14.3,8.9,40.1,33.8,18.2,16.2,79.1,19.2,4.5,11.2
40123,Pontotoc,OK,Oklahoma,2023,Crude prevalence,11.8,84.7,7.9,12.3,7.4,39.9,29.7,17.9,14.3,78.6,16.5,3.8,9.8
40125,Pottawatomie,OK,Oklahoma,2023,Crude prevalence,12.3,84.3,8.9,13.0,7.5,41.2,32.2,19.2,15.2,79.5,18.1,3.9,10.3
40127,Pushmataha,OK,Oklahoma,2023,Crude prevalence,12.4,84.1,12.8,17.7,11.0,39.1,39.6,19.2,18.9,79.5,23.6,5.6,12.2
40129,Roger Mills,OK,Oklahoma,2023,Crude prevalence,11.2,86.1,9.9,14.6,9.3,40.3,33.5,17.1,15.6,80.2,17.4,4.5,10.0
40131,Rogers,OK,Oklahoma,2023,Crude prevalence,11.4,85.8,7.6,12.4,7.2,40.1,28.5,16.9,13.9,78.0,15.7,3.6,9.0
40133,Seminole,OK,Oklahoma,2023,Crude prevalence,12.7,82.8,11.4,16.1,9.6,45.0,37.9,20.3,18.2,79.1,22.5,5.0,12.3
40135,Sequoyah,OK,Oklahoma,2023,Crude prevalence,12.8,83.3,11.5,16.6,9.7,47.1,37.4,20.3,18.4,79.2,22.8,5.1,12.2
40137,Stephens,OK,Oklahoma,2023,Crude prevalence,11.6,84.9,9.8,14.2,8.8,39.1,34.3,17.9,16.0,79.6,18.6,4.4,11.3
40139,Texas,OK,Oklahoma,2023,Crude prevalence,10.3,81.8,7.2,13.7,7.0,44.1,37.4,16.9,15.1,75.0,16.0,3.5,21.5
40141,Tillman,OK,Oklahoma,2023,Crude prevalence,11.1,85.0,9.8,16.2,9.2,44.0,37.4,17.2,16.6,79.2,18.1,4.7,15.9
40143,Tulsa,OK,Oklahoma,2023,Crude prevalence,11.2,84.8,7.2,11.7,6.6,35.7,30.8,17.9,13.5,76.6,14.7,3.4,11.6
40145,Wagoner,OK,Oklahoma,2023,Crude prevalence,11.2,86.0,7.4,11.9,6.8,36.1,28.4,16.7,13.5,78.1,15.5,3.5,9.4
40147,Washington,OK,Oklahoma,2023,Crude prevalence,11.6,85.5,8.8,13.2,8.2,42.4,30.9,17.2,14.6,78.9,16.9,4.1,10.0
40149,Washita,OK,Oklahoma,2023,Crude prevalence,11.2,85.3,9.3,13.4,8.4,39.5,32.5,17.2,15.1,78.8,17.5,4.1,10.9
40151,Woods,OK,Oklahoma,2023,Crude prevalence,10.9,82.1,7.6,11.1,7.2,36.6,29.1,17.9,13.4,77.2,14.7,3.5,10.1
40153,Woodward,OK,Oklahoma,2023,Crude prevalence,10.9,84.2,8.2,12.1,7.5,41.5,30.7,17.4,14.3,77.0,16.9,3.7,12.2
41001,Baker,OR,Oregon,2023,Crude prevalence,11.9,85.8,9.1,13.6,9.0,37.7,21.3,16.7,15.7,76.2,13.8,4.4,7.7
41003,Benton,OR,Oregon,2023,Crude prevalence,11.6,80.4,5.7,9.3,5.7,25.9,16.2,18.0,12.0,71.5,9.6,2.8,6.7
41005,Clackamas,OR,Oregon,2023,Crude prevalence,11.6,86.0,6.0,10.5,6.1,34.0,19.7,16.5,13.1,73.9,10.5,3.1,6.7
41007,Clatsop,OR,Oregon,2023,Crude prevalence,12.1,85.4,8.3,12.6,8.0,34.8,21.5,17.0,15.2,75.4,13.2,4.0,8.2
41009,Columbia,OR,Oregon,2023,Crude prevalence,12.2,84.2,7.9,12.1,7.2,33.5,22.1,18.0,14.9,72.3,14.3,3.7,8.1
41011,Coos,OR,Oregon,2023,Crude prevalence,12.4,85.3,9.9,14.2,9.4,34.1,24.1,17.4,17.2,76.3,15.2,4.7,8.6
41013,Crook,OR,Oregon,2023,Crude prevalence,12.0,85.8,8.1,12.5,7.9,36.1,21.2,17.1,14.8,74.9,13.0,3.9,7.9
41015,Curry,OR,Oregon,2023,Crude prevalence,12.1,88.1,10.5,15.7,10.5,38.4,23.8,16.1,16.9,77.6,13.4,5.2,8.1
41017,Deschutes,OR,Oregon,2023,Crude prevalence,11.6,85.8,6.4,10.2,6.4,27.2,16.6,15.7,12.7,75.1,10.6,3.2,6.8
41019,Douglas,OR,Oregon,2023,Crude prevalence,12.8,84.7,9.7,14.3,9.1,37.6,25.8,17.8,16.7,76.0,14.5,4.5,8.6
41021,Gilliam,OR,Oregon,2023,Crude prevalence,12.3,85.7,10.4,14.8,9.8,35.4,25.5,17.2,17.1,76.1,14.8,4.9,9.1
41023,Grant,OR,Oregon,2023,Crude prevalence,12.1,86.0,10.2,14.6,10.0,33.6,24.7,16.9,16.7,75.9,14.4,4.9,8.0
41025,Harney,OR,Oregon,2023,Crude prevalence,12.6,84.3,10.6,15.0,9.8,38.8,26.5,18.5,17.5,74.5,16.2,4.9,8.9
41027,Hood River,OR,Oregon,2023,Crude prevalence,11.3,84.6,6.4,11.3,6.4,31.5,20.7,16.1,13.8,72.4,11.4,3.2,11.3
41029,Jackson,OR,Oregon,2023,Crude prevalence,12.1,84.7,8.0,12.7,7.5,32.8,21.8,18.0,14.8,75.5,12.9,3.8,9.3
41031,Jefferson,OR,Oregon,2023,Crude prevalence,12.1,83.0,8.0,13.4,7.6,35.5,23.3,18.1,15.6,72.7,14.6,3.9,11.2
41033,Josephine,OR,Oregon,2023,Crude prevalence,12.4,84.4,10.4,14.8,9.5,33.8,25.7,18.1,17.5,75.2,15.5,4.9,9.6
41035,Klamath,OR,Oregon,2023,Crude prevalence,12.5,83.0,9.4,14.1,8.6,37.9,26.3,18.7,16.6,73.6,15.1,4.3,10.3
41037,Lake,OR,Oregon,2023,Crude prevalence,12.0,84.1,10.0,14.7,9.4,37.7,25.7,17.5,16.8,74.8,15.6,4.7,10.0
41039,Lane,OR,Oregon,2023,Crude prevalence,12.2,81.7,7.5,10.8,6.8,34.3,19.2,18.8,14.1,72.2,12.2,3.6,8.1
41041,Lincoln,OR,Oregon,2023,Crude prevalence,12.4,87.2,9.8,14.9,9.5,35.7,23.6,16.5,17.0,77.1,13.6,4.7,8.3
41043,Linn,OR,Oregon,2023,Crude prevalence,12.5,83.0,8.0,12.0,7.1,40.1,22.6,18.8,15.2,73.4,14.2,3.7,8.9
41045,Malheur,OR,Oregon,2023,Crude prevalence,11.7,79.6,8.6,13.9,7.8,41.2,28.3,18.9,16.7,70.6,15.9,4.0,15.7
41047,Marion,OR,Oregon,2023,Crude prevalence,12.2,82.2,7.2,12.5,6.5,43.4,22.2,18.4,14.8,72.4,12.4,3.5,12.3
41049,Morrow,OR,Oregon,2023,Crude prevalence,12.1,80.2,8.9,14.5,7.9,39.2,27.9,19.3,17.5,71.1,16.0,4.1,17.8
41051,Multnomah,OR,Oregon,2023,Crude prevalence,11.7,84.4,5.3,9.5,5.2,28.9,17.6,18.1,12.3,70.7,12.0,2.7,7.5
41053,Polk,OR,Oregon,2023,Crude prevalence,12.4,82.8,7.0,10.9,6.6,32.5,20.2,17.6,13.6,71.4,11.8,3.4,8.9
41055,Sherman,OR,Oregon,2023,Crude prevalence,12.2,85.0,9.9,14.2,9.4,36.6,24.7,17.8,16.9,75.3,15.3,4.7,9.0
41057,Tillamook,OR,Oregon,2023,Crude prevalence,11.9,86.1,9.0,13.5,8.6,32.1,22.1,16.6,15.5,75.9,13.2,4.3,8.7
41059,Umatilla,OR,Oregon,2023,Crude prevalence,12.0,80.8,7.8,12.5,7.0,37.7,25.0,18.4,15.7,72.1,14.6,3.6,13.6
41061,Union,OR,Oregon,2023,Crude prevalence,12.2,82.7,8.4,12.2,7.8,35.8,21.7,18.6,15.0,73.5,13.7,3.9,8.1
41063,Wallowa,OR,Oregon,2023,Crude prevalence,11.7,87.7,8.2,12.6,8.3,34.2,20.4,15.6,14.5,77.1,11.8,4.1,6.6
41065,Wasco,OR,Oregon,2023,Crude prevalence,12.1,83.2,8.6,13.3,7.9,37.9,23.6,17.9,15.9,72.9,14.5,4.0,11.4
41067,Washington,OR,Oregon,2023,Crude prevalence,11.2,84.1,5.0,9.9,5.0,32.4,17.7,16.1,12.4,70.3,9.7,2.6,7.8
41069,Wheeler,OR,Oregon,2023,Crude prevalence,12.2,87.6,11.4,16.5,11.3,35.8,25.8,16.2,17.8,78.5,14.1,5.6,8.5
41071,Yamhill,OR,Oregon,2023,Crude prevalence,11.8,83.7,6.8,11.2,6.4,37.0,20.8,16.9,13.9,72.5,11.8,3.3,9.4
44001,Bristol,RI,Rhode Island,2023,Crude prevalence,10.7,90.4,5.9,9.8,6.0,25.6,18.8,14.5,11.3,86.1,10.1,2.9,5.0
44003,Kent,RI,Rhode Island,2023,Crude prevalence,11.7,90.0,7.0,11.8,6.4,33.0,23.7,15.8,12.8,85.6,12.7,3.3,6.3
44005,Newport,RI,Rhode Island,2023,Crude prevalence,10.6,90.7,6.3,10.3,6.9,27.4,20.1,13.9,11.6,85.4,9.2,3.3,5.4
44007,Providence,RI,Rhode Island,2023,Crude prevalence,12.4,88.4,6.7,11.6,6.2,33.4,28.7,17.9,14.0,83.1,12.2,3.2,10.1
44009,Washington,RI,Rhode Island,2023,Crude prevalence,10.8,89.9,6.3,9.0,6.4,27.0,17.8,14.4,11.3,85.5,9.5,3.1,4.9
45001,Abbeville,SC,South Carolina,2023,Crude prevalence,10.3,86.2,9.9,16.9,8.6,37.6,31.0,17.6,16.5,81.9,16.0,5.0,12.5
45003,Aiken,SC,South Carolina,2023,Crude prevalence,9.8,87.6,7.5,13.9,7.1,34.4,26.5,15.6,14.0,81.6,13.4,4.1,11.8
45005,Allendale,SC,South Carolina,2023,Crude prevalence,11.0,85.2,10.7,21.6,9.1,46.7,38.4,18.3,17.8,82.4,19.0,6.4,17.6
45007,Anderson,SC,South Carolina,2023,Crude prevalence,10.2,86.2,8.2,13.3,7.2,36.3,26.4,17.7,15.0,78.7,14.2,4.0,12.2
45009,Bamberg,SC,South Carolina,2023,Crude prevalence,10.9,86.3,9.9,19.5,8.7,42.0,32.7,17.7,16.7,83.2,16.3,5.9,14.1
45011,Barnwell,SC,South Carolina,2023,Crude prevalence,11.0,84.6,11.6,19.4,9.2,44.2,36.2,18.9,17.9,81.4,19.5,5.9,15.9
45013,Beaufort,SC,South Carolina,2023,Crude prevalence,8.5,89.1,7.0,12.7,7.5,29.6,19.9,13.1,12.6,82.6,9.6,4.0,10.6
45015,Berkeley,SC,South Carolina,2023,Crude prevalence,9.5,86.2,6.2,12.9,5.6,37.9,25.6,16.7,13.0,79.7,12.9,3.3,11.6
45017,Calhoun,SC,South Carolina,2023,Crude prevalence,10.1,88.6,8.8,17.3,8.2,40.7,29.1,15.8,15.3,83.5,14.1,5.0,11.6
45019,Charleston,SC,South Carolina,2023,Crude prevalence,8.8,88.1,5.7,11.4,5.5,30.0,20.3,14.4,11.4,79.4,10.5,3.2,9.5
45021,Cherokee,SC,South Carolina,2023,Crude prevalence,10.3,84.9,9.4,15.0,7.7,38.8,31.4,18.7,16.2,79.2,17.3,4.4,14.0
45023,Chester,SC,South Carolina,2023,Crude prevalence,10.7,85.6,9.9,16.9,8.3,37.9,32.8,18.5,16.6,80.7,17.8,5.1,13.8
45025,Chesterfield,SC,South Carolina,2023,Crude prevalence,10.4,85.3,10.3,18.1,8.5,45.2,34.6,18.4,17.6,81.1,18.1,5.2,15.5
45027,Clarendon,SC,South Carolina,2023,Crude prevalence,10.7,86.7,10.5,19.6,9.3,38.0,33.7,17.5,17.1,83.4,16.9,5.8,14.3
45029,Colleton,SC,South Carolina,2023,Crude prevalence,10.8,86.0,10.0,17.3,8.4,39.3,33.2,17.8,16.7,80.9,17.6,5.2,13.8
45031,Darlington,SC,South Carolina,2023,Crude prevalence,10.7,86.2,9.4,17.6,8.0,45.6,30.3,17.8,16.2,83.3,16.4,5.0,13.1
45033,Dillon,SC,South Carolina,2023,Crude prevalence,11.4,83.8,11.8,20.3,9.1,45.3,35.8,20.2,18.5,81.0,21.0,6.0,16.6
45035,Dorchester,SC,South Carolina,2023,Crude prevalence,9.6,87.1,6.5,12.8,5.9,35.4,24.6,16.2,13.2,80.4,13.2,3.4,11.2
45037,Edgefield,SC,South Carolina,2023,Crude prevalence,9.7,85.5,8.8,16.2,7.7,39.9,29.0,17.1,15.5,80.6,16.3,4.6,14.9
45039,Fairfield,SC,South Carolina,2023,Crude prevalence,10.7,87.8,10.3,20.5,9.1,45.7,33.4,17.2,17.0,83.5,17.2,5.9,13.6
45041,Florence,SC,South Carolina,2023,Crude prevalence,10.3,86.9,8.1,15.5,7.0,40.6,30.1,17.6,14.9,82.3,14.8,4.5,12.2
45043,Georgetown,SC,South Carolina,2023,Crude prevalence,9.3,90.3,8.6,16.9,8.6,31.8,25.2,14.0,14.4,84.1,11.9,4.8,9.8
45045,Greenville,SC,South Carolina,2023,Crude prevalence,9.4,87.0,6.4,12.2,6.1,32.5,23.2,16.0,12.8,78.8,11.3,3.3,11.4
45047,Greenwood,SC,South Carolina,2023,Crude prevalence,10.1,86.3,8.6,15.4,7.5,36.8,28.5,17.1,15.0,81.9,15.0,4.5,12.6
45049,Hampton,SC,South Carolina,2023,Crude prevalence,10.6,84.9,10.1,20.2,8.6,41.6,35.1,18.4,16.9,81.3,19.1,5.6,16.6
45051,Horry,SC,South Carolina,2023,Crude prevalence,9.2,88.2,9.0,14.9,8.1,32.3,25.0,16.6,15.8,82.6,14.6,4.3,11.9
45053,Jasper,SC,South Carolina,2023,Crude prevalence,9.7,87.8,8.9,17.0,8.3,35.0,30.2,15.8,15.5,82.2,14.0,4.8,14.8
45055,Kershaw,SC,South Carolina,2023,Crude prevalence,9.8,86.8,7.9,14.8,7.0,36.6,27.5,16.7,14.7,81.0,14.5,4.1,11.9
45057,Lancaster,SC,South Carolina,2023,Crude prevalence,9.4,88.3,7.5,14.1,7.1,36.1,26.5,15.8,14.2,81.4,12.6,3.9,11.4
45059,Laurens,SC,South Carolina,2023,Crude prevalence,10.1,85.2,9.0,15.6,7.7,36.3,31.9,17.9,16.0,80.6,16.5,4.5,14.0
45061,Lee,SC,South Carolina,2023,Crude prevalence,11.0,85.1,10.4,20.1,8.6,43.7,36.2,18.6,17.2,82.4,18.6,5.9,15.9
45063,Lexington,SC,South Carolina,2023,Crude prevalence,9.2,87.5,6.9,12.3,6.2,36.2,25.9,16.2,13.2,81.9,13.0,3.5,10.7
45065,McCormick,SC,South Carolina,2023,Crude prevalence,9.6,90.7,11.0,20.6,11.1,36.9,30.6,13.9,16.6,85.5,14.6,6.3,12.2
45067,Marion,SC,South Carolina,2023,Crude prevalence,11.3,85.5,11.8,22.0,9.5,45.3,36.8,19.1,18.7,83.4,20.1,6.4,16.1
45069,Marlboro,SC,South Carolina,2023,Crude prevalence,11.0,83.9,11.4,20.5,9.0,41.0,38.8,19.4,18.6,80.9,21.0,6.0,17.6
45071,Newberry,SC,South Carolina,2023,Crude prevalence,9.8,86.3,8.7,16.1,7.8,38.1,30.8,17.0,15.2,81.3,15.3,4.5,13.2
45073,Oconee,SC,South Carolina,2023,Crude prevalence,9.8,87.3,9.9,15.3,8.7,38.2,28.6,15.8,16.1,81.6,14.7,4.6,12.0
45075,Orangeburg,SC,South Carolina,2023,Crude prevalence,11.0,86.2,9.6,19.0,8.4,42.2,33.9,18.0,16.3,83.9,16.4,5.7,14.5
45077,Pickens,SC,South Carolina,2023,Crude prevalence,9.7,82.9,7.8,12.1,6.7,35.4,25.6,18.0,14.1,77.7,13.5,3.6,11.6
45079,Richland,SC,South Carolina,2023,Crude prevalence,9.9,85.7,5.8,13.0,5.4,34.7,21.7,16.6,12.6,80.7,11.2,3.5,11.1
45081,Saluda,SC,South Carolina,2023,Crude prevalence,9.8,86.4,9.6,16.8,8.5,43.6,32.2,16.5,16.4,81.0,15.9,4.9,16.1
45083,Spartanburg,SC,South Carolina,2023,Crude prevalence,9.7,85.6,7.5,13.5,6.5,37.9,27.4,17.3,14.3,78.8,14.2,3.7,13.0
45085,Sumter,SC,South Carolina,2023,Crude prevalence,10.5,86.0,8.0,15.8,7.0,42.7,27.4,17.4,14.7,81.9,15.0,4.6,12.7
45087,Union,SC,South Carolina,2023,Crude prevalence,10.9,85.2,11.9,19.1,9.4,44.0,34.0,18.8,18.3,81.4,19.2,5.8,14.8
45089,Williamsburg,SC,South Carolina,2023,Crude prevalence,10.9,86.6,10.0,20.4,8.6,45.0,34.9,17.9,16.8,83.3,17.5,6.0,15.5
45091,York,SC,South Carolina,2023,Crude prevalence,9.3,88.2,6.0,11.8,5.3,37.3,23.3,15.9,12.1,78.7,11.3,3.1,9.7
46003,Aurora,SD,South Dakota,2023,Crude prevalence,10.0,85.6,7.4,12.2,7.6,36.4,25.2,14.9,13.0,76.7,15.4,3.8,9.9
46005,Beadle,SD,South Dakota,2023,Crude prevalence,10.0,83.9,8.1,13.4,7.8,35.4,29.7,15.4,14.1,76.0,16.9,4.0,12.3
46007,Bennett,SD,South Dakota,2023,Crude prevalence,13.2,78.8,11.5,18.7,9.8,42.4,35.1,20.4,19.1,75.0,28.0,5.7,13.7
46009,Bon Homme,SD,South Dakota,2023,Crude prevalence,9.8,83.3,8.0,12.8,8.1,37.0,26.7,15.3,13.7,75.1,17.7,4.1,10.4
46011,Brookings,SD,South Dakota,2023,Crude prevalence,9.8,80.4,4.9,8.5,5.0,35.7,18.4,15.9,10.0,74.0,10.7,2.5,7.3
46013,Brown,SD,South Dakota,2023,Crude prevalence,9.7,85.1,6.3,11.2,6.5,35.1,24.4,14.8,12.0,78.2,14.1,3.3,8.2
46015,Brule,SD,South Dakota,2023,Crude prevalence,10.5,85.9,8.1,13.2,8.2,38.2,26.2,15.2,14.0,77.7,16.4,4.2,8.9
46017,Buffalo,SD,South Dakota,2023,Crude prevalence,14.0,75.7,9.9,17.5,8.0,48.5,36.4,23.1,18.9,73.1,31.7,4.9,14.6
46019,Butte,SD,South Dakota,2023,Crude prevalence,10.4,84.7,8.1,12.5,7.9,35.7,27.7,15.7,13.6,75.9,16.8,4.0,9.9
46021,Campbell,SD,South Dakota,2023,Crude prevalence,9.5,89.2,8.1,13.8,9.4,33.0,25.7,12.6,13.4,80.1,13.7,4.5,8.2
46023,Charles Mix,SD,South Dakota,2023,Crude prevalence,11.3,83.7,9.3,15.3,9.0,40.4,30.0,16.8,15.5,77.1,20.4,4.7,10.3
46025,Clark,SD,South Dakota,2023,Crude prevalence,9.8,86.0,8.4,13.1,8.6,34.1,27.3,14.6,13.9,76.6,16.5,4.3,10.4
46027,Clay,SD,South Dakota,2023,Crude prevalence,10.5,77.9,5.1,8.1,4.9,34.7,21.7,17.8,10.5,72.0,12.4,2.5,8.1
46029,Codington,SD,South Dakota,2023,Crude prevalence,10.2,84.6,7.3,12.1,7.4,35.9,26.5,15.2,12.9,77.5,16.2,3.8,8.7
46031,Corson,SD,South Dakota,2023,Crude prevalence,13.3,78.2,12.5,19.9,10.4,43.5,37.3,21.2,20.0,75.1,29.6,6.0,14.0
46033,Custer,SD,South Dakota,2023,Crude prevalence,9.8,90.3,7.9,13.9,8.9,33.9,25.1,12.4,13.2,80.9,13.9,4.3,7.0
46035,Davison,SD,South Dakota,2023,Crude prevalence,10.0,84.8,7.5,12.2,7.5,38.0,25.4,15.2,13.1,75.9,15.6,3.8,9.3
46037,Day,SD,South Dakota,2023,Crude prevalence,10.4,86.9,9.0,14.7,9.5,34.8,26.8,14.6,14.6,78.7,16.6,4.7,8.8
46039,Deuel,SD,South Dakota,2023,Crude prevalence,9.9,86.7,7.3,11.9,7.6,33.3,23.9,14.4,12.6,77.3,14.8,3.8,8.2
46041,Dewey,SD,South Dakota,2023,Crude prevalence,13.7,77.7,10.3,18.0,8.3,43.6,36.3,21.1,18.1,72.6,29.5,5.1,13.4
46043,Douglas,SD,South Dakota,2023,Crude prevalence,10.1,86.1,8.5,13.6,8.9,35.1,26.3,14.7,13.9,78.2,15.8,4.4,9.3
46045,Edmunds,SD,South Dakota,2023,Crude prevalence,9.9,87.6,7.6,12.4,8.1,33.7,23.1,13.9,12.9,78.5,14.7,4.0,7.6
46047,Fall River,SD,South Dakota,2023,Crude prevalence,10.4,87.9,10.2,16.4,10.5,38.0,30.5,14.3,15.5,79.9,17.4,5.2,8.9
46049,Faulk,SD,South Dakota,2023,Crude prevalence,10.3,85.3,9.4,14.4,9.5,36.3,27.8,15.4,14.8,77.8,17.2,4.7,9.3
46051,Grant,SD,South Dakota,2023,Crude prevalence,9.7,87.1,7.7,12.8,8.2,37.3,26.5,13.8,13.3,78.2,14.7,4.1,9.4
46053,Gregory,SD,South Dakota,2023,Crude prevalence,10.2,86.7,8.8,14.1,9.2,35.9,27.0,14.8,14.4,78.6,16.2,4.6,9.0
46055,Haakon,SD,South Dakota,2023,Crude prevalence,10.1,86.8,8.5,13.5,9.1,33.7,26.8,14.4,13.7,77.8,15.7,4.5,8.5
46057,Hamlin,SD,South Dakota,2023,Crude prevalence,9.9,83.9,6.1,10.1,6.2,34.6,23.2,15.2,11.9,74.5,14.6,3.1,9.1
46059,Hand,SD,South Dakota,2023,Crude prevalence,9.7,87.8,7.0,11.9,7.9,33.9,22.8,13.6,12.3,78.5,13.0,3.8,7.1
46061,Hanson,SD,South Dakota,2023,Crude prevalence,10.4,85.0,7.4,12.1,6.9,36.6,24.2,15.8,13.1,76.1,16.8,3.5,8.3
46063,Harding,SD,South Dakota,2023,Crude prevalence,9.6,87.5,6.3,11.2,7.0,35.3,21.4,13.7,11.7,77.3,13.3,3.4,7.5
46065,Hughes,SD,South Dakota,2023,Crude prevalence,10.2,86.7,5.9,10.8,6.3,34.0,21.9,14.4,11.6,76.7,13.7,3.2,7.3
46067,Hutchinson,SD,South Dakota,2023,Crude prevalence,10.0,86.7,7.3,12.1,7.7,34.4,24.0,14.4,12.7,77.2,14.6,3.8,8.0
46069,Hyde,SD,South Dakota,2023,Crude prevalence,10.5,86.2,8.4,13.6,8.8,35.3,26.1,15.1,14.1,77.9,16.3,4.4,9.1
46071,Jackson,SD,South Dakota,2023,Crude prevalence,13.2,78.1,12.3,18.6,10.3,40.9,35.2,20.9,19.5,74.4,28.5,6.0,13.9
46073,Jerauld,SD,South Dakota,2023,Crude prevalence,9.6,88.4,8.1,13.8,8.9,35.6,26.2,13.2,13.5,79.5,14.5,4.4,8.9
46075,Jones,SD,South Dakota,2023,Crude prevalence,10.1,88.1,8.8,14.7,9.5,35.4,27.2,14.0,14.2,79.7,16.2,4.6,8.1
46077,Kingsbury,SD,South Dakota,2023,Crude prevalence,9.9,86.6,7.4,12.1,7.9,35.6,24.6,14.3,12.9,77.3,14.7,3.9,8.5
46079,Lake,SD,South Dakota,2023,Crude prevalence,9.7,86.7,6.8,12.0,7.5,32.5,22.5,13.6,12.1,78.0,13.2,3.6,7.7
46081,Lawrence,SD,South Dakota,2023,Crude prevalence,10.0,86.3,7.1,11.4,7.6,32.7,23.5,14.0,12.6,75.7,14.2,3.8,8.0
46083,Lincoln,SD,South Dakota,2023,Crude prevalence,9.5,85.9,4.8,8.8,5.1,34.9,17.6,13.6,9.7,77.4,11.6,2.6,6.7
46085,Lyman,SD,South Dakota,2023,Crude prevalence,11.3,82.7,9.5,15.8,9.2,40.1,30.1,17.1,15.8,76.5,21.4,4.8,10.8
46087,McCook,SD,South Dakota,2023,Crude prevalence,9.7,86.6,6.4,11.0,6.7,36.1,22.9,14.2,12.0,76.6,14.0,3.4,7.9
46089,McPherson,SD,South Dakota,2023,Crude prevalence,10.0,87.0,9.7,14.8,10.3,34.9,29.2,14.0,15.0,79.1,16.2,5.1,10.2
46091,Marshall,SD,South Dakota,2023,Crude prevalence,9.8,87.1,7.3,12.7,7.8,35.9,24.7,14.1,13.0,77.4,15.2,3.9,9.2
46093,Meade,SD,South Dakota,2023,Crude prevalence,10.3,84.6,6.0,9.5,6.1,30.4,21.4,15.8,11.6,75.3,14.1,3.0,8.4
46095,Mellette,SD,South Dakota,2023,Crude prevalence,13.2,78.6,13.7,21.1,11.5,45.6,38.5,20.7,20.3,75.5,30.2,6.6,14.6
46097,Miner,SD,South Dakota,2023,Crude prevalence,9.9,86.4,8.2,13.3,8.6,35.7,26.6,14.6,13.7,77.9,15.9,4.3,8.7
46099,Minnehaha,SD,South Dakota,2023,Crude prevalence,9.7,85.0,5.6,10.6,5.5,37.4,23.3,15.7,11.0,76.6,14.2,2.8,8.8
46101,Moody,SD,South Dakota,2023,Crude prevalence,10.1,86.7,6.7,12.1,7.2,33.6,23.8,14.2,12.5,77.4,14.5,3.7,8.1
46102,Oglala Lakota,SD,South Dakota,2023,Crude prevalence,15.0,71.6,13.6,21.1,9.7,47.0,40.1,25.7,22.5,71.0,39.8,6.3,19.1
46103,Pennington,SD,South Dakota,2023,Crude prevalence,10.2,85.7,6.8,12.1,7.0,33.7,23.3,14.8,12.5,76.3,15.0,3.5,8.5
46105,Perkins,SD,South Dakota,2023,Crude prevalence,10.2,87.6,8.9,14.3,9.3,36.0,26.6,14.4,14.3,78.9,16.0,4.6,8.4
46107,Potter,SD,South Dakota,2023,Crude prevalence,9.7,88.4,7.4,13.1,8.5,34.8,24.3,13.5,12.8,79.6,13.6,4.1,7.2
46109,Roberts,SD,South Dakota,2023,Crude prevalence,11.4,84.3,9.7,16.3,9.5,43.0,31.7,16.8,16.1,77.4,20.3,5.0,10.4
46111,Sanborn,SD,South Dakota,2023,Crude prevalence,10.0,86.2,7.8,12.6,7.8,36.3,25.5,14.7,13.4,77.1,16.1,3.9,9.3
46115,Spink,SD,South Dakota,2023,Crude prevalence,10.0,87.2,8.0,12.9,8.3,36.0,25.6,14.2,13.4,78.2,15.1,4.2,8.4
46117,Stanley,SD,South Dakota,2023,Crude prevalence,9.8,87.5,6.3,11.1,6.9,35.2,21.8,13.9,11.8,77.8,13.4,3.4,7.1
46119,Sully,SD,South Dakota,2023,Crude prevalence,9.6,88.0,7.1,12.5,8.1,34.7,23.4,13.4,12.4,78.8,13.7,3.9,7.7
46121,Todd,SD,South Dakota,2023,Crude prevalence,15.3,72.5,13.2,20.7,9.5,49.3,40.8,24.8,21.8,73.2,37.2,6.2,17.6
46123,Tripp,SD,South Dakota,2023,Crude prevalence,10.8,84.8,10.0,15.3,9.8,37.0,29.4,15.9,15.7,78.0,18.9,5.0,10.1
46125,Turner,SD,South Dakota,2023,Crude prevalence,9.9,86.3,7.1,11.8,7.3,34.0,24.2,14.6,12.6,76.8,15.0,3.6,8.3
46127,Union,SD,South Dakota,2023,Crude prevalence,9.6,86.9,5.9,10.6,6.4,31.2,21.1,13.8,11.2,76.3,12.8,3.2,7.6
46129,Walworth,SD,South Dakota,2023,Crude prevalence,10.3,86.3,7.9,13.4,8.4,34.3,25.1,14.5,13.5,78.4,15.7,4.2,8.3
46135,Yankton,SD,South Dakota,2023,Crude prevalence,9.8,86.1,6.7,11.8,7.1,38.3,24.5,14.4,12.3,76.9,13.8,3.6,8.8
46137,Ziebach,SD,South Dakota,2023,Crude prevalence,13.8,77.6,11.2,18.7,9.2,47.2,37.8,21.5,19.3,74.2,30.4,5.5,13.7
47001,Anderson,TN,Tennessee,2023,Crude prevalence,10.7,87.0,9.5,14.1,7.8,42.0,27.4,19.9,15.8,79.0,18.5,3.9,11.0
47003,Bedford,TN,Tennessee,2023,Crude prevalence,11.0,84.8,9.2,13.5,7.0,44.4,29.6,20.4,16.1,76.9,19.4,3.7,15.1
47005,Benton,TN,Tennessee,2023,Crude prevalence,11.2,86.7,12.7,16.9,10.0,40.8,33.8,20.5,18.8,79.2,22.4,5.0,12.9
47007,Bledsoe,TN,Tennessee,2023,Crude prevalence,11.1,84.6,13.5,17.3,10.2,41.9,34.7,21.0,19.6,77.7,25.6,5.2,15.6
47009,Blount,TN,Tennessee,2023,Crude prevalence,10.5,88.0,9.0,13.4,7.5,36.3,25.8,18.5,15.1,79.5,16.6,3.7,10.2
47011,Bradley,TN,Tennessee,2023,Crude prevalence,10.8,86.4,9.0,13.4,7.3,41.5,25.9,19.7,15.4,77.4,17.6,3.7,11.9
47013,Campbell,TN,Tennessee,2023,Crude prevalence,11.5,85.0,12.4,15.7,9.3,42.6,32.3,21.5,18.7,77.6,22.8,4.7,13.2
47015,Cannon,TN,Tennessee,2023,Crude prevalence,11.1,85.8,10.8,14.5,8.2,43.1,29.5,20.5,17.1,77.3,20.8,4.2,12.6
47017,Carroll,TN,Tennessee,2023,Crude prevalence,11.2,85.9,10.5,15.2,8.4,42.8,30.3,20.2,16.8,77.5,19.8,4.4,12.0
47019,Carter,TN,Tennessee,2023,Crude prevalence,11.3,86.5,11.6,15.9,9.3,37.9,31.4,20.2,18.1,78.8,20.5,4.6,11.9
47021,Cheatham,TN,Tennessee,2023,Crude prevalence,10.7,87.2,8.2,12.4,6.6,39.6,24.6,18.9,14.6,77.4,17.4,3.3,10.7
47023,Chester,TN,Tennessee,2023,Crude prevalence,11.5,84.3,9.8,13.9,7.5,39.0,28.6,21.2,16.2,77.5,19.4,3.9,12.1
47025,Claiborne,TN,Tennessee,2023,Crude prevalence,11.3,85.2,11.3,15.0,8.5,42.3,30.3,20.8,17.4,78.0,20.9,4.3,12.4
47027,Clay,TN,Tennessee,2023,Crude prevalence,11.3,86.4,13.8,17.8,10.8,39.9,34.2,20.2,19.5,78.9,23.1,5.4,13.4
47029,Cocke,TN,Tennessee,2023,Crude prevalence,11.5,85.6,13.4,17.2,10.0,40.3,33.3,21.2,19.4,78.3,23.9,5.1,14.0
47031,Coffee,TN,Tennessee,2023,Crude prevalence,11.1,85.9,10.0,13.9,7.9,39.5,28.3,20.0,16.4,77.6,19.9,4.0,12.6
47033,Crockett,TN,Tennessee,2023,Crude prevalence,11.2,86.2,10.0,15.5,8.0,42.1,30.9,20.0,16.9,78.5,19.5,4.4,14.2
47035,Cumberland,TN,Tennessee,2023,Crude prevalence,10.8,88.8,12.7,17.3,10.9,39.5,29.7,18.3,18.0,81.4,19.4,5.3,11.5
47037,Davidson,TN,Tennessee,2023,Crude prevalence,10.7,85.9,6.2,11.2,5.1,32.3,24.7,19.2,12.6,75.3,14.0,2.9,11.8
47039,Decatur,TN,Tennessee,2023,Crude prevalence,11.4,85.8,13.6,17.8,10.4,43.0,33.5,20.6,19.4,79.1,23.8,5.3,14.0
47041,DeKalb,TN,Tennessee,2023,Crude prevalence,11.1,85.1,11.8,15.9,8.9,40.4,32.2,20.8,18.3,77.2,22.2,4.5,14.4
47043,Dickson,TN,Tennessee,2023,Crude prevalence,10.9,86.5,8.6,12.7,6.8,37.6,27.1,19.6,15.1,76.6,18.0,3.5,11.2
47045,Dyer,TN,Tennessee,2023,Crude prevalence,11.4,85.8,10.2,14.9,8.0,39.4,30.5,20.7,16.8,78.1,20.1,4.2,12.5
47047,Fayette,TN,Tennessee,2023,Crude prevalence,10.9,89.4,8.9,15.9,8.0,39.0,26.8,17.6,15.2,80.6,16.5,4.3,10.3
47049,Fentress,TN,Tennessee,2023,Crude prevalence,11.4,86.2,13.3,17.1,10.0,44.9,32.6,20.6,19.3,78.6,22.5,5.1,12.9
47051,Franklin,TN,Tennessee,2023,Crude prevalence,11.0,86.1,9.5,13.9,7.8,35.0,28.8,19.6,15.5,78.5,17.7,3.9,10.9
47053,Gibson,TN,Tennessee,2023,Crude prevalence,11.4,86.1,9.9,14.7,7.6,39.6,29.8,20.2,16.2,78.2,20.1,4.2,12.2
47055,Giles,TN,Tennessee,2023,Crude prevalence,11.3,86.8,10.5,15.4,8.4,39.8,28.8,19.8,16.8,78.8,19.5,4.4,11.8
47057,Grainger,TN,Tennessee,2023,Crude prevalence,11.1,86.3,11.6,15.7,9.1,41.2,30.8,20.1,17.9,78.1,21.3,4.5,12.7
47059,Greene,TN,Tennessee,2023,Crude prevalence,11.1,86.1,11.3,15.4,8.9,40.6,31.1,19.9,17.8,77.9,20.6,4.4,12.3
47061,Grundy,TN,Tennessee,2023,Crude prevalence,11.7,84.8,13.1,16.5,9.6,40.6,33.0,21.4,19.2,78.0,24.2,5.0,14.1
47063,Hamblen,TN,Tennessee,2023,Crude prevalence,11.1,85.3,10.6,15.2,8.2,40.5,31.1,20.6,17.6,77.5,20.9,4.3,14.9
47065,Hamilton,TN,Tennessee,2023,Crude prevalence,11.0,87.7,7.7,12.7,6.6,34.5,22.4,17.9,13.6,78.0,15.4,3.6,10.7
47067,Hancock,TN,Tennessee,2023,Crude prevalence,12.2,83.4,17.6,20.3,12.1,43.0,39.0,23.2,22.7,78.2,29.4,6.3,16.1
47069,Hardeman,TN,Tennessee,2023,Crude prevalence,11.4,85.0,10.5,17.2,8.3,43.7,34.1,20.7,17.3,79.4,22.2,4.9,14.8
47071,Hardin,TN,Tennessee,2023,Crude prevalence,11.3,86.3,13.0,17.1,10.1,38.1,33.3,20.6,19.0,79.3,22.7,5.1,13.1
47073,Hawkins,TN,Tennessee,2023,Crude prevalence,11.1,86.3,11.8,16.0,9.2,41.1,31.6,20.1,17.9,77.7,21.2,4.6,12.0
47075,Haywood,TN,Tennessee,2023,Crude prevalence,12.4,86.7,12.0,20.7,9.4,46.6,38.7,20.9,18.7,80.9,22.9,5.9,15.3
47077,Henderson,TN,Tennessee,2023,Crude prevalence,11.2,85.8,10.9,15.4,8.4,38.8,31.1,20.4,17.5,78.1,21.5,4.4,12.6
47079,Henry,TN,Tennessee,2023,Crude prevalence,11.2,87.3,12.1,16.9,9.7,38.2,32.5,19.8,18.3,80.3,21.0,5.0,12.3
47081,Hickman,TN,Tennessee,2023,Crude prevalence,11.0,85.4,10.3,14.1,7.9,38.4,29.7,20.5,16.7,77.1,20.9,4.1,12.7
47083,Houston,TN,Tennessee,2023,Crude prevalence,11.1,86.3,10.5,14.7,8.3,39.5,30.1,20.1,17.0,77.6,20.2,4.2,12.1
47085,Humphreys,TN,Tennessee,2023,Crude prevalence,11.1,86.3,10.9,15.0,8.5,41.2,29.5,20.3,17.2,78.1,20.6,4.3,12.1
47087,Jackson,TN,Tennessee,2023,Crude prevalence,11.3,85.8,13.1,17.0,10.1,39.4,33.0,20.3,18.8,78.7,23.2,5.0,13.5
47089,Jefferson,TN,Tennessee,2023,Crude prevalence,11.0,87.0,9.7,13.6,8.0,37.3,27.1,19.5,16.1,78.3,18.1,4.0,11.1
47091,Johnson,TN,Tennessee,2023,Crude prevalence,11.2,85.4,13.3,17.5,10.1,40.0,33.7,20.4,19.1,78.6,23.2,5.1,14.2
47093,Knox,TN,Tennessee,2023,Crude prevalence,10.6,86.4,7.4,12.0,6.2,33.5,23.3,19.0,13.3,77.8,15.0,3.2,9.9
47095,Lake,TN,Tennessee,2023,Crude prevalence,11.6,79.8,14.3,19.0,9.8,47.2,39.6,23.4,20.7,75.5,29.4,5.6,20.3
47097,Lauderdale,TN,Tennessee,2023,Crude prevalence,11.8,84.4,11.2,17.2,8.3,47.2,34.5,21.8,17.9,78.3,23.4,4.9,15.2
47099,Lawrence,TN,Tennessee,2023,Crude prevalence,11.3,85.0,11.2,14.9,8.5,41.5,30.5,21.2,17.6,77.2,21.4,4.3,12.8
47101,Lewis,TN,Tennessee,2023,Crude prevalence,11.2,86.0,11.1,14.9,8.6,39.2,29.8,20.6,17.5,77.1,20.8,4.4,12.6
47103,Lincoln,TN,Tennessee,2023,Crude prevalence,10.9,87.0,10.0,14.8,8.0,40.5,28.8,19.3,16.5,78.2,18.9,4.2,11.8
47105,Loudon,TN,Tennessee,2023,Crude prevalence,10.3,89.2,9.9,15.1,9.0,36.4,27.1,16.9,16.0,80.5,15.9,4.3,11.5
47107,McMinn,TN,Tennessee,2023,Crude prevalence,11.1,86.4,10.5,15.4,8.3,46.8,30.0,20.1,16.9,78.8,19.7,4.2,12.4
47109,McNairy,TN,Tennessee,2023,Crude prevalence,11.4,85.7,11.8,16.2,9.0,39.4,31.3,20.9,18.0,78.1,22.0,4.7,12.9
47111,Macon,TN,Tennessee,2023,Crude prevalence,11.3,84.2,10.9,14.6,7.9,43.1,31.8,21.8,17.4,76.4,22.7,4.1,14.4
47113,Madison,TN,Tennessee,2023,Crude prevalence,11.5,86.8,9.1,16.2,7.7,43.8,30.4,19.5,16.0,81.8,18.4,4.3,11.9
47115,Marion,TN,Tennessee,2023,Crude prevalence,11.4,86.0,11.9,16.2,9.2,40.6,31.1,20.2,18.1,78.3,21.7,4.7,13.0
47117,Marshall,TN,Tennessee,2023,Crude prevalence,11.0,86.2,9.1,13.6,7.1,40.0,27.2,20.0,15.6,76.9,18.8,3.7,11.9
47119,Maury,TN,Tennessee,2023,Crude prevalence,10.7,87.2,7.8,12.6,6.6,35.2,24.6,18.9,14.1,76.8,16.4,3.4,11.0
47121,Meigs,TN,Tennessee,2023,Crude prevalence,11.2,86.1,11.9,15.9,9.3,40.8,31.1,20.4,18.2,78.3,22.2,4.7,13.0
47123,Monroe,TN,Tennessee,2023,Crude prevalence,11.3,86.3,11.8,15.9,9.3,39.1,31.9,20.4,18.3,78.5,21.7,4.7,12.8
47125,Montgomery,TN,Tennessee,2023,Crude prevalence,10.8,84.9,6.1,10.8,4.8,38.4,23.7,20.0,12.9,76.3,15.6,2.7,11.7
47127,Moore,TN,Tennessee,2023,Crude prevalence,10.8,87.4,10.2,14.7,8.5,38.8,28.6,18.9,16.4,78.7,18.8,4.2,11.0
47129,Morgan,TN,Tennessee,2023,Crude prevalence,10.9,84.6,11.1,14.8,8.5,43.4,30.4,20.8,17.5,76.9,22.2,4.3,13.4
47131,Obion,TN,Tennessee,2023,Crude prevalence,11.3,85.9,11.4,16.2,9.0,40.2,32.2,20.4,17.8,78.5,21.1,4.7,13.5
47133,Overton,TN,Tennessee,2023,Crude prevalence,11.4,85.2,12.3,15.7,9.1,40.9,30.7,21.0,18.3,78.0,22.7,4.6,13.4
47135,Perry,TN,Tennessee,2023,Crude prevalence,11.4,85.0,12.8,16.4,9.6,40.1,33.5,21.0,18.9,77.9,23.6,4.9,14.3
47137,Pickett,TN,Tennessee,2023,Crude prevalence,11.3,86.9,15.2,19.1,12.1,41.8,35.1,19.9,20.4,80.1,23.5,5.9,13.4
47139,Polk,TN,Tennessee,2023,Crude prevalence,11.2,86.8,11.0,15.1,8.7,43.7,30.5,20.1,17.5,78.3,20.7,4.3,11.6
47141,Putnam,TN,Tennessee,2023,Crude prevalence,10.9,83.9,8.9,12.4,6.9,37.5,25.4,20.5,15.2,76.2,17.6,3.5,12.1
47143,Rhea,TN,Tennessee,2023,Crude prevalence,11.1,85.2,11.4,15.7,8.7,42.5,31.2,20.6,17.8,78.2,21.5,4.4,13.7
47145,Roane,TN,Tennessee,2023,Crude prevalence,10.8,87.5,10.5,14.7,8.8,37.0,29.5,18.7,16.9,79.7,18.9,4.4,11.0
47147,Robertson,TN,Tennessee,2023,Crude prevalence,10.8,86.6,8.2,12.7,6.6,37.0,27.2,19.5,14.9,76.6,18.0,3.4,12.2
47149,Rutherford,TN,Tennessee,2023,Crude prevalence,10.7,86.0,6.2,10.9,5.0,37.9,22.9,19.6,12.8,76.3,14.6,2.7,11.3
47151,Scott,TN,Tennessee,2023,Crude prevalence,11.8,82.8,13.8,16.6,9.6,43.4,35.4,23.1,19.8,76.3,26.4,4.9,14.8
47153,Sequatchie,TN,Tennessee,2023,Crude prevalence,11.3,85.4,12.8,16.7,9.8,39.4,32.5,20.7,18.8,78.2,22.7,4.9,14.1
47155,Sevier,TN,Tennessee,2023,Crude prevalence,10.8,87.1,10.1,14.4,8.2,38.4,27.2,19.7,16.7,78.5,18.8,4.1,12.4
47157,Shelby,TN,Tennessee,2023,Crude prevalence,11.7,87.2,7.9,15.9,6.5,39.7,27.5,19.2,14.2,81.2,17.2,4.2,12.2
47159,Smith,TN,Tennessee,2023,Crude prevalence,11.0,86.1,9.7,13.5,7.5,39.1,27.7,20.1,16.1,76.8,19.7,3.8,11.7
47161,Stewart,TN,Tennessee,2023,Crude prevalence,10.8,87.1,9.8,14.0,8.0,38.1,27.6,19.2,16.1,78.3,18.7,4.0,10.9
47163,Sullivan,TN,Tennessee,2023,Crude prevalence,11.2,87.5,10.3,15.2,8.5,37.8,29.1,19.3,16.6,79.6,19.2,4.2,11.1
47165,Sumner,TN,Tennessee,2023,Crude prevalence,10.7,88.0,7.5,12.2,6.4,40.6,23.6,18.4,13.9,77.8,15.3,3.3,10.3
47167,Tipton,TN,Tennessee,2023,Crude prevalence,11.3,86.4,8.9,14.2,7.0,44.1,28.0,20.0,15.5,77.9,19.0,3.8,11.5
47169,Trousdale,TN,Tennessee,2023,Crude prevalence,10.6,81.7,8.2,11.7,6.0,39.1,27.9,21.4,14.9,73.5,20.8,3.2,14.3
47171,Unicoi,TN,Tennessee,2023,Crude prevalence,11.1,86.6,12.2,16.5,9.7,39.3,31.9,19.9,18.3,78.9,21.4,4.8,13.1
47173,Union,TN,Tennessee,2023,Crude prevalence,11.1,85.9,10.9,14.6,8.3,40.3,29.5,20.4,17.2,77.6,21.3,4.2,12.5
47175,Van Buren,TN,Tennessee,2023,Crude prevalence,11.1,87.1,11.8,16.0,9.5,39.2,31.0,19.8,17.9,79.1,21.1,4.7,12.3
47177,Warren,TN,Tennessee,2023,Crude prevalence,11.2,85.1,10.8,15.5,8.2,42.3,31.8,20.7,17.6,77.6,21.4,4.2,14.8
47179,Washington,TN,Tennessee,2023,Crude prevalence,10.9,85.8,8.8,12.8,7.3,35.5,25.4,19.7,15.2,77.2,16.9,3.6,10.8
47181,Wayne,TN,Tennessee,2023,Crude prevalence,11.0,84.7,11.8,15.4,8.9,40.5,31.5,20.7,17.9,77.1,23.1,4.6,14.0
47183,Weakley,TN,Tennessee,2023,Crude prevalence,11.3,83.2,10.0,13.9,7.8,39.1,28.9,21.5,16.0,76.8,19.0,4.0,12.3
47185,White,TN,Tennessee,2023,Crude prevalence,11.3,85.6,11.9,15.6,9.0,39.7,32.1,20.7,18.1,78.1,22.1,4.6,13.0
47187,Williamson,TN,Tennessee,2023,Crude prevalence,9.8,90.1,5.2,10.0,5.1,29.4,18.1,15.1,10.9,78.7,10.4,2.5,6.9
47189,Wilson,TN,Tennessee,2023,Crude prevalence,10.4,88.2,6.8,11.3,5.9,31.2,21.8,17.7,13.1,78.8,14.4,3.0,9.6
48001,Anderson,TX,Texas,2023,Crude prevalence,9.9,82.9,7.8,13.9,6.9,39.9,30.6,18.4,14.9,72.7,17.4,3.9,19.1
48003,Andrews,TX,Texas,2023,Crude prevalence,9.5,82.1,6.1,12.7,5.6,36.7,31.1,18.2,14.6,70.8,14.5,3.1,25.9
48005,Angelina,TX,Texas,2023,Crude prevalence,11.0,84.4,8.8,14.9,7.9,40.8,33.4,19.6,17.0,75.1,17.1,4.2,18.8
48007,Aransas,TX,Texas,2023,Crude prevalence,9.9,88.3,9.1,15.9,9.1,36.0,30.2,15.7,15.7,78.2,14.1,4.6,16.0
48009,Archer,TX,Texas,2023,Crude prevalence,10.2,86.8,8.1,12.7,7.5,34.9,26.5,17.2,14.3,76.0,14.6,3.8,12.3
48011,Armstrong,TX,Texas,2023,Crude prevalence,9.9,88.3,7.4,12.6,7.4,33.3,24.9,16.2,13.7,77.0,12.8,3.7,11.4
48013,Atascosa,TX,Texas,2023,Crude prevalence,9.2,83.6,6.3,15.4,6.6,42.2,35.0,17.0,15.3,73.1,13.7,3.5,27.4
48015,Austin,TX,Texas,2023,Crude prevalence,10.0,86.1,8.2,14.7,7.9,37.3,30.1,16.8,15.1,75.6,14.6,4.2,17.2
48017,Bailey,TX,Texas,2023,Crude prevalence,9.5,82.7,7.1,15.5,7.2,38.8,36.4,17.7,16.3,72.4,14.4,3.8,30.2
48019,Bandera,TX,Texas,2023,Crude prevalence,10.0,89.0,9.0,15.7,9.1,35.5,29.7,15.5,15.5,78.8,13.9,4.5,14.1
48021,Bastrop,TX,Texas,2023,Crude prevalence,9.5,84.6,6.8,13.4,6.5,40.2,31.3,17.0,14.4,73.3,14.0,3.5,21.6
48023,Baylor,TX,Texas,2023,Crude prevalence,10.3,85.6,9.7,14.9,8.9,36.1,30.8,17.7,16.1,75.8,16.2,4.6,15.3
48025,Bee,TX,Texas,2023,Crude prevalence,8.7,80.7,5.7,13.9,5.9,39.2,32.9,17.5,14.6,70.1,14.8,3.2,27.7
48027,Bell,TX,Texas,2023,Crude prevalence,10.7,83.7,5.9,12.6,5.4,43.2,29.3,18.9,13.6,75.6,13.3,3.2,16.2
48029,Bexar,TX,Texas,2023,Crude prevalence,9.0,83.8,5.1,13.9,5.4,34.1,30.6,16.7,13.9,72.0,12.2,3.0,21.9
48031,Blanco,TX,Texas,2023,Crude prevalence,9.6,89.5,7.2,13.1,7.4,34.5,24.1,14.7,13.4,78.2,11.5,3.7,11.9
48033,Borden,TX,Texas,2023,Crude prevalence,9.6,89.4,7.4,13.2,7.9,33.2,25.5,15.0,13.9,78.2,12.4,3.9,11.4
48035,Bosque,TX,Texas,2023,Crude prevalence,10.0,87.6,8.7,14.3,8.4,35.9,28.2,16.5,15.2,77.3,14.2,4.3,14.7
48037,Bowie,TX,Texas,2023,Crude prevalence,10.8,84.9,8.1,13.8,7.1,36.7,29.1,18.6,14.6,75.1,16.0,4.1,14.1
48039,Brazoria,TX,Texas,2023,Crude prevalence,9.4,86.4,5.1,12.0,5.1,36.3,25.6,16.1,12.0,76.0,11.6,2.9,16.2
48041,Brazos,TX,Texas,2023,Crude prevalence,9.9,79.2,5.2,9.7,4.6,29.4,24.2,19.5,11.8,71.4,11.7,2.6,15.6
48043,Brewster,TX,Texas,2023,Crude prevalence,8.9,87.7,5.5,12.8,6.6,32.8,24.9,14.3,12.4,76.1,9.7,3.3,15.8
48045,Briscoe,TX,Texas,2023,Crude prevalence,10.3,85.9,10.4,17.5,9.9,39.5,34.5,17.5,17.7,76.5,16.8,5.2,20.5
48047,Brooks,TX,Texas,2023,Crude prevalence,8.8,80.8,7.1,19.8,8.1,42.6,42.8,17.5,18.4,72.1,15.4,4.4,37.8
48049,Brown,TX,Texas,2023,Crude prevalence,10.1,85.3,8.5,14.0,7.8,34.9,30.1,17.7,15.5,75.1,15.3,4.1,16.6
48051,Burleson,TX,Texas,2023,Crude prevalence,10.1,86.8,7.8,14.0,7.4,35.9,28.7,16.7,14.5,76.1,14.1,4.0,15.9
48053,Burnet,TX,Texas,2023,Crude prevalence,9.8,87.5,7.8,13.5,7.7,35.3,26.8,16.1,14.3,76.5,13.1,3.9,14.7
48055,Caldwell,TX,Texas,2023,Crude prevalence,9.4,83.4,6.8,14.6,6.5,42.2,33.3,17.5,15.3,73.0,14.4,3.6,25.9
48057,Calhoun,TX,Texas,2023,Crude prevalence,9.2,85.8,6.9,14.7,7.3,34.8,31.3,16.1,14.8,74.7,13.0,3.8,22.0
48059,Callahan,TX,Texas,2023,Crude prevalence,10.2,87.0,8.2,13.2,7.6,36.2,26.5,17.3,14.6,76.4,14.7,3.9,12.5
48061,Cameron,TX,Texas,2023,Crude prevalence,8.7,82.4,6.2,18.3,7.1,40.3,36.9,16.5,16.2,71.5,13.0,3.9,35.9
48063,Camp,TX,Texas,2023,Crude prevalence,10.8,84.0,9.5,16.1,8.3,40.0,33.8,18.9,16.7,75.6,17.2,4.7,19.8
48065,Carson,TX,Texas,2023,Crude prevalence,9.9,87.5,6.9,11.7,6.8,34.0,24.2,16.6,13.2,75.7,13.1,3.4,11.5
48067,Cass,TX,Texas,2023,Crude prevalence,10.9,86.1,9.9,15.7,8.7,39.3,30.8,18.6,16.3,77.3,17.2,4.9,13.5
48069,Castro,TX,Texas,2023,Crude prevalence,9.1,83.8,6.7,15.5,7.2,38.2,34.2,16.6,15.5,73.1,13.3,3.8,27.7
48071,Chambers,TX,Texas,2023,Crude prevalence,10.0,84.7,5.7,10.8,5.2,35.0,25.0,18.0,12.8,72.2,13.4,2.9,15.9
48073,Cherokee,TX,Texas,2023,Crude prevalence,10.5,83.9,8.9,14.7,7.8,35.7,31.8,18.5,15.9,75.0,16.9,4.3,19.1
48075,Childress,TX,Texas,2023,Crude prevalence,9.5,81.3,6.9,12.0,6.3,36.1,29.6,18.3,14.0,71.2,14.7,3.4,21.6
48077,Clay,TX,Texas,2023,Crude prevalence,10.1,87.6,8.3,13.2,7.9,34.9,26.4,16.8,14.5,76.9,14.2,4.0,11.3
48079,Cochran,TX,Texas,2023,Crude prevalence,10.1,80.8,9.7,18.6,8.8,42.6,41.7,19.6,19.2,72.5,19.3,4.9,32.3
48081,Coke,TX,Texas,2023,Crude prevalence,10.1,86.8,9.9,15.9,9.6,36.3,31.7,16.9,16.4,77.0,15.3,4.9,16.8
48083,Coleman,TX,Texas,2023,Crude prevalence,10.2,87.2,9.4,15.4,9.0,37.2,29.8,17.0,16.0,77.4,15.5,4.6,14.5
48085,Collin,TX,Texas,2023,Crude prevalence,8.9,87.7,4.1,9.5,4.3,32.3,20.0,14.6,10.2,75.0,9.3,2.3,10.1
48087,Collingsworth,TX,Texas,2023,Crude prevalence,10.5,84.9,9.3,15.5,8.2,39.3,32.0,18.0,16.5,75.3,16.5,4.4,20.2
48089,Colorado,TX,Texas,2023,Crude prevalence,9.8,87.0,7.9,14.9,7.9,36.2,29.9,16.2,14.8,76.6,13.6,4.2,17.7
48091,Comal,TX,Texas,2023,Crude prevalence,9.4,88.5,5.6,11.2,5.8,35.0,21.8,14.7,12.0,77.3,10.5,3.0,12.9
48093,Comanche,TX,Texas,2023,Crude prevalence,9.9,86.5,8.7,14.8,8.5,36.7,30.5,16.8,15.7,76.2,14.5,4.3,18.1
48095,Concho,TX,Texas,2023,Crude prevalence,9.1,83.0,7.8,14.2,7.6,37.1,32.0,16.9,15.1,72.8,15.8,4.0,23.7
48097,Cooke,TX,Texas,2023,Crude prevalence,10.2,85.8,7.9,13.0,7.2,36.1,27.7,17.5,14.6,75.1,14.5,3.8,15.2
48099,Coryell,TX,Texas,2023,Crude prevalence,10.4,81.9,5.7,10.3,4.9,37.3,26.8,19.6,12.8,72.7,14.1,2.8,16.0
48101,Cottle,TX,Texas,2023,Crude prevalence,10.5,86.3,11.0,18.8,10.2,40.6,35.4,17.4,18.1,77.6,17.6,5.5,19.7
48103,Crane,TX,Texas,2023,Crude prevalence,9.1,82.2,6.3,15.0,6.4,39.7,36.0,17.6,15.7,71.5,14.3,3.5,30.5
48105,Crockett,TX,Texas,2023,Crude prevalence,9.4,85.1,7.4,16.5,7.7,37.7,35.3,16.5,16.6,73.8,14.3,4.1,28.2
48107,Crosby,TX,Texas,2023,Crude prevalence,9.7,83.6,8.6,17.1,8.4,40.5,37.0,17.8,17.3,74.3,15.9,4.5,27.2
48109,Culberson,TX,Texas,2023,Crude prevalence,9.2,82.6,8.0,19.3,8.7,40.3,40.8,17.2,18.1,73.5,16.1,4.7,31.3
48111,Dallam,TX,Texas,2023,Crude prevalence,9.6,80.6,7.4,14.7,6.7,39.6,35.6,18.9,16.1,71.2,16.9,3.6,27.4
48113,Dallas,TX,Texas,2023,Crude prevalence,9.8,84.1,5.6,12.5,5.3,35.7,30.5,17.1,12.6,75.2,12.5,3.2,20.6
48115,Dawson,TX,Texas,2023,Crude prevalence,9.4,79.5,7.6,15.3,7.0,39.4,36.5,18.6,16.5,70.5,17.1,3.9,29.9
48117,Deaf Smith,TX,Texas,2023,Crude prevalence,9.4,80.5,7.2,16.4,7.1,40.7,39.8,18.4,17.2,71.4,15.7,3.9,34.7
48119,Delta,TX,Texas,2023,Crude prevalence,10.6,86.0,8.7,13.7,7.8,37.1,28.3,18.1,15.2,75.8,15.9,4.1,13.4
48121,Denton,TX,Texas,2023,Crude prevalence,9.3,86.7,4.3,9.9,4.3,33.7,21.2,15.8,10.6,74.2,9.8,2.4,11.2
48123,DeWitt,TX,Texas,2023,Crude prevalence,9.8,85.2,8.6,16.0,8.2,37.6,33.0,17.2,16.2,75.3,16.0,4.4,21.2
48125,Dickens,TX,Texas,2023,Crude prevalence,9.9,86.9,9.8,16.7,9.6,37.5,32.5,16.4,16.7,77.4,15.1,5.0,18.7
48127,Dimmit,TX,Texas,2023,Crude prevalence,9.5,79.1,9.4,23.4,9.9,46.8,49.5,19.2,21.4,72.9,18.9,5.5,41.1
48129,Donley,TX,Texas,2023,Crude prevalence,10.4,85.4,8.9,14.0,8.4,34.2,28.8,17.7,15.3,76.2,14.3,4.4,14.6
48131,Duval,TX,Texas,2023,Crude prevalence,8.9,81.5,7.0,18.8,8.2,41.2,41.1,17.4,17.8,72.2,14.8,4.3,35.4
48133,Eastland,TX,Texas,2023,Crude prevalence,10.3,84.9,9.1,14.1,8.2,35.5,29.8,18.0,15.6,75.2,15.6,4.3,15.9
48135,Ector,TX,Texas,2023,Crude prevalence,9.3,81.6,5.5,12.8,5.3,40.0,31.8,18.0,14.4,69.0,14.2,3.0,28.0
48137,Edwards,TX,Texas,2023,Crude prevalence,9.5,87.1,9.9,19.3,10.5,38.2,36.4,15.5,17.8,77.5,15.0,5.3,25.2
48139,Ellis,TX,Texas,2023,Crude prevalence,10.1,85.6,5.6,11.6,5.3,37.2,25.8,17.3,12.9,74.1,12.6,3.0,15.6
48141,El Paso,TX,Texas,2023,Crude prevalence,8.6,83.4,4.9,15.4,5.8,34.0,33.4,17.5,15.0,74.7,12.1,3.2,29.0
48143,Erath,TX,Texas,2023,Crude prevalence,10.3,81.6,6.6,10.8,5.8,33.4,25.1,19.3,13.1,72.2,12.9,3.1,14.7
48145,Falls,TX,Texas,2023,Crude prevalence,10.9,84.4,9.1,16.1,8.1,40.0,33.8,19.1,16.4,75.6,17.1,4.7,19.5
48147,Fannin,TX,Texas,2023,Crude prevalence,10.4,84.4,8.5,13.2,7.4,39.2,29.1,18.4,15.1,74.3,16.6,3.9,15.3
48149,Fayette,TX,Texas,2023,Crude prevalence,9.6,88.5,7.7,13.8,8.0,33.9,26.5,15.4,14.2,78.0,12.3,4.1,14.2
48151,Fisher,TX,Texas,2023,Crude prevalence,9.7,87.8,7.6,14.5,8.0,36.1,28.8,16.1,14.7,76.9,13.4,4.1,15.7
48153,Floyd,TX,Texas,2023,Crude prevalence,9.6,83.9,8.3,17.0,8.3,39.1,36.5,17.3,17.0,74.2,15.2,4.4,27.6
48155,Foard,TX,Texas,2023,Crude prevalence,10.7,85.7,11.8,18.2,10.9,40.1,35.6,18.4,18.7,77.5,18.0,5.7,18.4
48157,Fort Bend,TX,Texas,2023,Crude prevalence,9.0,87.9,4.2,12.0,4.6,30.1,24.3,14.3,10.5,75.3,9.8,2.7,12.6
48159,Franklin,TX,Texas,2023,Crude prevalence,10.0,87.6,7.6,13.0,7.5,35.3,25.5,16.3,13.9,76.7,13.1,3.8,12.5
48161,Freestone,TX,Texas,2023,Crude prevalence,10.3,85.9,8.6,14.7,7.9,38.2,30.1,17.7,15.3,76.1,16.0,4.4,16.1
48163,Frio,TX,Texas,2023,Crude prevalence,8.6,78.0,5.9,15.3,6.2,40.5,38.6,18.0,16.2,68.5,15.0,3.4,37.0
48165,Gaines,TX,Texas,2023,Crude prevalence,10.2,79.7,6.6,11.8,5.5,36.1,31.8,20.1,15.2,68.8,16.4,3.1,25.6
48167,Galveston,TX,Texas,2023,Crude prevalence,9.8,86.6,6.0,12.3,5.9,34.0,25.4,16.6,12.9,74.8,12.3,3.3,15.0
48169,Garza,TX,Texas,2023,Crude prevalence,9.3,80.4,7.5,14.9,6.9,39.9,36.0,18.3,16.3,70.3,16.9,3.8,30.9
48171,Gillespie,TX,Texas,2023,Crude prevalence,9.4,89.4,7.7,13.6,8.3,32.8,25.6,14.4,13.8,78.7,11.1,4.1,13.7
48173,Glasscock,TX,Texas,2023,Crude prevalence,9.1,86.7,5.2,10.9,5.5,34.0,23.3,15.4,11.9,73.9,10.8,2.8,15.4
48175,Goliad,TX,Texas,2023,Crude prevalence,9.8,87.3,8.4,15.6,8.5,37.0,30.4,16.2,15.6,76.6,14.2,4.4,18.1
48177,Gonzales,TX,Texas,2023,Crude prevalence,9.9,83.8,8.3,16.0,7.9,39.4,35.8,17.9,16.6,74.2,15.8,4.3,25.8
48179,Gray,TX,Texas,2023,Crude prevalence,9.9,83.5,8.2,13.9,7.3,38.5,31.6,18.4,15.4,73.5,16.4,3.9,20.1
48181,Grayson,TX,Texas,2023,Crude prevalence,10.3,85.7,7.4,12.5,6.7,33.9,27.4,17.8,13.9,75.2,14.4,3.6,13.7
48183,Gregg,TX,Texas,2023,Crude prevalence,10.7,84.4,7.7,13.5,6.7,36.8,29.1,18.8,14.7,74.5,15.3,3.9,16.3
48185,Grimes,TX,Texas,2023,Crude prevalence,10.1,84.7,8.1,14.4,7.5,37.1,30.1,17.8,15.2,74.7,15.7,4.1,18.5
48187,Guadalupe,TX,Texas,2023,Crude prevalence,9.5,86.1,5.5,12.8,5.6,34.7,25.9,16.4,12.9,75.1,12.5,3.0,17.1
48189,Hale,TX,Texas,2023,Crude prevalence,9.5,81.4,7.4,15.6,7.1,38.9,36.1,18.3,16.3,72.1,15.7,3.8,28.9
48191,Hall,TX,Texas,2023,Crude prevalence,10.0,85.5,9.6,17.5,9.5,39.1,34.4,17.3,17.1,76.4,15.6,5.1,21.3
48193,Hamilton,TX,Texas,2023,Crude prevalence,10.1,86.6,9.4,14.6,8.9,36.1,30.0,17.0,15.7,76.8,15.3,4.6,14.6
48195,Hansford,TX,Texas,2023,Crude prevalence,9.6,83.6,7.0,13.6,6.7,36.8,31.0,17.2,15.0,73.1,13.6,3.6,23.4
48197,Hardeman,TX,Texas,2023,Crude prevalence,10.3,85.8,9.1,15.2,8.6,37.6,31.2,17.7,16.1,76.0,15.8,4.5,17.5
48199,Hardin,TX,Texas,2023,Crude prevalence,10.5,85.5,7.9,12.4,6.8,34.0,26.8,18.5,14.5,74.8,15.6,3.7,12.6
48201,Harris,TX,Texas,2023,Crude prevalence,9.2,83.7,5.5,13.2,5.4,37.3,26.8,16.5,12.9,73.2,12.7,3.3,21.3
48203,Harrison,TX,Texas,2023,Crude prevalence,10.7,85.1,7.9,13.8,7.1,38.8,29.5,18.6,14.7,76.0,15.2,4.1,14.4
48205,Hartley,TX,Texas,2023,Crude prevalence,9.1,85.0,6.3,12.0,6.3,34.5,26.8,16.3,13.3,72.8,13.4,3.3,18.8
48207,Haskell,TX,Texas,2023,Crude prevalence,10.0,84.2,9.0,14.9,8.2,36.6,32.1,17.7,16.1,74.6,16.3,4.3,20.2
48209,Hays,TX,Texas,2023,Crude prevalence,9.3,84.2,4.8,10.2,4.7,34.5,23.1,17.0,11.7,71.6,10.8,2.5,16.6
48211,Hemphill,TX,Texas,2023,Crude prevalence,9.4,87.0,6.2,11.6,6.3,32.7,25.5,15.9,13.0,75.0,11.7,3.3,16.4
48213,Henderson,TX,Texas,2023,Crude prevalence,10.5,86.1,9.2,14.5,8.3,35.4,30.1,17.9,15.8,76.8,16.1,4.4,14.9
48215,Hidalgo,TX,Texas,2023,Crude prevalence,8.7,80.2,5.9,17.4,6.5,44.2,37.5,18.2,16.6,71.6,13.3,3.6,37.4
48217,Hill,TX,Texas,2023,Crude prevalence,10.3,85.7,8.4,14.2,7.8,36.9,30.4,17.8,15.5,75.5,15.3,4.1,16.6
48219,Hockley,TX,Texas,2023,Crude prevalence,9.7,83.7,7.0,14.1,6.7,36.1,32.0,17.8,15.2,73.0,14.5,3.6,23.2
48221,Hood,TX,Texas,2023,Crude prevalence,9.8,88.5,7.4,12.5,7.4,33.2,24.7,15.5,13.4,77.8,12.0,3.7,11.7
48223,Hopkins,TX,Texas,2023,Crude prevalence,10.4,84.9,8.3,13.4,7.3,37.5,29.6,18.2,15.1,74.9,15.5,4.0,16.1
48225,Houston,TX,Texas,2023,Crude prevalence,10.6,85.3,9.9,16.8,8.9,38.2,33.7,18.2,16.6,76.5,17.9,5.1,17.9
48227,Howard,TX,Texas,2023,Crude prevalence,9.6,83.0,6.6,13.7,6.3,38.4,32.1,18.0,14.9,72.2,15.1,3.4,23.5
48229,Hudspeth,TX,Texas,2023,Crude prevalence,8.9,75.4,6.6,14.3,6.0,41.0,38.5,19.6,16.5,67.3,18.7,3.3,38.6
48231,Hunt,TX,Texas,2023,Crude prevalence,10.3,84.2,7.4,12.3,6.5,36.7,28.0,18.5,14.4,73.8,15.2,3.5,16.2
48233,Hutchinson,TX,Texas,2023,Crude prevalence,10.1,85.2,7.5,12.9,7.0,35.1,28.2,17.9,14.6,74.5,14.8,3.7,16.7
48235,Irion,TX,Texas,2023,Crude prevalence,9.7,87.6,7.2,13.4,7.3,35.1,26.7,16.1,14.1,76.1,12.8,3.7,14.5
48237,Jack,TX,Texas,2023,Crude prevalence,10.2,82.9,8.8,13.4,7.6,37.8,30.4,18.9,15.7,73.2,17.5,4.0,18.0
48239,Jackson,TX,Texas,2023,Crude prevalence,9.9,85.1,8.2,14.7,7.8,37.7,31.7,17.5,15.5,75.1,15.0,4.2,19.7
48241,Jasper,TX,Texas,2023,Crude prevalence,11.1,84.7,10.7,16.3,9.0,41.1,33.5,19.4,17.1,76.2,18.9,5.0,15.0
48243,Jeff Davis,TX,Texas,2023,Crude prevalence,9.8,91.1,11.6,21.2,12.3,37.9,34.2,14.3,18.2,81.9,14.4,6.1,17.5
48245,Jefferson,TX,Texas,2023,Crude prevalence,10.7,84.1,7.8,15.6,7.0,41.3,31.9,18.6,15.1,75.4,16.1,4.3,18.9
48247,Jim Hogg,TX,Texas,2023,Crude prevalence,9.1,80.3,8.9,22.8,9.9,44.7,47.7,17.9,20.6,73.2,17.2,5.3,40.6
48249,Jim Wells,TX,Texas,2023,Crude prevalence,9.0,82.8,6.9,18.0,7.6,40.6,40.2,17.2,17.2,73.1,14.6,4.0,32.9
48251,Johnson,TX,Texas,2023,Crude prevalence,10.2,84.7,6.6,11.9,5.9,33.4,27.0,18.0,13.5,72.8,14.4,3.2,16.3
48253,Jones,TX,Texas,2023,Crude prevalence,9.5,81.1,7.5,13.0,6.6,38.7,30.7,18.4,14.9,71.3,17.1,3.6,22.3
48255,Karnes,TX,Texas,2023,Crude prevalence,9.1,80.4,6.8,14.0,6.4,38.9,34.1,18.0,15.3,70.8,16.0,3.5,28.2
48257,Kaufman,TX,Texas,2023,Crude prevalence,10.4,84.3,5.8,11.2,5.0,38.0,27.3,18.3,13.1,73.3,14.0,2.9,16.8
48259,Kendall,TX,Texas,2023,Crude prevalence,9.3,89.1,5.5,11.1,6.1,34.3,21.2,14.3,11.7,77.0,10.0,3.1,11.5
48261,Kenedy,TX,Texas,2023,Crude prevalence,9.3,83.5,7.2,18.5,8.3,37.9,40.2,16.7,18.2,72.8,15.1,4.4,35.1
48263,Kent,TX,Texas,2023,Crude prevalence,9.6,89.6,7.2,12.9,7.7,32.5,25.2,14.9,13.9,78.2,11.5,4.0,12.0
48265,Kerr,TX,Texas,2023,Crude prevalence,9.6,88.1,8.4,14.7,8.7,34.4,28.0,15.4,14.8,78.1,12.4,4.4,15.7
48267,Kimble,TX,Texas,2023,Crude prevalence,10.0,87.5,10.1,16.6,9.9,36.8,31.5,16.2,16.5,78.1,14.8,5.0,16.9
48269,King,TX,Texas,2023,Crude prevalence,10.3,87.4,10.8,16.8,10.4,37.8,32.5,17.0,17.5,77.5,17.5,5.3,16.1
48271,Kinney,TX,Texas,2023,Crude prevalence,8.8,85.2,7.5,15.8,8.6,36.8,32.0,15.4,15.2,74.9,12.2,4.3,25.4
48273,Kleberg,TX,Texas,2023,Crude prevalence,9.1,79.9,5.5,14.0,6.0,37.1,33.9,18.0,14.5,71.1,12.1,3.2,27.9
48275,Knox,TX,Texas,2023,Crude prevalence,10.1,85.7,8.7,15.6,8.2,37.8,32.4,17.5,16.1,75.8,15.6,4.4,19.1
48277,Lamar,TX,Texas,2023,Crude prevalence,11.0,84.9,9.1,14.3,7.8,38.5,30.1,19.0,15.6,75.5,16.7,4.3,14.2
48279,Lamb,TX,Texas,2023,Crude prevalence,9.6,83.7,7.9,16.6,7.9,40.0,35.9,17.6,16.8,73.8,15.2,4.2,27.3
48281,Lampasas,TX,Texas,2023,Crude prevalence,10.2,86.9,7.9,14.0,7.5,35.1,27.8,17.3,14.7,76.5,14.2,3.9,14.5
48283,La Salle,TX,Texas,2023,Crude prevalence,8.7,76.6,6.8,15.5,6.9,38.8,39.8,18.3,16.8,68.2,15.3,3.8,39.7
48285,Lavaca,TX,Texas,2023,Crude prevalence,10.1,87.0,8.7,14.6,8.4,36.3,29.7,16.9,15.3,77.0,14.4,4.4,15.4
48287,Lee,TX,Texas,2023,Crude prevalence,10.3,85.3,9.0,15.4,8.1,39.8,31.9,17.8,16.1,75.7,16.4,4.4,18.6
48289,Leon,TX,Texas,2023,Crude prevalence,10.4,86.5,9.5,15.3,8.8,36.2,30.5,17.4,16.0,76.9,15.9,4.6,15.7
48291,Liberty,TX,Texas,2023,Crude prevalence,10.6,81.2,8.0,13.9,6.5,40.1,34.5,20.1,16.2,71.6,17.8,3.7,23.8
48293,Limestone,TX,Texas,2023,Crude prevalence,10.5,85.2,9.3,16.1,8.4,39.7,32.8,18.1,16.3,76.4,16.6,4.7,18.1
48295,Lipscomb,TX,Texas,2023,Crude prevalence,9.8,85.9,8.3,14.8,8.0,36.7,30.6,16.7,15.5,75.3,14.5,4.1,20.1
48297,Live Oak,TX,Texas,2023,Crude prevalence,9.6,83.1,8.7,16.2,8.5,39.7,35.0,17.8,16.8,73.7,16.8,4.4,25.3
48299,Llano,TX,Texas,2023,Crude prevalence,9.8,90.2,9.5,15.7,10.0,35.8,28.1,14.5,15.3,80.6,12.5,4.9,12.2
48301,Loving,TX,Texas,2023,Crude prevalence,,,,,,,,,,,,,
48303,Lubbock,TX,Texas,2023,Crude prevalence,9.8,82.1,5.8,11.4,5.4,35.4,27.6,18.2,13.1,71.9,12.6,3.0,17.6
48305,Lynn,TX,Texas,2023,Crude prevalence,9.9,83.7,8.0,15.2,7.5,38.6,32.5,18.0,16.0,73.8,15.9,4.0,21.9
48307,McCulloch,TX,Texas,2023,Crude prevalence,10.0,86.1,8.9,15.5,8.6,36.4,32.1,17.0,16.0,76.2,15.1,4.4,19.0
48309,McLennan,TX,Texas,2023,Crude prevalence,10.4,83.4,6.8,12.5,6.2,34.8,27.9,18.4,13.9,74.2,13.5,3.5,16.8
48311,McMullen,TX,Texas,2023,Crude prevalence,9.5,85.0,9.1,17.8,9.5,38.6,35.5,17.0,17.0,75.7,15.9,4.9,22.3
48313,Madison,TX,Texas,2023,Crude prevalence,10.1,81.2,7.6,13.1,6.7,37.1,31.5,18.9,14.8,72.2,16.2,3.8,21.3
48315,Marion,TX,Texas,2023,Crude prevalence,11.0,87.3,11.2,18.1,10.1,39.1,33.1,17.9,17.4,78.9,17.7,5.6,13.6
48317,Martin,TX,Texas,2023,Crude prevalence,9.6,83.7,6.0,12.1,5.5,36.0,29.3,17.8,14.0,71.8,14.0,3.0,21.8
48319,Mason,TX,Texas,2023,Crude prevalence,9.4,89.5,8.1,14.4,8.8,33.5,26.8,14.2,14.4,78.9,11.5,4.3,14.4
48321,Matagorda,TX,Texas,2023,Crude prevalence,9.9,84.7,8.3,16.4,7.9,39.4,33.8,17.4,16.1,75.0,15.3,4.3,22.6
48323,Maverick,TX,Texas,2023,Crude prevalence,8.9,79.9,5.7,17.8,6.6,43.9,41.7,18.0,17.4,70.9,14.2,3.6,38.8
48325,Medina,TX,Texas,2023,Crude prevalence,9.2,85.5,6.1,14.4,6.6,39.5,30.5,16.0,14.3,74.7,12.6,3.4,21.6
48327,Menard,TX,Texas,2023,Crude prevalence,9.7,88.2,9.8,17.6,10.3,36.5,33.3,15.3,17.0,78.6,14.0,5.2,20.5
48329,Midland,TX,Texas,2023,Crude prevalence,9.4,84.1,4.9,10.8,4.7,35.9,26.6,17.2,12.4,71.8,12.0,2.6,20.0
48331,Milam,TX,Texas,2023,Crude prevalence,10.1,85.8,8.5,14.9,8.0,37.1,31.1,17.3,15.5,75.4,15.3,4.3,17.6
48333,Mills,TX,Texas,2023,Crude prevalence,9.7,88.4,8.3,14.1,8.6,33.0,26.9,15.5,14.6,77.9,12.7,4.3,13.4
48335,Mitchell,TX,Texas,2023,Crude prevalence,9.3,80.4,7.0,13.3,6.5,38.4,31.8,18.3,14.8,70.9,16.0,3.5,24.2
48337,Montague,TX,Texas,2023,Crude prevalence,10.3,86.0,8.8,13.4,8.0,35.0,28.4,17.9,15.3,75.4,15.7,4.1,14.1
48339,Montgomery,TX,Texas,2023,Crude prevalence,9.5,86.4,5.6,11.4,5.3,31.8,23.5,16.4,12.2,73.8,11.8,2.9,14.7
48341,Moore,TX,Texas,2023,Crude prevalence,9.5,81.3,6.8,14.9,6.5,39.0,35.9,18.4,16.0,71.3,15.7,3.6,29.3
48343,Morris,TX,Texas,2023,Crude prevalence,11.1,86.2,9.4,15.9,8.4,39.0,31.6,18.5,16.1,77.4,16.7,4.8,14.7
48345,Motley,TX,Texas,2023,Crude prevalence,9.9,87.7,9.2,14.7,9.1,35.2,28.8,16.2,15.4,77.5,14.4,4.5,15.1
48347,Nacogdoches,TX,Texas,2023,Crude prevalence,10.9,81.3,7.9,13.2,6.8,33.2,29.8,19.8,14.7,73.5,14.9,3.8,16.7
48349,Navarro,TX,Texas,2023,Crude prevalence,10.6,83.5,8.6,15.3,7.6,38.1,32.9,18.9,16.0,74.6,16.6,4.2,20.8
48351,Newton,TX,Texas,2023,Crude prevalence,11.5,84.0,13.0,18.6,10.5,42.8,37.1,20.3,19.2,76.9,22.2,6.0,16.2
48353,Nolan,TX,Texas,2023,Crude prevalence,10.2,83.5,9.4,16.5,8.5,40.5,35.8,18.6,17.3,74.4,17.3,4.6,22.9
48355,Nueces,TX,Texas,2023,Crude prevalence,9.3,84.5,6.0,15.8,6.5,39.7,31.8,16.5,14.6,74.2,13.1,3.5,24.6
48357,Ochiltree,TX,Texas,2023,Crude prevalence,9.5,82.3,7.1,14.1,6.7,39.2,33.4,18.0,15.5,72.1,14.9,3.6,26.1
48359,Oldham,TX,Texas,2023,Crude prevalence,10.2,85.8,7.6,13.3,6.8,36.1,28.6,17.9,14.8,74.7,15.3,3.6,15.0
48361,Orange,TX,Texas,2023,Crude prevalence,10.6,84.8,7.7,12.4,6.7,38.4,27.6,19.0,14.5,74.4,15.7,3.6,13.4
48363,Palo Pinto,TX,Texas,2023,Crude prevalence,10.4,85.0,9.1,14.4,8.0,39.4,30.7,18.3,15.9,74.9,16.3,4.2,16.7
48365,Panola,TX,Texas,2023,Crude prevalence,10.7,85.9,8.4,13.8,7.5,37.4,28.7,18.1,14.9,76.2,15.6,4.2,13.9
48367,Parker,TX,Texas,2023,Crude prevalence,10.1,86.7,6.4,10.7,5.9,35.5,23.4,16.9,12.7,75.0,12.9,3.1,12.1
48369,Parmer,TX,Texas,2023,Crude prevalence,9.1,83.6,6.4,15.0,6.8,37.0,33.8,16.7,15.5,72.5,13.4,3.6,28.6
48371,Pecos,TX,Texas,2023,Crude prevalence,8.8,81.4,6.5,16.5,6.9,40.2,37.4,17.4,16.3,71.0,15.8,3.7,31.1
48373,Polk,TX,Texas,2023,Crude prevalence,10.7,84.6,9.8,15.4,8.1,39.2,32.4,18.8,16.6,74.8,18.9,4.3,17.3
48375,Potter,TX,Texas,2023,Crude prevalence,10.1,81.9,8.2,15.3,7.2,41.8,34.9,19.2,16.3,72.8,17.3,4.1,23.8
48377,Presidio,TX,Texas,2023,Crude prevalence,8.9,83.7,8.4,22.2,10.6,41.0,43.7,16.2,19.2,75.5,14.6,5.5,34.8
48379,Rains,TX,Texas,2023,Crude prevalence,10.2,87.7,8.8,14.1,8.3,35.8,27.5,16.6,15.0,77.4,14.6,4.3,12.4
48381,Randall,TX,Texas,2023,Crude prevalence,9.8,85.7,5.8,10.8,5.6,35.1,23.5,17.2,12.5,74.1,12.0,3.0,14.0
48383,Reagan,TX,Texas,2023,Crude prevalence,8.7,84.0,5.5,14.5,5.9,39.1,33.0,16.4,14.3,72.2,13.1,3.2,27.0
48385,Real,TX,Texas,2023,Crude prevalence,10.2,87.7,11.0,18.3,10.5,38.1,34.6,16.6,17.8,78.5,16.4,5.4,18.3
48387,Red River,TX,Texas,2023,Crude prevalence,10.9,86.4,10.7,16.9,9.7,38.5,32.5,18.2,17.0,78.0,17.5,5.3,14.3
48389,Reeves,TX,Texas,2023,Crude prevalence,8.7,79.9,6.2,17.6,7.0,40.7,41.5,17.9,17.3,70.1,15.6,3.8,37.3
48391,Refugio,TX,Texas,2023,Crude prevalence,9.7,85.4,8.4,17.6,8.6,39.7,35.9,17.0,16.9,75.6,15.0,4.6,24.3
48393,Roberts,TX,Texas,2023,Crude prevalence,9.7,88.1,6.7,11.6,6.9,33.7,23.6,16.1,13.0,76.1,12.4,3.5,11.0
48395,Robertson,TX,Texas,2023,Crude prevalence,10.5,86.2,8.7,15.4,8.0,37.9,31.5,17.6,15.7,76.7,15.7,4.5,17.4
48397,Rockwall,TX,Texas,2023,Crude prevalence,9.7,87.7,4.5,9.4,4.5,35.1,20.4,15.5,10.7,74.5,10.0,2.5,11.3
48399,Runnels,TX,Texas,2023,Crude prevalence,9.7,85.9,7.8,14.7,7.8,35.9,31.0,16.8,15.2,75.2,14.3,4.1,19.3
48401,Rusk,TX,Texas,2023,Crude prevalence,10.4,84.4,8.0,13.9,7.1,37.5,29.8,18.4,15.0,74.5,16.1,4.0,16.9
48403,Sabine,TX,Texas,2023,Crude prevalence,10.6,88.2,11.1,16.6,10.4,35.5,30.7,16.8,16.9,79.0,16.2,5.4,12.5
48405,San Augustine,TX,Texas,2023,Crude prevalence,11.5,85.2,14.1,20.9,11.9,43.5,39.2,19.5,20.1,78.4,21.8,6.8,17.5
48407,San Jacinto,TX,Texas,2023,Crude prevalence,10.6,85.3,10.1,16.4,9.0,39.0,32.4,18.4,17.0,76.5,17.5,4.8,17.6
48409,San Patricio,TX,Texas,2023,Crude prevalence,9.6,83.8,6.9,15.4,6.8,41.3,34.6,17.5,15.6,72.7,14.4,3.6,24.9
48411,San Saba,TX,Texas,2023,Crude prevalence,9.6,83.4,8.6,14.2,8.2,35.8,30.9,17.3,15.4,74.0,14.9,4.2,20.7
48413,Schleicher,TX,Texas,2023,Crude prevalence,9.1,86.6,6.7,14.8,7.4,36.0,30.7,15.5,14.7,75.2,12.3,3.8,22.5
48415,Scurry,TX,Texas,2023,Crude prevalence,9.6,83.9,7.0,13.6,6.7,38.1,31.0,17.5,14.7,73.5,14.2,3.6,21.3
48417,Shackelford,TX,Texas,2023,Crude prevalence,9.9,87.7,7.1,12.3,7.0,33.8,24.1,16.2,13.4,76.5,12.5,3.6,11.4
48419,Shelby,TX,Texas,2023,Crude prevalence,11.0,83.8,10.1,16.4,8.5,41.1,35.2,19.4,17.1,75.8,18.5,4.8,18.9
48421,Sherman,TX,Texas,2023,Crude prevalence,9.3,85.4,6.2,12.9,6.5,35.4,28.5,16.2,13.9,73.5,12.3,3.3,20.9
48423,Smith,TX,Texas,2023,Crude prevalence,10.5,85.5,7.0,13.2,6.5,37.5,27.0,17.7,13.7,75.5,13.6,3.7,15.3
48425,Somervell,TX,Texas,2023,Crude prevalence,9.9,87.4,7.1,12.3,6.9,34.3,25.7,16.5,13.8,75.8,13.4,3.5,13.4
48427,Starr,TX,Texas,2023,Crude prevalence,9.3,77.7,7.2,20.0,7.6,45.0,47.0,19.5,19.9,70.3,16.9,4.2,43.5
48429,Stephens,TX,Texas,2023,Crude prevalence,9.8,83.8,8.4,13.8,7.7,36.3,29.9,17.7,15.3,74.1,15.6,4.0,18.4
48431,Sterling,TX,Texas,2023,Crude prevalence,9.2,86.7,4.9,10.5,5.1,33.2,23.8,16.0,12.0,73.3,11.2,2.7,15.6
48433,Stonewall,TX,Texas,2023,Crude prevalence,10.0,87.2,9.6,15.8,9.4,35.8,32.2,16.6,16.4,77.6,15.0,4.9,17.2
48435,Sutton,TX,Texas,2023,Crude prevalence,9.1,85.3,7.6,17.4,8.2,38.3,35.8,16.3,16.6,74.9,14.0,4.2,27.2
48437,Swisher,TX,Texas,2023,Crude prevalence,9.8,81.0,8.9,16.6,8.2,40.5,36.9,18.7,17.0,73.1,17.6,4.4,26.5
48439,Tarrant,TX,Texas,2023,Crude prevalence,10.1,84.9,5.4,11.7,5.1,33.2,27.7,17.5,12.8,72.6,12.7,3.0,16.8
48441,Taylor,TX,Texas,2023,Crude prevalence,10.0,83.2,6.3,11.2,5.8,34.3,26.1,18.4,13.0,72.9,12.9,3.1,15.7
48443,Terrell,TX,Texas,2023,Crude prevalence,8.4,90.2,5.6,15.0,7.8,33.8,26.8,12.8,13.0,78.4,9.2,3.7,16.8
48445,Terry,TX,Texas,2023,Crude prevalence,9.7,81.6,8.2,16.4,7.6,40.7,37.3,18.6,17.2,72.5,16.7,4.2,29.2
48447,Throckmorton,TX,Texas,2023,Crude prevalence,10.0,87.6,9.7,15.4,9.7,35.5,30.0,16.5,15.9,78.0,14.9,4.9,13.1
48449,Titus,TX,Texas,2023,Crude prevalence,10.2,82.8,8.5,15.6,7.5,38.6,35.1,18.7,16.5,73.8,16.5,4.2,24.8
48451,Tom Green,TX,Texas,2023,Crude prevalence,9.6,84.6,6.5,12.9,6.4,36.8,29.0,17.4,13.9,73.8,12.8,3.4,19.3
48453,Travis,TX,Texas,2023,Crude prevalence,9.2,86.5,4.0,9.0,4.1,30.4,19.9,15.9,10.3,72.7,9.5,2.2,13.9
48455,Trinity,TX,Texas,2023,Crude prevalence,10.7,87.1,10.5,16.4,9.5,37.7,31.7,17.7,16.8,77.8,16.8,5.0,14.5
48457,Tyler,TX,Texas,2023,Crude prevalence,10.7,83.0,10.7,15.3,9.0,38.7,33.1,19.3,16.9,75.0,19.3,4.8,17.3
48459,Upshur,TX,Texas,2023,Crude prevalence,10.8,85.2,9.0,13.9,7.7,37.6,29.6,18.9,15.6,75.2,16.6,4.2,14.1
48461,Upton,TX,Texas,2023,Crude prevalence,9.8,82.6,8.0,16.6,7.7,40.9,37.1,18.5,17.0,72.9,16.6,4.2,27.2
48463,Uvalde,TX,Texas,2023,Crude prevalence,9.1,82.9,6.6,15.7,7.0,40.1,34.5,17.0,15.7,73.0,13.1,3.7,28.5
48465,Val Verde,TX,Texas,2023,Crude prevalence,8.8,81.0,5.6,15.6,6.4,37.8,36.4,17.2,15.6,70.7,13.0,3.4,32.3
48467,Van Zandt,TX,Texas,2023,Crude prevalence,10.4,86.1,8.5,13.4,7.7,36.0,28.7,18.1,15.2,75.7,15.6,4.0,13.9
48469,Victoria,TX,Texas,2023,Crude prevalence,9.6,84.6,6.9,14.5,6.8,37.2,31.6,17.4,14.9,73.6,13.9,3.7,22.5
48471,Walker,TX,Texas,2023,Crude prevalence,10.2,80.8,7.3,13.3,6.4,39.3,29.7,19.5,14.3,72.6,16.2,3.6,18.1
48473,Waller,TX,Texas,2023,Crude prevalence,10.3,82.0,5.4,11.1,5.0,36.6,26.9,18.9,12.6,73.4,12.2,2.9,17.6
48475,Ward,TX,Texas,2023,Crude prevalence,9.4,83.0,6.4,14.4,6.4,37.6,33.9,17.9,15.3,72.4,14.5,3.5,26.0
48477,Washington,TX,Texas,2023,Crude prevalence,10.0,87.0,7.1,13.2,7.2,35.7,26.5,16.4,13.5,77.3,12.1,3.8,13.2
48479,Webb,TX,Texas,2023,Crude prevalence,8.7,80.8,5.0,16.1,5.8,42.1,39.2,17.2,16.1,70.8,12.7,3.2,36.2
48481,Wharton,TX,Texas,2023,Crude prevalence,9.9,84.9,7.4,15.0,7.3,40.0,32.1,17.3,15.2,75.0,14.2,4.0,21.3
48483,Wheeler,TX,Texas,2023,Crude prevalence,10.3,85.6,9.1,14.7,8.3,37.2,30.8,17.8,15.9,75.7,16.0,4.3,17.3
48485,Wichita,TX,Texas,2023,Crude prevalence,10.3,83.0,7.1,12.1,6.2,35.3,27.0,18.6,13.8,73.9,14.6,3.4,15.9
48487,Wilbarger,TX,Texas,2023,Crude prevalence,10.5,83.1,9.9,16.5,8.5,39.6,35.8,19.2,17.3,74.8,18.2,4.7,21.3
48489,Willacy,TX,Texas,2023,Crude prevalence,8.9,78.0,7.2,18.8,7.7,43.2,44.1,18.4,18.5,70.1,16.4,4.2,40.8
48491,Williamson,TX,Texas,2023,Crude prevalence,9.0,87.6,4.3,9.8,4.5,32.6,22.5,15.5,10.5,75.3,9.9,2.4,12.2
48493,Wilson,TX,Texas,2023,Crude prevalence,9.4,86.7,6.1,13.1,6.3,35.3,26.6,16.0,13.5,75.4,12.4,3.3,17.5
48495,Winkler,TX,Texas,2023,Crude prevalence,9.2,83.1,6.0,14.1,6.1,37.6,33.2,17.4,15.0,71.6,14.1,3.3,27.6
48497,Wise,TX,Texas,2023,Crude prevalence,10.1,85.3,7.2,11.9,6.4,34.1,26.6,17.9,14.1,74.0,14.8,3.4,15.2
48499,Wood,TX,Texas,2023,Crude prevalence,10.3,87.2,9.3,14.6,8.8,34.3,28.6,16.7,15.5,77.6,14.8,4.5,13.6
48501,Yoakum,TX,Texas,2023,Crude prevalence,9.2,83.1,5.8,13.5,6.0,37.6,32.1,17.3,14.6,71.7,12.9,3.2,27.1
48503,Young,TX,Texas,2023,Crude prevalence,10.0,86.0,8.1,13.4,7.5,37.1,28.4,17.3,14.6,75.5,14.5,3.9,15.2
48505,Zapata,TX,Texas,2023,Crude prevalence,9.2,78.8,7.8,20.8,8.4,43.7,47.1,18.8,20.0,71.4,17.1,4.6,42.8
48507,Zavala,TX,Texas,2023,Crude prevalence,9.4,78.8,8.4,22.6,9.0,47.5,48.4,19.2,20.9,72.2,18.0,4.9,42.4
49001,Beaver,UT,Utah,2023,Crude prevalence,10.5,81.0,5.5,9.8,5.7,28.5,19.3,16.9,13.0,70.9,9.3,3.0,10.6
49003,Box Elder,UT,Utah,2023,Crude prevalence,11.1,80.3,5.6,9.3,5.4,32.6,19.4,17.9,13.3,73.8,9.8,2.9,10.3
49005,Cache,UT,Utah,2023,Crude prevalence,10.5,75.9,4.6,7.8,4.3,27.9,15.5,17.8,11.7,68.4,8.1,2.4,9.7
49007,Carbon,UT,Utah,2023,Crude prevalence,11.5,80.5,7.7,12.8,7.4,35.0,21.9,17.8,15.9,73.5,11.9,3.9,11.8
49009,Daggett,UT,Utah,2023,Crude prevalence,10.6,84.9,8.2,13.5,8.9,33.1,22.8,15.7,15.7,76.2,11.0,4.4,9.7
49011,Davis,UT,Utah,2023,Crude prevalence,11.0,82.2,4.2,8.2,4.5,32.7,17.0,17.2,10.9,73.2,7.4,2.4,8.8
49013,Duchesne,UT,Utah,2023,Crude prevalence,11.3,79.4,7.0,11.0,6.4,31.6,24.1,18.6,14.8,71.3,11.8,3.4,11.2
49015,Emery,UT,Utah,2023,Crude prevalence,11.2,81.3,6.9,11.2,6.8,30.6,20.1,17.3,14.5,72.1,11.0,3.5,9.8
49017,Garfield,UT,Utah,2023,Crude prevalence,10.6,84.1,6.6,11.6,7.3,28.6,19.5,15.4,13.9,75.7,9.3,3.7,9.0
49019,Grand,UT,Utah,2023,Crude prevalence,10.8,83.2,6.6,11.2,6.9,28.3,20.1,16.4,14.0,72.5,10.2,3.6,10.1
49021,Iron,UT,Utah,2023,Crude prevalence,11.0,77.5,5.8,9.4,5.6,35.3,18.3,18.4,13.4,71.4,9.9,3.0,10.0
49023,Juab,UT,Utah,2023,Crude prevalence,11.0,78.9,5.7,9.0,5.3,32.6,18.6,18.3,13.1,69.2,10.3,2.8,9.7
49025,Kane,UT,Utah,2023,Crude prevalence,10.8,84.5,6.9,11.8,7.3,33.3,19.5,15.5,14.0,75.3,9.3,3.7,8.4
49027,Millard,UT,Utah,2023,Crude prevalence,10.7,81.0,7.0,11.8,7.1,34.1,23.3,17.1,14.9,74.0,10.8,3.6,11.7
49029,Morgan,UT,Utah,2023,Crude prevalence,10.5,83.4,4.4,8.1,4.7,25.0,15.1,15.6,11.0,71.8,7.6,2.5,6.5
49031,Piute,UT,Utah,2023,Crude prevalence,11.5,82.2,10.3,15.2,10.2,33.0,26.0,17.1,17.8,75.3,12.3,5.2,13.0
49033,Rich,UT,Utah,2023,Crude prevalence,11.0,83.1,6.9,11.6,7.3,32.7,19.3,16.5,14.2,74.6,10.1,3.7,8.6
49035,Salt Lake,UT,Utah,2023,Crude prevalence,11.0,81.6,4.4,8.5,4.4,29.9,18.6,17.5,12.5,69.2,8.2,2.5,11.6
49037,San Juan,UT,Utah,2023,Crude prevalence,13.3,78.1,8.9,15.4,8.0,34.2,25.1,20.5,18.6,73.4,15.7,4.7,12.0
49039,Sanpete,UT,Utah,2023,Crude prevalence,11.2,76.7,6.7,10.4,6.1,29.2,20.5,18.6,14.0,69.7,11.2,3.3,11.8
49041,Sevier,UT,Utah,2023,Crude prevalence,11.1,81.3,6.6,10.5,6.4,36.4,21.0,17.6,14.4,73.2,10.4,3.3,9.6
49043,Summit,UT,Utah,2023,Crude prevalence,10.1,85.8,4.3,8.7,5.0,19.8,14.3,13.6,10.6,75.4,6.6,2.5,7.3
49045,Tooele,UT,Utah,2023,Crude prevalence,11.4,80.2,4.6,8.9,4.3,37.6,20.8,17.3,12.2,69.6,9.5,2.4,10.7
49047,Uintah,UT,Utah,2023,Crude prevalence,11.5,77.6,6.5,10.5,5.8,35.5,21.3,18.7,14.3,69.3,12.6,3.2,11.3
49049,Utah,UT,Utah,2023,Crude prevalence,9.9,77.4,3.6,6.9,3.7,29.7,14.2,17.1,10.7,68.4,6.4,2.0,9.6
49051,Wasatch,UT,Utah,2023,Crude prevalence,10.0,84.2,4.5,8.4,5.0,24.3,16.8,14.5,11.4,73.9,7.3,2.6,8.4
49053,Washington,UT,Utah,2023,Crude prevalence,10.7,82.7,6.2,10.7,6.9,33.1,16.9,15.6,13.8,72.5,8.0,3.5,10.0
49055,Wayne,UT,Utah,2023,Crude prevalence,11.1,83.6,8.1,13.1,8.3,34.3,22.1,16.7,15.5,75.2,10.7,4.2,9.0
49057,Weber,UT,Utah,2023,Crude prevalence,11.4,81.4,4.9,9.0,4.9,34.7,20.3,18.6,12.9,73.1,9.1,2.6,11.3
50001,Addison,VT,Vermont,2023,Crude prevalence,10.8,86.3,6.0,8.2,6.0,27.3,17.9,15.1,11.8,78.3,9.9,3.2,5.9
50003,Bennington,VT,Vermont,2023,Crude prevalence,11.5,86.9,7.3,10.0,7.3,30.5,20.0,16.1,13.9,77.7,11.9,3.7,6.1
50005,Caledonia,VT,Vermont,2023,Crude prevalence,11.3,85.5,7.8,10.1,7.1,31.3,24.0,17.1,13.8,76.9,13.7,3.7,6.6
50007,Chittenden,VT,Vermont,2023,Crude prevalence,10.9,84.5,4.9,6.6,4.8,22.7,14.1,15.9,10.7,75.4,8.5,2.6,5.3
50009,Essex,VT,Vermont,2023,Crude prevalence,11.6,86.2,10.4,12.5,9.5,34.2,27.0,16.8,16.7,78.2,16.3,4.9,8.1
50011,Franklin,VT,Vermont,2023,Crude prevalence,11.4,85.2,7.2,9.6,6.8,36.9,21.5,17.0,13.5,75.9,13.0,3.4,6.8
50013,Grand Isle,VT,Vermont,2023,Crude prevalence,10.9,88.1,6.6,9.7,6.7,30.7,18.7,15.0,12.3,77.3,11.3,3.4,5.5
50015,Lamoille,VT,Vermont,2023,Crude prevalence,11.3,86.0,6.2,8.3,6.0,29.2,19.4,15.7,12.6,73.1,11.9,3.1,6.1
50017,Orange,VT,Vermont,2023,Crude prevalence,11.2,86.9,7.1,9.7,6.9,32.6,22.3,15.4,13.4,76.6,12.1,3.6,6.1
50019,Orleans,VT,Vermont,2023,Crude prevalence,11.5,85.5,8.3,10.7,7.6,33.2,23.5,17.0,14.7,78.8,13.9,4.0,7.1
50021,Rutland,VT,Vermont,2023,Crude prevalence,11.8,86.2,7.9,10.3,7.5,35.5,22.2,16.3,14.3,78.0,12.9,3.8,6.6
50023,Washington,VT,Vermont,2023,Crude prevalence,10.7,86.2,6.3,8.9,6.1,27.1,18.3,15.5,11.8,74.8,11.5,3.2,5.8
50025,Windham,VT,Vermont,2023,Crude prevalence,10.8,86.8,7.5,9.8,7.1,25.9,19.8,15.7,13.3,75.4,12.2,3.7,6.3
50027,Windsor,VT,Vermont,2023,Crude prevalence,10.8,87.9,6.7,9.5,6.7,28.8,19.6,14.8,12.2,74.5,11.1,3.6,5.7
51001,Accomack,VA,Virginia,2023,Crude prevalence,11.6,87.8,10.6,18.2,9.7,40.0,33.4,16.9,16.8,82.1,16.5,5.3,12.0
51003,Albemarle,VA,Virginia,2023,Crude prevalence,10.0,88.5,5.2,10.2,5.7,28.2,19.4,14.3,11.1,79.7,9.0,2.9,6.4
51005,Alleghany,VA,Virginia,2023,Crude prevalence,11.0,87.6,9.9,15.1,9.2,39.0,28.4,17.5,16.4,80.6,16.6,4.6,8.8
51007,Amelia,VA,Virginia,2023,Crude prevalence,11.4,86.6,9.7,16.6,8.5,39.3,30.3,18.0,16.6,80.1,17.7,4.8,10.3
51009,Amherst,VA,Virginia,2023,Crude prevalence,11.3,87.2,8.7,15.1,8.1,39.3,29.0,17.5,15.4,80.0,15.6,4.4,9.1
51011,Appomattox,VA,Virginia,2023,Crude prevalence,11.2,87.1,8.7,14.8,8.1,38.9,28.3,17.5,15.4,80.1,15.8,4.3,9.0
51013,Arlington,VA,Virginia,2023,Crude prevalence,9.0,88.2,3.2,8.0,3.8,25.3,14.8,13.4,8.8,76.5,7.0,1.9,6.4
51015,Augusta,VA,Virginia,2023,Crude prevalence,10.4,87.4,8.1,13.2,7.6,40.8,25.7,16.9,14.7,80.0,14.5,3.8,8.6
51017,Bath,VA,Virginia,2023,Crude prevalence,11.2,87.3,12.9,18.4,11.6,38.8,33.1,17.7,19.1,81.2,19.3,5.8,10.4
51019,Bedford,VA,Virginia,2023,Crude prevalence,10.5,88.8,7.6,13.5,7.7,36.9,26.5,15.9,14.1,79.7,13.2,3.8,7.2
51021,Bland,VA,Virginia,2023,Crude prevalence,10.4,87.2,8.8,13.8,8.3,36.5,26.5,16.8,15.4,79.1,16.0,4.1,9.0
51023,Botetourt,VA,Virginia,2023,Crude prevalence,10.4,89.1,7.6,13.0,7.6,35.1,24.0,15.7,14.1,80.6,13.0,3.7,7.2
51025,Brunswick,VA,Virginia,2023,Crude prevalence,11.7,85.9,9.6,18.2,8.6,43.4,33.9,18.2,16.6,80.9,17.9,5.4,12.3
51027,Buchanan,VA,Virginia,2023,Crude prevalence,11.6,84.9,13.0,17.4,10.6,38.9,34.4,19.6,19.4,79.7,21.6,5.4,11.7
51029,Buckingham,VA,Virginia,2023,Crude prevalence,11.3,85.9,9.3,16.6,8.3,43.6,30.9,18.1,16.4,79.7,18.4,4.8,11.2
51031,Campbell,VA,Virginia,2023,Crude prevalence,11.1,87.3,8.4,14.2,7.8,35.6,27.0,17.2,14.9,80.1,15.3,4.1,8.7
51033,Caroline,VA,Virginia,2023,Crude prevalence,11.1,86.9,7.4,14.0,6.7,41.9,27.9,17.4,14.4,79.1,15.2,3.9,10.1
51035,Carroll,VA,Virginia,2023,Crude prevalence,11.1,87.2,11.1,15.9,9.9,41.4,30.5,17.8,17.7,80.5,17.9,4.9,10.0
51036,Charles City,VA,Virginia,2023,Crude prevalence,11.8,89.1,9.5,19.4,9.1,42.1,31.9,16.8,16.8,83.0,16.6,5.6,9.5
51037,Charlotte,VA,Virginia,2023,Crude prevalence,11.9,86.4,11.5,18.6,9.9,42.6,33.5,18.6,18.4,81.4,19.2,5.6,11.2
51041,Chesterfield,VA,Virginia,2023,Crude prevalence,10.6,88.6,5.6,12.4,5.6,36.4,22.6,16.1,12.4,79.3,11.5,3.1,8.2
51043,Clarke,VA,Virginia,2023,Crude prevalence,10.1,89.6,6.8,12.2,7.1,32.8,22.9,14.9,13.3,80.6,11.7,3.5,7.4
51045,Craig,VA,Virginia,2023,Crude prevalence,10.7,88.0,9.4,14.3,8.7,36.5,26.6,16.7,16.0,80.1,15.6,4.3,8.4
51047,Culpeper,VA,Virginia,2023,Crude prevalence,10.6,87.2,7.0,12.8,6.6,38.5,25.9,16.7,13.9,78.6,13.7,3.5,10.4
51049,Cumberland,VA,Virginia,2023,Crude prevalence,11.4,88.1,8.8,16.1,8.4,39.5,28.6,17.2,15.6,80.7,15.4,4.7,9.2
51051,Dickenson,VA,Virginia,2023,Crude prevalence,11.3,85.3,12.6,16.9,10.6,39.1,34.0,19.3,19.1,79.4,20.6,5.3,11.1
51053,Dinwiddie,VA,Virginia,2023,Crude prevalence,11.3,88.0,7.4,14.7,7.0,40.7,27.9,17.4,14.5,80.6,14.6,4.1,8.7
51057,Essex,VA,Virginia,2023,Crude prevalence,11.8,88.0,9.8,18.0,8.9,42.6,31.2,17.7,16.9,82.3,16.9,5.2,10.3
51059,Fairfax,VA,Virginia,2023,Crude prevalence,9.1,89.5,4.1,10.7,5.0,24.0,19.4,12.2,10.3,77.8,8.1,2.5,7.4
51061,Fauquier,VA,Virginia,2023,Crude prevalence,10.1,88.6,6.0,11.6,6.2,32.7,21.2,15.3,12.6,79.3,11.5,3.1,8.1
51063,Floyd,VA,Virginia,2023,Crude prevalence,10.6,88.2,8.6,13.5,8.3,32.7,26.2,16.3,15.1,80.1,15.0,4.1,8.0
51065,Fluvanna,VA,Virginia,2023,Crude prevalence,10.9,89.1,6.8,12.6,6.7,39.1,22.9,16.0,13.5,80.8,12.5,3.5,7.3
51067,Franklin,VA,Virginia,2023,Crude prevalence,11.1,88.0,9.2,15.1,8.7,34.8,27.3,16.6,15.6,80.7,15.0,4.4,8.6
51069,Frederick,VA,Virginia,2023,Crude prevalence,10.3,87.8,6.8,11.8,6.6,37.5,24.1,16.1,13.4,79.0,13.0,3.4,9.4
51071,Giles,VA,Virginia,2023,Crude prevalence,10.8,87.1,8.9,13.8,8.1,36.1,27.1,17.5,15.4,78.9,16.0,4.1,8.6
51073,Gloucester,VA,Virginia,2023,Crude prevalence,10.7,88.6,7.4,12.8,7.1,35.8,23.8,16.2,14.2,80.1,13.5,3.6,7.8
51075,Goochland,VA,Virginia,2023,Crude prevalence,10.1,90.9,6.1,12.2,6.8,33.0,20.9,13.8,12.2,81.5,10.1,3.4,6.0
51077,Grayson,VA,Virginia,2023,Crude prevalence,11.2,86.0,12.1,17.5,10.4,41.1,33.9,18.3,18.6,80.1,19.8,5.3,11.5
51079,Greene,VA,Virginia,2023,Crude prevalence,10.7,87.4,7.6,12.7,7.1,37.8,25.8,16.7,14.4,78.9,14.2,3.6,9.0
51081,Greensville,VA,Virginia,2023,Crude prevalence,11.2,84.3,8.4,17.1,7.5,45.3,31.6,18.4,15.7,79.2,19.2,4.8,13.0
51083,Halifax,VA,Virginia,2023,Crude prevalence,11.8,87.1,11.2,19.3,10.0,40.2,33.7,17.9,17.9,81.1,18.4,5.9,11.2
51085,Hanover,VA,Virginia,2023,Crude prevalence,10.1,88.8,6.1,11.6,6.1,32.9,21.4,15.0,12.4,79.2,11.8,3.2,6.6
51087,Henrico,VA,Virginia,2023,Crude prevalence,10.6,88.5,5.7,12.3,5.7,32.8,21.4,15.5,12.0,80.3,11.4,3.3,7.8
51089,Henry,VA,Virginia,2023,Crude prevalence,11.7,87.0,11.0,18.0,9.8,41.9,33.1,18.1,18.0,81.6,17.8,5.4,11.2
51091,Highland,VA,Virginia,2023,Crude prevalence,10.0,91.2,9.3,15.2,9.9,33.0,25.6,13.9,15.1,83.5,12.8,4.6,7.3
51093,Isle of Wight,VA,Virginia,2023,Crude prevalence,10.8,88.9,7.1,13.8,6.9,36.6,24.0,16.0,13.7,80.9,13.2,3.8,7.7
51095,James City,VA,Virginia,2023,Crude prevalence,10.3,90.9,6.2,12.5,7.1,32.1,21.1,13.9,12.4,82.6,9.7,3.5,6.5
51097,King and Queen,VA,Virginia,2023,Crude prevalence,11.4,87.9,9.6,17.0,8.9,40.7,29.8,17.2,16.4,81.3,16.4,4.9,9.5
51099,King George,VA,Virginia,2023,Crude prevalence,10.7,87.3,6.1,11.6,5.8,36.1,23.1,16.7,12.8,78.5,13.1,3.2,8.2
51101,King William,VA,Virginia,2023,Crude prevalence,10.9,87.4,6.7,12.2,6.3,34.9,23.8,17.1,13.6,78.6,13.8,3.4,7.9
51103,Lancaster,VA,Virginia,2023,Crude prevalence,10.8,91.1,10.3,18.1,10.8,35.1,29.2,14.3,16.3,84.2,13.4,5.6,8.3
51105,Lee,VA,Virginia,2023,Crude prevalence,11.5,84.4,12.6,17.3,10.2,42.3,34.0,19.4,19.2,79.2,21.2,5.2,12.0
51107,Loudoun,VA,Virginia,2023,Crude prevalence,8.9,89.6,3.7,9.5,4.2,28.1,19.0,13.0,9.9,79.1,8.4,2.2,6.8
51109,Louisa,VA,Virginia,2023,Crude prevalence,10.9,88.0,8.1,14.1,7.5,36.7,25.4,16.6,14.9,80.1,14.9,4.0,8.6
51111,Lunenburg,VA,Virginia,2023,Crude prevalence,11.6,86.2,10.6,18.9,9.5,46.1,33.6,18.0,17.8,80.5,18.9,5.5,12.5
51113,Madison,VA,Virginia,2023,Crude prevalence,10.8,88.3,8.2,13.7,7.8,37.8,25.6,16.4,14.7,80.3,14.1,4.0,8.4
51115,Mathews,VA,Virginia,2023,Crude prevalence,10.6,90.2,8.8,15.2,9.2,35.1,26.1,15.0,15.2,82.8,13.1,4.6,7.4
51117,Mecklenburg,VA,Virginia,2023,Crude prevalence,11.4,88.1,10.3,18.6,9.6,41.2,31.3,16.7,17.0,82.3,16.3,5.4,10.1
51119,Middlesex,VA,Virginia,2023,Crude prevalence,10.6,90.7,9.3,16.5,9.8,37.8,27.2,14.6,15.6,83.9,13.1,5.0,7.7
51121,Montgomery,VA,Virginia,2023,Crude prevalence,10.5,81.1,6.0,9.6,5.3,28.0,21.4,18.5,12.1,75.3,11.8,2.7,7.7
51125,Nelson,VA,Virginia,2023,Crude prevalence,10.6,89.7,9.1,15.6,9.1,35.2,27.3,15.2,15.2,82.3,13.7,4.6,8.3
51127,New Kent,VA,Virginia,2023,Crude prevalence,10.6,88.6,6.1,11.9,6.1,35.1,21.5,15.8,12.5,79.1,12.3,3.2,7.2
51131,Northampton,VA,Virginia,2023,Crude prevalence,11.1,89.6,9.9,18.5,9.8,39.5,31.2,15.5,16.4,83.1,14.4,5.4,10.0
51133,Northumberland,VA,Virginia,2023,Crude prevalence,10.6,91.6,9.0,16.8,9.9,36.0,26.2,13.8,15.1,84.5,12.0,5.0,7.6
51135,Nottoway,VA,Virginia,2023,Crude prevalence,11.4,85.2,8.9,16.7,7.9,43.5,30.9,18.3,16.0,79.7,18.0,4.7,11.7
51137,Orange,VA,Virginia,2023,Crude prevalence,10.7,88.1,7.4,12.9,7.1,37.1,25.0,16.6,14.1,80.5,13.7,3.7,8.7
51139,Page,VA,Virginia,2023,Crude prevalence,11.0,86.7,9.5,14.1,8.4,34.6,29.1,17.9,16.3,79.1,17.0,4.2,9.5
51141,Patrick,VA,Virginia,2023,Crude prevalence,11.0,87.9,11.0,16.4,10.1,39.9,30.3,17.2,17.6,80.5,17.2,5.1,9.8
51143,Pittsylvania,VA,Virginia,2023,Crude prevalence,11.3,87.0,10.8,17.5,9.5,41.6,33.3,17.5,17.4,81.4,18.1,5.2,10.2
51145,Powhatan,VA,Virginia,2023,Crude prevalence,10.5,89.0,6.7,12.1,6.7,36.4,22.6,15.8,13.4,80.0,12.8,3.4,7.1
51147,Prince Edward,VA,Virginia,2023,Crude prevalence,11.6,80.8,7.7,13.5,6.6,37.2,27.7,20.5,14.5,77.1,14.6,3.9,10.2
51149,Prince George,VA,Virginia,2023,Crude prevalence,10.7,83.4,5.9,11.5,5.4,38.4,24.9,18.4,12.7,76.5,13.8,3.1,10.9
51153,Prince William,VA,Virginia,2023,Crude prevalence,9.8,88.0,4.7,11.4,4.8,34.3,23.1,14.9,11.6,79.3,11.1,2.7,10.4
51155,Pulaski,VA,Virginia,2023,Crude prevalence,10.9,87.2,9.0,14.1,8.3,35.7,27.9,17.4,15.5,80.0,15.7,4.2,8.5
51157,Rappahannock,VA,Virginia,2023,Crude prevalence,10.4,89.5,8.8,14.7,8.9,35.2,25.3,15.1,15.1,81.6,13.5,4.4,7.8
51159,Richmond,VA,Virginia,2023,Crude prevalence,11.0,85.8,8.8,15.1,8.0,37.1,30.0,17.4,15.7,78.7,17.3,4.5,12.5
51161,Roanoke,VA,Virginia,2023,Crude prevalence,10.3,88.7,6.8,12.0,6.9,34.4,22.7,15.8,13.3,80.7,11.9,3.4,7.2
51163,Rockbridge,VA,Virginia,2023,Crude prevalence,10.4,88.7,8.8,14.0,8.7,34.0,25.9,15.9,15.3,80.6,13.8,4.2,7.7
51165,Rockingham,VA,Virginia,2023,Crude prevalence,10.6,86.5,7.7,12.3,7.2,33.1,25.9,17.0,14.5,78.8,13.9,3.6,9.7
51167,Russell,VA,Virginia,2023,Crude prevalence,11.5,86.1,11.4,15.7,9.5,39.6,31.3,18.6,18.1,79.2,19.0,4.8,10.0
51169,Scott,VA,Virginia,2023,Crude prevalence,11.3,86.2,11.6,16.4,10.1,38.3,31.4,18.4,17.9,80.1,18.6,5.0,10.1
51171,Shenandoah,VA,Virginia,2023,Crude prevalence,10.9,86.8,9.1,14.1,8.3,36.2,28.8,17.4,15.7,79.4,15.9,4.2,10.4
51173,Smyth,VA,Virginia,2023,Crude prevalence,11.4,85.9,10.9,15.4,9.3,38.1,30.7,18.7,17.6,79.4,18.3,4.7,9.9
51175,Southampton,VA,Virginia,2023,Crude prevalence,11.1,88.5,8.0,15.9,7.8,38.4,27.2,16.7,14.9,81.3,15.0,4.5,8.7
51177,Spotsylvania,VA,Virginia,2023,Crude prevalence,10.7,87.4,6.1,12.6,5.9,40.3,24.6,16.4,13.0,78.3,12.8,3.2,9.4
51179,Stafford,VA,Virginia,2023,Crude prevalence,10.3,87.5,4.8,10.7,4.8,35.7,22.1,15.8,11.7,77.4,11.0,2.7,8.8
51181,Surry,VA,Virginia,2023,Crude prevalence,11.3,89.4,8.5,17.3,8.6,39.9,29.2,16.0,15.4,82.6,14.4,5.0,8.5
51183,Sussex,VA,Virginia,2023,Crude prevalence,11.3,85.2,8.0,16.2,7.4,45.5,30.9,17.8,15.0,79.9,17.1,4.6,11.7
51185,Tazewell,VA,Virginia,2023,Crude prevalence,11.4,85.7,10.9,15.9,9.3,40.4,31.0,18.7,17.6,80.1,18.1,4.7,10.0
51187,Warren,VA,Virginia,2023,Crude prevalence,10.8,86.3,7.6,12.7,7.0,38.0,25.7,17.6,14.7,77.6,15.0,3.5,9.5
51191,Washington,VA,Virginia,2023,Crude prevalence,10.7,87.7,8.8,13.8,8.3,38.3,27.0,16.5,15.2,80.1,14.8,4.1,8.0
51193,Westmoreland,VA,Virginia,2023,Crude prevalence,11.4,88.1,10.7,18.3,10.0,41.0,33.1,16.9,17.5,82.4,17.1,5.5,11.2
51195,Wise,VA,Virginia,2023,Crude prevalence,11.4,84.2,10.5,15.1,8.6,43.5,31.4,19.7,17.1,78.3,19.4,4.4,10.9
51197,Wythe,VA,Virginia,2023,Crude prevalence,11.1,86.9,9.6,14.3,8.5,38.8,28.2,17.9,16.2,79.5,16.7,4.3,8.6
51199,York,VA,Virginia,2023,Crude prevalence,10.0,89.2,5.2,11.1,5.7,31.5,19.2,14.5,11.3,80.5,10.0,2.9,6.7
51510,Alexandria,VA,Virginia,2023,Crude prevalence,9.9,88.6,4.1,9.9,4.4,32.0,19.5,14.5,10.5,78.0,9.0,2.4,7.9
51520,Bristol,VA,Virginia,2023,Crude prevalence,11.3,86.2,10.0,14.8,8.7,39.2,29.6,18.3,16.6,79.6,17.2,4.5,9.6
51530,Buena Vista,VA,Virginia,2023,Crude prevalence,11.5,82.9,8.8,12.9,7.5,37.0,27.8,19.8,15.6,77.4,15.8,3.9,10.0
51540,Charlottesville,VA,Virginia,2023,Crude prevalence,10.7,83.7,5.4,10.4,5.1,33.0,21.9,17.4,11.6,77.2,11.1,2.8,7.7
51550,Chesapeake,VA,Virginia,2023,Crude prevalence,11.0,87.7,5.9,12.8,5.6,40.1,22.7,16.5,12.7,80.5,12.5,3.2,8.3
51570,Colonial Heights,VA,Virginia,2023,Crude prevalence,10.8,87.7,6.7,12.3,6.4,37.4,25.1,16.6,13.4,79.5,12.8,3.4,8.7
51580,Covington,VA,Virginia,2023,Crude prevalence,11.7,84.6,11.0,16.6,9.0,40.7,32.9,19.7,17.9,79.1,19.9,5.0,11.0
51590,Danville,VA,Virginia,2023,Crude prevalence,12.5,85.6,10.7,19.9,9.0,41.7,35.6,19.3,17.7,81.8,19.1,5.8,12.4
51595,Emporia,VA,Virginia,2023,Crude prevalence,12.8,86.5,10.1,20.0,8.8,44.4,36.4,19.1,17.6,82.4,18.6,5.9,13.3
51600,Fairfax,VA,Virginia,2023,Crude prevalence,9.2,88.0,4.5,11.1,5.0,31.8,20.7,13.8,10.9,78.6,9.2,2.5,8.4
51610,Falls Church,VA,Virginia,2023,Crude prevalence,9.1,90.4,3.6,8.9,4.4,29.1,15.8,12.4,9.2,79.6,6.7,2.2,5.0
51620,Franklin,VA,Virginia,2023,Crude prevalence,12.5,86.8,9.3,18.1,8.1,43.8,32.7,18.6,16.4,82.1,16.8,5.2,10.6
51630,Fredericksburg,VA,Virginia,2023,Crude prevalence,11.3,83.8,5.2,10.2,4.8,39.5,22.8,18.4,12.1,76.8,11.7,2.7,8.8
51640,Galax,VA,Virginia,2023,Crude prevalence,11.7,84.2,10.7,16.3,8.6,39.4,33.1,19.8,18.1,78.5,19.2,4.7,13.2
51650,Hampton,VA,Virginia,2023,Crude prevalence,11.8,86.4,6.9,15.0,6.4,40.3,26.4,18.0,13.9,81.3,14.1,4.1,9.7
51660,Harrisonburg,VA,Virginia,2023,Crude prevalence,11.1,77.3,6.1,10.2,5.0,34.0,25.9,21.1,13.4,74.3,13.2,2.7,13.0
51670,Hopewell,VA,Virginia,2023,Crude prevalence,12.6,84.1,10.1,17.7,8.1,45.8,35.6,20.7,17.7,79.7,20.3,5.1,13.6
51678,Lexington,VA,Virginia,2023,Crude prevalence,10.7,79.3,4.7,7.8,4.4,29.1,19.5,19.6,10.7,74.7,9.2,2.3,7.4
51680,Lynchburg,VA,Virginia,2023,Crude prevalence,11.7,81.8,6.2,11.0,5.4,36.4,23.6,19.6,12.8,77.2,12.3,3.2,8.9
51683,Manassas,VA,Virginia,2023,Crude prevalence,9.7,85.8,5.0,12.0,4.9,35.8,26.2,15.8,12.8,75.8,12.0,2.7,15.3
51685,Manassas Park,VA,Virginia,2023,Crude prevalence,9.8,84.2,5.5,13.8,5.3,38.6,30.8,16.7,14.1,75.8,13.8,3.0,17.8
51690,Martinsville,VA,Virginia,2023,Crude prevalence,12.5,85.6,10.2,18.6,8.4,44.9,34.0,19.5,17.5,80.7,19.1,5.3,12.2
51700,Newport News,VA,Virginia,2023,Crude prevalence,11.6,85.3,6.5,13.5,5.9,40.8,28.1,18.1,13.6,79.3,14.1,3.6,10.3
51710,Norfolk,VA,Virginia,2023,Crude prevalence,11.1,83.5,6.3,12.7,5.5,40.3,26.1,18.8,13.2,78.7,13.7,3.4,10.8
51720,Norton,VA,Virginia,2023,Crude prevalence,11.7,83.7,10.5,14.9,8.1,40.8,31.3,20.2,17.2,78.0,19.8,4.4,10.5
51730,Petersburg,VA,Virginia,2023,Crude prevalence,13.0,86.6,8.4,19.2,7.4,46.6,34.2,19.6,16.1,82.7,16.9,5.4,11.8
51735,Poquoson,VA,Virginia,2023,Crude prevalence,10.0,89.1,6.1,11.0,6.4,33.2,20.6,15.1,12.3,79.5,11.2,3.1,6.3
51740,Portsmouth,VA,Virginia,2023,Crude prevalence,12.3,85.5,7.6,15.8,6.7,40.8,30.0,19.4,14.7,79.7,16.4,4.3,10.9
51750,Radford,VA,Virginia,2023,Crude prevalence,12.0,75.8,6.6,9.2,4.9,34.4,24.8,23.4,13.4,74.0,14.0,2.6,9.2
51760,Richmond,VA,Virginia,2023,Crude prevalence,11.4,84.8,6.2,12.9,5.6,37.7,25.4,18.2,12.9,78.2,14.2,3.5,10.0
51770,Roanoke,VA,Virginia,2023,Crude prevalence,11.5,85.9,8.4,15.1,7.4,42.0,30.0,18.1,15.3,78.2,16.5,4.3,10.7
51775,Salem,VA,Virginia,2023,Crude prevalence,10.8,86.5,7.1,12.0,6.7,35.2,24.0,17.2,13.6,78.8,13.0,3.4,7.7
51790,Staunton,VA,Virginia,2023,Crude prevalence,11.0,87.5,7.5,12.9,7.0,36.4,25.1,17.1,14.1,79.6,13.5,3.7,8.1
51800,Suffolk,VA,Virginia,2023,Crude prevalence,11.6,88.0,6.3,13.7,5.9,42.5,25.9,16.9,13.3,80.8,13.2,3.6,8.5
51810,Virginia Beach,VA,Virginia,2023,Crude prevalence,10.6,87.4,5.6,12.3,5.7,36.7,22.3,16.3,12.2,80.1,11.9,3.1,8.1
51820,Waynesboro,VA,Virginia,2023,Crude prevalence,11.0,86.2,7.9,13.2,7.1,38.6,27.4,17.7,14.8,78.6,15.2,3.8,10.3
51830,Williamsburg,VA,Virginia,2023,Crude prevalence,11.0,81.2,5.3,9.4,5.1,31.1,21.0,19.0,11.5,76.5,9.7,2.7,7.8
51840,Winchester,VA,Virginia,2023,Crude prevalence,10.9,84.4,8.3,14.2,7.4,37.6,28.9,18.3,15.5,78.3,15.5,3.9,12.7
53001,Adams,WA,Washington,2023,Crude prevalence,10.6,77.0,6.9,13.3,6.8,37.6,29.8,18.3,16.8,67.3,14.0,3.8,24.0
53003,Asotin,WA,Washington,2023,Crude prevalence,11.7,84.7,8.1,12.6,8.1,35.3,21.6,17.1,15.2,76.2,13.3,4.3,8.1
53005,Benton,WA,Washington,2023,Crude prevalence,10.8,83.2,5.6,10.4,5.8,36.2,20.6,16.2,13.5,71.1,10.4,3.1,10.6
53007,Chelan,WA,Washington,2023,Crude prevalence,10.6,84.1,6.3,10.7,6.7,29.1,20.6,16.1,13.9,71.4,11.4,3.5,11.8
53009,Clallam,WA,Washington,2023,Crude prevalence,11.4,86.6,7.8,12.1,8.4,31.0,20.3,15.1,15.2,73.1,11.8,4.4,7.5
53011,Clark,WA,Washington,2023,Crude prevalence,11.6,83.8,5.5,9.6,5.6,35.3,19.8,18.2,13.1,68.8,11.0,3.0,8.0
53013,Columbia,WA,Washington,2023,Crude prevalence,11.3,86.1,7.6,12.2,8.1,32.4,20.6,15.8,15.1,74.1,11.9,4.2,8.1
53015,Cowlitz,WA,Washington,2023,Crude prevalence,12.3,83.1,7.5,11.4,7.2,40.5,22.5,18.7,15.6,71.5,13.4,3.8,9.2
53017,Douglas,WA,Washington,2023,Crude prevalence,10.6,82.3,6.3,11.0,6.6,35.8,23.0,16.6,14.7,71.0,11.7,3.5,14.0
53019,Ferry,WA,Washington,2023,Crude prevalence,12.3,85.5,9.8,15.1,10.0,40.2,25.1,17.4,17.9,73.6,16.0,5.2,8.5
53021,Franklin,WA,Washington,2023,Crude prevalence,10.5,77.8,5.4,10.8,5.3,35.2,24.9,17.8,14.8,67.8,12.1,3.0,19.6
53023,Garfield,WA,Washington,2023,Crude prevalence,11.0,86.4,7.0,11.5,7.7,31.0,19.7,15.4,14.1,74.4,11.4,3.9,7.1
53025,Grant,WA,Washington,2023,Crude prevalence,10.8,79.5,6.4,11.5,6.5,38.7,25.3,17.8,15.0,69.5,12.6,3.5,17.3
53027,Grays Harbor,WA,Washington,2023,Crude prevalence,11.5,83.5,8.2,13.6,8.1,37.0,23.8,18.4,16.0,70.4,15.0,4.2,9.9
53029,Island,WA,Washington,2023,Crude prevalence,10.4,85.9,5.9,10.2,6.8,31.3,16.1,14.8,12.8,73.9,9.5,3.5,7.1
53031,Jefferson,WA,Washington,2023,Crude prevalence,10.5,90.0,7.2,13.1,9.2,28.7,17.4,13.4,14.5,78.7,9.5,4.4,5.8
53033,King,WA,Washington,2023,Crude prevalence,9.7,85.6,3.4,7.3,4.0,22.6,13.9,14.7,9.7,70.0,7.2,2.3,6.8
53035,Kitsap,WA,Washington,2023,Crude prevalence,11.2,84.2,5.4,9.8,5.8,31.8,16.7,16.0,12.5,72.1,10.4,3.1,7.0
53037,Kittitas,WA,Washington,2023,Crude prevalence,11.3,80.9,6.1,9.7,6.1,34.7,19.4,18.0,13.5,69.4,11.1,3.2,8.1
53039,Klickitat,WA,Washington,2023,Crude prevalence,11.3,84.8,7.2,11.7,7.8,32.9,20.4,16.1,14.7,71.5,12.1,4.0,9.1
53041,Lewis,WA,Washington,2023,Crude prevalence,11.3,82.9,7.5,12.1,7.2,39.0,22.4,17.8,16.0,68.7,14.4,3.9,9.4
53043,Lincoln,WA,Washington,2023,Crude prevalence,11.2,86.1,7.3,11.7,8.1,37.6,20.5,15.8,14.7,75.2,11.7,4.1,7.2
53045,Mason,WA,Washington,2023,Crude prevalence,11.1,84.3,7.5,12.2,7.7,35.9,21.4,16.9,15.6,72.4,13.0,4.0,9.2
53047,Okanogan,WA,Washington,2023,Crude prevalence,11.6,82.6,8.7,13.3,8.6,32.6,24.8,17.2,16.5,72.7,15.5,4.5,12.3
53049,Pacific,WA,Washington,2023,Crude prevalence,11.1,87.0,8.5,14.9,9.2,36.4,22.2,16.0,16.0,74.8,13.1,4.7,8.5
53051,Pend Oreille,WA,Washington,2023,Crude prevalence,11.4,85.3,8.7,13.3,8.8,38.9,23.1,16.8,16.4,73.2,13.6,4.5,7.8
53053,Pierce,WA,Washington,2023,Crude prevalence,10.8,82.9,5.2,10.6,5.3,36.9,19.0,18.1,13.7,70.4,11.6,3.0,8.6
53055,San Juan,WA,Washington,2023,Crude prevalence,10.4,89.4,6.4,10.9,8.0,24.7,15.8,13.0,13.0,74.1,8.9,3.9,6.0
53057,Skagit,WA,Washington,2023,Crude prevalence,11.0,84.5,6.5,10.8,6.9,33.0,19.6,15.8,14.3,71.1,11.4,3.6,9.9
53059,Skamania,WA,Washington,2023,Crude prevalence,11.5,85.9,7.0,11.2,7.4,32.8,19.2,16.1,14.3,73.8,12.0,3.8,7.3
53061,Snohomish,WA,Washington,2023,Crude prevalence,11.1,84.8,4.8,9.1,4.9,30.6,17.8,15.8,12.1,71.9,10.1,2.7,7.7
53063,Spokane,WA,Washington,2023,Crude prevalence,11.5,82.9,6.0,10.2,6.0,34.7,19.3,17.5,13.1,72.8,11.7,3.2,7.3
53065,Stevens,WA,Washington,2023,Crude prevalence,12.0,84.2,8.6,12.6,8.7,34.3,21.6,16.0,15.9,72.9,14.0,4.4,8.0
53067,Thurston,WA,Washington,2023,Crude prevalence,11.2,84.0,5.3,10.3,5.8,31.2,17.2,16.9,13.4,69.2,10.2,3.1,7.3
53069,Wahkiakum,WA,Washington,2023,Crude prevalence,11.5,86.7,9.2,14.7,10.2,39.1,21.7,16.0,16.8,75.5,13.3,5.1,8.0
53071,Walla Walla,WA,Washington,2023,Crude prevalence,11.0,81.4,6.0,10.6,6.5,34.1,19.6,16.8,14.3,70.3,11.1,3.4,10.8
53073,Whatcom,WA,Washington,2023,Crude prevalence,10.7,82.3,5.4,8.8,5.7,26.5,16.8,17.9,12.9,70.3,10.8,3.0,7.8
53075,Whitman,WA,Washington,2023,Crude prevalence,12.0,73.7,4.9,7.4,4.5,28.5,16.6,20.9,12.1,67.0,10.1,2.5,8.0
53077,Yakima,WA,Washington,2023,Crude prevalence,10.7,79.2,6.5,12.9,6.5,39.7,27.9,17.8,15.5,68.4,12.9,3.6,18.8
54001,Barbour,WV,West Virginia,2023,Crude prevalence,12.6,85.3,11.9,16.9,9.3,43.3,36.2,22.6,18.5,80.5,21.4,4.5,9.3
54003,Berkeley,WV,West Virginia,2023,Crude prevalence,12.2,86.9,8.4,13.5,6.7,38.7,31.1,21.6,15.6,79.8,17.4,3.4,8.7
54005,Boone,WV,West Virginia,2023,Crude prevalence,12.5,86.9,12.4,17.3,9.7,46.7,36.9,21.6,18.9,81.0,21.9,4.6,9.1
54007,Braxton,WV,West Virginia,2023,Crude prevalence,12.4,85.9,14.3,19.1,11.1,41.5,38.5,22.0,20.2,81.6,24.1,5.4,10.3
54009,Brooke,WV,West Virginia,2023,Crude prevalence,11.7,88.2,9.8,15.5,8.7,40.0,29.9,19.5,16.3,81.6,16.9,4.1,7.4
54011,Cabell,WV,West Virginia,2023,Crude prevalence,12.8,85.2,9.8,14.9,8.1,44.1,31.1,21.9,16.8,80.7,17.8,3.9,8.3
54013,Calhoun,WV,West Virginia,2023,Crude prevalence,12.7,86.4,16.2,21.1,12.5,40.8,41.2,22.2,22.0,81.9,26.2,6.0,10.6
54015,Clay,WV,West Virginia,2023,Crude prevalence,12.6,86.0,14.0,18.8,10.8,41.9,39.1,22.3,20.5,81.0,24.3,5.2,10.2
54017,Doddridge,WV,West Virginia,2023,Crude prevalence,11.9,85.6,11.5,16.4,9.4,41.0,34.6,21.2,18.0,79.8,21.5,4.4,9.8
54019,Fayette,WV,West Virginia,2023,Crude prevalence,12.5,86.9,12.2,17.9,9.7,40.5,35.9,21.8,18.8,80.5,21.7,4.7,9.2
54021,Gilmer,WV,West Virginia,2023,Crude prevalence,11.6,83.8,10.1,15.5,8.2,42.9,34.8,21.4,17.0,79.2,20.7,4.1,11.4
54023,Grant,WV,West Virginia,2023,Crude prevalence,11.9,88.1,11.2,16.6,9.7,43.2,33.8,20.0,17.8,82.0,19.2,4.6,8.2
54025,Greenbrier,WV,West Virginia,2023,Crude prevalence,12.3,87.6,12.4,17.3,10.1,40.4,35.0,20.8,18.9,81.8,20.8,4.8,9.2
54027,Hampshire,WV,West Virginia,2023,Crude prevalence,11.9,88.0,11.3,16.9,9.5,39.2,33.9,20.1,17.7,80.9,20.3,4.5,8.5
54029,Hancock,WV,West Virginia,2023,Crude prevalence,12.1,88.1,10.8,16.6,9.2,44.0,32.2,20.2,17.4,82.4,18.6,4.4,8.0
54031,Hardy,WV,West Virginia,2023,Crude prevalence,12.3,87.4,12.6,19.0,10.4,41.9,36.3,21.0,19.5,82.2,21.6,5.0,9.7
54033,Harrison,WV,West Virginia,2023,Crude prevalence,12.3,87.4,10.2,15.6,8.5,40.2,30.4,20.3,16.4,81.8,18.8,4.0,8.1
54035,Jackson,WV,West Virginia,2023,Crude prevalence,12.2,87.3,11.1,17.2,9.2,42.8,34.5,20.6,17.8,81.7,19.7,4.4,8.2
54037,Jefferson,WV,West Virginia,2023,Crude prevalence,11.9,88.3,7.6,13.4,6.8,38.3,26.4,18.6,14.3,80.8,15.1,3.3,7.7
54039,Kanawha,WV,West Virginia,2023,Crude prevalence,11.9,88.0,9.8,15.6,8.7,40.3,32.3,20.9,16.5,81.9,18.9,4.2,7.8
54041,Lewis,WV,West Virginia,2023,Crude prevalence,12.2,86.5,11.6,16.9,9.2,40.3,34.7,21.6,18.3,80.4,21.2,4.4,9.0
54043,Lincoln,WV,West Virginia,2023,Crude prevalence,12.9,85.5,13.8,18.5,10.4,45.6,36.2,22.5,20.6,81.3,24.6,5.1,10.4
54045,Logan,WV,West Virginia,2023,Crude prevalence,12.7,85.7,13.5,18.2,10.2,45.0,39.3,23.1,20.5,80.9,24.0,5.0,10.1
54047,McDowell,WV,West Virginia,2023,Crude prevalence,13.2,83.2,16.5,21.6,11.8,46.2,45.0,23.8,22.2,80.0,28.7,6.1,13.9
54049,Marion,WV,West Virginia,2023,Crude prevalence,12.2,86.4,9.3,14.7,7.9,42.1,29.8,21.4,15.8,80.8,17.7,3.7,7.7
54051,Marshall,WV,West Virginia,2023,Crude prevalence,12.0,87.5,11.1,16.4,9.4,37.5,33.3,20.5,17.7,81.5,20.4,4.4,8.1
54053,Mason,WV,West Virginia,2023,Crude prevalence,12.8,86.7,12.5,17.0,9.7,41.3,36.6,21.6,19.0,81.5,21.9,4.7,9.1
54055,Mercer,WV,West Virginia,2023,Crude prevalence,12.7,86.6,12.1,17.2,9.5,40.8,35.0,21.3,18.3,82.1,21.1,4.7,8.8
54057,Mineral,WV,West Virginia,2023,Crude prevalence,11.9,87.9,9.8,15.2,8.4,39.3,30.9,19.7,16.6,81.0,17.5,4.0,7.4
54059,Mingo,WV,West Virginia,2023,Crude prevalence,13.3,84.6,16.1,20.4,11.5,43.5,44.0,24.1,22.4,81.1,27.6,5.7,11.7
54061,Monongalia,WV,West Virginia,2023,Crude prevalence,11.6,83.6,6.7,10.8,5.6,31.9,22.9,20.9,12.9,77.1,13.9,2.7,7.1
54063,Monroe,WV,West Virginia,2023,Crude prevalence,12.2,87.6,12.3,17.9,10.3,41.1,35.7,20.4,18.6,82.3,20.5,4.9,8.8
54065,Morgan,WV,West Virginia,2023,Crude prevalence,11.9,88.4,11.1,16.8,9.4,39.2,33.4,19.8,17.7,81.9,19.4,4.4,8.2
54067,Nicholas,WV,West Virginia,2023,Crude prevalence,12.1,87.5,11.9,16.8,9.9,40.6,35.1,20.7,18.4,81.0,20.7,4.6,8.6
54069,Ohio,WV,West Virginia,2023,Crude prevalence,11.9,87.5,9.4,15.0,8.3,39.5,29.8,20.1,16.2,81.0,16.3,3.9,7.4
54071,Pendleton,WV,West Virginia,2023,Crude prevalence,11.8,88.8,12.2,18.2,10.9,36.5,34.6,19.3,18.4,82.9,19.3,5.1,8.6
54073,Pleasants,WV,West Virginia,2023,Crude prevalence,11.8,86.6,10.0,14.9,8.1,44.0,33.0,20.9,16.8,79.7,19.7,3.9,8.4
54075,Pocahontas,WV,West Virginia,2023,Crude prevalence,12.2,87.3,13.9,19.2,11.4,40.6,37.9,20.6,20.1,81.5,22.2,5.4,10.0
54077,Preston,WV,West Virginia,2023,Crude prevalence,11.9,86.1,10.5,15.3,8.5,37.7,31.9,21.2,17.2,79.5,20.6,4.1,9.4
54079,Putnam,WV,West Virginia,2023,Crude prevalence,11.7,88.3,8.8,14.1,7.5,38.3,28.6,19.6,15.3,82.3,16.3,3.6,6.9
54081,Raleigh,WV,West Virginia,2023,Crude prevalence,12.6,86.4,12.1,17.7,9.5,43.1,36.5,22.3,19.4,81.9,20.5,4.7,9.5
54083,Randolph,WV,West Virginia,2023,Crude prevalence,12.0,86.2,10.9,16.0,9.1,45.9,33.4,20.8,17.4,79.8,20.0,4.3,9.0
54085,Ritchie,WV,West Virginia,2023,Crude prevalence,12.4,86.7,13.4,17.9,10.5,42.9,38.3,21.5,19.5,81.6,23.3,5.0,9.6
54087,Roane,WV,West Virginia,2023,Crude prevalence,12.6,86.1,14.4,19.4,11.0,41.6,39.6,21.8,20.5,80.8,23.9,5.3,10.3
54089,Summers,WV,West Virginia,2023,Crude prevalence,13.0,87.4,13.9,19.4,11.0,39.8,38.9,21.5,20.3,82.5,22.6,5.4,10.0
54091,Taylor,WV,West Virginia,2023,Crude prevalence,12.3,86.7,11.2,15.9,9.0,42.0,34.7,21.0,17.9,80.3,20.5,4.3,9.0
54093,Tucker,WV,West Virginia,2023,Crude prevalence,11.9,89.2,11.3,16.9,9.9,39.3,33.3,19.1,17.8,82.7,18.5,4.6,7.8
54095,Tyler,WV,West Virginia,2023,Crude prevalence,12.0,88.2,11.9,17.6,10.0,42.8,34.9,20.4,18.3,82.2,20.2,4.7,8.1
54097,Upshur,WV,West Virginia,2023,Crude prevalence,12.2,85.9,11.5,16.5,9.4,36.6,35.0,21.6,17.9,81.0,20.9,4.4,8.9
54099,Wayne,WV,West Virginia,2023,Crude prevalence,12.5,86.7,12.0,16.9,9.7,42.6,35.7,21.8,18.7,81.6,21.5,4.6,9.0
54101,Webster,WV,West Virginia,2023,Crude prevalence,12.7,86.7,14.8,19.5,11.5,42.9,41.2,21.7,20.9,82.0,24.2,5.5,10.4
54103,Wetzel,WV,West Virginia,2023,Crude prevalence,12.1,87.2,11.7,16.7,9.7,42.4,36.9,21.3,18.2,81.0,20.6,4.6,8.6
54105,Wirt,WV,West Virginia,2023,Crude prevalence,12.3,87.6,12.7,18.1,10.4,42.8,36.0,20.9,18.9,81.6,21.4,4.9,8.6
54107,Wood,WV,West Virginia,2023,Crude prevalence,12.0,87.7,10.8,16.6,9.0,43.5,33.1,20.8,17.5,82.2,18.9,4.2,7.9
54109,Wyoming,WV,West Virginia,2023,Crude prevalence,12.9,85.6,14.0,18.7,10.7,44.6,39.9,22.4,20.6,80.8,24.6,5.1,10.5
55001,Adams,WI,Wisconsin,2023,Crude prevalence,10.8,87.8,10.1,16.7,10.6,40.3,33.7,14.9,16.4,80.5,17.5,5.0,9.3
55003,Ashland,WI,Wisconsin,2023,Crude prevalence,11.4,85.0,8.6,13.9,8.4,41.2,31.5,16.6,15.4,78.0,17.3,4.3,8.2
55005,Barron,WI,Wisconsin,2023,Crude prevalence,10.9,86.5,8.2,13.2,8.3,38.3,29.6,15.6,14.6,78.5,15.4,4.1,8.0
55007,Bayfield,WI,Wisconsin,2023,Crude prevalence,10.8,89.6,7.9,13.9,9.1,39.1,27.3,13.9,14.4,80.8,13.3,4.3,6.2
55009,Brown,WI,Wisconsin,2023,Crude prevalence,10.7,85.2,6.1,10.5,6.2,41.1,27.1,15.5,12.5,77.6,13.4,3.1,8.2
55011,Buffalo,WI,Wisconsin,2023,Crude prevalence,10.7,87.0,7.8,12.8,8.1,39.6,29.9,15.3,14.4,78.8,15.0,3.9,7.8
55013,Burnett,WI,Wisconsin,2023,Crude prevalence,10.9,88.9,9.7,15.5,10.0,39.0,31.9,14.5,15.8,80.5,16.1,4.9,7.6
55015,Calumet,WI,Wisconsin,2023,Crude prevalence,10.7,86.9,5.9,10.3,6.1,33.3,25.3,15.1,12.2,77.5,12.9,3.0,7.0
55017,Chippewa,WI,Wisconsin,2023,Crude prevalence,11.1,85.6,7.2,11.7,7.2,41.7,28.2,15.8,13.8,76.0,15.6,3.6,7.6
55019,Clark,WI,Wisconsin,2023,Crude prevalence,11.4,82.9,9.0,12.5,8.2,37.9,33.5,17.0,15.7,74.5,18.3,4.1,11.2
55021,Columbia,WI,Wisconsin,2023,Crude prevalence,10.8,86.6,6.9,11.3,6.9,33.6,26.2,15.4,13.3,76.0,14.4,3.4,7.4
55023,Crawford,WI,Wisconsin,2023,Crude prevalence,10.9,86.3,8.8,13.8,8.8,37.4,30.1,15.8,15.0,78.5,16.4,4.4,8.2
55025,Dane,WI,Wisconsin,2023,Crude prevalence,9.9,84.8,4.4,8.2,4.8,32.4,20.5,14.8,10.4,73.6,9.8,2.4,6.6
55027,Dodge,WI,Wisconsin,2023,Crude prevalence,10.7,85.7,7.0,11.3,7.0,42.8,28.4,16.0,13.5,78.8,14.9,3.5,8.5
55029,Door,WI,Wisconsin,2023,Crude prevalence,10.5,90.0,7.5,13.0,8.5,36.6,27.0,13.0,13.3,81.5,11.9,4.1,6.3
55031,Douglas,WI,Wisconsin,2023,Crude prevalence,11.0,86.2,7.0,11.7,7.2,41.0,27.2,16.0,13.5,78.0,14.3,3.5,7.1
55033,Dunn,WI,Wisconsin,2023,Crude prevalence,10.8,82.7,6.2,9.9,6.0,38.8,26.6,16.7,12.5,75.2,13.7,3.0,7.3
55035,Eau Claire,WI,Wisconsin,2023,Crude prevalence,10.7,83.2,5.8,9.4,5.8,30.0,24.4,16.8,11.7,75.2,12.6,2.9,7.1
55037,Florence,WI,Wisconsin,2023,Crude prevalence,10.7,89.5,8.5,14.3,9.0,37.5,29.4,14.0,15.0,81.1,14.5,4.3,6.9
55039,Fond du Lac,WI,Wisconsin,2023,Crude prevalence,11.0,85.7,6.9,11.5,6.9,43.8,29.1,15.6,13.7,78.2,14.8,3.5,8.1
55041,Forest,WI,Wisconsin,2023,Crude prevalence,12.1,87.0,10.2,16.7,9.9,46.0,35.3,17.5,17.6,80.2,19.9,5.0,9.1
55043,Grant,WI,Wisconsin,2023,Crude prevalence,11.0,82.7,7.3,11.5,7.0,40.9,31.1,17.3,13.8,76.2,15.0,3.5,8.2
55045,Green,WI,Wisconsin,2023,Crude prevalence,10.5,87.1,6.8,11.3,7.0,40.3,26.5,15.0,13.1,77.8,13.6,3.5,7.1
55047,Green Lake,WI,Wisconsin,2023,Crude prevalence,11.1,86.3,8.8,13.7,8.6,40.4,32.2,15.8,15.1,78.3,16.0,4.3,8.8
55049,Iowa,WI,Wisconsin,2023,Crude prevalence,10.5,87.4,6.8,11.3,7.0,38.7,28.3,15.1,13.1,77.6,13.8,3.4,6.7
55051,Iron,WI,Wisconsin,2023,Crude prevalence,10.7,89.4,9.1,14.8,9.8,34.7,30.4,14.1,15.1,80.7,14.8,4.7,6.9
55053,Jackson,WI,Wisconsin,2023,Crude prevalence,11.1,85.1,8.5,13.4,8.3,40.4,31.4,16.6,15.3,77.6,17.7,4.1,9.1
55055,Jefferson,WI,Wisconsin,2023,Crude prevalence,10.9,85.6,6.4,10.7,6.5,40.7,27.7,15.5,13.0,76.4,13.4,3.2,7.9
55057,Juneau,WI,Wisconsin,2023,Crude prevalence,11.1,85.3,9.1,14.2,8.7,42.1,32.2,16.4,15.9,77.7,18.5,4.3,9.2
55059,Kenosha,WI,Wisconsin,2023,Crude prevalence,11.0,85.6,6.5,11.4,6.3,40.1,27.3,16.0,13.0,76.7,14.5,3.2,9.4
55061,Kewaunee,WI,Wisconsin,2023,Crude prevalence,10.6,87.0,7.3,12.1,7.6,41.3,28.3,15.0,13.5,79.0,14.7,3.7,7.5
55063,La Crosse,WI,Wisconsin,2023,Crude prevalence,11.2,84.6,6.0,10.1,6.1,37.5,25.1,16.3,12.3,78.5,12.6,3.0,6.6
55065,Lafayette,WI,Wisconsin,2023,Crude prevalence,10.9,85.5,8.0,12.5,7.9,41.9,30.6,16.4,14.7,78.2,15.9,3.9,8.8
55067,Langlade,WI,Wisconsin,2023,Crude prevalence,11.0,86.4,9.2,14.1,9.0,37.1,33.0,15.8,15.7,78.8,17.2,4.5,8.5
55069,Lincoln,WI,Wisconsin,2023,Crude prevalence,11.0,87.1,8.5,13.1,8.5,42.8,30.2,15.7,14.7,79.1,16.0,4.1,7.8
55071,Manitowoc,WI,Wisconsin,2023,Crude prevalence,10.7,86.6,7.7,12.2,7.7,39.1,30.3,14.9,14.0,78.4,14.9,3.8,8.0
55073,Marathon,WI,Wisconsin,2023,Crude prevalence,10.2,86.2,6.7,10.9,6.9,36.3,27.9,14.8,13.1,77.0,14.3,3.4,7.7
55075,Marinette,WI,Wisconsin,2023,Crude prevalence,10.9,87.4,8.5,13.9,8.7,37.8,30.2,15.3,14.9,79.4,16.1,4.2,7.7
55077,Marquette,WI,Wisconsin,2023,Crude prevalence,11.0,87.4,9.5,14.6,9.3,43.4,32.9,15.3,15.9,80.0,17.0,4.6,8.5
55078,Menominee,WI,Wisconsin,2023,Crude prevalence,13.9,83.8,8.9,18.2,8.6,45.4,36.8,19.3,18.3,78.1,23.4,5.0,9.6
55079,Milwaukee,WI,Wisconsin,2023,Crude prevalence,11.8,84.8,6.7,13.1,6.2,38.6,27.8,17.0,13.6,78.3,14.6,3.6,10.8
55081,Monroe,WI,Wisconsin,2023,Crude prevalence,11.2,85.1,8.2,12.8,7.8,44.4,32.0,16.7,15.1,77.3,17.1,3.9,9.0
55083,Oconto,WI,Wisconsin,2023,Crude prevalence,11.0,87.4,7.9,12.9,8.0,42.7,29.8,15.8,14.5,79.5,15.7,3.9,7.4
55085,Oneida,WI,Wisconsin,2023,Crude prevalence,10.4,88.9,7.9,13.8,8.6,35.2,26.8,14.5,14.7,80.5,14.1,4.1,6.5
55087,Outagamie,WI,Wisconsin,2023,Crude prevalence,10.6,86.1,5.9,10.3,6.0,36.6,25.6,15.5,12.3,78.7,12.7,3.0,7.1
55089,Ozaukee,WI,Wisconsin,2023,Crude prevalence,10.2,88.9,5.4,10.1,6.3,30.3,22.1,13.5,11.2,80.2,10.3,3.0,5.5
55091,Pepin,WI,Wisconsin,2023,Crude prevalence,10.6,87.7,7.4,12.4,7.9,36.6,27.8,14.8,13.7,79.3,14.2,3.8,7.2
55093,Pierce,WI,Wisconsin,2023,Crude prevalence,10.7,84.2,5.8,9.8,5.9,33.2,24.7,15.8,12.0,75.1,13.0,2.9,6.7
55095,Polk,WI,Wisconsin,2023,Crude prevalence,10.7,87.4,7.3,12.4,7.5,35.6,27.0,15.0,13.5,78.0,14.3,3.8,7.2
55097,Portage,WI,Wisconsin,2023,Crude prevalence,10.7,84.1,6.1,9.6,6.2,35.1,24.6,16.2,12.0,77.4,12.8,3.1,7.2
55099,Price,WI,Wisconsin,2023,Crude prevalence,10.9,88.0,9.5,14.8,9.7,42.5,31.7,14.9,15.8,80.8,16.7,4.7,7.8
55101,Racine,WI,Wisconsin,2023,Crude prevalence,11.3,86.3,6.7,12.5,6.7,42.3,31.2,15.3,13.2,77.4,14.7,3.5,9.6
55103,Richland,WI,Wisconsin,2023,Crude prevalence,10.9,86.1,8.9,13.6,8.8,37.5,31.7,15.6,15.1,78.2,16.4,4.4,8.7
55105,Rock,WI,Wisconsin,2023,Crude prevalence,11.2,85.4,6.8,12.3,6.7,41.9,29.6,16.0,13.8,76.8,14.7,3.4,8.8
55107,Rusk,WI,Wisconsin,2023,Crude prevalence,11.1,86.7,9.8,14.9,9.6,41.1,31.4,15.9,15.9,80.2,17.5,4.7,8.4
55109,St. Croix,WI,Wisconsin,2023,Crude prevalence,10.4,87.2,5.5,9.6,5.7,36.3,24.1,14.6,11.7,76.2,12.6,2.9,6.1
55111,Sauk,WI,Wisconsin,2023,Crude prevalence,10.8,86.3,7.0,12.3,7.1,40.4,29.8,15.7,13.8,77.5,14.9,3.5,8.0
55113,Sawyer,WI,Wisconsin,2023,Crude prevalence,11.0,87.9,9.3,15.2,9.6,34.3,31.3,15.0,16.3,80.8,17.3,4.8,7.6
55115,Shawano,WI,Wisconsin,2023,Crude prevalence,11.2,86.3,8.2,12.9,8.1,40.4,30.0,16.0,14.7,79.1,16.7,4.1,8.1
55117,Sheboygan,WI,Wisconsin,2023,Crude prevalence,10.3,86.1,6.5,11.5,6.9,36.6,29.0,15.4,13.4,77.9,13.7,3.4,7.9
55119,Taylor,WI,Wisconsin,2023,Crude prevalence,10.7,86.2,8.4,12.8,8.2,44.3,32.1,16.1,15.0,79.2,16.3,4.1,8.3
55121,Trempealeau,WI,Wisconsin,2023,Crude prevalence,10.6,85.8,7.6,12.3,7.5,41.3,29.0,15.9,14.2,77.7,15.8,3.7,9.0
55123,Vernon,WI,Wisconsin,2023,Crude prevalence,11.0,86.0,8.5,12.9,8.4,38.8,29.6,15.9,14.8,78.2,16.1,4.1,8.0
55125,Vilas,WI,Wisconsin,2023,Crude prevalence,10.8,89.9,8.3,13.8,9.4,38.4,28.7,13.6,14.8,80.7,14.2,4.4,6.3
55127,Walworth,WI,Wisconsin,2023,Crude prevalence,10.5,85.5,6.4,11.2,6.8,38.4,26.1,15.2,13.1,77.3,12.8,3.3,8.4
55129,Washburn,WI,Wisconsin,2023,Crude prevalence,11.0,88.4,8.9,14.4,9.2,35.6,30.9,14.7,15.1,80.5,15.7,4.5,7.4
55131,Washington,WI,Wisconsin,2023,Crude prevalence,10.5,88.0,5.9,10.5,6.5,36.4,22.7,14.6,12.0,79.2,12.1,3.2,6.2
55133,Waukesha,WI,Wisconsin,2023,Crude prevalence,10.2,88.7,5.2,10.5,6.2,33.4,21.0,12.9,11.5,79.5,10.3,2.9,5.7
55135,Waupaca,WI,Wisconsin,2023,Crude prevalence,11.1,86.5,7.8,13.1,7.7,38.2,28.7,15.7,14.3,78.4,15.7,3.8,8.2
55137,Waushara,WI,Wisconsin,2023,Crude prevalence,10.5,87.3,8.7,14.4,8.9,39.7,32.0,15.3,15.0,79.3,16.5,4.4,8.9
55139,Winnebago,WI,Wisconsin,2023,Crude prevalence,11.0,84.6,6.4,11.2,6.3,40.0,27.7,16.1,12.5,78.0,14.2,3.2,7.7
55141,Wood,WI,Wisconsin,2023,Crude prevalence,10.9,86.5,7.7,12.6,7.8,40.0,28.2,15.7,14.1,77.7,15.5,3.9,7.9
56001,Albany,WY,Wyoming,2023,Crude prevalence,10.4,76.0,5.1,7.5,4.7,27.0,17.5,17.1,10.9,67.7,10.5,2.4,10.3
56003,Big Horn,WY,Wyoming,2023,Crude prevalence,10.3,82.4,8.8,12.6,8.2,33.8,28.0,15.9,14.8,68.9,15.7,4.0,13.1
56005,Campbell,WY,Wyoming,2023,Crude prevalence,10.3,80.9,6.6,9.9,5.6,35.9,25.9,16.6,13.2,67.2,15.3,2.9,12.5
56007,Carbon,WY,Wyoming,2023,Crude prevalence,9.9,81.5,8.0,12.9,7.4,38.6,30.5,15.8,14.6,69.3,15.6,3.8,14.7
56009,Converse,WY,Wyoming,2023,Crude prevalence,10.3,82.5,7.8,11.5,7.1,37.3,26.4,16.0,14.0,70.8,15.4,3.6,12.0
56011,Crook,WY,Wyoming,2023,Crude prevalence,10.2,85.4,7.5,11.5,7.3,32.6,24.5,14.8,13.6,72.6,13.5,3.6,9.5
56013,Fremont,WY,Wyoming,2023,Crude prevalence,10.9,81.9,8.3,12.4,7.6,33.9,27.2,16.3,14.6,66.9,16.4,3.9,11.7
56015,Goshen,WY,Wyoming,2023,Crude prevalence,9.9,83.0,8.1,12.3,8.0,36.8,27.0,15.0,14.2,72.0,13.9,3.9,12.1
56017,Hot Springs,WY,Wyoming,2023,Crude prevalence,10.5,85.1,9.9,14.5,9.7,35.1,28.4,14.7,15.6,74.3,14.9,4.8,10.9
56019,Johnson,WY,Wyoming,2023,Crude prevalence,10.2,85.0,8.9,13.1,8.8,35.6,28.4,14.6,14.8,72.0,14.7,4.3,10.5
56021,Laramie,WY,Wyoming,2023,Crude prevalence,10.1,82.2,6.6,10.5,5.9,33.8,27.5,16.0,13.3,70.3,13.3,3.1,12.0
56023,Lincoln,WY,Wyoming,2023,Crude prevalence,10.0,84.0,7.3,11.4,6.8,35.4,24.5,15.0,13.4,69.9,14.1,3.5,10.0
56025,Natrona,WY,Wyoming,2023,Crude prevalence,10.3,82.1,7.1,11.1,6.2,36.6,26.3,16.3,12.7,70.6,14.9,3.2,11.6
56027,Niobrara,WY,Wyoming,2023,Crude prevalence,10.9,83.5,9.5,13.0,8.7,36.3,30.2,16.4,15.3,71.8,16.1,4.4,11.6
56029,Park,WY,Wyoming,2023,Crude prevalence,9.8,85.0,7.3,11.7,7.4,31.5,24.9,14.2,13.2,71.4,12.5,3.7,10.0
56031,Platte,WY,Wyoming,2023,Crude prevalence,10.2,84.6,9.1,13.5,9.0,35.8,29.3,15.2,15.3,72.0,15.0,4.4,12.1
56033,Sheridan,WY,Wyoming,2023,Crude prevalence,10.0,84.7,7.1,10.9,7.0,30.6,22.9,14.8,13.0,72.0,12.9,3.5,9.7
56035,Sublette,WY,Wyoming,2023,Crude prevalence,9.8,85.9,7.0,11.2,7.3,33.3,24.3,14.1,13.2,72.3,12.7,3.6,9.5
56037,Sweetwater,WY,Wyoming,2023,Crude prevalence,10.3,80.4,7.0,11.1,6.2,36.3,27.2,17.1,14.0,69.0,16.1,3.2,14.1
56039,Teton,WY,Wyoming,2023,Crude prevalence,9.0,85.3,4.5,8.4,5.0,24.0,18.3,12.7,10.1,69.0,9.2,2.4,9.2
56041,Uinta,WY,Wyoming,2023,Crude prevalence,10.2,81.9,7.2,11.0,6.5,34.4,25.9,16.2,13.5,67.8,14.8,3.3,11.8
56043,Washakie,WY,Wyoming,2023,Crude prevalence,10.1,83.3,8.9,13.7,8.5,33.3,30.2,15.2,15.4,70.0,15.4,4.3,13.6
56045,Weston,WY,Wyoming,2023,Crude prevalence,9.9,82.8,8.2,12.6,7.9,35.7,28.3,15.5,14.7,69.2,15.7,3.9,12.0
