county_fips,state_fips,tract_count,population_2020_sum,households_without_vehicle_count_sum,snap_households_count_sum,driving_low_access_population_beyond_1mi_10mi_count_sum,driving_no_vehicle_households_beyond_1mi_count_sum,driving_snap_households_beyond_1mi_count_sum,straight_low_access_population_beyond_1mi_10mi_count_sum,straight_no_vehicle_households_beyond_1mi_count_sum,straight_snap_households_beyond_1mi_count_sum,urban_tract_count,low_income_tract_tract_count,driving_low_income_low_access_tract_count,driving_low_vehicle_access_tract_count,straight_low_income_low_access_tract_count,straight_low_vehicle_access_tract_count
01001,01,17,58805,947.0,2116.0,9950,601.0,1402.0,2597,435.0,1033.0,9,4,1.0,2.0,0.0,2.0
01003,01,43,231767,2644.0,6568.0,55259,1433.0,4080.0,31066,926.0,2988.0,22,8,5.0,5.0,4.0,3.0
01005,01,9,25223,958.0,1943.0,2783,502.0,1109.0,889,390.0,864.0,2,7,2.0,3.0,0.0,2.0
01007,01,8,22293,418.0,1592.0,567,329.0,1111.0,19,300.0,964.0,0,7,0.0,2.0,0.0,1.0
01009,01,16,59134,897.0,2731.0,178,681.0,2215.0,0,546.0,1828.0,0,5,0.0,3.0,0.0,3.0
01011,01,4,10357,367.0,1255.0,712,247.0,893.0,243,226.0,823.0,0,4,1.0,1.0,0.0,1.0
01013,01,9,19051,451.0,1312.0,1199,257.0,800.0,781,221.0,682.0,2,7,1.0,1.0,1.0,1.0
01015,01,38,116441,2875.0,8057.0,24288,941.0,3301.0,9035,446.0,1687.0,22,18,10.0,5.0,2.0,1.0
01017,01,9,34772,983.0,2184.0,4042,505.0,1085.0,2247,407.0,883.0,3,6,3.0,1.0,1.0,1.0
01019,01,8,24971,283.0,1121.0,334,230.0,933.0,0,181.0,774.0,0,4,0.0,0.0,0.0,0.0
01021,01,12,45014,471.0,2613.0,6666,363.0,1944.0,2897,266.0,1425.0,3,4,1.0,0.0,0.0,0.0
01023,01,4,12665,460.0,823.0,1136,401.0,721.0,51,360.0,646.0,0,2,1.0,2.0,0.0,2.0
01025,01,9,23087,979.0,1983.0,1523,712.0,1423.0,239,612.0,1199.0,0,6,0.0,3.0,0.0,2.0
01027,01,4,14236,339.0,828.0,394,273.0,688.0,0,232.0,608.0,0,2,0.0,2.0,0.0,1.0
01029,01,4,15056,337.0,867.0,84,228.0,694.0,0,188.0,594.0,0,1,0.0,2.0,0.0,1.0
01031,01,16,53465,843.0,2417.0,8139,407.0,1205.0,4462,318.0,969.0,6,8,1.0,0.0,0.0,0.0
01033,01,15,57227,1111.0,3515.0,4516,383.0,1378.0,1017,271.0,1003.0,8,6,1.0,1.0,0.0,0.0
01035,01,5,11597,254.0,882.0,1435,187.0,683.0,672,147.0,570.0,0,4,1.0,1.0,0.0,1.0
01037,01,3,10387,266.0,716.0,657,222.0,639.0,61,191.0,562.0,0,1,0.0,1.0,0.0,1.0
01039,01,14,37570,915.0,2082.0,1282,508.0,1257.0,607,378.0,941.0,2,8,1.0,2.0,0.0,1.0
01041,01,6,13194,383.0,1087.0,608,315.0,908.0,164,292.0,844.0,0,4,0.0,0.0,0.0,0.0
01043,01,22,87866,1123.0,3531.0,3981,718.0,2311.0,831,539.0,1861.0,4,6,2.0,0.0,0.0,0.0
01045,01,14,49326,1134.0,3637.0,3758,638.0,2004.0,1689,480.0,1438.0,3,6,1.0,2.0,1.0,1.0
01047,01,17,38462,2256.0,5765.0,4303,823.0,2399.0,1793,657.0,1923.0,9,16,2.0,7.0,1.0,4.0
01049,01,21,71608,1091.0,4627.0,229,879.0,3711.0,0,737.0,3129.0,0,15,0.0,2.0,0.0,2.0
01051,01,20,87977,1113.0,3465.0,7536,744.0,2295.0,1857,557.0,1678.0,5,3,1.0,3.0,1.0,3.0
01053,01,10,36757,734.0,1942.0,2046,471.0,1247.0,886,362.0,960.0,2,7,1.0,2.0,1.0,1.0
01055,01,33,103436,1731.0,6173.0,15156,619.0,2340.0,8195,430.0,1621.0,19,16,3.0,1.0,1.0,1.0
01057,01,5,16321,474.0,1124.0,366,348.0,829.0,0,309.0,736.0,0,3,0.0,2.0,0.0,2.0
01059,01,11,32113,926.0,2386.0,4548,650.0,1521.0,2778,559.0,1260.0,2,7,1.0,3.0,1.0,3.0
01061,01,6,26659,637.0,1945.0,68,462.0,1426.0,0,425.0,1312.0,0,4,0.0,3.0,0.0,3.0
01063,01,4,7730,430.0,1029.0,633,312.0,797.0,57,278.0,725.0,0,4,1.0,2.0,0.0,2.0
01065,01,7,14785,631.0,1568.0,1091,478.0,1107.0,290,430.0,970.0,0,4,0.0,2.0,0.0,2.0
01067,01,6,17146,530.0,997.0,416,318.0,763.0,49,265.0,703.0,0,3,0.0,1.0,0.0,1.0
01069,01,26,107202,2936.0,6964.0,13266,859.0,2288.0,3340,509.0,1502.0,15,11,1.0,7.0,1.0,2.0
01071,01,16,52579,1076.0,2690.0,3804,763.0,1901.0,1267,598.0,1522.0,2,12,2.0,2.0,1.0,1.0
01073,01,189,674721,18843.0,38255.0,185974,4152.0,9122.0,75625,1570.0,3878.0,159,98,33.0,32.0,12.0,23.0
01075,01,4,13972,311.0,1044.0,134,244.0,829.0,0,218.0,741.0,0,3,0.0,1.0,0.0,0.0
01077,01,26,93564,1991.0,3925.0,7365,499.0,1260.0,1164,363.0,934.0,13,9,1.0,1.0,0.0,0.0
01079,01,11,33073,594.0,2059.0,189,454.0,1629.0,0,393.0,1432.0,0,2,0.0,2.0,0.0,1.0
01081,01,48,174241,3305.0,6949.0,48766,1347.0,3669.0,19873,687.0,2298.0,33,25,10.0,4.0,1.0,2.0
01083,01,23,103570,1417.0,3620.0,14838,792.0,2184.0,9248,552.0,1487.0,7,9,1.0,4.0,0.0,2.0
01085,01,4,10311,378.0,1237.0,532,325.0,1078.0,131,289.0,981.0,0,3,0.0,1.0,0.0,1.0
01087,01,12,19532,690.0,1745.0,7772,583.0,1489.0,5398,497.0,1266.0,6,11,5.0,1.0,4.0,1.0
01089,01,95,388153,6528.0,12536.0,120950,2111.0,3981.0,47494,1083.0,2066.0,74,32,8.0,11.0,2.0,3.0
01091,01,8,19323,806.0,1863.0,3561,528.0,1231.0,2144,454.0,1077.0,2,6,1.0,3.0,1.0,3.0
01093,01,11,29341,442.0,1841.0,514,330.0,1414.0,0,277.0,1207.0,0,7,0.0,0.0,0.0,0.0
01095,01,26,97612,1588.0,4512.0,14890,1058.0,2952.0,7638,814.0,2197.0,6,7,2.0,4.0,2.0,2.0
01097,01,135,414809,9646.0,27937.0,60092,2003.0,7526.0,22826,1139.0,4243.0,103,69,13.0,12.0,6.0,4.0
01099,01,9,19772,313.0,1030.0,2475,217.0,693.0,682,168.0,519.0,1,6,2.0,0.0,0.0,0.0
01101,01,71,228954,5990.0,18479.0,48105,1015.0,3258.0,16767,471.0,1481.0,58,37,6.0,7.0,0.0,1.0
01103,01,31,123421,2333.0,6004.0,25045,987.0,2682.0,9856,618.0,1667.0,19,9,2.0,2.0,0.0,1.0
01105,01,4,8511,274.0,1151.0,1058,197.0,849.0,412,162.0,703.0,0,4,2.0,1.0,0.0,1.0
01107,01,6,19123,481.0,1253.0,1112,371.0,969.0,243,329.0,867.0,0,4,0.0,0.0,0.0,0.0
01109,01,11,33009,717.0,2135.0,2132,457.0,1282.0,248,339.0,998.0,2,7,0.0,3.0,0.0,2.0
01111,01,6,21967,410.0,1741.0,59,277.0,1298.0,0,243.0,1151.0,0,4,0.0,1.0,0.0,1.0
01113,01,18,59183,1922.0,4814.0,10045,718.0,1932.0,1491,389.0,1036.0,11,14,7.0,5.0,1.0,4.0
01115,01,24,91103,1060.0,3851.0,5486,766.0,2829.0,2250,543.0,2072.0,3,7,0.0,1.0,0.0,0.0
01117,01,55,223024,2179.0,4014.0,80021,1413.0,2721.0,38995,821.0,1811.0,27,3,1.0,2.0,0.0,1.0
01119,01,5,12345,458.0,1471.0,1780,296.0,973.0,387,234.0,825.0,0,4,1.0,1.0,0.0,1.0
01121,01,24,82149,2315.0,5717.0,10232,1389.0,3612.0,7378,1022.0,2729.0,8,14,4.0,7.0,2.0,6.0
01123,01,12,41311,989.0,2264.0,2320,633.0,1531.0,883,517.0,1187.0,1,5,1.0,1.0,1.0,1.0
01125,01,59,227036,5180.0,9798.0,45237,962.0,2747.0,15324,377.0,1378.0,42,28,4.0,7.0,2.0,2.0
01127,01,20,65342,1257.0,3632.0,3778,892.0,2525.0,929,663.0,1838.0,2,12,1.0,3.0,1.0,3.0
01129,01,5,15388,304.0,821.0,1563,276.0,758.0,82,261.0,716.0,0,2,0.0,1.0,0.0,1.0
01131,01,5,10600,400.0,1427.0,1797,355.0,1295.0,167,321.0,1192.0,0,4,2.0,2.0,0.0,1.0
01133,01,8,23540,466.0,1377.0,648,403.0,1198.0,0,354.0,1058.0,0,4,0.0,2.0,0.0,1.0
02013,02,1,3420,231.0,152.0,361,110.0,72.0,358,48.0,32.0,0,1,0.0,1.0,0.0,1.0
02016,02,2,5232,51.0,46.0,962,37.0,32.0,803,27.0,22.0,0,1,1.0,0.0,1.0,0.0
02020,02,61,291247,6355.0,9473.0,86147,923.0,1152.0,51028,339.0,402.0,57,17,2.0,10.0,2.0,3.0
02050,02,3,18666,2784.0,2047.0,9421,2029.0,1475.0,1296,1013.0,739.0,0,2,2.0,3.0,1.0,3.0
02060,02,1,844,22.0,15.0,146,18.0,12.0,0,15.0,10.0,0,0,0.0,0.0,0.0,0.0
02063,02,2,7102,191.0,281.0,707,99.0,153.0,362,79.0,125.0,0,0,0.0,0.0,0.0,0.0
02066,02,1,2617,73.0,155.0,1708,69.0,146.0,1174,59.0,126.0,0,0,0.0,0.0,0.0,0.0
02068,02,1,1619,70.0,17.0,1249,70.0,17.0,1176,67.0,16.0,0,0,0.0,0.0,0.0,0.0
02070,02,2,4857,496.0,391.0,2521,454.0,354.0,711,219.0,173.0,0,1,1.0,1.0,1.0,1.0
02090,02,22,95655,1664.0,2467.0,36329,624.0,1126.0,23041,457.0,843.0,14,5,3.0,4.0,2.0,2.0
02100,02,1,2080,36.0,42.0,358,20.0,23.0,337,17.0,19.0,0,0,0.0,0.0,0.0,0.0
02105,02,1,2365,264.0,154.0,543,173.0,101.0,213,143.0,84.0,0,0,0.0,1.0,0.0,1.0
02110,02,6,32255,1255.0,840.0,4212,481.0,392.0,2111,331.0,265.0,3,0,0.0,3.0,0.0,2.0
02122,02,14,58799,1189.0,2329.0,13059,837.0,1667.0,7772,651.0,1320.0,2,2,2.0,3.0,1.0,3.0
02130,02,5,13948,602.0,477.0,1092,137.0,142.0,39,55.0,76.0,2,0,0.0,1.0,0.0,0.0
02150,02,5,13101,353.0,267.0,2867,170.0,97.0,788,141.0,74.0,3,3,0.0,1.0,0.0,1.0
02158,02,1,8368,1589.0,984.0,6427,1287.0,797.0,17,50.0,31.0,0,1,1.0,1.0,0.0,1.0
02164,02,1,1476,141.0,95.0,1476,141.0,95.0,839,100.0,68.0,0,1,1.0,1.0,1.0,1.0
02170,02,24,107081,1519.0,3741.0,35979,1067.0,2933.0,23528,739.0,2196.0,8,6,4.0,3.0,4.0,2.0
02180,02,2,10046,1573.0,828.0,3217,783.0,414.0,466,305.0,158.0,0,1,1.0,2.0,0.0,2.0
02185,02,3,11031,844.0,320.0,3398,192.0,73.0,2809,26.0,10.0,0,1,1.0,2.0,0.0,0.0
02188,02,2,7793,1179.0,654.0,4697,883.0,522.0,513,107.0,63.0,0,1,1.0,1.0,1.0,1.0
02195,02,1,3398,152.0,104.0,270,78.0,53.0,89,54.0,37.0,0,0,0.0,1.0,0.0,0.0
02198,02,4,5753,262.0,396.0,1811,187.0,284.0,1699,164.0,251.0,0,2,1.0,1.0,1.0,1.0
02220,02,2,8458,378.0,258.0,3841,100.0,110.0,2499,41.0,69.0,2,0,0.0,1.0,0.0,0.0
02230,02,1,1240,45.0,12.0,21,13.0,3.0,13,9.0,2.0,0,0,0.0,0.0,0.0,0.0
02240,02,2,6808,165.0,214.0,1780,139.0,178.0,1383,127.0,165.0,0,1,1.0,1.0,1.0,1.0
02275,02,1,2127,85.0,83.0,184,40.0,39.0,107,33.0,33.0,0,1,0.0,0.0,0.0,0.0
02282,02,1,662,28.0,11.0,38,11.0,4.0,29,10.0,4.0,0,0,0.0,0.0,0.0,0.0
02290,02,4,5343,849.0,514.0,3296,588.0,351.0,1521,334.0,209.0,0,4,4.0,4.0,2.0,3.0
04001,04,18,66021,2434.0,6428.0,14677,1938.0,5001.0,11312,1480.0,3812.0,0,15,8.0,9.0,7.0,9.0
04003,04,38,125447,2715.0,7575.0,30421,1070.0,2879.0,15679,746.0,2086.0,18,22,7.0,4.0,3.0,2.0
04005,04,39,145101,3097.0,5857.0,32622,1314.0,2865.0,14693,781.0,1916.0,20,14,9.0,6.0,5.0,4.0
04007,04,16,53272,1506.0,3455.0,18010,805.0,1829.0,10958,559.0,1312.0,8,10,1.0,3.0,1.0,3.0
04009,04,9,38533,643.0,2073.0,5858,347.0,1099.0,3266,234.0,786.0,3,5,2.0,2.0,1.0,1.0
04011,04,3,9563,89.0,205.0,233,64.0,139.0,126,55.0,116.0,0,0,0.0,0.0,0.0,0.0
04012,04,12,16557,400.0,1036.0,1243,205.0,603.0,755,167.0,496.0,3,7,0.0,0.0,0.0,0.0
04013,04,1009,4420568,88150.0,148499.0,865814,9705.0,15590.0,376126,3944.0,6940.0,971,320,36.0,88.0,12.0,28.0
04015,04,66,213267,3994.0,13386.0,51439,1259.0,4959.0,27095,744.0,3275.0,40,40,12.0,6.0,4.0,3.0
04017,04,37,106717,3388.0,8879.0,21681,2523.0,6211.0,13430,2029.0,4970.0,11,26,15.0,13.0,7.0,12.0
04019,04,270,1043433,31270.0,53119.0,265618,4810.0,9657.0,154875,3022.0,6341.0,241,112,20.0,39.0,7.0,20.0
04021,04,95,425264,6235.0,17512.0,147025,2832.0,8479.0,81556,1957.0,5753.0,63,45,18.0,15.0,5.0,11.0
04023,04,14,47669,847.0,4056.0,6947,285.0,1922.0,3411,176.0,1370.0,6,9,4.0,1.0,2.0,0.0
04025,04,72,236209,4275.0,9130.0,70572,2093.0,4764.0,45278,1341.0,3255.0,42,24,11.0,9.0,4.0,7.0
04027,04,67,203881,4394.0,14530.0,39320,844.0,3031.0,21712,477.0,1787.0,49,45,13.0,6.0,7.0,2.0
05001,05,8,17149,580.0,996.0,3671,195.0,348.0,1775,150.0,266.0,3,3,2.0,1.0,1.0,1.0
05003,05,7,19062,646.0,969.0,3281,339.0,510.0,817,212.0,327.0,2,5,2.0,2.0,0.0,2.0
05005,05,10,41627,882.0,1647.0,5046,456.0,1053.0,2191,330.0,873.0,3,7,2.0,1.0,1.0,1.0
05007,05,57,284333,3098.0,4337.0,92883,1368.0,2238.0,50861,919.0,1521.0,39,5,2.0,3.0,2.0,2.0
05009,05,7,37373,1048.0,1285.0,5262,585.0,778.0,951,364.0,539.0,3,1,1.0,3.0,0.0,2.0
05011,05,5,10545,349.0,656.0,674,242.0,424.0,210,223.0,383.0,0,3,1.0,1.0,0.0,1.0
05013,05,2,4739,28.0,136.0,181,22.0,107.0,72,20.0,101.0,0,0,0.0,0.0,0.0,0.0
05015,05,8,28260,580.0,590.0,5254,454.0,449.0,3050,386.0,368.0,2,3,3.0,2.0,2.0,2.0
05017,05,4,10208,400.0,664.0,411,189.0,323.0,0,152.0,260.0,0,3,0.0,1.0,0.0,1.0
05019,05,6,21446,498.0,950.0,7397,272.0,496.0,3333,191.0,323.0,3,3,3.0,1.0,1.0,1.0
05021,05,6,14552,365.0,607.0,966,157.0,265.0,91,128.0,219.0,0,3,0.0,0.0,0.0,0.0
05023,05,9,24711,556.0,903.0,1791,321.0,617.0,43,255.0,513.0,1,1,0.0,1.0,0.0,1.0
05025,05,2,7550,199.0,383.0,559,175.0,340.0,70,162.0,316.0,0,0,0.0,1.0,0.0,1.0
05027,05,7,22801,288.0,993.0,4874,183.0,538.0,1518,137.0,354.0,3,3,1.0,1.0,1.0,1.0
05029,05,6,20715,646.0,1122.0,4214,375.0,737.0,1526,250.0,535.0,2,3,3.0,2.0,1.0,2.0
05031,05,22,111231,2865.0,5240.0,22966,827.0,1651.0,10313,480.0,933.0,13,10,3.0,4.0,2.0,2.0
05033,05,15,60133,977.0,2391.0,14420,596.0,1438.0,8320,428.0,1026.0,6,5,3.0,1.0,2.0,1.0
05035,05,20,48163,1946.0,2924.0,14007,634.0,964.0,5447,344.0,559.0,13,13,4.0,2.0,2.0,1.0
05037,05,6,16833,646.0,668.0,3005,331.0,339.0,1334,265.0,269.0,2,4,2.0,2.0,1.0,2.0
05039,05,3,6482,194.0,382.0,420,115.0,210.0,214,92.0,157.0,0,1,0.0,0.0,0.0,0.0
05041,05,5,11395,671.0,1073.0,1751,330.0,555.0,730,218.0,377.0,1,5,2.0,2.0,0.0,2.0
05043,05,5,17350,516.0,1179.0,1884,379.0,800.0,425,320.0,640.0,0,3,0.0,2.0,0.0,2.0
05045,05,28,123498,2142.0,3499.0,20223,988.0,1784.0,8359,657.0,1198.0,14,7,1.0,5.0,0.0,2.0
05047,05,5,17097,508.0,786.0,687,364.0,530.0,40,311.0,443.0,0,3,0.0,2.0,0.0,2.0
05049,05,4,12075,219.0,609.0,479,199.0,526.0,0,177.0,460.0,0,4,0.0,0.0,0.0,0.0
05051,05,30,100180,2461.0,3945.0,21794,929.0,1718.0,10445,643.0,1233.0,17,14,4.0,4.0,2.0,2.0
05053,05,5,17958,178.0,501.0,2746,91.0,358.0,713,57.0,280.0,2,2,1.0,0.0,0.0,0.0
05055,05,12,45736,940.0,2625.0,11674,478.0,1473.0,5052,312.0,986.0,7,4,3.0,3.0,2.0,2.0
05057,05,7,20065,702.0,767.0,4319,395.0,434.0,1804,314.0,343.0,3,6,2.0,1.0,1.0,1.0
05059,05,9,33040,658.0,1326.0,4762,406.0,954.0,2102,277.0,741.0,2,3,2.0,2.0,2.0,1.0
05061,05,3,12785,265.0,501.0,1796,145.0,332.0,902,119.0,293.0,0,2,1.0,0.0,1.0,0.0
05063,05,10,37938,956.0,2001.0,2876,593.0,1219.0,466,464.0,959.0,1,6,3.0,3.0,0.0,3.0
05065,05,4,13577,295.0,756.0,670,246.0,647.0,0,222.0,589.0,0,3,0.0,1.0,0.0,1.0
05067,05,6,16755,534.0,1174.0,2480,156.0,470.0,1364,119.0,400.0,2,5,2.0,1.0,1.0,0.0
05069,05,24,67260,1808.0,3534.0,9332,524.0,1193.0,3149,286.0,698.0,15,14,5.0,2.0,1.0,2.0
05071,05,6,25749,559.0,1240.0,5947,304.0,793.0,2764,192.0,566.0,3,3,2.0,1.0,1.0,0.0
05073,05,3,6308,162.0,390.0,322,115.0,296.0,85,89.0,257.0,0,3,0.0,0.0,0.0,0.0
05075,05,6,16216,342.0,1061.0,2234,160.0,563.0,784,128.0,462.0,2,4,2.0,0.0,1.0,0.0
05077,05,4,8600,448.0,748.0,1276,169.0,311.0,463,114.0,225.0,0,3,1.0,1.0,0.0,0.0
05079,05,4,12941,240.0,458.0,3252,208.0,346.0,558,194.0,308.0,0,1,1.0,0.0,0.0,0.0
05081,05,6,12026,252.0,537.0,1127,207.0,442.0,1,190.0,405.0,0,4,1.0,0.0,0.0,0.0
05083,05,6,21131,377.0,840.0,854,260.0,564.0,0,219.0,468.0,0,1,0.0,0.0,0.0,0.0
05085,05,18,74015,1158.0,2037.0,14047,640.0,1280.0,7977,451.0,907.0,5,7,1.0,1.0,1.0,1.0
05087,05,4,16521,252.0,747.0,2103,202.0,685.0,444,170.0,640.0,0,4,2.0,0.0,0.0,0.0
05089,05,5,16826,217.0,851.0,2240,156.0,686.0,144,129.0,611.0,0,2,2.0,0.0,0.0,0.0
05091,05,14,42600,1383.0,2563.0,3960,300.0,903.0,762,195.0,691.0,9,9,1.0,1.0,0.0,0.0
05093,05,14,40685,1738.0,2953.0,8076,666.0,1143.0,3235,353.0,638.0,7,10,5.0,3.0,2.0,2.0
05095,05,3,6799,404.0,450.0,346,207.0,238.0,165,166.0,192.0,0,1,0.0,1.0,0.0,1.0
05097,05,3,8484,197.0,373.0,2141,183.0,352.0,1471,178.0,342.0,0,2,1.0,0.0,1.0,0.0
05099,05,3,8310,74.0,327.0,507,61.0,263.0,5,52.0,232.0,0,2,0.0,0.0,0.0,0.0
05101,05,2,7225,94.0,353.0,2708,79.0,319.0,1296,74.0,304.0,0,1,1.0,0.0,1.0,0.0
05103,05,8,22650,842.0,1279.0,3565,478.0,722.0,1467,387.0,578.0,3,5,2.0,2.0,1.0,1.0
05105,05,3,10019,184.0,355.0,1376,156.0,308.0,476,147.0,292.0,0,1,1.0,0.0,0.0,0.0
05107,05,7,16568,1022.0,1934.0,3080,506.0,936.0,1443,330.0,599.0,2,5,2.0,4.0,2.0,2.0
05109,05,3,10171,126.0,505.0,894,98.0,402.0,625,79.0,360.0,0,1,0.0,0.0,0.0,0.0
05111,05,8,22965,1009.0,1686.0,2124,377.0,661.0,220,165.0,313.0,2,5,2.0,2.0,0.0,0.0
05113,05,7,19221,502.0,991.0,3550,393.0,764.0,2309,352.0,682.0,1,3,0.0,1.0,0.0,1.0
05115,05,17,63381,1104.0,2411.0,11408,508.0,1406.0,4395,303.0,986.0,7,7,3.0,1.0,0.0,1.0
05117,05,3,8282,206.0,439.0,547,149.0,333.0,6,142.0,314.0,0,0,0.0,0.0,0.0,0.0
05119,05,107,399125,12329.0,17233.0,89937,3194.0,4359.0,34710,1355.0,2164.0,88,51,20.0,24.0,6.0,16.0
05121,05,5,18571,398.0,1150.0,5726,252.0,642.0,2988,218.0,535.0,2,3,3.0,0.0,1.0,0.0
05123,05,7,23090,1032.0,1888.0,2118,528.0,963.0,818,370.0,664.0,2,6,2.0,2.0,0.0,1.0
05125,05,30,123416,1594.0,1974.0,34815,1049.0,1126.0,14098,636.0,657.0,17,3,1.0,3.0,0.0,1.0
05127,05,3,9836,292.0,501.0,1800,210.0,318.0,673,178.0,250.0,0,3,2.0,1.0,0.0,1.0
05129,05,3,7828,190.0,402.0,1228,148.0,330.0,493,124.0,292.0,0,3,1.0,1.0,0.0,0.0
05131,05,31,127799,3131.0,6031.0,14987,699.0,1208.0,3982,319.0,758.0,24,11,1.0,3.0,0.0,2.0
05133,05,4,15839,248.0,1211.0,2165,157.0,713.0,932,129.0,580.0,1,2,0.0,0.0,0.0,0.0
05135,05,6,17271,341.0,1189.0,1124,279.0,969.0,273,243.0,765.0,0,4,1.0,0.0,0.0,0.0
05137,05,4,12359,466.0,939.0,1403,382.0,794.0,0,336.0,703.0,0,3,0.0,2.0,0.0,2.0
05139,05,12,39054,983.0,1414.0,7751,546.0,823.0,4314,413.0,653.0,5,7,3.0,3.0,2.0,2.0
05141,05,6,15796,475.0,795.0,3232,427.0,726.0,1019,397.0,678.0,0,4,2.0,1.0,1.0,1.0
05143,05,54,245871,3976.0,5413.0,38032,1290.0,1774.0,13399,778.0,1113.0,36,25,9.0,7.0,2.0,4.0
05145,05,19,76822,1643.0,3417.0,10434,764.0,1841.0,5416,564.0,1380.0,8,11,3.0,4.0,1.0,3.0
05147,05,2,6269,397.0,535.0,799,268.0,357.0,232,244.0,324.0,0,2,1.0,2.0,0.0,1.0
05149,05,6,20263,539.0,853.0,1286,429.0,665.0,457,386.0,596.0,0,2,1.0,2.0,0.0,1.0
06001,06,378,1682353,60012.0,59416.0,183411,1768.0,1982.0,66718,557.0,673.0,372,146,3.0,14.0,1.0,5.0
06003,06,1,1204,25.0,42.0,816,25.0,42.0,668,25.0,42.0,0,0,0.0,0.0,0.0,0.0
06005,06,10,40474,644.0,1575.0,456,397.0,1061.0,298,305.0,843.0,0,1,0.0,2.0,0.0,2.0
06007,06,54,211632,5023.0,13346.0,28209,920.0,3229.0,11105,602.0,2145.0,35,30,8.0,1.0,5.0,0.0
06009,06,14,45292,427.0,1760.0,736,306.0,1306.0,144,242.0,1078.0,0,7,0.0,0.0,0.0,0.0
06011,06,6,21839,348.0,1229.0,1180,129.0,519.0,708,89.0,396.0,2,4,0.0,1.0,0.0,1.0
06013,06,241,1165927,21605.0,35128.0,288829,3633.0,4171.0,137525,1612.0,1585.0,237,91,18.0,25.0,4.0,10.0
06015,06,8,27743,785.0,2171.0,4310,141.0,675.0,1737,67.0,390.0,4,4,1.0,1.0,0.0,0.0
06017,06,55,191185,2766.0,4965.0,63385,1396.0,2781.0,34569,895.0,1964.0,31,11,4.0,5.0,2.0,2.0
06019,06,225,1008654,22680.0,70903.0,127460,2808.0,9355.0,62717,1645.0,5802.0,189,148,18.0,18.0,9.0,8.0
06021,06,8,28917,418.0,1440.0,7110,184.0,409.0,5007,161.0,340.0,5,6,2.0,0.0,1.0,0.0
06023,06,35,136463,3330.0,11540.0,17509,900.0,3484.0,7805,685.0,2426.0,20,25,10.0,2.0,2.0,2.0
06025,06,40,179702,3045.0,14225.0,19012,479.0,2695.0,8776,343.0,1749.0,27,33,9.0,0.0,4.0,0.0
06027,06,6,19016,446.0,686.0,5927,148.0,251.0,4880,122.0,214.0,3,3,2.0,0.0,2.0,0.0
06029,06,236,909235,19000.0,57456.0,106815,2491.0,7933.0,30935,1310.0,4006.0,188,158,26.0,15.0,7.0,5.0
06031,06,31,152486,2553.0,8805.0,36580,335.0,1814.0,25810,161.0,1176.0,26,19,6.0,1.0,1.0,0.0
06033,06,21,68163,1499.0,6553.0,7335,551.0,2298.0,3622,384.0,1624.0,9,12,1.0,0.0,1.0,0.0
06035,06,9,32730,581.0,1239.0,2417,220.0,604.0,1701,167.0,498.0,3,7,2.0,1.0,1.0,0.0
06037,06,2495,10014009,302694.0,493104.0,638645,7800.0,15377.0,283270,3091.0,6810.0,2447,1124,24.0,50.0,7.0,19.0
06039,06,34,156255,2268.0,9864.0,15093,480.0,3095.0,6146,348.0,2283.0,17,23,1.0,0.0,0.0,0.0
06041,06,62,262321,5057.0,5615.0,75138,1091.0,1098.0,28612,355.0,404.0,56,15,5.0,4.0,4.0,2.0
06043,06,6,17131,347.0,1003.0,2166,298.0,852.0,1253,263.0,745.0,0,2,0.0,1.0,0.0,0.0
06045,06,23,91601,2536.0,6072.0,12578,623.0,2576.0,7013,426.0,1911.0,9,13,4.0,3.0,2.0,1.0
06047,06,63,281202,6289.0,18102.0,39778,1205.0,3570.0,19877,788.0,2204.0,46,52,15.0,4.0,4.0,1.0
06049,06,4,8700,154.0,456.0,1994,48.0,281.0,1442,33.0,250.0,0,4,2.0,0.0,1.0,0.0
06051,06,4,13195,238.0,266.0,8791,164.0,216.0,7677,137.0,198.0,2,0,0.0,1.0,0.0,1.0
06053,06,103,439035,6264.0,12764.0,56742,1468.0,2337.0,30348,894.0,1541.0,79,33,5.0,5.0,2.0,4.0
06055,06,40,138019,2399.0,3425.0,23128,619.0,735.0,9100,414.0,418.0,30,8,2.0,2.0,2.0,1.0
06057,06,26,102241,1812.0,3454.0,25369,880.0,1651.0,16313,636.0,1189.0,14,5,2.0,3.0,0.0,2.0
06059,06,613,3186989,51573.0,91924.0,525612,5798.0,7013.0,196029,1668.0,1836.0,609,114,6.0,40.0,0.0,18.0
06061,06,92,404739,6602.0,9051.0,131616,2323.0,3264.0,64315,1332.0,1933.0,73,6,1.0,13.0,0.0,6.0
06063,06,7,19790,529.0,1085.0,791,309.0,550.0,295,231.0,393.0,0,3,0.0,0.0,0.0,0.0
06065,06,518,2418185,33345.0,97172.0,675574,9124.0,25711.0,324968,4632.0,13265.0,453,207,67.0,51.0,23.0,29.0
06067,06,363,1585055,37536.0,81145.0,212753,2892.0,7260.0,71578,1111.0,2777.0,348,146,13.0,27.0,3.0,7.0
06069,06,12,64209,622.0,2169.0,17344,246.0,721.0,10720,198.0,514.0,9,10,5.0,0.0,4.0,0.0
06071,06,466,2181654,31226.0,106798.0,373284,6057.0,21952.0,174835,3431.0,12788.0,410,239,53.0,29.0,26.0,17.0
06073,06,736,3298634,64308.0,116541.0,612978,6589.0,13365.0,246716,2617.0,5528.0,696,227,23.0,28.0,5.0,14.0
06075,06,242,873965,109781.0,41556.0,5468,335.0,438.0,2255,150.0,201.0,241,74,2.0,12.0,1.0,2.0
06077,06,174,779233,12528.0,38226.0,129219,1966.0,5897.0,55343,1094.0,2787.0,151,81,7.0,6.0,2.0,5.0
06079,06,69,282424,4146.0,8972.0,57172,991.0,2251.0,30271,669.0,1554.0,53,17,3.0,1.0,1.0,1.0
06081,06,173,764442,15229.0,13399.0,134690,1336.0,797.0,68417,673.0,354.0,170,33,2.0,8.0,0.0,2.0
06083,06,108,448229,8881.0,16287.0,74369,1232.0,1710.0,28506,473.0,724.0,94,39,3.0,6.0,1.0,4.0
06085,06,408,1936259,39450.0,43418.0,207396,3025.0,2424.0,82874,835.0,934.0,400,124,10.0,20.0,3.0,8.0
06087,06,69,270861,5027.0,9588.0,28930,727.0,1491.0,16654,473.0,1087.0,56,22,1.0,2.0,1.0,1.0
06089,06,50,182155,4516.0,9569.0,32401,1376.0,2895.0,9977,667.0,1615.0,30,23,5.0,8.0,1.0,4.0
06091,06,1,3236,79.0,119.0,71,53.0,79.0,2,45.0,68.0,0,0,0.0,0.0,0.0,0.0
06093,06,16,44076,1169.0,2953.0,6649,534.0,1528.0,4741,420.0,1250.0,3,13,2.0,2.0,1.0,0.0
06095,06,100,453491,7796.0,17882.0,102330,1480.0,2919.0,54324,700.0,1519.0,91,23,2.0,10.0,2.0,6.0
06097,06,121,488863,9223.0,15299.0,71351,2087.0,2894.0,32137,1237.0,1609.0,92,21,6.0,8.0,2.0,6.0
06099,06,112,552878,9884.0,27603.0,41800,1105.0,2981.0,11827,623.0,1593.0,97,60,12.0,6.0,3.0,3.0
06101,06,21,99633,1843.0,4385.0,11968,358.0,834.0,4239,211.0,497.0,15,9,2.0,2.0,1.0,1.0
06103,06,14,65829,1522.0,3457.0,5800,564.0,1696.0,2804,437.0,1400.0,5,10,2.0,1.0,1.0,1.0
06105,06,4,16112,308.0,619.0,3435,236.0,436.0,1765,192.0,356.0,0,3,2.0,1.0,2.0,1.0
06107,06,103,473117,6487.0,34511.0,36340,1069.0,6279.0,12115,666.0,4088.0,73,77,13.0,1.0,6.0,0.0
06109,06,18,55620,1176.0,2662.0,11616,761.0,1829.0,6059,496.0,1276.0,6,7,2.0,3.0,0.0,2.0
06111,06,189,843843,11599.0,23939.0,154670,1996.0,2949.0,73310,993.0,1314.0,171,52,6.0,5.0,2.0,2.0
06113,06,53,216403,5841.0,10072.0,30451,663.0,1329.0,14487,383.0,725.0,47,23,5.0,6.0,2.0,1.0
06115,06,19,81575,1820.0,5516.0,11619,393.0,1200.0,7297,292.0,845.0,12,10,1.0,1.0,0.0,1.0
08001,08,107,519572,8800.0,19524.0,69301,789.0,1493.0,21669,382.0,436.0,101,53,6.0,6.0,0.0,5.0
08003,08,5,16376,524.0,1900.0,2382,133.0,541.0,768,85.0,387.0,3,5,2.0,0.0,0.0,0.0
08005,08,161,655070,13756.0,19911.0,117635,1059.0,1750.0,35856,201.0,512.0,156,58,9.0,19.0,2.0,4.0
08007,08,5,13359,214.0,409.0,4877,152.0,305.0,2875,116.0,244.0,1,2,2.0,1.0,1.0,1.0
08009,08,2,3506,91.0,353.0,1211,60.0,220.0,996,55.0,200.0,0,2,1.0,0.0,1.0,0.0
08011,08,2,5650,58.0,402.0,434,45.0,318.0,258,43.0,203.0,0,2,0.0,0.0,0.0,0.0
08013,08,78,330758,7080.0,8034.0,86005,1162.0,2178.0,41004,578.0,1324.0,64,20,2.0,7.0,0.0,3.0
08014,08,24,74112,1197.0,1212.0,26837,333.0,214.0,12252,115.0,82.0,22,1,1.0,1.0,0.0,1.0
08015,08,6,19476,163.0,695.0,3913,102.0,328.0,3009,86.0,254.0,2,2,1.0,0.0,1.0,0.0
08017,08,1,1748,2.0,69.0,531,1.0,44.0,443,1.0,39.0,0,1,1.0,0.0,0.0,0.0
08019,08,4,9397,206.0,281.0,621,112.0,172.0,0,110.0,168.0,0,2,0.0,0.0,0.0,0.0
08021,08,2,7461,152.0,514.0,1206,118.0,384.0,1043,110.0,359.0,0,2,1.0,0.0,1.0,0.0
08023,08,2,3499,89.0,481.0,646,68.0,371.0,389,65.0,351.0,0,2,0.0,0.0,0.0,0.0
08025,08,2,5922,63.0,300.0,183,45.0,228.0,155,44.0,225.0,0,2,0.0,0.0,0.0,0.0
08027,08,2,4704,120.0,204.0,1846,98.0,164.0,682,97.0,162.0,0,2,2.0,0.0,1.0,0.0
08029,08,9,31196,659.0,1467.0,1528,437.0,1028.0,304,335.0,798.0,0,9,1.0,2.0,0.0,1.0
08031,08,178,715522,34584.0,29550.0,41233,614.0,1062.0,17450,107.0,470.0,177,60,3.0,21.0,1.0,9.0
08033,08,1,2326,89.0,93.0,792,60.0,63.0,724,56.0,59.0,0,1,1.0,0.0,1.0,0.0
08035,08,72,357978,3414.0,2951.0,144019,1654.0,1319.0,73833,923.0,681.0,55,1,1.0,6.0,0.0,5.0
08037,08,16,55731,1174.0,833.0,19315,739.0,487.0,12731,485.0,310.0,6,2,1.0,4.0,1.0,3.0
08039,08,7,26062,133.0,393.0,5419,125.0,362.0,2565,120.0,351.0,0,1,1.0,0.0,1.0,0.0
08041,08,167,730395,11142.0,26900.0,156650,2155.0,5218.0,59190,968.0,2452.0,137,65,18.0,11.0,5.0,8.0
08043,08,15,48939,817.0,2878.0,12980,256.0,1324.0,7475,156.0,920.0,8,10,5.0,1.0,4.0,0.0
08045,08,12,61685,1212.0,1868.0,20692,631.0,991.0,13529,466.0,715.0,7,2,2.0,3.0,1.0,2.0
08047,08,2,5808,165.0,278.0,19,136.0,230.0,0,93.0,169.0,0,0,0.0,1.0,0.0,1.0
08049,08,6,15717,105.0,228.0,4293,67.0,182.0,2107,50.0,143.0,2,0,0.0,0.0,0.0,0.0
08051,08,6,16918,200.0,648.0,2852,139.0,211.0,1843,132.0,174.0,2,1,0.0,0.0,0.0,0.0
08053,08,1,788,8.0,63.0,259,5.0,43.0,211,5.0,37.0,0,1,0.0,0.0,0.0,0.0
08055,08,3,6820,100.0,589.0,1956,40.0,276.0,1278,31.0,228.0,0,3,2.0,0.0,2.0,0.0
08057,08,1,1379,21.0,103.0,674,15.0,75.0,626,14.0,69.0,0,1,1.0,0.0,1.0,0.0
08059,08,146,582910,9632.0,13200.0,98464,1438.0,1932.0,32085,491.0,734.0,127,28,3.0,10.0,1.0,3.0
08061,08,1,1446,18.0,92.0,856,13.0,68.0,740,12.0,64.0,0,1,1.0,0.0,1.0,0.0
08063,08,2,7087,171.0,304.0,1893,100.0,179.0,1346,92.0,163.0,0,2,2.0,0.0,2.0,0.0
08065,08,3,7436,124.0,231.0,1096,66.0,77.0,588,59.0,66.0,1,0,0.0,0.0,0.0,0.0
08067,08,12,55638,664.0,2125.0,14494,315.0,1558.0,8157,235.0,1236.0,4,3,2.0,1.0,1.0,0.0
08069,08,86,359066,5572.0,11813.0,79701,1209.0,3375.0,38532,564.0,1821.0,65,28,6.0,5.0,2.0,1.0
08071,08,6,14555,463.0,1323.0,3757,212.0,530.0,2312,173.0,437.0,2,6,3.0,1.0,1.0,0.0
08073,08,2,5675,97.0,243.0,2346,67.0,162.0,1995,63.0,151.0,0,2,1.0,0.0,1.0,0.0
08075,08,7,21528,570.0,1478.0,4090,194.0,508.0,2757,142.0,387.0,3,6,3.0,1.0,2.0,1.0
08077,08,33,155703,3952.0,7468.0,39534,913.0,1721.0,17815,371.0,769.0,28,20,12.0,8.0,1.0,5.0
08079,08,1,865,14.0,30.0,214,12.0,26.0,138,12.0,25.0,0,1,0.0,0.0,0.0,0.0
08081,08,4,13292,250.0,645.0,1695,106.0,232.0,931,79.0,182.0,2,2,1.0,0.0,0.0,0.0
08083,08,8,25849,558.0,1336.0,5656,382.0,816.0,2924,351.0,736.0,2,7,2.0,2.0,2.0,1.0
08085,08,12,42679,644.0,2023.0,12200,315.0,1049.0,6790,227.0,720.0,6,9,3.0,0.0,2.0,0.0
08087,08,8,29111,720.0,1771.0,8101,126.0,648.0,5700,70.0,504.0,5,7,4.0,1.0,2.0,1.0
08089,08,7,18690,576.0,1654.0,1391,197.0,570.0,753,139.0,387.0,1,7,1.0,1.0,1.0,1.0
08091,08,2,4874,34.0,102.0,753,25.0,78.0,263,23.0,74.0,0,0,0.0,0.0,0.0,0.0
08093,08,6,17390,233.0,334.0,3977,229.0,321.0,2838,220.0,305.0,0,1,1.0,1.0,1.0,1.0
08095,08,2,4530,106.0,220.0,241,33.0,72.0,111,27.0,63.0,0,1,0.0,0.0,0.0,0.0
08097,08,6,17358,366.0,250.0,4821,168.0,154.0,2865,124.0,119.0,3,0,0.0,1.0,0.0,0.0
08099,08,5,11999,332.0,951.0,2373,140.0,319.0,1333,115.0,248.0,2,5,2.0,0.0,1.0,0.0
08101,08,58,168162,4728.0,13495.0,40384,803.0,2514.0,23834,480.0,1567.0,49,41,10.0,3.0,3.0,3.0
08103,08,2,6529,111.0,388.0,1277,65.0,192.0,1010,56.0,157.0,0,2,1.0,0.0,1.0,0.0
08105,08,4,11539,371.0,874.0,328,127.0,317.0,167,89.0,221.0,0,3,0.0,1.0,0.0,0.0
08107,08,10,24829,192.0,575.0,12268,116.0,452.0,8673,64.0,391.0,5,1,1.0,0.0,1.0,0.0
08109,08,2,6368,126.0,819.0,1659,104.0,604.0,955,97.0,556.0,0,2,1.0,0.0,1.0,0.0
08111,08,1,705,10.0,34.0,88,3.0,9.0,61,2.0,8.0,0,1,0.0,0.0,0.0,0.0
08113,08,4,8072,596.0,167.0,2156,315.0,67.0,517,97.0,51.0,2,1,0.0,1.0,0.0,1.0
08115,08,1,2404,46.0,192.0,433,21.0,86.0,358,20.0,85.0,0,1,0.0,0.0,0.0,0.0
08117,08,12,31055,275.0,213.0,11822,237.0,175.0,5816,181.0,125.0,6,1,0.0,1.0,0.0,1.0
08119,08,8,24710,370.0,1298.0,6395,227.0,1031.0,3758,179.0,889.0,3,3,0.0,0.0,0.0,0.0
08121,08,2,4817,107.0,230.0,2468,80.0,191.0,2265,75.0,185.0,0,1,1.0,0.0,1.0,0.0
08123,08,83,328981,4443.0,11355.0,74440,1295.0,3282.0,37027,876.0,2107.0,58,30,8.0,2.0,3.0,0.0
08125,08,2,9988,221.0,541.0,3708,163.0,395.0,3174,153.0,368.0,0,1,1.0,1.0,1.0,1.0
09001,09,226,957419,28515.0,33341.0,304780,3894.0,3780.0,199439,2398.0,2183.0,210,83,5.0,21.0,3.0,12.0
09003,09,235,899498,37603.0,50808.0,237577,5065.0,6002.0,123369,2461.0,2710.0,220,86,7.0,32.0,4.0,20.0
09005,09,52,185186,3988.0,6463.0,37418,1840.0,2815.0,24188,1425.0,2177.0,25,16,7.0,7.0,4.0,4.0
09007,09,40,164245,3936.0,4971.0,61187,1564.0,2002.0,41853,1058.0,1319.0,30,5,2.0,10.0,1.0,6.0
09009,09,198,864835,38689.0,50677.0,227956,4373.0,5714.0,135965,2421.0,2990.0,189,80,7.0,30.0,1.0,14.0
09011,09,66,268555,7586.0,11865.0,64822,2464.0,3947.0,34503,1360.0,2182.0,44,21,10.0,10.0,1.0,5.0
09013,09,32,149788,2705.0,4481.0,21267,1320.0,2200.0,13698,907.0,1600.0,13,8,3.0,6.0,1.0,4.0
09015,09,30,116418,2926.0,6874.0,13665,1130.0,2848.0,6197,689.0,1871.0,11,11,6.0,5.0,3.0,0.0
10001,10,41,181851,4699.0,9815.0,63035,2265.0,5123.0,34359,1450.0,3284.0,29,15,8.0,15.0,2.0,13.0
10003,10,144,570719,16736.0,22077.0,139817,2311.0,3307.0,54330,851.0,1136.0,133,57,11.0,17.0,3.0,5.0
10005,10,74,237378,3532.0,11267.0,59691,2002.0,7141.0,39924,1459.0,5686.0,41,22,12.0,3.0,9.0,1.0
11001,11,206,689545,116851.0,46408.0,10497,734.0,512.0,3635,56.0,6.0,206,72,2.0,24.0,0.0,8.0
12001,12,58,278468,9860.0,10714.0,79109,2662.0,3368.0,34429,1143.0,2091.0,42,29,10.0,23.0,2.0,10.0
12003,12,4,28259,439.0,1535.0,2806,259.0,941.0,1849,188.0,703.0,1,1,0.0,2.0,0.0,1.0
12005,12,49,175216,3366.0,9924.0,24902,782.0,2841.0,7135,403.0,1569.0,39,12,0.0,5.0,0.0,1.0
12007,12,6,28303,572.0,1603.0,2976,400.0,1097.0,2043,300.0,803.0,1,3,1.0,0.0,1.0,0.0
12009,12,147,606612,12735.0,24283.0,177271,3087.0,6688.0,69784,1170.0,2761.0,128,43,15.0,25.0,4.0,11.0
12011,12,416,1944375,51031.0,99630.0,394320,7034.0,10982.0,96068,764.0,1228.0,415,123,24.0,69.0,0.0,24.0
12013,12,4,13648,266.0,929.0,339,225.0,773.0,52,194.0,700.0,0,4,0.0,1.0,0.0,1.0
12015,12,46,186847,4066.0,6585.0,88464,1704.0,2725.0,55980,1014.0,1557.0,41,14,11.0,14.0,7.0,6.0
12017,12,41,153843,3079.0,8574.0,74990,1951.0,5695.0,52758,1283.0,3832.0,26,22,12.0,6.0,9.0,4.0
12019,12,45,218245,3002.0,7240.0,91009,1413.0,3487.0,49112,828.0,2099.0,34,12,2.0,5.0,2.0,4.0
12021,12,108,375752,7582.0,9273.0,163988,3643.0,3805.0,75583,1802.0,2056.0,93,30,13.0,16.0,2.0,9.0
12023,12,13,69698,1496.0,5611.0,7330,867.0,3396.0,3552,680.0,2587.0,3,7,1.0,4.0,1.0,2.0
12027,12,9,33976,960.0,2870.0,5584,460.0,1498.0,3105,392.0,1314.0,3,8,3.0,4.0,2.0,2.0
12029,12,5,16759,193.0,1075.0,126,147.0,884.0,0,118.0,712.0,0,4,0.0,0.0,0.0,0.0
12031,12,218,995567,29711.0,59377.0,260882,4813.0,10392.0,92973,1474.0,3080.0,210,104,24.0,39.0,3.0,15.0
12033,12,78,321905,9094.0,19304.0,82048,1557.0,3693.0,33398,575.0,1544.0,73,36,9.0,14.0,1.0,6.0
12035,12,23,115378,2082.0,3987.0,61908,1563.0,2974.0,38818,1169.0,2081.0,19,2,1.0,3.0,1.0,2.0
12037,12,5,12451,403.0,707.0,1008,254.0,505.0,0,232.0,458.0,0,2,0.0,1.0,0.0,1.0
12039,12,10,43826,1927.0,4340.0,78,1308.0,3075.0,0,1044.0,2492.0,0,7,0.0,6.0,0.0,5.0
12041,12,5,17864,479.0,1223.0,96,421.0,1032.0,0,378.0,922.0,0,1,0.0,2.0,0.0,2.0
12043,12,5,12126,88.0,734.0,982,73.0,517.0,164,55.0,381.0,0,3,0.0,0.0,0.0,0.0
12045,12,5,14192,218.0,714.0,1085,119.0,402.0,0,96.0,323.0,0,2,0.0,0.0,0.0,0.0
12047,12,6,14004,156.0,1225.0,162,124.0,982.0,78,115.0,896.0,0,6,0.0,0.0,0.0,0.0
12049,12,8,25327,495.0,2048.0,4079,268.0,1196.0,843,226.0,1075.0,2,7,2.0,1.0,1.0,0.0
12051,12,10,39619,1142.0,2575.0,4761,421.0,1411.0,2414,282.0,996.0,4,8,2.0,3.0,2.0,2.0
12053,12,46,194515,3724.0,10208.0,62514,1696.0,4770.0,24277,748.0,2439.0,32,21,15.0,8.0,8.0,3.0
12055,12,35,101235,2609.0,7346.0,31415,1160.0,3477.0,22305,755.0,2295.0,19,22,9.0,4.0,8.0,3.0
12057,12,333,1459762,34103.0,77704.0,398587,5566.0,14057.0,153565,2085.0,5062.0,308,136,27.0,39.0,7.0,18.0
12059,12,7,19653,228.0,1000.0,12,166.0,789.0,0,149.0,709.0,0,4,0.0,0.0,0.0,0.0
12061,12,44,159788,3231.0,5342.0,67756,1653.0,1956.0,38098,844.0,898.0,37,12,5.0,8.0,2.0,7.0
12063,12,13,47319,641.0,3234.0,3191,448.0,2138.0,2297,372.0,1828.0,2,10,1.0,0.0,1.0,0.0
12065,12,5,14510,636.0,1184.0,631,476.0,914.0,49,439.0,843.0,0,2,0.0,2.0,0.0,2.0
12067,12,3,8226,123.0,437.0,103,111.0,392.0,0,95.0,343.0,0,3,0.0,0.0,0.0,0.0
12069,12,75,383956,6771.0,15818.0,122860,2577.0,6325.0,64987,1425.0,3703.0,49,20,8.0,13.0,3.0,5.0
12071,12,222,760822,16377.0,27154.0,323682,5476.0,10331.0,145472,2362.0,4684.0,204,63,32.0,29.0,16.0,11.0
12073,12,79,292198,8730.0,14294.0,69340,2245.0,3497.0,31567,1084.0,1611.0,63,36,11.0,15.0,1.0,10.0
12075,12,12,42915,970.0,3201.0,375,681.0,2395.0,43,557.0,2026.0,0,10,0.0,4.0,0.0,2.0
12077,12,4,7974,222.0,684.0,1019,166.0,524.0,312,142.0,457.0,0,1,0.0,0.0,0.0,0.0
12079,12,5,17968,465.0,1197.0,140,282.0,798.0,0,180.0,602.0,0,5,0.0,1.0,0.0,1.0
12081,12,93,399710,7723.0,13315.0,143726,1996.0,2603.0,72313,1007.0,1309.0,84,31,6.0,7.0,4.0,4.0
12083,12,93,375908,7858.0,21760.0,128825,3638.0,11176.0,67198,2229.0,7158.0,59,46,19.0,16.0,11.0,11.0
12085,12,42,158431,2914.0,4446.0,62600,1208.0,1585.0,29555,611.0,629.0,34,11,3.0,4.0,1.0,2.0
12086,12,706,2701767,95885.0,222489.0,339546,5610.0,15356.0,95305,1184.0,3676.0,691,299,28.0,65.0,2.0,27.0
12087,12,28,82874,2113.0,2573.0,15098,406.0,663.0,6840,164.0,300.0,17,5,3.0,1.0,2.0,0.0
12089,12,23,90352,1184.0,2714.0,28627,672.0,1847.0,15277,428.0,1269.0,11,5,0.0,1.0,0.0,0.0
12091,12,48,211668,3062.0,6711.0,64565,1118.0,2398.0,30151,593.0,1465.0,40,13,3.0,5.0,2.0,2.0
12093,12,12,39644,703.0,2483.0,10996,380.0,1353.0,4808,223.0,772.0,5,6,4.0,1.0,2.0,0.0
12095,12,267,1429908,30101.0,72240.0,402087,5581.0,15030.0,143444,1807.0,4652.0,255,108,42.0,52.0,6.0,25.0
12097,12,59,388656,6147.0,24572.0,137443,2333.0,10315.0,65882,1137.0,5035.0,48,27,18.0,16.0,6.0,8.0
12099,12,372,1492191,36572.0,60523.0,541705,9407.0,12642.0,205613,2828.0,4124.0,357,96,22.0,75.0,4.0,37.0
12101,12,130,561891,11080.0,25322.0,226216,3881.0,8812.0,104155,1808.0,3868.0,114,68,27.0,23.0,12.0,14.0
12103,12,273,959107,29673.0,36876.0,169468,3561.0,3738.0,49278,675.0,675.0,271,66,8.0,39.0,0.0,9.0
12105,12,174,725046,15619.0,42205.0,227204,4525.0,15418.0,106777,2176.0,8007.0,136,89,36.0,24.0,18.0,10.0
12107,12,17,73321,2138.0,7110.0,5136,965.0,3987.0,2239,661.0,2945.0,4,10,2.0,8.0,2.0,6.0
12109,12,50,273425,3545.0,4890.0,118784,1784.0,2203.0,53040,780.0,977.0,38,5,1.0,9.0,0.0,6.0
12111,12,67,329226,6112.0,16751.0,139318,1856.0,5410.0,64758,876.0,2399.0,62,22,12.0,10.0,6.0,6.0
12113,12,36,188000,2440.0,7071.0,64295,1171.0,3749.0,32773,680.0,2296.0,25,5,2.0,5.0,1.0,3.0
12115,12,122,434006,8684.0,11108.0,187279,3164.0,4365.0,93912,1545.0,2121.0,116,25,15.0,16.0,7.0,7.0
12117,12,89,470856,7284.0,17186.0,164873,1975.0,3937.0,60661,472.0,884.0,86,21,13.0,14.0,2.0,7.0
12119,12,28,129752,2164.0,4027.0,78166,1425.0,2502.0,53316,960.0,1758.0,16,7,1.0,7.0,0.0,6.0
12121,12,11,43474,953.0,2569.0,195,845.0,2192.0,0,754.0,1977.0,0,6,0.0,3.0,0.0,3.0
12123,12,7,21796,641.0,1351.0,1934,454.0,860.0,627,315.0,586.0,1,7,1.0,3.0,0.0,2.0
12125,12,4,16147,87.0,726.0,6,68.0,563.0,0,62.0,509.0,0,3,0.0,0.0,0.0,0.0
12127,12,129,553543,12912.0,29057.0,171590,3364.0,8023.0,94414,1723.0,4112.0,116,48,11.0,22.0,6.0,12.0
12129,12,8,33764,409.0,1557.0,3019,315.0,1294.0,1428,246.0,1019.0,1,2,0.0,1.0,0.0,1.0
12131,12,20,75305,1204.0,3236.0,13900,911.0,2546.0,8575,715.0,1994.0,6,6,1.0,4.0,1.0,4.0
12133,12,7,25318,267.0,1154.0,122,222.0,947.0,0,191.0,762.0,0,5,0.0,0.0,0.0,0.0
13001,13,7,18444,453.0,1406.0,486,253.0,944.0,0,207.0,776.0,0,6,0.0,1.0,0.0,1.0
13003,13,3,8286,204.0,845.0,37,172.0,698.0,2,158.0,648.0,0,2,0.0,1.0,0.0,1.0
13005,13,3,11140,325.0,878.0,43,243.0,667.0,0,215.0,588.0,0,3,0.0,1.0,0.0,1.0
13007,13,2,2876,69.0,168.0,502,61.0,146.0,158,57.0,136.0,0,2,1.0,0.0,0.0,0.0
13009,13,14,43799,1303.0,2679.0,6166,520.0,1229.0,2248,329.0,687.0,7,7,2.0,1.0,1.0,0.0
13011,13,4,18035,166.0,618.0,12,151.0,557.0,0,129.0,473.0,0,1,0.0,0.0,0.0,0.0
13013,13,18,83505,961.0,2693.0,18636,586.0,1762.0,7897,332.0,958.0,8,7,4.0,3.0,3.0,1.0
13015,13,28,108901,1087.0,3559.0,21356,463.0,1863.0,10827,317.0,1261.0,13,10,5.0,0.0,2.0,0.0
13017,13,6,17194,447.0,1511.0,3692,182.0,574.0,1601,104.0,333.0,3,5,3.0,0.0,2.0,0.0
13019,13,6,18160,239.0,1658.0,83,164.0,1189.0,0,154.0,1121.0,0,6,0.0,0.0,0.0,0.0
13021,13,48,157346,6749.0,13362.0,37319,1157.0,2534.0,14068,467.0,975.0,40,33,9.0,13.0,3.0,5.0
13023,13,4,12583,365.0,1000.0,510,212.0,544.0,81,164.0,418.0,1,2,0.0,1.0,0.0,1.0
13025,13,5,18021,349.0,1249.0,41,296.0,1041.0,0,246.0,854.0,0,4,0.0,1.0,0.0,1.0
13027,13,6,16301,502.0,1251.0,93,305.0,750.0,0,271.0,668.0,0,5,0.0,0.0,0.0,0.0
13029,13,9,44738,580.0,1314.0,3339,424.0,878.0,0,306.0,569.0,1,2,0.0,1.0,0.0,1.0
13031,13,20,81099,1715.0,5085.0,7170,651.0,2587.0,3274,450.0,1963.0,8,13,2.0,2.0,0.0,1.0
13033,13,7,24596,823.0,1736.0,3116,584.0,1213.0,1787,498.0,1037.0,1,6,1.0,4.0,1.0,4.0
13035,13,5,25434,385.0,1324.0,4232,271.0,945.0,2540,159.0,536.0,2,3,2.0,1.0,2.0,1.0
13037,13,2,5573,170.0,546.0,113,91.0,311.0,0,72.0,253.0,0,1,0.0,1.0,0.0,0.0
13039,13,16,54768,965.0,2278.0,6140,418.0,1087.0,754,207.0,497.0,4,4,2.0,3.0,0.0,0.0
13043,13,3,10981,149.0,934.0,49,103.0,655.0,0,90.0,583.0,0,3,0.0,0.0,0.0,0.0
13045,13,28,119148,1734.0,6397.0,21046,931.0,3903.0,10875,583.0,2659.0,10,16,8.0,2.0,5.0,1.0
13047,13,15,67872,1142.0,3146.0,16290,450.0,1640.0,5150,224.0,1010.0,10,3,2.0,2.0,0.0,1.0
13049,13,3,12518,294.0,1064.0,410,166.0,591.0,66,109.0,383.0,0,1,0.0,1.0,0.0,0.0
13051,13,87,295291,9143.0,14265.0,80325,1691.0,2467.0,38504,537.0,767.0,79,40,9.0,9.0,2.0,3.0
13053,13,5,9565,56.0,419.0,6518,46.0,339.0,5365,34.0,258.0,3,3,2.0,0.0,2.0,0.0
13055,13,9,24965,700.0,1724.0,2518,317.0,890.0,1133,217.0,653.0,2,7,2.0,2.0,1.0,1.0
13057,13,56,266620,2400.0,3534.0,118560,1259.0,1690.0,66076,739.0,849.0,42,8,5.0,4.0,2.0,0.0
13059,13,34,128671,3441.0,5127.0,30941,808.0,1271.0,14406,309.0,522.0,30,19,3.0,6.0,1.0,3.0
13061,13,1,2848,104.0,322.0,226,84.0,259.0,10,72.0,224.0,0,1,0.0,0.0,0.0,0.0
13063,13,70,297595,7486.0,20461.0,96601,1358.0,5096.0,38519,395.0,1855.0,70,56,28.0,15.0,10.0,8.0
13065,13,2,6749,354.0,616.0,190,185.0,333.0,59,146.0,266.0,0,2,0.0,1.0,0.0,1.0
13067,13,186,766149,11512.0,18374.0,326717,2939.0,5842.0,148751,1046.0,1807.0,186,41,23.0,16.0,2.0,6.0
13069,13,12,43092,1056.0,3067.0,3056,626.0,1880.0,409,443.0,1286.0,2,10,2.0,2.0,0.0,2.0
13071,13,15,45898,1040.0,3304.0,5379,427.0,1618.0,3119,331.0,1289.0,6,10,2.0,2.0,2.0,1.0
13073,13,25,156010,1710.0,3669.0,76473,996.0,1996.0,41684,618.0,1219.0,20,2,1.0,2.0,1.0,1.0
13075,13,5,17229,326.0,964.0,36,232.0,683.0,0,196.0,580.0,0,4,0.0,0.0,0.0,0.0
13077,13,27,146158,1774.0,3861.0,35959,802.0,2066.0,21351,497.0,1379.0,14,7,3.0,3.0,1.0,0.0
13079,13,3,12130,203.0,640.0,146,164.0,566.0,0,149.0,518.0,0,1,0.0,1.0,0.0,1.0
13081,13,6,20128,1241.0,2125.0,1365,734.0,1183.0,1273,605.0,994.0,1,5,1.0,4.0,1.0,4.0
13083,13,5,16251,168.0,640.0,308,137.0,523.0,0,105.0,405.0,0,3,0.0,0.0,0.0,0.0
13085,13,7,26798,181.0,824.0,2926,146.0,705.0,1649,100.0,542.0,1,0,0.0,0.0,0.0,0.0
13087,13,8,29367,734.0,2417.0,7222,354.0,1305.0,3129,224.0,877.0,3,6,2.0,1.0,1.0,0.0
13089,13,203,764382,21100.0,36708.0,207437,3615.0,8925.0,57324,714.0,2277.0,202,85,39.0,30.0,7.0,9.0
13091,13,7,19925,292.0,1531.0,4130,195.0,1028.0,3154,163.0,851.0,2,6,2.0,0.0,1.0,0.0
13093,13,3,11208,295.0,709.0,43,199.0,465.0,0,180.0,418.0,0,2,0.0,1.0,0.0,1.0
13095,13,29,85790,3729.0,9925.0,14105,589.0,1854.0,5752,272.0,874.0,24,25,9.0,4.0,1.0,1.0
13097,13,31,144237,1633.0,6682.0,46717,764.0,3156.0,16245,300.0,1343.0,22,12,9.0,5.0,2.0,3.0
13099,13,5,10854,374.0,1077.0,81,237.0,693.0,0,215.0,632.0,0,5,0.0,1.0,0.0,1.0
13101,13,2,3697,22.0,232.0,240,22.0,181.0,118,22.0,151.0,0,1,0.0,0.0,0.0,0.0
13103,13,16,64769,686.0,1892.0,7211,463.0,1324.0,3810,371.0,1020.0,4,0,0.0,1.0,0.0,1.0
13105,13,6,19637,603.0,1292.0,606,424.0,886.0,164,362.0,752.0,1,3,0.0,2.0,0.0,1.0
13107,13,9,22768,684.0,2246.0,1817,479.0,1619.0,1389,393.0,1345.0,1,9,1.0,2.0,1.0,1.0
13109,13,3,10774,267.0,801.0,0,171.0,512.0,0,127.0,386.0,0,3,0.0,0.0,0.0,0.0
13111,13,5,25319,351.0,1595.0,1286,287.0,1262.0,11,243.0,1040.0,0,4,1.0,2.0,0.0,1.0
13113,13,24,119194,1420.0,2145.0,67645,963.0,1458.0,42360,565.0,944.0,20,2,2.0,4.0,1.0,3.0
13115,13,26,98584,2695.0,5482.0,17500,770.0,2008.0,5984,396.0,1073.0,16,11,5.0,5.0,1.0,3.0
13117,13,48,251283,1738.0,1927.0,160062,1174.0,1359.0,92896,680.0,771.0,41,0,0.0,1.0,0.0,1.0
13119,13,8,23424,501.0,1320.0,1,368.0,1021.0,0,284.0,840.0,0,5,0.0,1.0,0.0,1.0
13121,13,327,1066710,46458.0,53763.0,342559,6780.0,10690.0,153048,1911.0,3894.0,325,115,27.0,72.0,6.0,36.0
13123,13,8,31353,380.0,1247.0,5611,318.0,1081.0,3176,231.0,834.0,2,3,0.0,1.0,0.0,1.0
13125,13,1,2884,89.0,199.0,6,73.0,164.0,0,69.0,155.0,0,1,0.0,0.0,0.0,0.0
13127,13,25,84499,1593.0,4403.0,17394,297.0,798.0,9621,148.0,437.0,18,9,3.0,1.0,2.0,0.0
13129,13,15,57544,776.0,2182.0,9407,404.0,1340.0,4412,269.0,903.0,5,7,3.0,0.0,2.0,0.0
13131,13,8,26236,535.0,2054.0,2873,366.0,1491.0,1811,279.0,1192.0,1,6,1.0,2.0,1.0,1.0
13133,13,8,18915,364.0,590.0,159,262.0,425.0,0,222.0,375.0,0,3,0.0,0.0,0.0,0.0
13135,13,220,957062,12268.0,25467.0,441979,3858.0,9773.0,178099,1237.0,3266.0,218,76,35.0,15.0,7.0,5.0
13137,13,11,46031,696.0,2250.0,14881,320.0,1350.0,8260,182.0,866.0,6,3,3.0,0.0,1.0,0.0
13139,13,50,203136,4613.0,7051.0,66814,1674.0,3647.0,33969,814.0,1979.0,32,15,4.0,9.0,1.0,6.0
13141,13,2,8735,246.0,871.0,525,198.0,690.0,5,180.0,623.0,0,2,0.0,1.0,0.0,1.0
13143,13,8,29919,396.0,1653.0,0,256.0,1011.0,0,198.0,742.0,0,4,0.0,0.0,0.0,0.0
13145,13,7,34668,176.0,1317.0,24,149.0,1058.0,0,119.0,840.0,0,0,0.0,0.0,0.0,0.0
13147,13,10,25828,680.0,1146.0,2215,461.0,814.0,1269,343.0,616.0,2,6,1.0,1.0,1.0,1.0
13149,13,3,11412,235.0,1092.0,114,181.0,929.0,0,144.0,799.0,0,2,0.0,1.0,0.0,1.0
13151,13,59,240712,2048.0,9110.0,88404,770.0,4143.0,42496,422.0,2063.0,42,24,16.0,1.0,6.0,0.0
13153,13,38,163633,2711.0,6588.0,45694,625.0,1495.0,19600,295.0,693.0,32,16,1.0,2.0,0.0,0.0
13155,13,3,9666,121.0,531.0,104,74.0,372.0,0,70.0,350.0,0,3,0.0,0.0,0.0,0.0
13157,13,17,75907,656.0,2125.0,19121,528.0,1605.0,10702,415.0,1179.0,7,2,1.0,2.0,1.0,2.0
13159,13,5,14588,254.0,696.0,183,205.0,559.0,10,191.0,519.0,0,4,0.0,0.0,0.0,0.0
13161,13,5,14779,506.0,940.0,41,384.0,723.0,0,353.0,660.0,0,4,0.0,2.0,0.0,2.0
13163,13,4,15709,467.0,1281.0,151,277.0,767.0,0,246.0,685.0,0,4,0.0,1.0,0.0,1.0
13165,13,2,8674,203.0,686.0,230,149.0,566.0,0,144.0,554.0,0,2,0.0,1.0,0.0,1.0
13167,13,4,9189,219.0,804.0,155,162.0,588.0,45,112.0,461.0,0,4,0.0,0.0,0.0,0.0
13169,13,9,28347,480.0,1599.0,2351,346.0,1271.0,1121,265.0,967.0,1,3,1.0,1.0,1.0,1.0
13171,13,4,18500,309.0,961.0,3456,249.0,706.0,2385,210.0,589.0,2,1,1.0,1.0,1.0,1.0
13173,13,3,9877,252.0,669.0,173,145.0,424.0,3,124.0,370.0,0,2,0.0,1.0,0.0,0.0
13175,13,14,49570,1163.0,3814.0,2042,520.0,1632.0,893,395.0,1243.0,4,7,1.0,1.0,1.0,1.0
13177,13,8,33163,338.0,1170.0,8760,225.0,696.0,4270,183.0,489.0,3,2,0.0,1.0,0.0,1.0
13179,13,17,65256,1074.0,3845.0,15561,390.0,1735.0,8087,194.0,1024.0,10,13,6.0,1.0,3.0,0.0
13181,13,2,7690,213.0,349.0,764,170.0,297.0,76,151.0,265.0,0,2,1.0,1.0,0.0,1.0
13183,13,5,16168,405.0,1123.0,35,216.0,811.0,0,136.0,616.0,0,2,0.0,1.0,0.0,1.0
13185,13,29,118251,3012.0,7456.0,22513,679.0,1992.0,12119,459.0,1355.0,19,15,2.0,3.0,0.0,1.0
13187,13,8,33488,272.0,1072.0,719,232.0,837.0,0,176.0,623.0,1,3,1.0,0.0,0.0,0.0
13189,13,6,21632,388.0,1389.0,1280,278.0,914.0,585,235.0,737.0,1,3,0.0,2.0,0.0,1.0
13191,13,7,10975,327.0,1107.0,413,274.0,892.0,203,249.0,758.0,0,4,0.0,1.0,0.0,1.0
13193,13,4,12082,566.0,1121.0,41,414.0,857.0,0,323.0,667.0,0,4,0.0,3.0,0.0,3.0
13195,13,7,30120,371.0,1372.0,13,307.0,1159.0,0,244.0,941.0,0,2,0.0,0.0,0.0,0.0
13197,13,2,7498,138.0,637.0,256,98.0,482.0,0,88.0,440.0,0,2,0.0,0.0,0.0,0.0
13199,13,7,20613,534.0,1934.0,18,356.0,1263.0,0,303.0,1063.0,0,7,0.0,1.0,0.0,1.0
13201,13,3,6000,271.0,453.0,385,222.0,286.0,20,215.0,260.0,0,3,0.0,1.0,0.0,1.0
13205,13,7,21755,942.0,2143.0,3868,546.0,1360.0,3314,473.0,1181.0,2,5,2.0,2.0,2.0,2.0
13207,13,5,27957,384.0,627.0,183,305.0,520.0,0,257.0,441.0,0,2,0.0,2.0,0.0,2.0
13209,13,3,8610,150.0,563.0,19,111.0,427.0,0,90.0,356.0,0,2,0.0,0.0,0.0,0.0
13211,13,6,20097,178.0,914.0,2578,148.0,659.0,1665,132.0,548.0,1,2,0.0,0.0,0.0,0.0
13213,13,10,39973,793.0,1878.0,7118,615.0,1421.0,2826,419.0,908.0,3,7,2.0,4.0,1.0,3.0
13215,13,59,206922,8857.0,13700.0,56623,996.0,2138.0,27987,376.0,873.0,58,38,10.0,10.0,6.0,5.0
13217,13,22,112483,1391.0,5614.0,46636,922.0,3568.0,23722,512.0,1978.0,14,7,6.0,6.0,3.0,5.0
13219,13,11,41799,118.0,424.0,10640,101.0,362.0,6012,63.0,246.0,3,0,0.0,0.0,0.0,0.0
13221,13,6,14825,181.0,653.0,126,161.0,572.0,0,146.0,516.0,0,0,0.0,0.0,0.0,0.0
13223,13,33,168661,1495.0,4821.0,81370,858.0,3021.0,47926,524.0,2043.0,26,9,5.0,2.0,4.0,1.0
13225,13,8,27981,525.0,1989.0,5037,255.0,886.0,1905,194.0,584.0,3,2,0.0,2.0,0.0,1.0
13227,13,9,33216,379.0,1306.0,3296,335.0,1043.0,1934,263.0,802.0,2,4,2.0,2.0,2.0,2.0
13229,13,6,19716,390.0,883.0,210,287.0,680.0,0,247.0,607.0,0,3,0.0,1.0,0.0,1.0
13231,13,5,18889,173.0,350.0,23,157.0,322.0,0,137.0,285.0,0,0,0.0,0.0,0.0,0.0
13233,13,8,42853,791.0,2743.0,12063,409.0,1644.0,7517,248.0,1174.0,4,5,2.0,2.0,2.0,1.0
13235,13,4,9855,212.0,533.0,72,95.0,202.0,0,83.0,167.0,0,2,0.0,0.0,0.0,0.0
13237,13,8,22047,482.0,1151.0,34,357.0,791.0,0,265.0,616.0,0,4,0.0,1.0,0.0,1.0
13239,13,1,2235,140.0,242.0,31,108.0,186.0,0,99.0,172.0,0,1,0.0,1.0,0.0,1.0
13241,13,8,16883,340.0,550.0,655,310.0,480.0,0,264.0,404.0,0,1,0.0,1.0,0.0,1.0
13243,13,2,6425,671.0,1059.0,210,385.0,632.0,6,329.0,539.0,0,2,0.0,1.0,0.0,1.0
13245,13,56,206607,7558.0,16177.0,49405,1077.0,3377.0,12184,231.0,1010.0,51,39,11.0,13.0,2.0,4.0
13247,13,24,93570,1089.0,4187.0,38650,540.0,1906.0,17076,240.0,889.0,19,13,9.0,1.0,5.0,0.0
13249,13,2,4547,95.0,253.0,86,72.0,202.0,0,63.0,181.0,0,2,0.0,0.0,0.0,0.0
13251,13,6,14067,318.0,674.0,222,244.0,534.0,6,208.0,474.0,0,5,0.0,1.0,0.0,1.0
13253,13,3,9147,395.0,802.0,21,346.0,490.0,0,325.0,376.0,0,2,0.0,2.0,0.0,2.0
13255,13,17,67306,1647.0,4900.0,11794,641.0,2017.0,6756,422.0,1385.0,9,12,4.0,2.0,3.0,1.0
13257,13,8,26784,558.0,1528.0,5275,275.0,755.0,2714,181.0,442.0,4,4,3.0,1.0,1.0,1.0
13259,13,2,5314,326.0,597.0,210,210.0,373.0,17,189.0,327.0,0,2,0.0,2.0,0.0,1.0
13261,13,8,29616,1279.0,2406.0,1723,590.0,1193.0,831,441.0,942.0,2,7,1.0,3.0,1.0,2.0
13263,13,3,5733,244.0,585.0,150,204.0,493.0,0,172.0,406.0,0,3,0.0,1.0,0.0,0.0
13265,13,1,1559,34.0,152.0,55,31.0,138.0,0,27.0,122.0,0,1,0.0,0.0,0.0,0.0
13267,13,7,22842,481.0,1694.0,2,279.0,1291.0,0,225.0,1160.0,0,7,0.0,1.0,0.0,1.0
13269,13,4,7816,494.0,1085.0,329,334.0,807.0,0,294.0,740.0,0,4,0.0,2.0,0.0,1.0
13271,13,5,12477,474.0,935.0,224,291.0,581.0,0,261.0,518.0,0,5,0.0,1.0,0.0,1.0
13273,13,4,9185,399.0,825.0,36,157.0,385.0,0,135.0,327.0,0,2,0.0,1.0,0.0,0.0
13275,13,14,45798,1096.0,3820.0,8374,445.0,2067.0,3919,292.0,1519.0,6,5,0.0,2.0,0.0,1.0
13277,13,12,41344,1148.0,2763.0,1411,300.0,974.0,526,195.0,759.0,5,7,0.0,2.0,0.0,0.0
13279,13,9,27030,1082.0,2337.0,5994,723.0,1549.0,3461,591.0,1306.0,4,7,3.0,3.0,3.0,3.0
13281,13,4,12493,222.0,445.0,71,160.0,350.0,0,95.0,239.0,0,1,0.0,0.0,0.0,0.0
13283,13,2,6406,123.0,504.0,59,70.0,301.0,0,61.0,264.0,0,1,0.0,0.0,0.0,0.0
13285,13,18,69426,2533.0,5189.0,10265,877.0,2104.0,5269,563.0,1339.0,7,9,3.0,5.0,1.0,4.0
13287,13,3,9006,261.0,1071.0,741,124.0,534.0,464,93.0,409.0,1,2,1.0,0.0,0.0,0.0
13289,13,3,8022,234.0,631.0,29,198.0,572.0,0,174.0,521.0,0,2,0.0,1.0,0.0,1.0
13291,13,8,24632,623.0,852.0,20,535.0,741.0,0,455.0,637.0,0,0,0.0,2.0,0.0,1.0
13293,13,8,27700,1241.0,2400.0,3692,513.0,1048.0,1550,297.0,640.0,3,4,2.0,3.0,1.0,3.0
13295,13,18,67654,965.0,3154.0,12727,352.0,1653.0,3964,153.0,1001.0,9,9,5.0,0.0,3.0,0.0
13297,13,20,96673,964.0,4106.0,17091,601.0,2411.0,9473,408.0,1566.0,7,4,2.0,1.0,1.0,1.0
13299,13,10,36251,2069.0,2835.0,3956,608.0,846.0,1554,363.0,541.0,6,8,1.0,4.0,0.0,4.0
13301,13,2,5215,159.0,468.0,109,90.0,298.0,0,75.0,264.0,0,2,0.0,0.0,0.0,0.0
13303,13,5,19988,495.0,2157.0,843,326.0,1422.0,1,271.0,1147.0,0,5,0.0,2.0,0.0,1.0
13305,13,7,30144,1127.0,2235.0,6482,670.0,1338.0,4276,510.0,975.0,3,6,2.0,4.0,2.0,3.0
13307,13,2,2348,65.0,242.0,42,53.0,209.0,0,48.0,192.0,0,2,0.0,0.0,0.0,0.0
13309,13,2,7471,150.0,380.0,46,126.0,316.0,0,76.0,206.0,0,2,0.0,0.0,0.0,0.0
13311,13,9,28003,282.0,1045.0,9,221.0,885.0,0,192.0,757.0,0,4,0.0,0.0,0.0,0.0
13313,13,22,102864,2229.0,4110.0,14437,804.0,1715.0,5329,413.0,844.0,10,13,3.0,4.0,2.0,3.0
13315,13,4,8766,239.0,527.0,21,167.0,374.0,0,131.0,301.0,0,4,0.0,0.0,0.0,0.0
13317,13,4,9565,255.0,726.0,87,155.0,474.0,0,127.0,398.0,0,4,0.0,1.0,0.0,1.0
13319,13,3,8877,229.0,530.0,104,160.0,363.0,0,131.0,294.0,0,2,0.0,1.0,0.0,1.0
13321,13,6,20784,500.0,1659.0,338,339.0,1204.0,0,288.0,1034.0,0,5,0.0,1.0,0.0,1.0
15001,15,43,200629,3567.0,13197.0,37166,1918.0,8922.0,18922,1470.0,7168.0,16,23,8.0,7.0,4.0,4.0
15003,15,329,1016508,32791.0,34575.0,286188,4300.0,7757.0,144116,2013.0,3730.0,309,92,28.0,19.0,15.0,9.0
15005,15,1,82,6.0,3.0,82,6.0,3.0,0,6.0,3.0,0,1,1.0,0.0,0.0,0.0
15007,15,18,73298,937.0,2680.0,12612,317.0,1003.0,4980,131.0,493.0,7,1,1.0,0.0,0.0,0.0
15009,15,45,164754,3029.0,5781.0,39541,1026.0,2502.0,16664,518.0,1491.0,29,12,5.0,5.0,3.0,2.0
16001,16,129,494967,7664.0,10389.0,99378,1428.0,1670.0,39785,626.0,713.0,119,21,2.0,6.0,1.0,2.0
16003,16,2,4379,36.0,82.0,555,29.0,67.0,225,26.0,60.0,0,2,0.0,0.0,0.0,0.0
16005,16,24,87018,1671.0,4916.0,26930,472.0,1383.0,12282,217.0,589.0,18,10,1.0,1.0,1.0,0.0
16007,16,2,6372,39.0,107.0,1606,26.0,57.0,1140,26.0,54.0,0,0,0.0,0.0,0.0,0.0
16009,16,2,9530,121.0,432.0,1247,92.0,311.0,240,85.0,280.0,0,0,0.0,0.0,0.0,0.0
16011,16,10,47992,725.0,1665.0,1697,425.0,1021.0,973,339.0,871.0,1,2,1.0,1.0,1.0,1.0
16013,16,8,24272,137.0,425.0,7180,90.0,301.0,5582,81.0,271.0,4,2,0.0,0.0,0.0,0.0
16015,16,3,7610,93.0,243.0,2371,86.0,191.0,532,81.0,167.0,0,1,0.0,0.0,0.0,0.0
16017,16,16,47110,983.0,1302.0,8732,754.0,949.0,3774,664.0,801.0,3,5,1.0,3.0,0.0,3.0
16019,16,24,123964,1362.0,4007.0,19233,253.0,798.0,7778,136.0,415.0,18,6,0.0,2.0,0.0,0.0
16021,16,2,12056,106.0,543.0,1174,93.0,457.0,851,82.0,400.0,0,1,0.0,0.0,0.0,0.0
16023,16,1,2574,61.0,117.0,1433,52.0,99.0,1406,50.0,95.0,0,0,0.0,0.0,0.0,0.0
16025,16,1,1077,15.0,1.0,1077,15.0,1.0,1077,15.0,1.0,0,0,0.0,0.0,0.0,0.0
16027,16,54,231105,2952.0,7423.0,64299,1024.0,2496.0,28502,575.0,1583.0,41,19,5.0,4.0,1.0,2.0
16029,16,2,7027,57.0,190.0,1482,42.0,139.0,782,37.0,125.0,0,0,0.0,0.0,0.0,0.0
16031,16,6,24655,394.0,779.0,6094,94.0,358.0,4885,77.0,311.0,2,3,1.0,0.0,1.0,0.0
16033,16,1,790,0.0,12.0,327,0.0,7.0,289,0.0,6.0,0,1,1.0,0.0,1.0,0.0
16035,16,3,8734,130.0,305.0,1249,93.0,210.0,296,77.0,170.0,0,0,0.0,0.0,0.0,0.0
16037,16,1,4275,71.0,90.0,1670,57.0,72.0,1532,54.0,68.0,0,0,0.0,0.0,0.0,0.0
16039,16,7,28666,468.0,858.0,2797,116.0,290.0,1461,95.0,225.0,3,4,2.0,0.0,1.0,0.0
16041,16,2,14194,124.0,301.0,1858,95.0,226.0,1326,88.0,207.0,0,0,0.0,0.0,0.0,0.0
16043,16,4,13388,83.0,409.0,1775,67.0,329.0,1450,65.0,318.0,0,1,0.0,0.0,0.0,0.0
16045,16,4,19123,224.0,520.0,4377,134.0,356.0,2202,104.0,300.0,2,2,1.0,1.0,1.0,0.0
16047,16,4,15598,163.0,475.0,199,50.0,177.0,0,38.0,139.0,0,1,0.0,0.0,0.0,0.0
16049,16,6,16541,205.0,311.0,2914,166.0,254.0,862,155.0,238.0,0,2,2.0,0.0,0.0,0.0
16051,16,6,30891,136.0,762.0,14041,107.0,612.0,12361,100.0,571.0,3,1,1.0,0.0,1.0,0.0
16053,16,6,24237,268.0,626.0,2684,112.0,357.0,1532,91.0,296.0,2,4,1.0,0.0,1.0,0.0
16055,16,39,171362,2959.0,4783.0,44327,942.0,1716.0,26392,721.0,1324.0,25,6,0.0,4.0,0.0,1.0
16057,16,9,39517,657.0,880.0,10085,261.0,426.0,6578,190.0,331.0,5,4,3.0,1.0,2.0,0.0
16059,16,3,7974,186.0,345.0,2409,137.0,247.0,2236,122.0,224.0,0,1,1.0,1.0,1.0,1.0
16061,16,3,3533,54.0,155.0,217,23.0,85.0,12,17.0,70.0,0,3,1.0,0.0,0.0,0.0
16063,16,1,5127,20.0,111.0,968,17.0,93.0,459,15.0,86.0,0,0,0.0,0.0,0.0,0.0
16065,16,11,52913,278.0,1266.0,15772,119.0,564.0,10855,85.0,433.0,6,4,2.0,0.0,1.0,0.0
16067,16,5,21613,453.0,900.0,6718,244.0,489.0,3759,193.0,373.0,2,1,1.0,1.0,1.0,0.0
16069,16,10,42090,978.0,1267.0,12090,339.0,537.0,7380,272.0,447.0,7,1,0.0,2.0,0.0,2.0
16071,16,1,4564,24.0,93.0,717,19.0,73.0,607,17.0,65.0,0,0,0.0,0.0,0.0,0.0
16073,16,3,11913,151.0,511.0,2199,111.0,401.0,1492,101.0,362.0,0,2,1.0,0.0,1.0,0.0
16075,16,5,25386,362.0,1516.0,8123,180.0,699.0,4625,114.0,422.0,3,3,3.0,2.0,3.0,0.0
16077,16,2,7878,90.0,250.0,1247,43.0,127.0,1079,41.0,120.0,0,2,1.0,0.0,1.0,0.0
16079,16,3,13169,260.0,595.0,591,129.0,268.0,433,115.0,232.0,0,2,0.0,1.0,0.0,1.0
16081,16,7,11630,64.0,143.0,916,57.0,126.0,570,50.0,113.0,0,1,0.0,0.0,0.0,0.0
16083,16,17,90046,999.0,3320.0,18254,264.0,886.0,12350,200.0,663.0,12,6,2.0,1.0,0.0,0.0
16085,16,4,11746,180.0,134.0,2845,148.0,113.0,1936,130.0,99.0,1,0,0.0,0.0,0.0,0.0
16087,16,3,10500,206.0,467.0,827,128.0,274.0,223,115.0,238.0,0,2,0.0,0.0,0.0,0.0
17001,17,19,65737,2083.0,3448.0,9267,382.0,835.0,4238,206.0,554.0,13,9,0.0,1.0,0.0,1.0
17003,17,4,5240,192.0,511.0,85,72.0,250.0,0,62.0,210.0,0,3,0.0,0.0,0.0,0.0
17005,17,4,16725,416.0,793.0,1659,282.0,566.0,1512,264.0,541.0,1,1,0.0,1.0,0.0,1.0
17007,17,10,53448,823.0,2781.0,16415,191.0,885.0,14539,167.0,765.0,7,5,2.0,0.0,2.0,0.0
17009,17,2,6244,174.0,247.0,264,99.0,163.0,34,97.0,160.0,0,1,0.0,0.0,0.0,0.0
17011,17,10,33244,935.0,1889.0,3230,415.0,867.0,1391,302.0,701.0,3,7,2.0,1.0,1.0,1.0
17013,17,2,4437,34.0,95.0,666,30.0,81.0,59,29.0,78.0,0,0,0.0,0.0,0.0,0.0
17015,17,6,15702,220.0,996.0,7,127.0,620.0,0,100.0,502.0,0,2,0.0,0.0,0.0,0.0
17017,17,5,13042,233.0,755.0,151,53.0,195.0,0,46.0,169.0,2,4,0.0,0.0,0.0,0.0
17019,17,48,205865,10950.0,7764.0,28530,1016.0,1575.0,15976,582.0,921.0,39,21,4.0,14.0,3.0,6.0
17021,17,10,34032,822.0,2076.0,1381,221.0,667.0,375,178.0,551.0,5,5,0.0,0.0,0.0,0.0
17023,17,4,15455,338.0,879.0,75,136.0,471.0,3,94.0,383.0,0,1,0.0,0.0,0.0,0.0
17025,17,4,13288,259.0,983.0,1421,147.0,511.0,603,134.0,465.0,1,2,1.0,0.0,0.0,0.0
17027,17,9,36899,461.0,1311.0,159,273.0,803.0,0,243.0,717.0,0,2,0.0,1.0,0.0,1.0
17029,17,13,46863,1802.0,3947.0,11931,578.0,962.0,8603,454.0,676.0,11,8,4.0,4.0,1.0,2.0
17031,17,1331,5275541,378260.0,329128.0,291621,6387.0,7780.0,89168,1768.0,2045.0,1327,593,20.0,89.0,2.0,37.0
17033,17,6,18679,454.0,1030.0,1465,312.0,563.0,314,279.0,495.0,2,2,0.0,1.0,0.0,1.0
17035,17,3,10450,199.0,385.0,25,158.0,301.0,0,152.0,291.0,0,1,0.0,0.0,0.0,0.0
17037,17,23,100420,2525.0,5827.0,22187,706.0,1711.0,12462,487.0,1208.0,15,9,5.0,3.0,3.0,1.0
17039,17,5,15516,253.0,863.0,210,51.0,285.0,15,44.0,261.0,2,1,0.0,0.0,0.0,0.0
17041,17,5,19740,840.0,965.0,1127,562.0,525.0,636,429.0,403.0,1,1,0.0,1.0,0.0,1.0
17043,17,219,932877,16003.0,26030.0,173480,3381.0,4118.0,46464,868.0,1058.0,215,21,5.0,24.0,0.0,15.0
17045,17,5,16866,604.0,1460.0,1798,177.0,500.0,465,110.0,357.0,2,3,2.0,2.0,0.0,1.0
17047,17,3,6245,104.0,457.0,0,72.0,232.0,0,67.0,199.0,0,3,0.0,0.0,0.0,0.0
17049,17,8,34668,793.0,1696.0,2668,309.0,714.0,730,214.0,526.0,3,1,0.0,3.0,0.0,1.0
17051,17,7,21488,433.0,909.0,2825,265.0,599.0,1959,240.0,551.0,2,6,1.0,0.0,1.0,0.0
17053,17,5,13534,528.0,842.0,617,154.0,309.0,166,114.0,256.0,1,1,0.0,1.0,0.0,1.0
17055,17,12,37804,1014.0,4171.0,5976,337.0,1525.0,4736,275.0,1238.0,6,11,2.0,0.0,2.0,0.0
17057,17,12,33609,735.0,2393.0,1831,245.0,835.0,213,196.0,667.0,3,7,1.0,0.0,0.0,0.0
17059,17,2,4946,161.0,458.0,462,117.0,337.0,41,111.0,320.0,0,2,0.0,0.0,0.0,0.0
17061,17,5,11985,207.0,689.0,115,56.0,196.0,0,43.0,156.0,0,4,0.0,0.0,0.0,0.0
17063,17,10,52533,824.0,2251.0,17506,307.0,1026.0,10942,219.0,786.0,6,1,1.0,1.0,1.0,1.0
17065,17,3,7993,183.0,516.0,218,88.0,272.0,21,74.0,236.0,0,2,0.0,0.0,0.0,0.0
17067,17,7,17620,409.0,1010.0,1657,238.0,649.0,631,202.0,574.0,1,4,1.0,0.0,1.0,0.0
17069,17,2,3649,139.0,286.0,850,117.0,223.0,38,113.0,212.0,0,2,0.0,0.0,0.0,0.0
17071,17,3,6387,118.0,374.0,185,81.0,267.0,0,74.0,246.0,0,2,0.0,0.0,0.0,0.0
17073,17,14,49284,1338.0,2696.0,9200,547.0,1112.0,6022,410.0,861.0,7,7,4.0,3.0,4.0,2.0
17075,17,9,27077,515.0,1623.0,391,271.0,872.0,19,250.0,805.0,1,4,0.0,0.0,0.0,0.0
17077,17,17,52974,2647.0,4243.0,8736,961.0,1811.0,4054,622.0,1355.0,8,9,4.0,5.0,2.0,4.0
17079,17,3,9287,167.0,525.0,987,73.0,304.0,270,71.0,291.0,0,1,0.0,0.0,0.0,0.0
17081,17,11,37113,932.0,2537.0,7743,461.0,1197.0,5106,383.0,1004.0,7,7,2.0,2.0,2.0,2.0
17083,17,6,21512,371.0,945.0,2506,206.0,591.0,1846,183.0,530.0,1,1,0.0,1.0,0.0,0.0
17085,17,7,22035,729.0,874.0,980,616.0,732.0,0,528.0,673.0,0,1,0.0,2.0,0.0,2.0
17087,17,4,13308,177.0,530.0,168,148.0,450.0,10,137.0,419.0,0,3,0.0,1.0,0.0,1.0
17089,17,104,516522,8597.0,20253.0,154863,2110.0,3700.0,86692,1127.0,2034.0,95,35,5.0,13.0,1.0,5.0
17091,17,30,107502,2700.0,6532.0,18165,706.0,2040.0,7333,457.0,1344.0,19,16,3.0,3.0,2.0,1.0
17093,17,21,131869,978.0,3907.0,40831,453.0,1909.0,17299,226.0,896.0,15,2,0.0,2.0,0.0,1.0
17095,17,16,49967,1802.0,3235.0,8768,539.0,1059.0,5469,398.0,798.0,10,8,2.0,4.0,2.0,2.0
17097,17,159,714342,11807.0,24166.0,233743,3349.0,5545.0,111226,1572.0,2749.0,149,38,5.0,18.0,2.0,10.0
17099,17,28,109658,2716.0,6729.0,11267,686.0,1748.0,5260,487.0,1226.0,17,14,2.0,0.0,2.0,0.0
17101,17,5,15280,313.0,805.0,1487,141.0,373.0,831,99.0,234.0,2,3,1.0,1.0,1.0,0.0
17103,17,9,34145,875.0,2048.0,4664,329.0,777.0,3322,269.0,644.0,3,3,0.0,1.0,0.0,1.0
17105,17,10,35815,811.0,2146.0,2813,339.0,1086.0,128,206.0,733.0,2,2,0.0,1.0,0.0,0.0
17107,17,8,27987,768.0,2068.0,2336,204.0,744.0,1320,164.0,642.0,4,3,1.0,1.0,1.0,0.0
17109,17,11,27238,1112.0,1680.0,3814,390.0,645.0,1948,264.0,406.0,6,7,2.0,2.0,0.0,2.0
17111,17,64,310229,4076.0,8679.0,103251,1784.0,4240.0,58168,993.0,2689.0,45,8,4.0,4.0,1.0,3.0
17113,17,47,170954,4165.0,7245.0,31246,706.0,1707.0,14348,443.0,1140.0,36,19,3.0,4.0,1.0,1.0
17115,17,37,103998,4124.0,8595.0,25355,670.0,1345.0,13431,346.0,752.0,32,23,2.0,8.0,1.0,3.0
17117,17,13,44967,783.0,2712.0,682,274.0,809.0,92,218.0,643.0,3,7,0.0,0.0,0.0,0.0
17119,17,63,265859,6229.0,15129.0,57064,1366.0,3092.0,26616,659.0,1644.0,50,30,5.0,7.0,0.0,5.0
17121,17,12,37729,1083.0,3073.0,2673,252.0,995.0,711,166.0,756.0,6,7,0.0,1.0,0.0,0.0
17123,17,5,11742,184.0,687.0,49,75.0,328.0,0,68.0,301.0,0,2,0.0,0.0,0.0,0.0
17125,17,6,13086,455.0,898.0,379,99.0,318.0,10,85.0,290.0,0,3,0.0,0.0,0.0,0.0
17127,17,4,14169,279.0,931.0,991,82.0,374.0,172,69.0,312.0,2,2,0.0,0.0,0.0,0.0
17129,17,3,12297,288.0,759.0,4,164.0,477.0,0,145.0,431.0,0,0,0.0,1.0,0.0,1.0
17131,17,4,15699,187.0,652.0,103,120.0,364.0,0,108.0,333.0,0,0,0.0,0.0,0.0,0.0
17133,17,7,34962,558.0,615.0,7599,206.0,319.0,5172,158.0,275.0,3,0,0.0,2.0,0.0,1.0
17135,17,8,28288,742.0,1747.0,1744,254.0,736.0,842,216.0,629.0,3,3,0.0,1.0,0.0,0.0
17137,17,10,32915,724.0,2124.0,2408,113.0,523.0,1396,85.0,425.0,6,4,1.0,0.0,1.0,0.0
17139,17,4,14526,775.0,688.0,100,471.0,292.0,3,444.0,266.0,1,1,0.0,1.0,0.0,1.0
17141,17,13,51788,1144.0,2231.0,3478,409.0,938.0,2494,310.0,761.0,2,4,1.0,1.0,0.0,1.0
17143,17,49,181830,6264.0,13992.0,21542,1106.0,1995.0,8156,604.0,1045.0,39,32,5.0,9.0,1.0,6.0
17145,17,6,20945,513.0,1494.0,722,224.0,680.0,351,186.0,573.0,1,5,1.0,1.0,0.0,0.0
17147,17,4,16673,142.0,433.0,1906,70.0,245.0,1154,57.0,213.0,1,0,0.0,0.0,0.0,0.0
17149,17,5,14739,204.0,951.0,464,122.0,614.0,112,108.0,551.0,0,4,0.0,0.0,0.0,0.0
17151,17,2,3763,76.0,126.0,1262,65.0,109.0,136,64.0,107.0,0,1,1.0,0.0,0.0,0.0
17153,17,2,5193,143.0,444.0,0,98.0,304.0,0,87.0,270.0,0,2,0.0,0.0,0.0,0.0
17155,17,2,5637,80.0,205.0,7,62.0,143.0,0,60.0,136.0,0,1,0.0,0.0,0.0,0.0
17157,17,10,30163,804.0,1538.0,1342,271.0,521.0,760,152.0,322.0,2,4,0.0,1.0,0.0,1.0
17159,17,5,15813,544.0,1014.0,1234,132.0,353.0,393,94.0,288.0,3,4,1.0,1.0,0.0,1.0
17161,17,43,144672,5286.0,9845.0,12838,728.0,1469.0,3241,354.0,748.0,36,27,5.0,5.0,2.0,2.0
17163,17,68,257400,7567.0,16293.0,42545,1546.0,3681.0,17452,687.0,1690.0,55,32,6.0,14.0,3.0,7.0
17165,17,9,23768,963.0,2622.0,3028,337.0,1217.0,1507,198.0,833.0,3,7,2.0,1.0,1.0,1.0
17167,17,54,196343,6438.0,13108.0,29770,926.0,1896.0,14803,586.0,1182.0,41,25,1.0,7.0,1.0,3.0
17169,17,3,6902,136.0,318.0,268,74.0,175.0,0,62.0,146.0,0,2,0.0,0.0,0.0,0.0
17171,17,2,4949,99.0,332.0,11,72.0,241.0,0,68.0,228.0,0,1,0.0,0.0,0.0,0.0
17173,17,6,20990,438.0,1245.0,450,186.0,631.0,94,163.0,569.0,1,2,0.0,0.0,0.0,0.0
17175,17,2,5400,56.0,264.0,4,40.0,197.0,0,37.0,184.0,0,0,0.0,0.0,0.0,0.0
17177,17,13,44630,1526.0,3291.0,6430,485.0,941.0,2801,274.0,500.0,6,8,3.0,3.0,1.0,1.0
17179,17,30,131343,2978.0,5605.0,29767,1088.0,1728.0,11141,623.0,833.0,22,7,3.0,5.0,0.0,4.0
17181,17,5,17244,656.0,1191.0,1900,270.0,556.0,971,229.0,473.0,2,2,1.0,2.0,1.0,2.0
17183,17,24,74188,2748.0,5877.0,12639,1081.0,2342.0,5050,392.0,1052.0,13,17,6.0,5.0,1.0,5.0
17185,17,4,11361,521.0,966.0,2368,208.0,392.0,1259,142.0,271.0,3,3,2.0,2.0,2.0,1.0
17187,17,5,16835,470.0,1083.0,2257,157.0,401.0,1033,126.0,331.0,2,3,2.0,1.0,1.0,1.0
17189,17,4,13761,152.0,549.0,73,117.0,390.0,0,107.0,336.0,0,1,0.0,0.0,0.0,0.0
17191,17,5,16179,494.0,961.0,2523,265.0,508.0,1034,234.0,440.0,2,3,1.0,2.0,0.0,1.0
17193,17,5,13877,537.0,1061.0,1456,217.0,469.0,387,188.0,420.0,2,5,1.0,0.0,0.0,0.0
17195,17,19,55691,1344.0,3252.0,6608,332.0,973.0,4191,267.0,806.0,11,9,3.0,3.0,1.0,2.0
17197,17,172,696355,9521.0,24658.0,234362,2562.0,6888.0,108333,1203.0,3602.0,153,37,8.0,12.0,3.0,4.0
17199,17,18,67153,1735.0,4817.0,10401,603.0,1941.0,5931,437.0,1460.0,10,8,2.0,2.0,2.0,2.0
17201,17,80,285350,9962.0,23722.0,49462,1169.0,2962.0,19998,476.0,1338.0,72,42,6.0,10.0,1.0,3.0
17203,17,9,38467,479.0,801.0,8730,292.0,481.0,5350,227.0,383.0,2,1,0.0,1.0,0.0,0.0
18001,18,7,35809,1626.0,816.0,3972,1265.0,376.0,2524,1122.0,280.0,2,2,1.0,4.0,1.0,4.0
18003,18,96,385410,10665.0,14273.0,106107,2433.0,2414.0,47711,1355.0,1091.0,83,40,7.0,14.0,3.0,7.0
18005,18,16,82208,1740.0,2474.0,16546,527.0,785.0,10988,413.0,617.0,10,4,0.0,3.0,0.0,2.0
18007,18,3,8719,165.0,403.0,89,106.0,253.0,0,94.0,233.0,0,1,0.0,0.0,0.0,0.0
18009,18,4,12112,492.0,754.0,288,105.0,219.0,30,83.0,183.0,2,2,0.0,0.0,0.0,0.0
18011,18,11,70812,685.0,1067.0,19490,272.0,541.0,12427,134.0,413.0,6,1,1.0,1.0,0.0,1.0
18013,18,5,15475,237.0,332.0,377,210.0,298.0,4,198.0,281.0,0,1,0.0,0.0,0.0,0.0
18015,18,7,20306,368.0,423.0,11,200.0,211.0,0,166.0,166.0,0,1,0.0,0.0,0.0,0.0
18017,18,11,37870,745.0,1420.0,507,246.0,367.0,60,206.0,299.0,5,5,0.0,0.0,0.0,0.0
18019,18,27,121093,2584.0,3939.0,26076,799.0,1059.0,9606,480.0,583.0,20,7,1.0,4.0,0.0,2.0
18021,18,6,26466,440.0,820.0,9693,168.0,351.0,7961,133.0,278.0,4,1,1.0,0.0,1.0,0.0
18023,18,8,33190,508.0,861.0,775,166.0,253.0,28,136.0,208.0,4,2,0.0,0.0,0.0,0.0
18025,18,3,10526,238.0,536.0,228,192.0,469.0,0,175.0,439.0,0,3,0.0,1.0,0.0,1.0
18027,18,8,33381,1612.0,1220.0,1128,1130.0,333.0,248,1061.0,254.0,3,2,0.0,3.0,0.0,3.0
18029,18,13,50679,832.0,1571.0,12002,471.0,1018.0,8594,310.0,780.0,4,1,0.0,1.0,0.0,1.0
18031,18,6,26472,347.0,597.0,1858,209.0,372.0,1182,183.0,328.0,2,0,0.0,0.0,0.0,0.0
18033,18,9,43265,995.0,1082.0,8414,527.0,620.0,3983,409.0,424.0,3,1,0.0,3.0,0.0,3.0
18035,18,34,111903,3308.0,6562.0,21975,592.0,1395.0,11460,357.0,829.0,26,20,5.0,2.0,2.0,1.0
18037,18,9,43637,736.0,746.0,8312,237.0,212.0,5923,155.0,122.0,4,3,3.0,1.0,0.0,1.0
18039,18,45,207047,5618.0,5087.0,48254,3106.0,1711.0,21461,2368.0,867.0,32,14,7.0,13.0,3.0,13.0
18041,18,7,23398,690.0,1326.0,1911,130.0,353.0,617,70.0,235.0,4,4,1.0,2.0,0.0,1.0
18043,18,20,80484,1841.0,2417.0,12989,359.0,462.0,5145,171.0,249.0,14,7,1.0,2.0,0.0,1.0
18045,18,5,16479,223.0,610.0,5,127.0,356.0,0,113.0,312.0,0,3,0.0,0.0,0.0,0.0
18047,18,5,22785,598.0,420.0,24,410.0,300.0,0,365.0,271.0,0,2,0.0,1.0,0.0,1.0
18049,18,6,20480,482.0,996.0,722,276.0,450.0,8,231.0,346.0,1,2,1.0,1.0,0.0,1.0
18051,18,8,33011,544.0,1096.0,870,196.0,437.0,250,149.0,339.0,2,2,1.0,0.0,0.0,0.0
18053,18,16,66674,1707.0,3698.0,4681,516.0,792.0,2484,389.0,571.0,10,11,3.0,3.0,1.0,2.0
18055,18,9,30803,813.0,1404.0,495,465.0,755.0,154,412.0,664.0,2,4,0.0,2.0,0.0,2.0
18057,18,57,347467,3260.0,3433.0,184355,1540.0,1800.0,91408,652.0,1022.0,50,2,1.0,6.0,1.0,5.0
18059,18,15,79840,995.0,1517.0,12904,468.0,663.0,7997,344.0,441.0,7,1,0.0,1.0,0.0,1.0
18061,18,9,39654,617.0,935.0,317,483.0,660.0,0,407.0,544.0,0,1,0.0,2.0,0.0,2.0
18063,18,31,174788,2217.0,2220.0,75658,1071.0,1188.0,47134,639.0,814.0,23,1,0.0,3.0,0.0,2.0
18065,18,13,48914,1064.0,1889.0,3823,328.0,618.0,2372,263.0,507.0,7,7,1.0,1.0,0.0,0.0
18067,18,21,83658,2597.0,4070.0,8357,288.0,353.0,3831,150.0,248.0,15,9,1.0,3.0,0.0,1.0
18069,18,9,36662,719.0,1692.0,5664,298.0,817.0,3405,201.0,614.0,4,3,2.0,2.0,1.0,1.0
18071,18,11,46428,1034.0,1571.0,4851,384.0,621.0,1243,242.0,390.0,5,4,2.0,2.0,0.0,1.0
18073,18,8,32918,295.0,685.0,7,178.0,420.0,0,144.0,340.0,0,3,0.0,1.0,0.0,0.0
18075,18,7,20478,639.0,757.0,793,357.0,299.0,312,336.0,266.0,2,4,0.0,1.0,0.0,1.0
18077,18,7,33147,435.0,1274.0,1697,221.0,634.0,1006,188.0,483.0,2,2,0.0,0.0,0.0,0.0
18079,18,6,27613,599.0,873.0,257,410.0,625.0,78,329.0,478.0,1,2,0.0,2.0,0.0,2.0
18081,18,28,161765,2083.0,4075.0,42818,694.0,1292.0,19514,371.0,678.0,22,4,2.0,3.0,1.0,0.0
18083,18,11,36282,1143.0,1963.0,6154,389.0,754.0,4111,298.0,577.0,6,6,0.0,1.0,0.0,1.0
18085,18,21,80240,1772.0,1652.0,11540,1082.0,1094.0,7434,927.0,912.0,8,3,1.0,4.0,1.0,2.0
18087,18,9,40446,3764.0,597.0,0,3388.0,468.0,0,3147.0,416.0,0,0,0.0,8.0,0.0,8.0
18089,18,131,498700,14036.0,25127.0,93920,1581.0,2311.0,36168,629.0,877.0,124,79,11.0,8.0,1.0,3.0
18091,18,30,112417,2079.0,4318.0,17370,638.0,1624.0,8282,395.0,1104.0,19,14,5.0,2.0,4.0,1.0
18093,18,13,45011,927.0,1583.0,3315,378.0,704.0,1133,187.0,474.0,4,3,1.0,1.0,0.0,1.0
18095,18,39,130129,3244.0,7365.0,17719,560.0,1414.0,9342,335.0,906.0,28,22,2.0,3.0,0.0,0.0
18097,18,253,977203,33157.0,49932.0,196313,4091.0,6179.0,51656,787.0,1527.0,249,140,26.0,43.0,5.0,21.0
18099,18,12,46095,1175.0,1133.0,2121,788.0,587.0,295,715.0,494.0,3,4,0.0,1.0,0.0,1.0
18101,18,3,9812,176.0,284.0,52,90.0,161.0,0,69.0,129.0,0,1,0.0,0.0,0.0,0.0
18103,18,10,35962,685.0,1539.0,6219,231.0,752.0,4950,195.0,661.0,4,5,1.0,1.0,1.0,1.0
18105,18,33,139718,4954.0,3564.0,29169,1101.0,1200.0,13966,625.0,697.0,24,15,2.0,9.0,0.0,6.0
18107,18,9,37936,867.0,1442.0,1351,326.0,473.0,374,254.0,351.0,3,1,0.0,0.0,0.0,0.0
18109,18,17,71780,1027.0,2209.0,11999,507.0,1193.0,8166,410.0,940.0,6,7,1.0,1.0,0.0,0.0
18111,18,4,13830,173.0,486.0,11,117.0,295.0,0,102.0,262.0,0,4,0.0,0.0,0.0,0.0
18113,18,10,47457,1837.0,923.0,2252,925.0,503.0,1562,787.0,427.0,2,2,1.0,4.0,1.0,4.0
18115,18,2,5940,140.0,90.0,2,94.0,51.0,0,87.0,47.0,0,1,0.0,0.0,0.0,0.0
18117,18,6,19867,535.0,920.0,170,341.0,507.0,0,305.0,444.0,0,1,0.0,1.0,0.0,1.0
18119,18,6,21321,269.0,838.0,25,189.0,653.0,0,160.0,569.0,0,3,0.0,1.0,0.0,0.0
18121,18,5,16156,524.0,781.0,80,420.0,536.0,0,391.0,469.0,0,2,0.0,1.0,0.0,1.0
18123,18,5,19170,429.0,801.0,3174,143.0,324.0,1300,101.0,247.0,2,3,2.0,1.0,1.0,0.0
18125,18,4,12250,209.0,478.0,52,142.0,308.0,0,123.0,267.0,0,1,0.0,0.0,0.0,0.0
18127,18,42,173215,2320.0,3825.0,48602,955.0,1560.0,23035,543.0,799.0,30,10,4.0,4.0,1.0,3.0
18129,18,7,25222,326.0,735.0,709,140.0,309.0,44,116.0,245.0,2,2,0.0,0.0,0.0,0.0
18131,18,4,12514,298.0,401.0,9,180.0,265.0,0,142.0,225.0,0,1,0.0,0.0,0.0,0.0
18133,18,9,36726,499.0,1150.0,3683,304.0,750.0,2193,270.0,666.0,3,1,1.0,0.0,0.0,0.0
18135,18,8,24502,684.0,1552.0,2238,338.0,725.0,1206,292.0,615.0,3,3,3.0,0.0,1.0,0.0
18137,18,7,28995,504.0,845.0,2280,350.0,529.0,1846,292.0,446.0,1,0,0.0,0.0,0.0,0.0
18139,18,5,16752,353.0,674.0,998,130.0,299.0,341,100.0,246.0,2,1,0.0,0.0,0.0,0.0
18141,18,82,272912,7204.0,10469.0,61823,1228.0,1186.0,31037,678.0,627.0,73,35,2.0,7.0,0.0,2.0
18143,18,5,24384,349.0,1400.0,1045,188.0,633.0,249,159.0,523.0,1,2,1.0,1.0,0.0,1.0
18145,18,10,45055,999.0,1486.0,3472,356.0,588.0,1540,260.0,491.0,4,5,2.0,1.0,1.0,1.0
18147,18,6,19810,221.0,540.0,0,155.0,381.0,0,133.0,328.0,0,2,0.0,0.0,0.0,0.0
18149,18,7,23371,595.0,1121.0,0,351.0,640.0,0,266.0,517.0,0,4,0.0,2.0,0.0,2.0
18151,18,9,34435,757.0,999.0,7249,478.0,580.0,5189,369.0,438.0,3,1,1.0,2.0,0.0,2.0
18153,18,8,20817,385.0,863.0,494,206.0,480.0,198,172.0,405.0,1,5,0.0,0.0,0.0,0.0
18155,18,3,9737,252.0,502.0,24,188.0,377.0,0,150.0,300.0,0,1,0.0,0.0,0.0,0.0
18157,18,43,186251,7328.0,5470.0,42804,1241.0,1511.0,23343,649.0,905.0,38,23,5.0,13.0,4.0,6.0
18159,18,5,15359,149.0,421.0,1992,56.0,213.0,1784,52.0,199.0,2,2,1.0,0.0,1.0,0.0
18161,18,2,7087,130.0,182.0,11,95.0,128.0,0,87.0,116.0,0,0,0.0,0.0,0.0,0.0
18163,18,59,180136,6246.0,8778.0,39354,674.0,738.0,18262,356.0,315.0,53,30,4.0,6.0,1.0,2.0
18165,18,5,15439,337.0,757.0,409,115.0,359.0,212,99.0,317.0,1,2,0.0,0.0,0.0,0.0
18167,18,32,106153,3365.0,5726.0,13931,641.0,947.0,7706,416.0,598.0,25,19,2.0,3.0,0.0,2.0
18169,18,8,30976,571.0,898.0,2433,191.0,305.0,874,141.0,233.0,4,2,0.0,0.0,0.0,0.0
18171,18,3,8440,69.0,250.0,186,47.0,191.0,0,37.0,159.0,0,0,0.0,0.0,0.0,0.0
18173,18,16,63898,756.0,911.0,14516,315.0,371.0,6780,198.0,231.0,10,1,0.0,1.0,0.0,1.0
18175,18,7,28182,478.0,1235.0,347,344.0,896.0,0,320.0,816.0,1,3,0.0,1.0,0.0,0.0
18177,18,18,66553,2403.0,4080.0,6848,651.0,1012.0,2596,427.0,635.0,10,6,2.0,5.0,0.0,3.0
18179,18,7,28180,471.0,666.0,3745,176.0,370.0,1443,107.0,276.0,3,1,1.0,0.0,0.0,0.0
18181,18,9,24688,330.0,637.0,456,133.0,266.0,22,103.0,209.0,1,3,0.0,0.0,0.0,0.0
18183,18,8,34191,553.0,906.0,3142,373.0,573.0,1951,323.0,490.0,2,1,0.0,1.0,0.0,1.0
19001,19,3,7496,141.0,318.0,339,56.0,181.0,78,39.0,149.0,0,0,0.0,0.0,0.0,0.0
19003,19,2,3704,84.0,146.0,378,48.0,94.0,98,40.0,84.0,0,0,0.0,0.0,0.0,0.0
19005,19,5,14061,222.0,494.0,795,140.0,260.0,75,119.0,195.0,0,0,0.0,0.0,0.0,0.0
19007,19,5,12317,360.0,689.0,2487,150.0,314.0,926,123.0,264.0,2,4,1.0,0.0,0.0,0.0
19009,19,3,5674,196.0,218.0,119,69.0,118.0,0,48.0,102.0,0,0,0.0,1.0,0.0,0.0
19011,19,7,25575,340.0,491.0,910,128.0,255.0,301,98.0,220.0,1,1,1.0,0.0,0.0,0.0
19013,19,39,131144,3455.0,6077.0,14081,433.0,813.0,5724,166.0,410.0,32,20,2.0,3.0,0.0,0.0
19015,19,7,26715,598.0,524.0,1900,258.0,184.0,252,216.0,135.0,3,1,1.0,0.0,0.0,0.0
19017,19,8,24988,250.0,518.0,3857,105.0,257.0,2177,80.0,201.0,3,1,0.0,0.0,0.0,0.0
19019,19,6,20565,546.0,544.0,1070,293.0,326.0,363,242.0,282.0,1,0,0.0,1.0,0.0,1.0
19021,19,6,20823,126.0,754.0,4222,70.0,379.0,3113,62.0,332.0,2,0,0.0,0.0,0.0,0.0
19023,19,5,14334,209.0,411.0,22,122.0,259.0,0,102.0,225.0,0,0,0.0,0.0,0.0,0.0
19025,19,4,9927,137.0,378.0,200,91.0,254.0,11,81.0,225.0,0,1,0.0,0.0,0.0,0.0
19027,19,6,20760,429.0,522.0,2954,194.0,216.0,1482,159.0,169.0,2,0,0.0,0.0,0.0,0.0
19029,19,5,13127,335.0,699.0,2824,164.0,346.0,891,95.0,227.0,2,1,1.0,1.0,0.0,0.0
19031,19,5,18505,195.0,497.0,61,104.0,323.0,0,95.0,295.0,0,0,0.0,0.0,0.0,0.0
19033,19,12,43127,979.0,1760.0,8433,317.0,477.0,3254,217.0,346.0,8,3,1.0,1.0,0.0,1.0
19035,19,5,11658,289.0,353.0,2613,158.0,180.0,1113,130.0,141.0,2,0,0.0,0.0,0.0,0.0
19037,19,4,12012,148.0,249.0,800,100.0,148.0,137,85.0,109.0,0,0,0.0,0.0,0.0,0.0
19039,19,3,9748,510.0,469.0,1307,100.0,123.0,242,52.0,82.0,1,2,1.0,1.0,0.0,1.0
19041,19,5,16384,401.0,683.0,4307,142.0,265.0,1753,91.0,192.0,3,1,1.0,1.0,0.0,0.0
19043,19,6,17043,516.0,504.0,935,425.0,404.0,7,393.0,372.0,0,2,1.0,1.0,0.0,1.0
19045,19,12,46460,1404.0,2491.0,12876,389.0,706.0,6123,241.0,467.0,9,4,2.0,1.0,0.0,0.0
19047,19,6,16525,215.0,666.0,5059,136.0,389.0,2503,104.0,281.0,2,3,3.0,0.0,2.0,0.0
19049,19,19,99678,1211.0,2337.0,19205,377.0,756.0,6199,216.0,447.0,14,3,2.0,1.0,0.0,1.0
19051,19,2,9110,500.0,215.0,1017,440.0,190.0,301,434.0,187.0,0,0,0.0,1.0,0.0,1.0
19053,19,3,7645,229.0,297.0,1135,146.0,197.0,477,120.0,166.0,0,2,1.0,0.0,0.0,0.0
19055,19,4,17488,630.0,630.0,1566,410.0,323.0,388,355.0,251.0,1,0,0.0,2.0,0.0,2.0
19057,19,11,38910,1253.0,1955.0,6837,316.0,614.0,1946,115.0,328.0,8,4,2.0,1.0,0.0,0.0
19059,19,6,17703,386.0,397.0,1921,165.0,184.0,656,113.0,143.0,2,1,0.0,1.0,0.0,1.0
19061,19,27,99266,2481.0,3275.0,15286,418.0,620.0,4703,244.0,427.0,19,9,1.0,0.0,0.0,0.0
19063,19,4,9388,247.0,344.0,1518,60.0,110.0,198,26.0,66.0,2,2,1.0,0.0,0.0,0.0
19065,19,7,19509,479.0,695.0,1385,160.0,282.0,501,107.0,225.0,2,3,1.0,0.0,0.0,0.0
19067,19,5,15627,433.0,540.0,2644,224.0,237.0,1254,178.0,190.0,2,1,0.0,1.0,0.0,0.0
19069,19,3,10019,173.0,289.0,75,80.0,154.0,11,59.0,121.0,0,1,0.0,0.0,0.0,0.0
19071,19,3,6605,67.0,329.0,315,42.0,235.0,66,37.0,214.0,0,0,0.0,0.0,0.0,0.0
19073,19,4,8771,126.0,321.0,577,87.0,223.0,0,79.0,205.0,0,1,0.0,0.0,0.0,0.0
19075,19,4,12329,166.0,226.0,14,105.0,117.0,0,96.0,106.0,0,0,0.0,0.0,0.0,0.0
19077,19,3,10623,186.0,365.0,155,128.0,260.0,41,122.0,248.0,0,0,0.0,0.0,0.0,0.0
19079,19,5,15039,300.0,517.0,1134,113.0,208.0,279,76.0,142.0,1,0,0.0,0.0,0.0,0.0
19081,19,4,10795,237.0,306.0,273,159.0,216.0,3,143.0,199.0,0,1,0.0,1.0,0.0,1.0
19083,19,6,16878,370.0,588.0,2394,189.0,298.0,1454,144.0,230.0,2,1,1.0,1.0,1.0,0.0
19085,19,5,14582,248.0,393.0,309,127.0,209.0,0,98.0,166.0,0,2,0.0,0.0,0.0,0.0
19087,19,5,20482,369.0,689.0,3751,196.0,401.0,1264,122.0,278.0,2,1,1.0,1.0,1.0,1.0
19089,19,3,9469,183.0,245.0,456,146.0,132.0,117,130.0,97.0,0,2,0.0,0.0,0.0,0.0
19091,19,4,9597,203.0,476.0,1507,70.0,240.0,391,44.0,197.0,2,1,0.0,0.0,0.0,0.0
19093,19,3,7005,141.0,232.0,1,86.0,139.0,0,71.0,116.0,0,1,0.0,0.0,0.0,0.0
19095,19,4,16662,242.0,450.0,513,170.0,324.0,34,153.0,293.0,0,1,0.0,1.0,0.0,0.0
19097,19,6,19485,427.0,865.0,2175,182.0,415.0,114,127.0,311.0,2,1,0.0,0.0,0.0,0.0
19099,19,10,37813,660.0,1105.0,1587,143.0,428.0,521,109.0,355.0,4,6,1.0,0.0,1.0,0.0
19101,19,5,15663,523.0,899.0,3581,195.0,445.0,1372,90.0,295.0,3,2,1.0,2.0,1.0,1.0
19103,19,36,152854,4518.0,3824.0,26473,1092.0,1001.0,6045,506.0,474.0,27,17,6.0,8.0,1.0,4.0
19105,19,7,20646,242.0,868.0,1105,135.0,447.0,342,108.0,361.0,2,4,1.0,0.0,0.0,0.0
19107,19,4,10033,173.0,381.0,254,125.0,296.0,0,110.0,274.0,0,2,0.0,0.0,0.0,0.0
19109,19,6,14828,400.0,304.0,2473,183.0,199.0,1071,148.0,181.0,2,1,1.0,1.0,0.0,0.0
19111,19,11,33555,711.0,1939.0,3650,171.0,596.0,1812,113.0,450.0,6,6,3.0,0.0,2.0,0.0
19113,19,54,230299,4658.0,7780.0,53645,841.0,1388.0,25830,474.0,703.0,45,19,3.0,7.0,0.0,2.0
19115,19,3,10837,231.0,581.0,153,165.0,425.0,0,145.0,375.0,0,0,0.0,0.0,0.0,0.0
19117,19,4,8634,287.0,367.0,930,94.0,193.0,296,79.0,176.0,0,3,0.0,0.0,0.0,0.0
19119,19,3,11934,160.0,144.0,122,135.0,101.0,0,128.0,92.0,0,0,0.0,0.0,0.0,0.0
19121,19,4,16548,445.0,408.0,1015,139.0,235.0,506,123.0,220.0,1,1,0.0,1.0,0.0,0.0
19123,19,7,22190,346.0,1134.0,1843,92.0,363.0,535,64.0,271.0,4,1,0.0,0.0,0.0,0.0
19125,19,10,33414,453.0,1057.0,5222,240.0,528.0,3096,205.0,445.0,5,1,0.0,0.0,0.0,0.0
19127,19,11,40105,858.0,1425.0,4339,193.0,480.0,1131,127.0,330.0,6,4,0.0,1.0,0.0,0.0
19129,19,5,14484,261.0,350.0,2778,135.0,195.0,1406,109.0,164.0,2,0,0.0,1.0,0.0,0.0
19131,19,3,10565,140.0,352.0,383,75.0,220.0,0,48.0,166.0,0,1,0.0,0.0,0.0,0.0
19133,19,4,8751,163.0,340.0,1144,48.0,176.0,369,36.0,156.0,0,2,1.0,0.0,0.0,0.0
19135,19,3,7577,173.0,241.0,701,116.0,171.0,439,104.0,152.0,0,0,0.0,0.0,0.0,0.0
19137,19,4,10330,183.0,667.0,1767,44.0,261.0,841,33.0,187.0,2,1,1.0,0.0,1.0,0.0
19139,19,10,43235,662.0,2093.0,5896,231.0,524.0,2035,140.0,338.0,6,3,0.0,1.0,0.0,0.0
19141,19,4,14182,275.0,450.0,677,171.0,227.0,214,154.0,200.0,1,0,0.0,0.0,0.0,0.0
19143,19,2,6192,38.0,228.0,899,19.0,107.0,60,15.0,80.0,0,1,0.0,0.0,0.0,0.0
19145,19,6,15211,471.0,798.0,2030,113.0,222.0,986,80.0,169.0,3,3,0.0,1.0,0.0,1.0
19147,19,4,8996,130.0,380.0,481,64.0,207.0,192,49.0,166.0,0,0,0.0,0.0,0.0,0.0
19149,19,6,25698,389.0,683.0,5666,220.0,384.0,2351,164.0,291.0,2,0,0.0,1.0,0.0,1.0
19151,19,3,7078,139.0,229.0,2,87.0,144.0,0,79.0,132.0,0,1,0.0,0.0,0.0,0.0
19153,19,112,492401,12002.0,20165.0,65295,1122.0,2397.0,19886,360.0,922.0,105,46,6.0,8.0,1.0,6.0
19155,19,30,93667,2383.0,3693.0,16840,713.0,966.0,7411,391.0,474.0,20,13,2.0,3.0,0.0,2.0
19157,19,5,18662,563.0,735.0,1923,166.0,312.0,872,125.0,264.0,2,0,0.0,1.0,0.0,0.0
19159,19,2,4663,114.0,249.0,1416,79.0,175.0,797,70.0,157.0,0,0,0.0,0.0,0.0,0.0
19161,19,4,9814,227.0,321.0,0,132.0,207.0,0,119.0,185.0,0,0,0.0,0.0,0.0,0.0
19163,19,48,174669,4911.0,7544.0,19619,597.0,858.0,5433,266.0,447.0,41,18,1.0,8.0,1.0,3.0
19165,19,4,11746,156.0,356.0,2086,88.0,209.0,811,82.0,200.0,1,1,0.0,0.0,0.0,0.0
19167,19,9,35872,372.0,360.0,3994,265.0,246.0,461,234.0,215.0,4,0,0.0,1.0,0.0,1.0
19169,19,27,98537,2256.0,1780.0,17373,557.0,543.0,7561,319.0,345.0,19,9,3.0,3.0,1.0,2.0
19171,19,6,17135,171.0,647.0,902,84.0,379.0,180,75.0,327.0,1,2,0.0,0.0,0.0,0.0
19173,19,3,5896,107.0,252.0,847,81.0,177.0,114,75.0,158.0,0,2,0.0,0.0,0.0,0.0
19175,19,4,12138,303.0,890.0,1544,91.0,195.0,222,69.0,119.0,2,3,1.0,0.0,0.0,0.0
19177,19,2,7203,294.0,232.0,21,211.0,166.0,0,191.0,151.0,0,1,0.0,1.0,0.0,1.0
19179,19,11,35437,923.0,2148.0,6129,252.0,506.0,2493,168.0,327.0,8,6,2.0,0.0,1.0,0.0
19181,19,14,52403,686.0,1270.0,8700,252.0,440.0,3954,183.0,264.0,8,0,0.0,1.0,0.0,0.0
19183,19,6,22565,427.0,728.0,1495,195.0,289.0,581,156.0,225.0,2,3,1.0,0.0,1.0,0.0
19185,19,3,6497,172.0,264.0,738,136.0,187.0,230,130.0,172.0,0,1,0.0,1.0,0.0,0.0
19187,19,13,36999,1035.0,1691.0,7264,226.0,463.0,2652,143.0,323.0,7,4,0.0,0.0,0.0,0.0
19189,19,3,10679,271.0,466.0,90,118.0,261.0,0,76.0,206.0,0,0,0.0,0.0,0.0,0.0
19191,19,5,20070,368.0,256.0,2303,187.0,184.0,931,149.0,167.0,1,0,0.0,0.0,0.0,0.0
19193,19,29,105941,2489.0,5147.0,19942,537.0,1051.0,7270,262.0,453.0,25,12,5.0,4.0,1.0,2.0
19195,19,3,7443,147.0,212.0,271,87.0,161.0,3,83.0,156.0,0,0,0.0,0.0,0.0,0.0
19197,19,5,12943,238.0,511.0,86,120.0,279.0,0,97.0,230.0,0,2,0.0,0.0,0.0,0.0
20001,20,5,12526,385.0,467.0,1365,166.0,256.0,427,108.0,191.0,1,1,1.0,0.0,0.0,0.0
20003,20,2,7836,230.0,167.0,1674,159.0,120.0,641,144.0,109.0,0,0,0.0,1.0,0.0,1.0
20005,20,5,16348,440.0,626.0,2654,100.0,225.0,1233,82.0,164.0,3,2,1.0,0.0,1.0,0.0
20007,20,2,4228,60.0,52.0,1077,38.0,32.0,689,32.0,28.0,0,0,0.0,0.0,0.0,0.0
20009,20,8,25493,464.0,724.0,4445,106.0,228.0,3584,90.0,199.0,4,4,1.0,0.0,1.0,0.0
20011,20,5,14360,245.0,455.0,1419,97.0,227.0,610,73.0,194.0,1,1,0.0,0.0,0.0,0.0
20013,20,3,9508,177.0,439.0,729,101.0,265.0,223,82.0,218.0,0,1,0.0,0.0,0.0,0.0
20015,20,19,67380,1001.0,1641.0,11290,391.0,682.0,4870,293.0,539.0,9,5,1.0,1.0,0.0,1.0
20017,20,1,2572,56.0,64.0,777,48.0,55.0,217,46.0,52.0,0,0,0.0,0.0,0.0,0.0
20019,20,1,3379,54.0,190.0,541,38.0,134.0,38,36.0,128.0,0,1,1.0,0.0,0.0,0.0
20021,20,6,19362,390.0,1035.0,32,166.0,482.0,0,120.0,378.0,0,4,0.0,0.0,0.0,0.0
20023,20,1,2616,35.0,47.0,680,21.0,28.0,443,20.0,26.0,0,1,1.0,0.0,0.0,0.0
20025,20,1,1991,23.0,38.0,372,10.0,16.0,273,9.0,15.0,0,0,0.0,0.0,0.0,0.0
20027,20,2,8117,239.0,252.0,1961,116.0,106.0,938,90.0,75.0,1,1,1.0,0.0,0.0,0.0
20029,20,4,9032,248.0,190.0,2728,96.0,68.0,1832,75.0,51.0,2,4,3.0,0.0,2.0,0.0
20031,20,3,8360,186.0,306.0,1797,123.0,204.0,1054,105.0,173.0,0,0,0.0,0.0,0.0,0.0
20033,20,1,1689,28.0,62.0,360,13.0,29.0,245,12.0,27.0,0,0,0.0,0.0,0.0,0.0
20035,20,11,34549,942.0,1556.0,7300,269.0,559.0,3131,137.0,387.0,7,8,5.0,2.0,2.0,1.0
20037,20,12,38972,1192.0,1886.0,3688,330.0,581.0,2199,274.0,475.0,6,9,2.0,1.0,2.0,1.0
20039,20,1,2764,51.0,68.0,860,23.0,30.0,757,21.0,29.0,0,1,1.0,0.0,1.0,0.0
20041,20,6,18402,373.0,458.0,3277,148.0,152.0,2064,133.0,135.0,2,0,0.0,0.0,0.0,0.0
20043,20,3,7510,74.0,204.0,607,52.0,134.0,141,46.0,115.0,0,0,0.0,0.0,0.0,0.0
20045,20,27,118785,3785.0,2652.0,14752,640.0,440.0,4807,316.0,255.0,22,11,1.0,9.0,0.0,5.0
20047,20,2,2907,71.0,52.0,634,23.0,18.0,501,22.0,18.0,0,1,0.0,0.0,0.0,0.0
20049,20,1,2483,72.0,73.0,545,60.0,60.0,282,58.0,59.0,0,1,1.0,0.0,0.0,0.0
20051,20,8,28934,468.0,736.0,3536,140.0,286.0,2049,110.0,228.0,5,2,1.0,0.0,0.0,0.0
20053,20,2,6376,74.0,164.0,1005,38.0,112.0,645,21.0,88.0,0,0,0.0,0.0,0.0,0.0
20055,20,12,38470,724.0,1503.0,7268,121.0,313.0,5455,88.0,232.0,10,4,1.0,0.0,1.0,0.0
20057,20,9,34287,498.0,870.0,3845,146.0,167.0,2345,112.0,116.0,4,2,1.0,0.0,0.0,0.0
20059,20,6,25996,324.0,594.0,3278,112.0,235.0,919,72.0,170.0,3,0,0.0,0.0,0.0,0.0
20061,20,11,36739,876.0,1297.0,9208,276.0,382.0,6587,206.0,222.0,7,7,3.0,1.0,2.0,1.0
20063,20,1,2718,18.0,31.0,1116,14.0,25.0,947,14.0,24.0,0,0,0.0,0.0,0.0,0.0
20065,20,1,2415,41.0,74.0,379,18.0,33.0,333,13.0,23.0,0,1,0.0,0.0,0.0,0.0
20067,20,2,7352,122.0,34.0,1172,9.0,3.0,732,4.0,1.0,1,1,0.0,0.0,0.0,0.0
20069,20,2,5653,50.0,46.0,1328,32.0,25.0,1062,31.0,22.0,0,0,0.0,0.0,0.0,0.0
20071,20,1,1284,24.0,11.0,376,15.0,7.0,320,15.0,7.0,0,0,0.0,0.0,0.0,0.0
20073,20,3,6016,150.0,324.0,750,87.0,124.0,424,78.0,96.0,0,2,0.0,0.0,0.0,0.0
20075,20,1,2518,13.0,22.0,1168,9.0,15.0,938,8.0,14.0,0,0,0.0,0.0,0.0,0.0
20077,20,3,5485,101.0,217.0,386,51.0,79.0,173,47.0,64.0,0,2,0.0,0.0,0.0,0.0
20079,20,7,34024,621.0,785.0,3263,161.0,280.0,1279,66.0,180.0,3,1,0.0,2.0,0.0,2.0
20081,20,1,3780,48.0,38.0,997,28.0,22.0,836,24.0,19.0,0,0,0.0,0.0,0.0,0.0
20083,20,1,1723,25.0,30.0,849,19.0,23.0,654,19.0,23.0,0,0,0.0,0.0,0.0,0.0
20085,20,3,13232,308.0,348.0,1557,164.0,178.0,702,148.0,158.0,0,0,0.0,0.0,0.0,0.0
20087,20,4,18368,315.0,222.0,613,255.0,177.0,332,241.0,169.0,0,0,0.0,2.0,0.0,1.0
20089,20,1,2932,24.0,62.0,1334,21.0,53.0,700,20.0,52.0,0,1,1.0,0.0,1.0,0.0
20091,20,154,609863,8669.0,5014.0,186173,1924.0,1199.0,84101,506.0,571.0,146,18,3.0,17.0,0.0,5.0
20093,20,1,3983,28.0,78.0,828,14.0,40.0,744,13.0,37.0,0,0,0.0,0.0,0.0,0.0
20095,20,3,7470,152.0,207.0,1317,98.0,136.0,770,82.0,116.0,0,2,1.0,0.0,1.0,0.0
20097,20,1,2460,26.0,41.0,771,17.0,28.0,624,17.0,26.0,0,0,0.0,0.0,0.0,0.0
20099,20,8,20184,431.0,755.0,3345,206.0,256.0,1813,174.0,193.0,4,5,2.0,0.0,1.0,0.0
20101,20,1,1574,11.0,20.0,523,7.0,12.0,368,6.0,12.0,0,0,0.0,0.0,0.0,0.0
20103,20,19,81881,1458.0,1698.0,22297,457.0,473.0,10294,288.0,199.0,12,4,0.0,2.0,0.0,0.0
20105,20,1,2939,37.0,84.0,1399,29.0,65.0,1035,27.0,62.0,0,0,0.0,0.0,0.0,0.0
20107,20,3,9591,218.0,360.0,1876,158.0,275.0,1238,143.0,254.0,0,2,1.0,0.0,0.0,0.0
20109,20,1,2762,58.0,98.0,1051,32.0,54.0,999,29.0,48.0,0,0,0.0,0.0,0.0,0.0
20111,20,12,32179,771.0,873.0,4782,129.0,173.0,960,68.0,118.0,9,6,2.0,1.0,0.0,1.0
20113,20,7,30223,358.0,328.0,4974,141.0,173.0,1885,86.0,130.0,3,1,1.0,1.0,1.0,0.0
20115,20,4,11823,164.0,290.0,1339,97.0,189.0,834,90.0,177.0,0,2,0.0,0.0,0.0,0.0
20117,20,4,10038,189.0,160.0,952,111.0,103.0,109,92.0,90.0,0,1,0.0,0.0,0.0,0.0
20119,20,2,4055,69.0,97.0,516,30.0,47.0,366,28.0,45.0,0,0,0.0,0.0,0.0,0.0
20121,20,8,34191,300.0,312.0,1454,150.0,172.0,913,125.0,150.0,1,1,0.0,0.0,0.0,0.0
20123,20,2,5796,201.0,137.0,582,89.0,61.0,228,67.0,47.0,0,1,0.0,1.0,0.0,0.0
20125,20,12,31486,871.0,1510.0,3158,298.0,439.0,1529,223.0,283.0,6,7,1.0,1.0,0.0,0.0
20127,20,2,5386,150.0,100.0,1576,66.0,61.0,1207,49.0,54.0,0,1,0.0,0.0,0.0,0.0
20129,20,1,2701,25.0,79.0,930,11.0,36.0,924,11.0,35.0,0,0,0.0,0.0,0.0,0.0
20131,20,3,10273,174.0,134.0,1488,133.0,111.0,668,122.0,106.0,0,0,0.0,0.0,0.0,0.0
20133,20,5,15904,298.0,625.0,3750,159.0,262.0,2226,124.0,186.0,3,2,2.0,1.0,1.0,0.0
20135,20,1,2687,25.0,38.0,1056,15.0,23.0,946,13.0,20.0,0,0,0.0,0.0,0.0,0.0
20137,20,1,5459,49.0,162.0,1151,32.0,105.0,890,29.0,96.0,0,1,1.0,0.0,1.0,0.0
20139,20,5,15766,191.0,464.0,75,119.0,304.0,0,100.0,263.0,0,1,0.0,0.0,0.0,0.0
20141,20,1,3500,37.0,129.0,1056,22.0,75.0,961,21.0,72.0,0,0,0.0,0.0,0.0,0.0
20143,20,2,5735,79.0,178.0,2178,56.0,132.0,1543,52.0,123.0,0,0,0.0,0.0,0.0,0.0
20145,20,2,6253,169.0,60.0,2895,75.0,30.0,2552,67.0,28.0,1,1,1.0,0.0,1.0,0.0
20147,20,3,4981,103.0,141.0,1139,57.0,81.0,782,45.0,64.0,0,1,1.0,0.0,0.0,0.0
20149,20,5,25348,163.0,409.0,3311,122.0,272.0,1940,110.0,228.0,1,0,0.0,0.0,0.0,0.0
20151,20,3,9157,192.0,176.0,2713,61.0,64.0,1528,38.0,50.0,2,2,2.0,0.0,1.0,0.0
20153,20,1,2561,25.0,109.0,1251,19.0,82.0,990,18.0,78.0,0,0,0.0,0.0,0.0,0.0
20155,20,17,61898,1232.0,2127.0,15172,494.0,724.0,10235,347.0,513.0,10,10,3.0,2.0,2.0,1.0
20157,20,3,4674,110.0,90.0,1133,69.0,66.0,866,64.0,63.0,0,2,0.0,0.0,0.0,0.0
20159,20,3,9427,141.0,269.0,899,67.0,134.0,395,59.0,121.0,0,1,0.0,0.0,0.0,0.0
20161,20,17,71959,1105.0,1843.0,30754,351.0,670.0,19353,189.0,433.0,14,10,6.0,2.0,3.0,0.0
20163,20,2,4919,137.0,77.0,1252,72.0,40.0,1066,68.0,38.0,0,0,0.0,0.0,0.0,0.0
20165,20,1,2956,50.0,88.0,1073,32.0,57.0,928,30.0,53.0,0,1,1.0,0.0,1.0,0.0
20167,20,2,6691,91.0,471.0,2157,37.0,128.0,1376,28.0,69.0,1,1,1.0,0.0,0.0,0.0
20169,20,13,54303,1586.0,1995.0,5443,145.0,162.0,2175,67.0,103.0,11,7,0.0,1.0,0.0,0.0
20171,20,1,5151,74.0,205.0,1203,35.0,97.0,922,32.0,89.0,0,0,0.0,0.0,0.0,0.0
20173,20,135,523824,11805.0,19278.0,66767,1270.0,1616.0,25809,548.0,740.0,121,70,8.0,11.0,2.0,6.0
20175,20,5,21964,697.0,711.0,1549,49.0,45.0,322,27.0,15.0,4,3,1.0,1.0,0.0,0.0
20177,20,46,178909,5555.0,6756.0,26470,665.0,993.0,13962,404.0,632.0,38,18,5.0,3.0,2.0,1.0
20179,20,1,2447,21.0,40.0,854,11.0,21.0,667,11.0,20.0,0,0,0.0,0.0,0.0,0.0
20181,20,2,5927,83.0,85.0,1127,19.0,40.0,746,13.0,35.0,1,1,1.0,0.0,0.0,0.0
20183,20,2,3570,62.0,89.0,1042,41.0,46.0,785,37.0,39.0,0,0,0.0,0.0,0.0,0.0
20185,20,2,4072,32.0,52.0,1505,21.0,37.0,1125,21.0,33.0,0,0,0.0,0.0,0.0,0.0
20187,20,1,2084,58.0,42.0,712,36.0,26.0,402,35.0,25.0,0,0,0.0,0.0,0.0,0.0
20189,20,2,5250,68.0,11.0,887,23.0,9.0,704,20.0,9.0,0,1,0.0,0.0,0.0,0.0
20191,20,6,22382,557.0,887.0,2965,300.0,469.0,1514,240.0,363.0,2,2,2.0,2.0,2.0,1.0
20193,20,2,7930,118.0,119.0,3881,65.0,60.0,2044,39.0,32.0,1,0,0.0,0.0,0.0,0.0
20195,20,1,2808,36.0,73.0,762,22.0,45.0,534,21.0,43.0,0,0,0.0,0.0,0.0,0.0
20197,20,2,6877,71.0,124.0,1102,61.0,106.0,646,59.0,102.0,0,0,0.0,0.0,0.0,0.0
20199,20,1,1512,9.0,43.0,706,6.0,29.0,628,6.0,28.0,0,0,0.0,0.0,0.0,0.0
20201,20,2,5530,58.0,128.0,1450,49.0,101.0,590,49.0,98.0,0,1,1.0,0.0,0.0,0.0
20203,20,1,2152,36.0,47.0,420,13.0,17.0,345,12.0,16.0,0,0,0.0,0.0,0.0,0.0
20205,20,4,8624,197.0,352.0,830,88.0,202.0,418,77.0,189.0,0,0,0.0,0.0,0.0,0.0
20207,20,2,3115,72.0,93.0,400,48.0,69.0,78,42.0,63.0,0,1,0.0,0.0,0.0,0.0
20209,20,64,169245,4277.0,7381.0,27645,414.0,692.0,14536,162.0,259.0,60,43,5.0,1.0,3.0,0.0
21001,21,7,18903,436.0,1208.0,72,323.0,936.0,0,269.0,797.0,0,4,0.0,1.0,0.0,0.0
21003,21,6,20588,446.0,1131.0,2924,359.0,864.0,1839,319.0,714.0,1,2,1.0,1.0,1.0,1.0
21005,21,6,23852,366.0,724.0,5239,261.0,408.0,2801,227.0,310.0,2,0,0.0,1.0,0.0,1.0
21007,21,3,7728,135.0,381.0,2,97.0,288.0,0,83.0,246.0,0,1,0.0,0.0,0.0,0.0
21009,21,13,44485,1601.0,2931.0,5219,697.0,1546.0,2216,503.0,1148.0,5,9,4.0,4.0,1.0,3.0
21011,21,4,12750,427.0,919.0,215,362.0,786.0,0,325.0,708.0,0,4,0.0,2.0,0.0,2.0
21013,21,9,24097,1054.0,2440.0,1107,477.0,1213.0,91,349.0,859.0,2,8,0.0,3.0,0.0,0.0
21015,21,30,135968,1790.0,3329.0,65580,447.0,1023.0,37957,193.0,523.0,26,6,1.0,1.0,0.0,0.0
21017,21,8,20252,405.0,1213.0,2935,170.0,582.0,729,113.0,389.0,4,5,2.0,0.0,1.0,0.0
21019,21,15,48261,1625.0,3341.0,9180,388.0,1176.0,3692,162.0,690.0,10,7,0.0,2.0,0.0,0.0
21021,21,7,30614,704.0,1433.0,3075,375.0,616.0,1202,253.0,435.0,3,3,0.0,3.0,0.0,1.0
21023,21,3,8400,99.0,587.0,198,82.0,495.0,0,79.0,467.0,0,1,0.0,0.0,0.0,0.0
21025,21,7,13718,833.0,1885.0,956,671.0,1525.0,19,588.0,1346.0,0,7,1.0,3.0,0.0,3.0
21027,21,6,20432,338.0,1314.0,976,290.0,1092.0,78,253.0,938.0,0,4,1.0,1.0,0.0,1.0
21029,21,22,82217,1284.0,2308.0,26852,661.0,1240.0,12193,359.0,719.0,15,7,4.0,4.0,2.0,1.0
21031,21,6,12371,376.0,806.0,1497,292.0,574.0,408,235.0,447.0,0,2,0.0,1.0,0.0,1.0
21033,21,4,12649,287.0,701.0,2238,172.0,437.0,1481,130.0,341.0,1,1,0.0,1.0,0.0,0.0
21035,21,11,37103,755.0,1432.0,6957,401.0,848.0,3597,255.0,609.0,6,5,3.0,1.0,1.0,1.0
21037,21,25,93076,2217.0,2445.0,22058,399.0,509.0,6813,159.0,208.0,21,8,3.0,2.0,1.0,0.0
21039,21,3,4826,52.0,232.0,4,41.0,195.0,0,35.0,174.0,0,1,0.0,0.0,0.0,0.0
21041,21,3,10810,308.0,704.0,0,206.0,464.0,0,150.0,345.0,0,2,0.0,0.0,0.0,0.0
21043,21,8,26627,893.0,2118.0,2993,631.0,1617.0,1107,474.0,1268.0,1,4,1.0,5.0,1.0,5.0
21045,21,6,15941,623.0,959.0,129,519.0,815.0,0,432.0,683.0,0,5,0.0,3.0,0.0,3.0
21047,21,21,72748,1999.0,3269.0,18449,957.0,1234.0,6447,689.0,577.0,13,10,6.0,7.0,1.0,5.0
21049,21,10,36972,1180.0,2030.0,7106,361.0,775.0,3932,214.0,549.0,6,4,3.0,3.0,2.0,1.0
21051,21,8,20345,962.0,2528.0,160,708.0,2006.0,0,568.0,1683.0,0,7,0.0,4.0,0.0,4.0
21053,21,4,9253,129.0,962.0,159,98.0,748.0,0,81.0,645.0,0,3,0.0,0.0,0.0,0.0
21055,21,4,8990,211.0,377.0,396,178.0,237.0,0,171.0,208.0,0,2,0.0,0.0,0.0,0.0
21057,21,2,5888,246.0,725.0,547,161.0,557.0,0,127.0,481.0,0,2,0.0,1.0,0.0,1.0
21059,21,24,103312,2867.0,4761.0,8353,413.0,901.0,3712,266.0,621.0,16,8,0.0,5.0,0.0,1.0
21061,21,5,12126,240.0,670.0,69,215.0,610.0,0,182.0,535.0,0,3,0.0,1.0,0.0,1.0
21063,21,3,7354,227.0,638.0,88,192.0,561.0,0,158.0,486.0,0,3,0.0,1.0,0.0,0.0
21065,21,6,14163,412.0,1540.0,397,289.0,1099.0,0,241.0,921.0,0,5,0.0,1.0,0.0,1.0
21067,21,82,322570,10054.0,11918.0,55197,838.0,1229.0,17242,237.0,339.0,75,35,5.0,12.0,0.0,3.0
21069,21,4,15082,541.0,1192.0,92,435.0,970.0,0,388.0,864.0,0,2,0.0,3.0,0.0,3.0
21071,21,14,35942,1547.0,3538.0,187,1074.0,2544.0,0,754.0,1820.0,0,12,0.0,6.0,0.0,2.0
21073,21,20,51541,1352.0,3000.0,6169,424.0,837.0,2197,234.0,512.0,12,7,2.0,2.0,0.0,1.0
21075,21,2,6515,434.0,584.0,48,239.0,324.0,2,200.0,275.0,0,2,0.0,2.0,0.0,2.0
21077,21,3,8690,174.0,405.0,10,109.0,285.0,0,74.0,216.0,0,3,0.0,0.0,0.0,0.0
21079,21,6,16953,316.0,830.0,113,218.0,601.0,0,172.0,496.0,0,3,0.0,1.0,0.0,0.0
21081,21,7,24941,446.0,1128.0,170,337.0,844.0,0,255.0,630.0,0,3,0.0,2.0,0.0,1.0
21083,21,10,36649,795.0,2096.0,3678,414.0,1325.0,1725,266.0,1014.0,3,6,1.0,2.0,0.0,0.0
21085,21,9,26420,564.0,1292.0,269,410.0,918.0,0,339.0,707.0,0,7,0.0,1.0,0.0,1.0
21087,21,4,11107,154.0,871.0,71,124.0,733.0,0,103.0,633.0,0,4,0.0,0.0,0.0,0.0
21089,21,9,35962,682.0,2045.0,5364,331.0,1069.0,1169,229.0,701.0,5,4,2.0,1.0,0.0,1.0
21091,21,3,9095,159.0,537.0,312,144.0,491.0,0,126.0,421.0,0,1,0.0,0.0,0.0,0.0
21093,21,28,110702,2933.0,4385.0,24507,1224.0,1881.0,8347,539.0,1038.0,17,5,2.0,7.0,0.0,4.0
21095,21,11,26831,868.0,2839.0,778,521.0,1850.0,329,411.0,1517.0,1,10,0.0,3.0,0.0,3.0
21097,21,5,18692,691.0,1157.0,2469,489.0,864.0,1392,413.0,751.0,1,1,1.0,2.0,1.0,2.0
21099,21,6,19288,645.0,1380.0,60,518.0,1103.0,0,455.0,966.0,0,2,0.0,3.0,0.0,2.0
21101,21,14,44793,1296.0,2851.0,1582,436.0,1144.0,188,339.0,919.0,7,6,0.0,2.0,0.0,1.0
21103,21,5,15678,360.0,720.0,45,261.0,543.0,0,202.0,430.0,0,3,0.0,1.0,0.0,1.0
21105,21,1,4521,101.0,331.0,91,81.0,265.0,0,77.0,254.0,0,1,0.0,0.0,0.0,0.0
21107,21,13,45423,1308.0,2544.0,6525,597.0,1288.0,2355,367.0,823.0,6,7,2.0,3.0,1.0,2.0
21109,21,5,12955,463.0,1565.0,317,385.0,1312.0,0,319.0,1088.0,0,3,0.0,3.0,0.0,2.0
21111,21,216,782969,29010.0,36575.0,130071,2458.0,3447.0,44445,777.0,1106.0,211,94,9.0,29.0,3.0,12.0
21113,21,11,52991,802.0,1858.0,6431,306.0,611.0,3833,223.0,411.0,5,4,0.0,1.0,0.0,0.0
21115,21,7,22680,473.0,2284.0,871,291.0,1508.0,438,225.0,1192.0,1,5,1.0,1.0,0.0,1.0
21117,21,44,169064,4589.0,4818.0,62833,1267.0,1379.0,31719,531.0,600.0,41,15,2.0,7.0,0.0,3.0
21119,21,5,14251,493.0,1289.0,126,396.0,1033.0,19,337.0,881.0,0,4,0.0,1.0,0.0,1.0
21121,21,11,30193,1456.0,3730.0,2841,766.0,2326.0,1778,550.0,1750.0,2,10,2.0,4.0,1.0,3.0
21123,21,5,14867,197.0,789.0,389,156.0,622.0,30,137.0,534.0,0,3,0.0,0.0,0.0,0.0
21125,21,16,62613,1311.0,4245.0,11797,771.0,2746.0,3307,460.0,1649.0,7,9,6.0,2.0,3.0,2.0
21127,21,6,16293,356.0,1621.0,1956,236.0,1226.0,933,189.0,977.0,1,4,0.0,1.0,0.0,0.0
21129,21,3,7395,341.0,745.0,140,287.0,626.0,0,247.0,531.0,0,3,0.0,1.0,0.0,1.0
21131,21,4,10513,329.0,1232.0,316,287.0,1085.0,0,258.0,971.0,0,4,0.0,0.0,0.0,0.0
21133,21,10,21548,549.0,2331.0,316,422.0,1847.0,0,349.0,1493.0,0,8,0.0,1.0,0.0,1.0
21135,21,4,13080,193.0,1146.0,1292,151.0,950.0,61,137.0,872.0,0,3,1.0,1.0,0.0,1.0
21137,21,7,24275,512.0,1777.0,54,381.0,1338.0,0,296.0,1039.0,0,6,0.0,1.0,0.0,1.0
21139,21,3,8888,115.0,449.0,607,91.0,317.0,0,72.0,248.0,0,2,0.0,0.0,0.0,0.0
21141,21,6,27432,682.0,1506.0,813,537.0,1165.0,0,493.0,1065.0,0,2,0.0,4.0,0.0,3.0
21143,21,4,8680,230.0,403.0,240,199.0,340.0,0,183.0,310.0,0,0,0.0,1.0,0.0,1.0
21145,21,19,67875,1709.0,2750.0,19867,474.0,976.0,7169,188.0,520.0,15,8,2.0,2.0,1.0,1.0
21147,21,6,16888,634.0,1954.0,327,457.0,1433.0,2,324.0,927.0,0,6,0.0,2.0,0.0,1.0
21149,21,3,9152,163.0,374.0,25,134.0,322.0,0,124.0,296.0,0,0,0.0,1.0,0.0,1.0
21151,21,31,92701,1802.0,4958.0,18808,609.0,1993.0,9371,344.0,1167.0,19,13,3.0,3.0,1.0,0.0
21153,21,5,11637,396.0,1759.0,127,329.0,1489.0,0,278.0,1283.0,0,5,0.0,2.0,0.0,1.0
21155,21,6,19581,466.0,1183.0,1892,316.0,878.0,1131,256.0,737.0,1,1,0.0,2.0,0.0,1.0
21157,21,10,31659,653.0,1224.0,2345,463.0,891.0,793,367.0,721.0,1,3,0.0,2.0,0.0,1.0
21159,21,4,11287,334.0,1125.0,28,240.0,787.0,0,165.0,513.0,0,3,0.0,1.0,0.0,0.0
21161,21,5,17120,684.0,1467.0,1863,234.0,532.0,1021,182.0,406.0,2,1,0.0,1.0,0.0,0.0
21163,21,9,30003,476.0,1261.0,2916,351.0,960.0,2251,296.0,789.0,2,3,0.0,1.0,0.0,0.0
21165,21,2,6113,182.0,578.0,137,149.0,480.0,0,126.0,407.0,0,2,0.0,1.0,0.0,1.0
21167,21,5,22641,445.0,1004.0,1748,275.0,596.0,766,224.0,484.0,1,0,0.0,1.0,0.0,1.0
21169,21,3,10286,319.0,800.0,21,257.0,668.0,0,220.0,575.0,0,3,0.0,1.0,0.0,1.0
21171,21,4,11338,230.0,720.0,549,192.0,604.0,0,164.0,528.0,0,3,0.0,1.0,0.0,0.0
21173,21,7,28114,563.0,1816.0,3162,292.0,1028.0,1134,171.0,659.0,2,3,1.0,2.0,0.0,1.0
21175,21,5,13726,273.0,907.0,186,245.0,808.0,0,194.0,632.0,0,4,0.0,0.0,0.0,0.0
21177,21,10,30928,627.0,1948.0,1204,403.0,1165.0,238,330.0,924.0,1,6,1.0,1.0,0.0,0.0
21179,21,11,46738,450.0,1866.0,805,257.0,1111.0,0,181.0,811.0,1,3,1.0,0.0,0.0,0.0
21181,21,2,7537,317.0,430.0,83,254.0,356.0,0,233.0,331.0,0,0,0.0,1.0,0.0,1.0
21183,21,8,23772,462.0,1223.0,897,328.0,731.0,290,263.0,567.0,1,3,0.0,1.0,0.0,1.0
21185,21,15,67607,324.0,774.0,16512,221.0,537.0,11551,164.0,388.0,5,0,0.0,0.0,0.0,0.0
21187,21,4,11278,153.0,496.0,173,136.0,446.0,0,123.0,407.0,0,2,0.0,0.0,0.0,0.0
21189,21,2,4051,256.0,593.0,109,196.0,480.0,0,156.0,406.0,0,2,0.0,1.0,0.0,1.0
21191,21,4,14644,311.0,839.0,164,256.0,676.0,0,242.0,646.0,0,3,0.0,1.0,0.0,1.0
21193,21,10,28473,798.0,3168.0,634,500.0,2128.0,0,337.0,1522.0,1,9,1.0,0.0,0.0,0.0
21195,21,22,58669,2194.0,4957.0,1292,1441.0,3515.0,0,1091.0,2715.0,2,17,1.0,6.0,0.0,4.0
21197,21,4,13129,427.0,1100.0,75,274.0,731.0,0,208.0,569.0,0,3,0.0,2.0,0.0,1.0
21199,21,21,65034,1343.0,3994.0,11054,762.0,2532.0,4131,494.0,1646.0,7,16,5.0,2.0,0.0,1.0
21201,21,1,2193,12.0,148.0,20,11.0,134.0,0,10.0,127.0,0,1,0.0,0.0,0.0,0.0
21203,21,5,16037,608.0,1434.0,225,414.0,1029.0,0,336.0,862.0,0,3,0.0,2.0,0.0,1.0
21205,21,6,24662,808.0,1610.0,55,456.0,1016.0,0,313.0,700.0,0,3,0.0,2.0,0.0,2.0
21207,21,5,17991,489.0,1341.0,141,361.0,996.0,0,255.0,714.0,0,4,0.0,1.0,0.0,1.0
21209,21,19,57155,845.0,1955.0,7528,273.0,616.0,2080,143.0,329.0,11,8,2.0,0.0,0.0,0.0
21211,21,12,48065,785.0,1567.0,4296,222.0,667.0,2240,148.0,509.0,3,1,0.0,1.0,0.0,0.0
21213,21,5,19594,267.0,955.0,1363,183.0,569.0,613,157.0,463.0,1,1,0.0,1.0,0.0,0.0
21215,21,4,19490,219.0,481.0,44,184.0,386.0,0,145.0,285.0,0,0,0.0,0.0,0.0,0.0
21217,21,7,26023,597.0,1550.0,5169,286.0,755.0,2847,190.0,521.0,3,1,1.0,0.0,1.0,0.0
21219,21,4,12243,461.0,600.0,951,391.0,507.0,263,357.0,461.0,0,3,1.0,1.0,0.0,1.0
21221,21,7,14061,393.0,663.0,875,324.0,467.0,22,289.0,382.0,0,4,0.0,2.0,0.0,2.0
21223,21,2,8474,102.0,364.0,5,88.0,317.0,0,77.0,288.0,0,0,0.0,0.0,0.0,0.0
21225,21,4,13668,290.0,523.0,22,187.0,339.0,0,154.0,279.0,0,1,0.0,0.0,0.0,0.0
21227,21,27,134554,3943.0,7118.0,24680,883.0,2230.0,11820,502.0,1476.0,17,12,1.0,8.0,0.0,4.0
21229,21,4,12027,258.0,785.0,149,184.0,535.0,0,163.0,469.0,0,0,0.0,0.0,0.0,0.0
21231,21,9,19555,547.0,1638.0,3066,364.0,959.0,1114,279.0,702.0,2,7,2.0,1.0,1.0,0.0
21233,21,4,13017,210.0,535.0,0,112.0,292.0,0,89.0,221.0,0,1,0.0,0.0,0.0,0.0
21235,21,12,36712,1137.0,2670.0,1507,773.0,1883.0,61,577.0,1426.0,2,9,0.0,3.0,0.0,3.0
21237,21,2,6562,274.0,976.0,29,192.0,727.0,0,146.0,579.0,0,2,0.0,1.0,0.0,1.0
21239,21,8,26871,503.0,922.0,10259,283.0,494.0,4956,167.0,293.0,5,1,1.0,0.0,1.0,0.0
22001,22,21,57576,2318.0,5390.0,1538,788.0,1959.0,280,542.0,1411.0,5,11,1.0,3.0,0.0,1.0
22003,22,7,22750,622.0,2080.0,4429,383.0,1270.0,3025,305.0,984.0,3,5,1.0,2.0,1.0,1.0
22005,22,29,126500,2229.0,5793.0,54846,1040.0,2629.0,24660,582.0,1319.0,23,5,3.0,4.0,1.0,3.0
22007,22,7,21039,791.0,1755.0,3866,532.0,1161.0,2233,387.0,841.0,2,4,1.0,3.0,1.0,3.0
22009,22,12,39693,1417.0,4032.0,1437,785.0,2587.0,109,581.0,2025.0,1,9,1.0,4.0,0.0,2.0
22011,22,9,36549,688.0,2411.0,5623,476.0,1831.0,3000,384.0,1547.0,2,3,2.0,1.0,1.0,1.0
22013,22,5,12981,545.0,1274.0,588,287.0,751.0,387,212.0,596.0,0,4,0.0,2.0,0.0,2.0
22015,22,33,128746,3728.0,5389.0,39854,1000.0,1654.0,19563,580.0,1065.0,24,14,2.0,7.0,1.0,3.0
22017,22,74,237848,9501.0,20674.0,42033,2146.0,5550.0,13420,991.0,2915.0,60,46,11.0,19.0,1.0,10.0
22019,22,56,216785,5603.0,12201.0,32357,1318.0,3636.0,9014,661.0,1871.0,39,25,4.0,6.0,2.0,3.0
22021,22,3,9645,308.0,873.0,953,257.0,715.0,314,228.0,640.0,0,3,1.0,1.0,0.0,1.0
22023,22,4,5617,54.0,173.0,988,50.0,158.0,739,46.0,139.0,0,1,0.0,0.0,0.0,0.0
22025,22,3,8906,326.0,617.0,1075,204.0,465.0,101,162.0,382.0,0,2,1.0,0.0,0.0,0.0
22027,22,6,14170,733.0,1743.0,1211,405.0,967.0,647,317.0,754.0,0,5,1.0,2.0,0.0,2.0
22029,22,6,18687,705.0,1821.0,2220,421.0,980.0,492,259.0,618.0,2,6,2.0,1.0,0.0,1.0
22031,22,9,26812,934.0,2114.0,2696,531.0,1385.0,782,408.0,1117.0,1,6,2.0,3.0,1.0,3.0
22033,22,108,456781,14420.0,28210.0,103898,2409.0,5948.0,35985,691.0,2121.0,99,55,19.0,20.0,5.0,11.0
22035,22,3,7459,241.0,775.0,847,44.0,355.0,512,25.0,301.0,0,2,0.0,1.0,0.0,0.0
22037,22,5,19539,352.0,929.0,504,287.0,761.0,0,250.0,675.0,0,0,0.0,1.0,0.0,1.0
22039,22,11,32350,1455.0,3917.0,903,513.0,1975.0,148,374.0,1487.0,2,8,0.0,2.0,0.0,1.0
22041,22,6,19774,605.0,1845.0,5377,284.0,1000.0,4109,222.0,819.0,2,4,2.0,1.0,1.0,0.0
22043,22,7,22169,512.0,1377.0,285,331.0,1057.0,42,265.0,896.0,0,4,0.0,1.0,0.0,1.0
22045,22,22,69929,3219.0,6394.0,7458,832.0,2153.0,4046,534.0,1427.0,12,13,2.0,6.0,0.0,3.0
22047,22,9,30241,719.0,2381.0,2698,438.0,1517.0,1332,354.0,1096.0,2,6,2.0,1.0,1.0,1.0
22049,22,5,15031,564.0,848.0,2706,370.0,620.0,2166,312.0,514.0,2,4,2.0,1.0,2.0,1.0
22051,22,127,440781,13184.0,24876.0,43967,1031.0,2883.0,13470,305.0,1159.0,123,52,10.0,10.0,4.0,2.0
22053,22,8,32250,667.0,2449.0,1974,246.0,1099.0,638,168.0,820.0,3,3,1.0,0.0,0.0,0.0
22055,22,58,241753,6665.0,12598.0,63064,1747.0,3817.0,24831,807.0,1706.0,51,26,8.0,9.0,4.0,5.0
22057,22,26,97557,2592.0,6431.0,27114,1045.0,3057.0,15399,647.0,1991.0,18,10,4.0,7.0,3.0,2.0
22059,22,3,14791,340.0,842.0,801,197.0,498.0,84,135.0,349.0,0,1,0.0,1.0,0.0,1.0
22061,22,12,48396,1749.0,4411.0,15409,660.0,1859.0,6759,385.0,1169.0,8,7,5.0,3.0,3.0,2.0
22063,22,34,142282,2062.0,6983.0,39049,1114.0,4464.0,13678,498.0,2359.0,16,10,4.0,3.0,0.0,1.0
22065,22,5,10017,428.0,929.0,1828,137.0,394.0,219,54.0,210.0,3,5,2.0,1.0,0.0,0.0
22067,22,8,25629,1136.0,2932.0,2683,482.0,1315.0,612,329.0,943.0,3,7,1.0,2.0,0.0,2.0
22069,22,11,37515,1351.0,2833.0,9517,750.0,1719.0,2965,466.0,1172.0,4,6,2.0,4.0,1.0,2.0
22071,22,184,383997,27169.0,28835.0,26044,1083.0,1538.0,11177,394.0,681.0,181,106,6.0,13.0,3.0,4.0
22073,22,47,160368,5286.0,12151.0,28867,809.0,3049.0,11503,335.0,1458.0,36,26,8.0,7.0,0.0,2.0
22075,22,9,23515,156.0,1215.0,4753,90.0,690.0,1517,70.0,517.0,3,5,0.0,0.0,0.0,0.0
22077,22,7,20758,638.0,1004.0,6466,415.0,607.0,3990,259.0,396.0,3,3,1.0,0.0,0.0,0.0
22079,22,39,130023,4582.0,9348.0,21339,1856.0,4346.0,6784,1031.0,2456.0,22,21,6.0,12.0,2.0,7.0
22081,22,2,7620,248.0,776.0,539,151.0,555.0,71,89.0,410.0,0,1,0.0,1.0,0.0,1.0
22083,22,6,20043,628.0,1778.0,851,332.0,1047.0,1,257.0,847.0,0,3,0.0,2.0,0.0,1.0
22085,22,9,22155,895.0,1936.0,641,661.0,1446.0,6,547.0,1198.0,0,6,0.0,3.0,0.0,3.0
22087,22,17,43764,1331.0,4072.0,5367,158.0,430.0,2162,53.0,114.0,15,12,2.0,1.0,1.0,0.0
22089,22,13,52549,473.0,1920.0,10681,215.0,732.0,1511,73.0,220.0,9,2,2.0,0.0,0.0,0.0
22091,22,3,10920,433.0,1281.0,26,385.0,1118.0,0,364.0,1011.0,0,3,0.0,2.0,0.0,2.0
22093,22,7,20192,423.0,1060.0,3697,193.0,574.0,878,136.0,410.0,3,1,1.0,0.0,0.0,0.0
22095,22,11,42477,787.0,3057.0,10271,271.0,1214.0,3015,109.0,408.0,7,3,1.0,1.0,0.0,1.0
22097,22,28,82540,3195.0,6975.0,1956,982.0,3078.0,9,683.0,2290.0,12,23,0.0,4.0,0.0,1.0
22099,22,17,51767,1840.0,3987.0,7281,1022.0,2282.0,4323,720.0,1600.0,5,6,2.0,4.0,1.0,4.0
22101,22,16,49406,2092.0,4204.0,11431,572.0,1438.0,7084,342.0,926.0,11,10,3.0,5.0,1.0,3.0
22103,22,59,264570,4471.0,9460.0,94507,1998.0,4839.0,44671,1103.0,3011.0,41,15,7.0,9.0,4.0,5.0
22105,22,31,133157,3169.0,11015.0,32453,1925.0,6393.0,16359,1260.0,3967.0,15,17,8.0,9.0,4.0,8.0
22107,22,3,4147,150.0,502.0,398,105.0,371.0,137,50.0,226.0,0,2,0.0,0.0,0.0,0.0
22109,22,34,109580,2898.0,6875.0,22081,852.0,2174.0,11894,489.0,1210.0,23,18,5.0,6.0,3.0,3.0
22111,22,6,21107,620.0,1733.0,349,378.0,1352.0,0,291.0,1213.0,0,5,0.0,2.0,0.0,1.0
22113,22,16,57359,2136.0,3893.0,8973,753.0,1940.0,4770,558.0,1559.0,6,7,3.0,5.0,1.0,4.0
22115,22,16,48750,1142.0,2677.0,14138,771.0,1872.0,7407,552.0,1362.0,7,8,4.0,2.0,2.0,1.0
22117,22,13,45463,2039.0,4989.0,1398,1251.0,3072.0,548,1020.0,2529.0,2,8,1.0,7.0,1.0,6.0
22119,22,13,36967,1482.0,3870.0,7552,660.0,1583.0,4232,524.0,1193.0,7,11,4.0,4.0,3.0,2.0
22121,22,6,27199,597.0,1360.0,5987,239.0,662.0,2887,104.0,403.0,3,2,1.0,2.0,0.0,1.0
22123,22,3,9751,228.0,887.0,345,164.0,639.0,11,143.0,557.0,0,1,0.0,0.0,0.0,0.0
22125,22,7,15310,204.0,571.0,6489,170.0,484.0,111,130.0,395.0,0,1,0.0,0.0,0.0,0.0
22127,22,5,13755,413.0,879.0,3462,316.0,643.0,612,268.0,543.0,1,4,1.0,2.0,0.0,1.0
23001,23,32,111139,4427.0,7885.0,11489,782.0,2101.0,6106,517.0,1544.0,18,14,1.0,3.0,1.0,2.0
23003,23,24,67105,2566.0,6192.0,3718,1567.0,3878.0,1855,1288.0,3242.0,1,14,4.0,6.0,0.0,4.0
23005,23,80,303069,9162.0,9897.0,63996,2365.0,3686.0,30489,1338.0,2321.0,46,13,3.0,9.0,1.0,5.0
23007,23,10,29456,1162.0,1949.0,1097,811.0,1428.0,136,635.0,1163.0,0,6,1.0,3.0,0.0,2.0
23009,23,17,55478,1583.0,2142.0,3337,1009.0,1608.0,102,840.0,1386.0,0,2,1.0,5.0,0.0,4.0
23011,23,36,123642,4058.0,7402.0,8431,1417.0,3243.0,2714,966.0,2348.0,11,9,2.0,8.0,1.0,4.0
23013,23,12,40607,1003.0,1572.0,4601,453.0,824.0,1944,339.0,643.0,4,2,1.0,1.0,1.0,0.0
23015,23,9,35237,745.0,1303.0,1050,617.0,1091.0,131,542.0,950.0,0,0,0.0,1.0,0.0,1.0
23017,23,19,57777,1677.0,3793.0,5690,1062.0,2508.0,3259,792.0,1910.0,2,12,1.0,4.0,1.0,2.0
23019,23,46,152199,5267.0,10162.0,16530,1905.0,4780.0,6347,1250.0,3453.0,16,23,6.0,6.0,1.0,5.0
23021,23,8,16800,411.0,1504.0,714,299.0,1057.0,288,262.0,914.0,0,7,1.0,0.0,1.0,0.0
23023,23,8,36699,846.0,1432.0,10342,513.0,870.0,5810,381.0,663.0,4,2,1.0,4.0,1.0,2.0
23025,23,20,50477,1346.0,4101.0,2548,852.0,2707.0,1838,719.0,2274.0,2,8,1.0,3.0,1.0,2.0
23027,23,8,39607,1021.0,2180.0,2849,627.0,1604.0,1421,465.0,1309.0,1,2,0.0,3.0,0.0,2.0
23029,23,14,31095,860.0,2663.0,2229,570.0,1883.0,955,476.0,1600.0,0,9,1.0,2.0,1.0,1.0
23031,23,58,211972,4321.0,7364.0,31034,1908.0,3123.0,19806,1472.0,2276.0,29,13,3.0,4.0,1.0,3.0
24001,24,22,68106,2503.0,5751.0,14570,810.0,2202.0,5221,434.0,1296.0,12,20,7.0,5.0,4.0,1.0
24003,24,129,588261,9120.0,14710.0,198339,2344.0,3918.0,85674,986.0,1673.0,117,23,4.0,11.0,1.0,7.0
24005,24,219,854535,26021.0,37563.0,192817,4479.0,6177.0,76162,1625.0,2259.0,202,87,20.0,44.0,3.0,20.0
24009,24,18,92783,988.0,1696.0,24072,784.0,1362.0,16776,526.0,1020.0,6,1,1.0,3.0,1.0,3.0
24011,24,9,33293,692.0,2202.0,406,483.0,1398.0,0,417.0,1166.0,1,6,0.0,2.0,0.0,2.0
24013,24,37,172891,2099.0,3352.0,52504,1325.0,2138.0,33163,1050.0,1582.0,18,3,1.0,3.0,1.0,3.0
24015,24,21,103725,1973.0,5452.0,23580,994.0,2902.0,14685,663.0,1894.0,9,8,5.0,5.0,4.0,4.0
24017,24,35,166617,2358.0,5885.0,66668,1169.0,2691.0,34355,751.0,1618.0,22,8,4.0,7.0,3.0,4.0
24019,24,9,32531,1577.0,2849.0,2286,425.0,1053.0,224,306.0,832.0,3,9,1.0,3.0,0.0,2.0
24021,24,65,271717,4623.0,7732.0,77917,1572.0,2482.0,44344,1054.0,1464.0,44,21,7.0,6.0,3.0,2.0
24023,24,9,28806,990.0,1903.0,610,767.0,1473.0,0,663.0,1272.0,0,6,0.0,5.0,0.0,5.0
24025,24,59,260924,4512.0,7558.0,89755,1590.0,2988.0,41537,577.0,1490.0,44,9,3.0,8.0,0.0,4.0
24027,24,59,332317,4391.0,6828.0,128545,1427.0,2159.0,48614,483.0,572.0,52,3,1.0,9.0,1.0,3.0
24029,24,5,19198,485.0,1046.0,2228,290.0,635.0,180,209.0,460.0,1,2,0.0,2.0,0.0,0.0
24031,24,232,1062061,33093.0,28972.0,365368,6090.0,7253.0,180090,2353.0,2639.0,226,72,23.0,49.0,3.0,23.0
24033,24,214,967201,31898.0,42353.0,261619,4849.0,9008.0,113191,1396.0,3473.0,208,121,34.0,53.0,4.0,15.0
24035,24,11,49874,633.0,1440.0,8516,509.0,1220.0,5434,334.0,895.0,2,1,0.0,2.0,0.0,1.0
24037,24,22,113777,1339.0,4752.0,23234,820.0,2849.0,15464,608.0,2107.0,8,6,4.0,6.0,1.0,2.0
24039,24,6,24620,636.0,2076.0,5699,369.0,1244.0,3373,321.0,1060.0,2,5,2.0,1.0,1.0,1.0
24041,24,10,37526,1197.0,1692.0,5988,581.0,962.0,2090,326.0,687.0,3,3,2.0,3.0,0.0,2.0
24043,24,36,154705,4614.0,9180.0,31160,1123.0,2472.0,15502,648.0,1550.0,24,20,3.0,6.0,1.0,4.0
24045,24,21,103588,2293.0,6951.0,19986,758.0,2739.0,11121,541.0,2035.0,14,15,6.0,3.0,3.0,2.0
24047,24,17,52460,1433.0,2385.0,14325,675.0,1259.0,10137,519.0,974.0,7,8,3.0,3.0,2.0,1.0
24510,24,199,585708,68150.0,59197.0,5957,409.0,264.0,0,0.0,0.0,199,150,1.0,24.0,0.0,10.0
25001,25,56,228996,5673.0,9959.0,117457,2404.0,4717.0,73818,1503.0,2754.0,54,17,12.0,14.0,8.0,8.0
25003,25,40,129026,5551.0,9512.0,19994,1419.0,2584.0,9938,820.0,1589.0,19,23,8.0,11.0,2.0,4.0
25005,25,130,579200,22294.0,46290.0,114695,2820.0,7126.0,60702,1427.0,3731.0,111,64,7.0,15.0,1.0,8.0
25007,25,4,20600,241.0,503.0,9729,133.0,285.0,7019,83.0,191.0,3,0,0.0,0.0,0.0,0.0
25009,25,173,809829,29171.0,51931.0,173529,3126.0,5336.0,94719,1761.0,3011.0,162,73,7.0,16.0,2.0,10.0
25011,25,19,71029,2493.0,5377.0,13556,915.0,2412.0,8348,622.0,1749.0,10,12,5.0,4.0,3.0,3.0
25013,25,104,465825,22134.0,47108.0,80803,2499.0,4562.0,39525,1193.0,2134.0,93,67,7.0,19.0,1.0,9.0
25015,25,35,162308,4615.0,7776.0,54536,1485.0,3174.0,33007,798.0,1861.0,24,9,7.0,8.0,3.0,6.0
25017,25,357,1632002,65150.0,59014.0,326094,5412.0,8200.0,167345,2596.0,4123.0,336,72,5.0,43.0,3.0,23.0
25019,25,6,14255,184.0,524.0,6785,128.0,429.0,4557,102.0,368.0,4,1,0.0,0.0,0.0,0.0
25021,25,154,725981,25945.0,26578.0,197944,3196.0,4685.0,95275,1316.0,1776.0,150,21,4.0,24.0,2.0,9.0
25023,25,110,530819,12110.0,25764.0,167869,3112.0,6893.0,107833,1871.0,4277.0,90,31,6.0,15.0,4.0,11.0
25025,25,234,797936,103374.0,64342.0,6439,451.0,421.0,233,22.0,13.0,233,125,2.0,17.0,0.0,3.0
25027,25,191,862111,27738.0,53441.0,200780,4825.0,10874.0,112711,2735.0,6746.0,149,74,12.0,31.0,2.0,14.0
26001,26,5,10167,187.0,664.0,364,162.0,567.0,153,148.0,501.0,0,4,0.0,0.0,0.0,0.0
26003,26,3,8842,196.0,388.0,1152,148.0,289.0,409,126.0,243.0,0,2,0.0,0.0,0.0,0.0
26005,26,30,120502,1138.0,3532.0,11772,791.0,2227.0,4623,610.0,1706.0,8,3,1.0,0.0,0.0,0.0
26007,26,10,28907,1045.0,2178.0,3709,448.0,1042.0,678,269.0,637.0,5,8,3.0,2.0,0.0,1.0
26009,26,10,23431,387.0,1107.0,33,311.0,793.0,0,278.0,708.0,0,2,0.0,0.0,0.0,0.0
26011,26,5,15002,433.0,1055.0,2190,344.0,858.0,1791,269.0,684.0,1,4,0.0,1.0,0.0,1.0
26013,26,2,8158,232.0,555.0,968,162.0,384.0,631,142.0,338.0,0,2,1.0,1.0,1.0,0.0
26015,26,16,62423,830.0,2296.0,1025,592.0,1575.0,397,507.0,1328.0,1,1,1.0,1.0,0.0,0.0
26017,26,27,103856,2957.0,6120.0,7185,652.0,1730.0,2990,462.0,1173.0,16,12,1.0,2.0,0.0,1.0
26019,26,6,17970,194.0,605.0,1298,165.0,532.0,880,149.0,485.0,1,1,0.0,0.0,0.0,0.0
26021,26,53,154316,5098.0,9057.0,30569,1856.0,3206.0,12199,991.0,1647.0,33,19,9.0,5.0,2.0,4.0
26023,26,13,44862,1132.0,2161.0,4566,633.0,1042.0,1484,520.0,826.0,4,6,1.0,1.0,1.0,1.0
26025,26,40,134310,3754.0,7175.0,29281,1291.0,2411.0,13993,641.0,1296.0,28,20,5.0,7.0,2.0,5.0
26027,26,15,51589,1080.0,2720.0,6770,846.0,2100.0,5288,710.0,1748.0,2,4,0.0,2.0,0.0,2.0
26029,26,13,26054,667.0,983.0,936,321.0,541.0,119,255.0,435.0,3,2,0.0,1.0,0.0,0.0
26031,26,9,25579,539.0,1405.0,1818,396.0,1032.0,921,340.0,909.0,1,5,1.0,1.0,1.0,1.0
26033,26,15,36785,969.0,1846.0,5713,472.0,932.0,2418,348.0,603.0,6,4,2.0,1.0,2.0,1.0
26035,26,12,30856,980.0,2380.0,0,664.0,1354.0,0,508.0,928.0,0,11,0.0,2.0,0.0,2.0
26037,26,23,79128,890.0,2082.0,19318,609.0,1236.0,11197,458.0,862.0,10,3,1.0,1.0,1.0,1.0
26039,26,5,12988,518.0,922.0,114,430.0,774.0,0,364.0,666.0,0,3,0.0,2.0,0.0,1.0
26041,26,11,36903,1151.0,1974.0,5421,321.0,766.0,1522,188.0,532.0,5,4,2.0,0.0,0.0,0.0
26043,26,7,25947,867.0,994.0,5563,316.0,421.0,2786,191.0,294.0,3,3,2.0,1.0,0.0,1.0
26045,26,29,109175,2391.0,4579.0,29808,1202.0,2322.0,15014,719.0,1515.0,19,4,3.0,6.0,1.0,4.0
26047,26,10,34112,764.0,1118.0,8224,407.0,810.0,5530,318.0,692.0,3,1,0.0,1.0,0.0,0.0
26049,26,134,406211,12368.0,31470.0,110783,2374.0,6386.0,45376,978.0,2611.0,109,70,12.0,10.0,2.0,2.0
26051,26,10,25386,875.0,1822.0,12,672.0,1341.0,0,530.0,1006.0,0,6,0.0,4.0,0.0,3.0
26053,26,6,14380,532.0,1301.0,2912,213.0,537.0,2183,153.0,412.0,2,3,1.0,1.0,0.0,1.0
26055,26,23,95238,1960.0,3009.0,11086,797.0,1583.0,6066,580.0,1243.0,8,4,2.0,3.0,1.0,1.0
26057,26,10,41761,774.0,2229.0,11047,348.0,1162.0,5082,235.0,868.0,5,3,1.0,1.0,0.0,0.0
26059,26,13,45746,983.0,2152.0,779,607.0,1522.0,461,503.0,1248.0,2,5,1.0,1.0,0.0,1.0
26061,26,10,37361,933.0,1383.0,4451,285.0,494.0,1735,192.0,383.0,4,4,1.0,1.0,0.0,0.0
26063,26,12,31407,887.0,1593.0,475,565.0,1028.0,165,440.0,806.0,0,5,0.0,2.0,0.0,0.0
26065,26,84,284900,10374.0,14161.0,51773,1644.0,2175.0,23414,787.0,1320.0,73,38,7.0,16.0,2.0,6.0
26067,26,16,66804,1454.0,3177.0,10833,739.0,1904.0,8948,579.0,1456.0,5,5,0.0,4.0,0.0,2.0
26069,26,11,25237,838.0,1739.0,3334,557.0,1146.0,1796,431.0,868.0,3,8,3.0,3.0,1.0,1.0
26071,26,5,11631,364.0,735.0,899,253.0,456.0,326,225.0,380.0,0,3,0.0,0.0,0.0,0.0
26073,26,18,64394,1782.0,2830.0,5437,696.0,1400.0,1931,524.0,1131.0,10,10,4.0,5.0,1.0,4.0
26075,26,46,160366,4213.0,8556.0,27395,1354.0,3089.0,11017,912.0,2131.0,26,19,6.0,4.0,3.0,2.0
26077,26,68,261670,7777.0,12009.0,43570,1733.0,2619.0,15691,848.0,1356.0,50,33,8.0,12.0,2.0,8.0
26079,26,6,17939,391.0,1216.0,202,315.0,1021.0,0,283.0,932.0,0,1,0.0,1.0,0.0,1.0
26081,26,145,657974,16018.0,26393.0,156741,3260.0,5356.0,72218,1554.0,2949.0,124,50,7.0,25.0,1.0,14.0
26083,26,2,2046,27.0,84.0,675,18.0,57.0,375,17.0,53.0,0,0,0.0,0.0,0.0,0.0
26085,26,4,12096,356.0,989.0,13,312.0,867.0,0,281.0,782.0,0,4,0.0,1.0,0.0,1.0
26087,26,24,88619,1568.0,3968.0,2626,887.0,2306.0,0,588.0,1595.0,3,6,2.0,2.0,0.0,1.0
26089,26,9,22301,274.0,457.0,33,220.0,389.0,0,188.0,344.0,0,0,0.0,0.0,0.0,0.0
26091,26,25,99423,2080.0,4316.0,10965,862.0,2055.0,3335,476.0,1214.0,9,8,3.0,5.0,0.0,2.0
26093,26,60,193866,2410.0,3663.0,69320,1457.0,2562.0,49436,927.0,1946.0,30,5,2.0,4.0,1.0,3.0
26095,26,3,5339,137.0,353.0,480,52.0,194.0,372,42.0,169.0,0,2,0.0,1.0,0.0,0.0
26097,26,5,10834,523.0,617.0,2651,361.0,454.0,700,297.0,390.0,0,2,1.0,2.0,1.0,1.0
26099,26,243,881217,22078.0,45824.0,112866,1943.0,3253.0,34104,651.0,1020.0,231,66,6.0,23.0,0.0,3.0
26101,26,9,25032,505.0,1275.0,4057,318.0,805.0,2881,266.0,674.0,3,3,0.0,0.0,0.0,0.0
26103,26,26,66017,1654.0,2701.0,11955,647.0,1116.0,5629,449.0,801.0,15,10,6.0,1.0,2.0,1.0
26105,26,8,29052,830.0,1646.0,3305,399.0,912.0,2068,334.0,778.0,3,3,0.0,2.0,0.0,1.0
26107,26,13,39714,1181.0,2402.0,3746,807.0,1653.0,2031,646.0,1350.0,4,7,3.0,3.0,2.0,2.0
26109,26,7,23502,710.0,1045.0,2000,319.0,589.0,904,239.0,480.0,1,3,0.0,1.0,0.0,0.0
26111,26,21,83494,1901.0,4097.0,11673,872.0,2187.0,5865,690.0,1676.0,9,7,1.0,3.0,0.0,2.0
26113,26,5,15052,277.0,762.0,123,236.0,631.0,0,210.0,567.0,0,3,0.0,0.0,0.0,0.0
26115,26,40,154809,2991.0,6310.0,30737,1108.0,2226.0,14676,613.0,1222.0,21,8,1.0,5.0,0.0,1.0
26117,26,14,66614,1397.0,3130.0,5305,992.0,2350.0,3524,796.0,1941.0,2,9,2.0,2.0,2.0,2.0
26119,26,5,9153,325.0,829.0,923,290.0,727.0,69,262.0,656.0,0,3,0.0,1.0,0.0,1.0
26121,26,45,175824,4994.0,13107.0,43995,1156.0,4163.0,21251,636.0,2418.0,33,20,4.0,3.0,2.0,2.0
26123,26,11,49978,922.0,3271.0,1178,686.0,2620.0,632,576.0,2218.0,1,7,1.0,2.0,1.0,1.0
26125,26,350,1274395,28359.0,40881.0,354596,5445.0,7266.0,164590,2445.0,3177.0,326,47,4.0,31.0,0.0,17.0
26127,26,7,26659,453.0,1661.0,100,372.0,1385.0,0,318.0,1180.0,0,4,0.0,2.0,0.0,0.0
26129,26,8,20770,538.0,1712.0,0,355.0,1185.0,0,252.0,891.0,0,6,0.0,1.0,0.0,1.0
26131,26,3,5816,148.0,356.0,1223,104.0,252.0,1138,91.0,219.0,0,3,1.0,0.0,1.0,0.0
26133,26,7,22891,658.0,1411.0,25,476.0,1007.0,0,408.0,868.0,0,4,0.0,2.0,0.0,2.0
26135,26,5,8219,360.0,616.0,202,314.0,537.0,0,276.0,487.0,0,5,0.0,1.0,0.0,1.0
26137,26,6,25091,456.0,1174.0,6077,229.0,673.0,3604,121.0,411.0,2,2,1.0,1.0,0.0,0.0
26139,26,64,296200,4167.0,6724.0,98862,1757.0,2939.0,47307,884.0,1688.0,45,9,5.0,9.0,3.0,5.0
26141,26,6,12982,422.0,705.0,1145,254.0,490.0,524,236.0,461.0,0,4,1.0,0.0,1.0,0.0
26143,26,13,23459,786.0,1946.0,3967,444.0,1235.0,2912,328.0,920.0,4,8,4.0,2.0,2.0,0.0
26145,26,61,190124,5470.0,15255.0,26058,1618.0,4228.0,11065,975.0,2452.0,38,35,9.0,7.0,3.0,3.0
26147,26,50,160383,4022.0,8995.0,27344,1377.0,3054.0,11850,844.0,1968.0,26,16,1.0,4.0,1.0,2.0
26149,26,18,60939,1875.0,3501.0,5617,949.0,1798.0,3330,693.0,1347.0,7,4,2.0,4.0,1.0,3.0
26151,26,12,40611,1039.0,2213.0,1065,763.0,1646.0,509,654.0,1428.0,1,7,1.0,3.0,0.0,3.0
26153,26,3,8047,207.0,458.0,1485,86.0,245.0,1179,64.0,206.0,0,2,1.0,0.0,1.0,0.0
26155,26,18,68094,1580.0,4206.0,7749,702.0,2126.0,4089,514.0,1562.0,8,6,1.0,2.0,1.0,2.0
26157,26,13,53323,1337.0,3061.0,597,780.0,1956.0,225,667.0,1693.0,1,4,1.0,3.0,0.0,2.0
26159,26,22,75587,1743.0,4180.0,3969,1245.0,2986.0,2024,937.0,2324.0,3,7,2.0,6.0,1.0,5.0
26161,26,107,372258,12290.0,12830.0,76578,2423.0,3486.0,40349,1343.0,2095.0,84,43,7.0,14.0,3.0,9.0
26163,26,625,1793561,81204.0,161357.0,151377,2631.0,4304.0,58236,914.0,1444.0,615,366,8.0,21.0,1.0,7.0
26165,26,8,33673,821.0,2308.0,5609,378.0,1327.0,3888,310.0,1148.0,4,5,0.0,1.0,0.0,1.0
27001,27,8,15697,359.0,646.0,2487,277.0,524.0,674,245.0,472.0,0,8,3.0,1.0,0.0,1.0
27003,27,90,363887,6385.0,9849.0,86586,1353.0,2126.0,34569,577.0,917.0,74,29,4.0,8.0,0.0,4.0
27005,27,10,35183,833.0,1668.0,4405,509.0,998.0,1549,397.0,803.0,2,5,4.0,2.0,1.0,2.0
27007,27,14,46228,1070.0,2447.0,5938,604.0,1577.0,1637,410.0,1134.0,4,8,3.0,3.0,0.0,2.0
27009,27,10,41379,1024.0,1432.0,5530,406.0,470.0,1130,201.0,338.0,5,2,0.0,3.0,0.0,1.0
27011,27,3,5166,95.0,203.0,406,49.0,88.0,118,43.0,72.0,0,1,0.0,0.0,0.0,0.0
27013,27,16,69112,1822.0,2416.0,11609,330.0,640.0,4370,166.0,428.0,10,8,3.0,2.0,1.0,1.0
27015,27,8,25912,535.0,717.0,2371,233.0,243.0,361,182.0,181.0,4,4,0.0,1.0,0.0,1.0
27017,27,9,36207,797.0,1036.0,3720,404.0,574.0,1315,282.0,419.0,2,6,2.0,1.0,1.0,0.0
27019,27,25,106922,1561.0,1504.0,33435,527.0,667.0,18078,323.0,426.0,16,3,0.0,3.0,0.0,1.0
27021,27,11,30066,540.0,1491.0,2526,435.0,1196.0,758,373.0,1028.0,0,9,2.0,1.0,0.0,1.0
27023,27,5,12598,355.0,504.0,2076,152.0,256.0,964,106.0,198.0,2,2,2.0,0.0,1.0,0.0
27025,27,13,56621,834.0,1123.0,19253,637.0,852.0,15270,520.0,712.0,5,2,0.0,3.0,0.0,2.0
27027,27,16,65318,2398.0,2625.0,5891,306.0,558.0,801,147.0,329.0,10,5,0.0,4.0,0.0,3.0
27029,27,3,8524,308.0,438.0,1468,220.0,333.0,741,205.0,315.0,0,2,2.0,1.0,1.0,1.0
27031,27,3,5600,69.0,112.0,1436,59.0,85.0,1156,54.0,80.0,0,2,1.0,0.0,1.0,0.0
27033,27,4,11517,272.0,437.0,340,192.0,322.0,0,180.0,306.0,0,3,0.0,0.0,0.0,0.0
27035,27,21,66123,1435.0,2552.0,9222,724.0,1490.0,3852,504.0,1117.0,4,8,3.0,2.0,1.0,2.0
27037,27,106,439882,8615.0,8479.0,121912,1427.0,1674.0,45433,472.0,601.0,98,19,4.0,13.0,1.0,2.0
27039,27,5,20867,306.0,490.0,1047,162.0,275.0,136,137.0,237.0,1,1,0.0,0.0,0.0,0.0
27041,27,11,39006,880.0,1043.0,6278,429.0,573.0,3353,321.0,465.0,5,3,3.0,2.0,2.0,1.0
27043,27,6,13921,300.0,612.0,1015,142.0,325.0,52,124.0,282.0,0,4,1.0,0.0,0.0,0.0
27045,27,6,21228,504.0,582.0,2059,420.0,469.0,195,396.0,433.0,0,3,1.0,1.0,0.0,0.0
27047,27,10,30895,747.0,1220.0,6651,274.0,481.0,4168,189.0,344.0,5,5,1.0,0.0,0.0,0.0
27049,27,11,47582,1343.0,1491.0,5419,591.0,634.0,1763,348.0,360.0,3,1,1.0,4.0,1.0,3.0
27051,27,2,6074,114.0,207.0,593,92.0,166.0,260,89.0,162.0,0,1,0.0,0.0,0.0,0.0
27053,27,329,1281565,50304.0,43784.0,279451,4925.0,4087.0,109036,1892.0,1425.0,318,101,12.0,51.0,1.0,29.0
27055,27,5,18843,262.0,279.0,2895,182.0,198.0,638,150.0,168.0,1,1,0.0,0.0,0.0,0.0
27057,27,7,21344,402.0,917.0,1987,214.0,519.0,465,163.0,417.0,0,4,0.0,1.0,0.0,0.0
27059,27,9,41135,638.0,1098.0,9305,352.0,651.0,3959,232.0,428.0,4,5,3.0,2.0,2.0,1.0
27061,27,21,45014,868.0,1980.0,10414,568.0,1384.0,6485,477.0,1195.0,5,11,3.0,0.0,2.0,0.0
27063,27,4,9989,171.0,227.0,661,75.0,120.0,16,56.0,97.0,0,1,0.0,0.0,0.0,0.0
27065,27,4,16032,225.0,624.0,617,135.0,450.0,15,97.0,371.0,0,2,1.0,0.0,0.0,0.0
27067,27,12,43732,962.0,1852.0,11145,352.0,733.0,6912,291.0,587.0,6,5,2.0,1.0,1.0,1.0
27069,27,2,4207,58.0,90.0,109,28.0,45.0,53,23.0,33.0,0,0,0.0,0.0,0.0,0.0
27071,27,5,12062,523.0,847.0,2647,262.0,453.0,2079,214.0,375.0,2,4,4.0,1.0,2.0,0.0
27073,27,3,6719,100.0,256.0,1258,71.0,196.0,474,67.0,188.0,0,1,0.0,0.0,0.0,0.0
27075,27,4,10905,175.0,426.0,846,90.0,248.0,622,62.0,177.0,0,1,0.0,0.0,0.0,0.0
27077,27,3,3763,43.0,54.0,1203,29.0,36.0,745,27.0,33.0,0,1,1.0,0.0,1.0,0.0
27079,27,7,28674,413.0,861.0,775,202.0,414.0,168,147.0,296.0,1,2,0.0,1.0,0.0,0.0
27081,27,2,5640,81.0,171.0,110,40.0,85.0,0,34.0,75.0,0,1,0.0,0.0,0.0,0.0
27083,27,7,25269,834.0,950.0,3245,219.0,350.0,1550,130.0,242.0,3,4,1.0,3.0,1.0,1.0
27085,27,9,36771,511.0,1184.0,8056,149.0,341.0,4520,88.0,203.0,6,1,0.0,0.0,0.0,0.0
27087,27,2,5411,169.0,403.0,682,122.0,282.0,222,107.0,249.0,0,2,1.0,0.0,0.0,0.0
27089,27,4,9040,174.0,246.0,1942,112.0,178.0,980,106.0,168.0,0,2,1.0,0.0,0.0,0.0
27091,27,7,20025,879.0,1091.0,4467,358.0,500.0,1816,220.0,305.0,3,3,1.0,2.0,0.0,2.0
27093,27,6,23400,396.0,788.0,1537,174.0,418.0,360,128.0,338.0,2,1,1.0,0.0,0.0,0.0
27095,27,7,26459,583.0,1170.0,2108,408.0,728.0,933,349.0,605.0,1,6,1.0,2.0,1.0,2.0
27097,27,8,34010,683.0,1162.0,4024,381.0,597.0,1566,316.0,481.0,2,4,1.0,2.0,0.0,2.0
27099,27,11,40029,820.0,1671.0,6643,299.0,571.0,2198,172.0,284.0,6,3,2.0,0.0,0.0,0.0
27101,27,3,8179,161.0,222.0,1013,109.0,160.0,159,98.0,147.0,0,1,0.0,0.0,0.0,0.0
27103,27,7,34454,527.0,785.0,8959,286.0,316.0,2933,217.0,170.0,5,1,1.0,1.0,1.0,1.0
27105,27,6,22290,423.0,689.0,6131,173.0,302.0,2194,100.0,191.0,3,6,4.0,0.0,1.0,0.0
27107,27,3,6441,137.0,294.0,802,59.0,161.0,273,54.0,151.0,0,1,0.0,0.0,0.0,0.0
27109,27,35,162847,4599.0,4550.0,41732,862.0,1088.0,18943,416.0,580.0,29,8,1.0,6.0,0.0,3.0
27111,27,17,60081,1408.0,1628.0,9558,757.0,997.0,4467,611.0,839.0,3,7,3.0,3.0,1.0,3.0
27113,27,5,13992,356.0,449.0,4962,141.0,212.0,2355,64.0,131.0,3,0,0.0,0.0,0.0,0.0
27115,27,9,28876,777.0,1344.0,1756,560.0,1040.0,757,499.0,946.0,0,7,1.0,2.0,1.0,2.0
27117,27,5,9424,239.0,429.0,605,53.0,109.0,330,36.0,79.0,0,4,0.0,0.0,0.0,0.0
27119,27,10,31192,911.0,1230.0,9956,421.0,645.0,5126,324.0,503.0,5,3,1.0,3.0,1.0,2.0
27121,27,4,11308,296.0,354.0,3026,166.0,243.0,1882,143.0,219.0,1,1,1.0,1.0,1.0,1.0
27123,27,143,552352,22659.0,25313.0,71582,1535.0,1328.0,23573,413.0,357.0,143,65,8.0,25.0,1.0,13.0
27125,27,2,3935,57.0,89.0,704,40.0,66.0,179,33.0,57.0,0,0,0.0,0.0,0.0,0.0
27127,27,6,15425,376.0,617.0,3366,191.0,340.0,1437,137.0,260.0,2,6,3.0,0.0,1.0,0.0
27129,27,6,14723,348.0,520.0,472,221.0,342.0,5,205.0,318.0,0,4,0.0,0.0,0.0,0.0
27131,27,16,67097,1315.0,1847.0,15024,646.0,826.0,7594,404.0,518.0,10,4,3.0,3.0,1.0,3.0
27133,27,3,9704,235.0,280.0,1628,138.0,200.0,708,123.0,189.0,1,0,0.0,1.0,0.0,1.0
27135,27,5,15331,381.0,345.0,2133,268.0,258.0,1411,199.0,207.0,0,2,0.0,1.0,0.0,1.0
27137,27,74,200231,6955.0,8885.0,35203,1479.0,1980.0,17836,997.0,1418.0,41,46,13.0,7.0,7.0,2.0
27139,27,32,150928,1707.0,2463.0,53532,714.0,981.0,26990,444.0,486.0,23,3,2.0,1.0,1.0,0.0
27141,27,19,97183,1477.0,1780.0,22880,775.0,1021.0,14536,555.0,776.0,6,1,1.0,2.0,1.0,1.0
27143,27,4,14836,243.0,490.0,621,197.0,396.0,0,189.0,381.0,0,1,1.0,0.0,0.0,0.0
27145,27,37,158292,3667.0,5807.0,32164,1253.0,1721.0,17159,906.0,1299.0,22,16,5.0,6.0,1.0,3.0
27147,27,8,37406,937.0,1159.0,7651,218.0,376.0,4464,131.0,276.0,5,1,1.0,2.0,0.0,0.0
27149,27,3,9671,194.0,382.0,3086,114.0,253.0,2490,105.0,242.0,1,1,0.0,0.0,0.0,0.0
27151,27,4,9838,292.0,505.0,1650,148.0,245.0,865,126.0,204.0,0,3,1.0,0.0,0.0,0.0
27153,27,8,25262,661.0,743.0,359,379.0,463.0,36,339.0,417.0,0,6,0.0,0.0,0.0,0.0
27155,27,2,3360,76.0,222.0,338,36.0,102.0,199,32.0,91.0,0,2,0.0,0.0,0.0,0.0
27157,27,6,21387,473.0,507.0,1689,203.0,290.0,453,172.0,266.0,1,1,1.0,0.0,0.0,0.0
27159,27,3,14065,464.0,868.0,3741,267.0,510.0,2376,212.0,411.0,1,3,3.0,1.0,1.0,1.0
27161,27,5,18968,365.0,658.0,3250,129.0,226.0,1424,72.0,151.0,2,2,2.0,0.0,1.0,0.0
27163,27,59,267568,4005.0,4312.0,103575,1786.0,1752.0,52516,911.0,782.0,48,6,5.0,12.0,2.0,8.0
27165,27,3,11253,335.0,399.0,28,98.0,140.0,0,75.0,115.0,0,1,0.0,0.0,0.0,0.0
27167,27,2,6506,178.0,281.0,2001,33.0,79.0,1546,27.0,71.0,1,1,0.0,0.0,0.0,0.0
27169,27,13,49671,1077.0,1397.0,8202,344.0,500.0,4772,245.0,387.0,7,4,1.0,2.0,1.0,1.0
27171,27,27,141337,1620.0,2362.0,39225,1018.0,1433.0,24980,760.0,1047.0,11,7,4.0,4.0,3.0,1.0
27173,27,4,9528,187.0,301.0,1211,123.0,200.0,557,109.0,179.0,0,3,0.0,0.0,0.0,0.0
28001,28,10,29538,731.0,1893.0,5097,325.0,860.0,939,146.0,360.0,6,5,3.0,2.0,1.0,1.0
28003,28,10,34740,1379.0,2323.0,2920,585.0,1148.0,832,399.0,849.0,3,4,1.0,5.0,0.0,4.0
28005,28,4,12720,342.0,889.0,1211,305.0,802.0,126,284.0,756.0,0,4,1.0,1.0,0.0,1.0
28007,28,6,17889,538.0,1035.0,1470,248.0,489.0,231,204.0,398.0,2,3,1.0,2.0,0.0,1.0
28009,28,3,7646,208.0,530.0,97,176.0,481.0,0,164.0,454.0,0,3,0.0,0.0,0.0,0.0
28011,28,9,30985,1200.0,3094.0,7884,434.0,1301.0,3939,255.0,859.0,5,7,2.0,3.0,1.0,2.0
28013,28,5,13266,379.0,736.0,611,198.0,483.0,193,170.0,423.0,0,3,0.0,0.0,0.0,0.0
28015,28,3,9998,193.0,719.0,509,176.0,656.0,0,159.0,609.0,0,1,0.0,1.0,0.0,0.0
28017,28,5,17106,596.0,987.0,172,390.0,647.0,0,322.0,534.0,0,4,0.0,3.0,0.0,2.0
28019,28,3,8246,188.0,472.0,161,112.0,296.0,17,80.0,220.0,0,1,0.0,0.0,0.0,0.0
28021,28,3,9135,362.0,712.0,646,258.0,486.0,12,215.0,399.0,0,3,0.0,1.0,0.0,1.0
28023,28,5,15615,353.0,952.0,1782,280.0,770.0,913,253.0,699.0,0,2,0.0,0.0,0.0,0.0
28025,28,5,18636,530.0,1638.0,628,180.0,531.0,148,142.0,428.0,2,2,0.0,1.0,0.0,0.0
28027,28,7,21390,1252.0,2262.0,1012,312.0,602.0,129,253.0,485.0,4,6,0.0,2.0,0.0,2.0
28029,28,8,28368,817.0,1811.0,3412,502.0,987.0,1374,412.0,797.0,2,7,3.0,3.0,0.0,2.0
28031,28,5,18340,644.0,1309.0,21,571.0,1009.0,0,538.0,913.0,0,2,0.0,1.0,0.0,1.0
28033,28,41,185314,2673.0,5309.0,44299,1007.0,1873.0,16839,572.0,1093.0,28,11,2.0,6.0,0.0,3.0
28035,28,21,78158,2130.0,5016.0,12190,527.0,1651.0,4545,279.0,846.0,15,12,4.0,3.0,1.0,2.0
28037,28,3,7675,94.0,314.0,541,74.0,259.0,41,62.0,227.0,0,3,0.0,0.0,0.0,0.0
28039,28,6,24350,546.0,1025.0,1665,451.0,838.0,215,383.0,703.0,0,2,0.0,2.0,0.0,2.0
28041,28,4,13530,274.0,564.0,662,262.0,518.0,1,254.0,499.0,0,1,0.0,1.0,0.0,1.0
28043,28,7,21629,667.0,992.0,2797,324.0,379.0,783,228.0,237.0,3,5,2.0,2.0,1.0,1.0
28045,28,17,46053,701.0,2125.0,15675,285.0,1136.0,9483,187.0,782.0,11,4,1.0,2.0,1.0,0.0
28047,28,81,208621,5399.0,12489.0,44510,1572.0,3364.0,17560,853.0,1736.0,67,35,7.0,7.0,2.0,5.0
28049,28,67,227742,7254.0,13226.0,36623,1457.0,2450.0,12252,851.0,1317.0,57,43,3.0,12.0,2.0,6.0
28051,28,6,17000,982.0,2032.0,683,609.0,1206.0,405,540.0,1055.0,0,6,1.0,4.0,0.0,2.0
28053,28,3,7785,377.0,823.0,195,152.0,349.0,21,144.0,332.0,0,3,0.0,1.0,0.0,1.0
28055,28,1,1338,49.0,84.0,383,45.0,77.0,237,34.0,59.0,0,0,0.0,0.0,0.0,0.0
28057,28,6,23863,402.0,702.0,215,330.0,619.0,0,270.0,543.0,0,2,0.0,2.0,0.0,2.0
28059,28,42,143252,2784.0,5291.0,36839,1038.0,2227.0,17779,495.0,1234.0,30,16,5.0,5.0,3.0,2.0
28061,28,7,16367,669.0,1059.0,972,561.0,939.0,79,508.0,871.0,0,3,0.0,2.0,0.0,2.0
28063,28,4,7260,102.0,533.0,1247,78.0,448.0,551,68.0,412.0,0,4,1.0,0.0,1.0,0.0
28065,28,4,11321,272.0,976.0,205,227.0,884.0,0,215.0,848.0,0,3,0.0,1.0,0.0,0.0
28067,28,20,67246,1089.0,3556.0,6728,725.0,2139.0,3384,593.0,1717.0,6,8,3.0,3.0,1.0,1.0
28069,28,2,8988,108.0,425.0,1102,98.0,369.0,213,85.0,296.0,0,1,0.0,0.0,0.0,0.0
28071,28,15,55813,1281.0,997.0,10541,605.0,734.0,5618,347.0,572.0,7,5,3.0,4.0,2.0,3.0
28073,28,17,64222,1105.0,2447.0,14205,456.0,1271.0,7006,339.0,1034.0,9,5,0.0,2.0,0.0,1.0
28075,28,25,72984,2725.0,5270.0,5888,789.0,1952.0,889,474.0,1204.0,13,15,4.0,5.0,0.0,3.0
28077,28,3,12016,203.0,830.0,322,169.0,692.0,0,149.0,600.0,0,3,0.0,0.0,0.0,0.0
28079,28,6,21275,643.0,968.0,587,429.0,780.0,0,350.0,696.0,0,3,0.0,1.0,0.0,1.0
28081,28,23,83343,1969.0,3382.0,9442,1013.0,1938.0,2283,593.0,1184.0,9,6,3.0,6.0,0.0,6.0
28083,28,8,28339,1504.0,2866.0,2113,489.0,1108.0,546,289.0,710.0,4,7,1.0,3.0,1.0,2.0
28085,28,10,34907,770.0,1552.0,2582,417.0,808.0,774,328.0,645.0,3,4,1.0,2.0,0.0,1.0
28087,28,18,58879,1403.0,3020.0,5693,457.0,1221.0,1355,239.0,667.0,7,8,1.0,2.0,0.0,0.0
28089,28,26,109145,2324.0,3154.0,45751,1355.0,1402.0,33661,992.0,1004.0,20,6,3.0,5.0,1.0,5.0
28091,28,6,24441,504.0,1188.0,3088,272.0,881.0,820,155.0,686.0,2,4,2.0,1.0,0.0,1.0
28093,28,10,33752,653.0,1829.0,1394,455.0,1298.0,366,318.0,980.0,1,8,1.0,2.0,0.0,1.0
28095,28,11,34180,717.0,1821.0,2920,390.0,1057.0,1638,309.0,866.0,2,6,1.0,0.0,1.0,0.0
28097,28,4,9822,363.0,831.0,276,193.0,359.0,30,165.0,293.0,0,4,0.0,0.0,0.0,0.0
28099,28,8,29087,641.0,1666.0,2384,442.0,1173.0,52,354.0,972.0,2,4,1.0,2.0,0.0,2.0
28101,28,6,21291,384.0,903.0,456,290.0,659.0,0,244.0,543.0,0,4,0.0,0.0,0.0,0.0
28103,28,3,10285,381.0,1235.0,674,285.0,776.0,179,262.0,694.0,0,3,1.0,2.0,0.0,2.0
28105,28,13,51788,1189.0,2571.0,6018,406.0,1160.0,2506,297.0,817.0,8,9,4.0,3.0,3.0,1.0
28107,28,11,33208,790.0,2002.0,2474,558.0,1548.0,756,427.0,1285.0,2,7,1.0,3.0,0.0,1.0
28109,28,16,56145,842.0,2939.0,7345,550.0,1813.0,4423,411.0,1420.0,4,8,1.0,3.0,1.0,0.0
28111,28,3,11511,178.0,462.0,686,149.0,389.0,332,135.0,358.0,0,3,1.0,0.0,0.0,0.0
28113,28,11,40324,877.0,2726.0,1429,381.0,1317.0,7,259.0,857.0,3,9,2.0,1.0,0.0,0.0
28115,28,6,31184,259.0,1150.0,41,214.0,1037.0,0,156.0,811.0,0,2,0.0,0.0,0.0,0.0
28117,28,8,25008,516.0,1101.0,1778,324.0,790.0,653,264.0,676.0,2,4,1.0,0.0,0.0,0.0
28119,28,3,6176,288.0,568.0,32,133.0,243.0,0,121.0,219.0,0,3,0.0,0.0,0.0,0.0
28121,28,37,157031,1946.0,3326.0,44372,1324.0,1832.0,21675,864.0,1017.0,20,8,4.0,6.0,3.0,4.0
28123,28,8,27990,617.0,1457.0,160,355.0,1038.0,0,281.0,882.0,0,4,0.0,1.0,0.0,1.0
28125,28,2,3800,114.0,346.0,206,58.0,153.0,98,47.0,120.0,0,2,0.0,0.0,0.0,0.0
28127,28,9,25949,386.0,1186.0,103,240.0,705.0,0,202.0,580.0,0,5,0.0,0.0,0.0,0.0
28129,28,5,14209,267.0,506.0,1237,252.0,454.0,166,240.0,416.0,0,1,0.0,1.0,0.0,1.0
28131,28,5,18333,411.0,1040.0,1935,253.0,791.0,359,183.0,654.0,0,3,1.0,2.0,0.0,2.0
28133,28,7,25971,715.0,2657.0,2783,283.0,1001.0,0,244.0,850.0,2,6,1.0,1.0,0.0,1.0
28135,28,4,12715,441.0,990.0,651,326.0,631.0,389,311.0,593.0,0,4,1.0,2.0,0.0,2.0
28137,28,6,28064,336.0,1147.0,846,269.0,726.0,241,242.0,629.0,1,3,1.0,2.0,0.0,1.0
28139,28,6,21815,174.0,731.0,313,138.0,560.0,0,117.0,473.0,0,3,0.0,0.0,0.0,0.0
28141,28,7,18850,422.0,790.0,33,244.0,589.0,0,183.0,525.0,0,4,0.0,2.0,0.0,0.0
28143,28,4,9782,407.0,1077.0,43,203.0,587.0,0,178.0,525.0,0,2,0.0,2.0,0.0,1.0
28145,28,6,27777,527.0,712.0,3353,413.0,511.0,1279,347.0,382.0,2,1,0.0,2.0,0.0,2.0
28147,28,5,13884,262.0,1103.0,48,138.0,922.0,0,99.0,843.0,0,2,0.0,0.0,0.0,0.0
28149,28,13,44722,1011.0,2203.0,6887,225.0,908.0,2853,103.0,608.0,7,6,2.0,2.0,1.0,0.0
28151,28,19,44922,2036.0,3017.0,3981,304.0,638.0,1240,139.0,381.0,11,15,3.0,1.0,0.0,1.0
28153,28,7,19779,462.0,1605.0,1325,432.0,1041.0,205,409.0,838.0,0,5,1.0,2.0,0.0,2.0
28155,28,3,9926,218.0,704.0,448,126.0,471.0,100,105.0,415.0,0,1,0.0,0.0,0.0,0.0
28157,28,3,8587,246.0,589.0,1302,189.0,432.0,135,178.0,405.0,0,2,1.0,1.0,0.0,0.0
28159,28,5,17714,565.0,1321.0,1105,415.0,973.0,413,336.0,779.0,0,3,0.0,2.0,0.0,2.0
28161,28,4,12481,290.0,588.0,108,217.0,374.0,0,191.0,300.0,0,3,0.0,2.0,0.0,0.0
28163,28,7,26743,1598.0,2280.0,4040,483.0,853.0,921,194.0,484.0,3,4,4.0,2.0,0.0,2.0
29001,29,8,25314,665.0,818.0,3105,221.0,229.0,1434,173.0,172.0,5,5,1.0,2.0,1.0,0.0
29003,29,5,18135,155.0,339.0,6068,111.0,296.0,3724,85.0,264.0,2,0,0.0,0.0,0.0,0.0
29005,29,2,5305,72.0,132.0,532,48.0,88.0,104,46.0,83.0,0,1,0.0,0.0,0.0,0.0
29007,29,7,24962,682.0,1130.0,4641,374.0,521.0,2426,262.0,288.0,3,4,1.0,3.0,1.0,2.0
29009,29,10,34534,588.0,1465.0,2024,421.0,1061.0,625,372.0,932.0,2,7,1.0,0.0,0.0,0.0
29011,29,3,11637,390.0,823.0,837,219.0,463.0,227,153.0,326.0,0,2,0.0,1.0,0.0,1.0
29013,29,4,16042,463.0,687.0,1842,244.0,315.0,207,222.0,277.0,0,3,2.0,1.0,0.0,0.0
29015,29,8,19394,364.0,1070.0,2120,317.0,907.0,21,289.0,813.0,0,6,1.0,0.0,0.0,0.0
29017,29,3,10567,141.0,361.0,828,127.0,301.0,72,121.0,281.0,0,1,0.0,0.0,0.0,0.0
29019,29,40,183610,4521.0,5088.0,34003,1225.0,1942.0,13840,669.0,1150.0,26,15,6.0,8.0,3.0,2.0
29021,29,26,84793,2837.0,4864.0,8479,330.0,599.0,2215,163.0,308.0,22,16,2.0,2.0,0.0,0.0
29023,29,12,42130,1384.0,3366.0,4481,628.0,1601.0,1784,426.0,1118.0,6,9,2.0,3.0,1.0,1.0
29025,29,3,8815,187.0,316.0,535,150.0,263.0,322,141.0,251.0,0,2,0.0,0.0,0.0,0.0
29027,29,11,44283,939.0,1441.0,6883,492.0,968.0,3746,371.0,839.0,3,2,2.0,3.0,2.0,2.0
29029,29,19,42745,498.0,1469.0,12466,413.0,1179.0,7552,341.0,983.0,6,6,1.0,1.0,0.0,1.0
29031,29,19,81710,1924.0,3166.0,16235,731.0,1540.0,7980,484.0,1087.0,12,6,4.0,5.0,2.0,3.0
29033,29,3,8495,118.0,317.0,751,74.0,192.0,121,58.0,149.0,0,2,0.0,0.0,0.0,0.0
29035,29,2,5202,270.0,404.0,326,208.0,312.0,43,168.0,254.0,0,1,0.0,1.0,0.0,1.0
29037,29,24,107824,1669.0,2299.0,35537,816.0,1109.0,24026,563.0,764.0,16,6,5.0,5.0,2.0,3.0
29039,29,4,14188,382.0,705.0,1039,218.0,443.0,375,178.0,380.0,0,3,1.0,1.0,0.0,1.0
29041,29,3,7408,118.0,189.0,1442,85.0,138.0,730,77.0,127.0,0,0,0.0,0.0,0.0,0.0
29043,29,19,88842,1041.0,2235.0,16649,546.0,1276.0,7801,371.0,912.0,8,2,1.0,0.0,0.0,0.0
29045,29,3,6634,118.0,188.0,1053,74.0,136.0,164,64.0,123.0,0,2,1.0,0.0,0.0,0.0
29047,29,55,253335,4755.0,6168.0,79938,1227.0,1776.0,38913,480.0,911.0,48,14,7.0,9.0,1.0,5.0
29049,29,5,21184,369.0,646.0,1324,248.0,362.0,356,207.0,279.0,1,1,1.0,0.0,0.0,0.0
29051,29,18,77279,1712.0,1847.0,18533,455.0,626.0,8072,264.0,354.0,12,2,0.0,3.0,0.0,0.0
29053,29,5,17103,287.0,420.0,4065,171.0,274.0,1630,130.0,213.0,3,2,2.0,0.0,1.0,0.0
29055,29,8,23056,450.0,1163.0,1149,336.0,871.0,6,276.0,717.0,0,4,0.0,1.0,0.0,0.0
29057,29,2,7569,192.0,451.0,772,153.0,354.0,218,140.0,316.0,0,1,0.0,0.0,0.0,0.0
29059,29,4,17071,276.0,1137.0,131,235.0,801.0,0,220.0,724.0,0,3,0.0,1.0,0.0,1.0
29061,29,2,8430,284.0,249.0,439,235.0,201.0,84,219.0,187.0,0,0,0.0,1.0,0.0,1.0
29063,29,3,11029,152.0,290.0,254,133.0,259.0,33,80.0,134.0,0,0,0.0,0.0,0.0,0.0
29065,29,4,14421,341.0,955.0,3140,202.0,497.0,655,183.0,435.0,2,3,2.0,1.0,0.0,1.0
29067,29,3,11578,220.0,671.0,2156,143.0,538.0,794,121.0,499.0,0,3,2.0,0.0,1.0,0.0
29069,29,10,28283,959.0,2765.0,2450,385.0,1177.0,751,276.0,874.0,3,8,2.0,0.0,0.0,0.0
29071,29,28,104682,1640.0,3050.0,12596,847.0,1876.0,7322,686.0,1526.0,8,10,3.0,2.0,2.0,1.0
29073,29,5,14794,345.0,625.0,1990,208.0,413.0,399,169.0,347.0,0,1,0.0,0.0,0.0,0.0
29075,29,2,6162,130.0,214.0,775,85.0,142.0,321,77.0,130.0,0,2,1.0,0.0,0.0,0.0
29077,29,78,298915,8336.0,13120.0,53646,1203.0,2037.0,26060,687.0,1143.0,66,38,6.0,6.0,1.0,2.0
29079,29,4,9808,442.0,458.0,2021,231.0,225.0,996,195.0,188.0,2,2,1.0,2.0,1.0,1.0
29081,29,3,8157,208.0,437.0,1615,170.0,294.0,971,159.0,270.0,0,2,0.0,1.0,0.0,1.0
29083,29,6,21946,450.0,1000.0,2112,181.0,456.0,569,125.0,335.0,2,3,2.0,0.0,0.0,0.0
29085,29,4,8279,194.0,429.0,117,167.0,349.0,0,148.0,289.0,0,4,0.0,0.0,0.0,0.0
29087,29,3,4223,55.0,118.0,534,46.0,96.0,86,43.0,91.0,0,0,0.0,0.0,0.0,0.0
29089,29,3,10151,138.0,281.0,340,103.0,213.0,0,98.0,201.0,0,2,0.0,0.0,0.0,0.0
29091,29,10,39750,981.0,2232.0,4372,599.0,1355.0,2069,456.0,1061.0,3,9,3.0,3.0,1.0,2.0
29093,29,4,9537,264.0,705.0,514,187.0,499.0,80,153.0,415.0,0,3,0.0,0.0,0.0,0.0
29095,29,227,717204,24906.0,31623.0,132255,2649.0,3827.0,52812,984.0,1581.0,209,123,28.0,22.0,8.0,11.0
29097,29,29,122761,3458.0,7323.0,19753,790.0,1758.0,10632,558.0,1130.0,21,15,7.0,7.0,3.0,2.0
29099,29,49,226739,3240.0,6252.0,60527,1673.0,3589.0,28590,1018.0,2380.0,30,9,7.0,7.0,4.0,3.0
29101,29,14,54013,999.0,1344.0,13383,593.0,756.0,4814,389.0,557.0,8,4,2.0,3.0,1.0,3.0
29103,29,2,3744,22.0,106.0,759,18.0,87.0,360,17.0,82.0,0,0,0.0,0.0,0.0,0.0
29105,29,9,36039,973.0,2231.0,4686,413.0,1141.0,1272,284.0,850.0,3,9,4.0,2.0,0.0,0.0
29107,29,8,32984,419.0,1177.0,3486,246.0,740.0,2087,210.0,638.0,2,2,0.0,1.0,0.0,0.0
29109,29,10,38001,913.0,1788.0,2159,530.0,865.0,605,458.0,717.0,2,6,1.0,2.0,1.0,2.0
29111,29,4,10032,131.0,192.0,639,93.0,138.0,173,85.0,124.0,0,1,0.0,0.0,0.0,0.0
29113,29,13,59574,1023.0,1591.0,8983,642.0,1029.0,3768,499.0,804.0,2,0,0.0,3.0,0.0,1.0
29115,29,5,11874,334.0,422.0,2344,174.0,219.0,911,145.0,175.0,1,1,1.0,0.0,0.0,0.0
29117,29,5,14557,330.0,557.0,2491,114.0,162.0,708,84.0,124.0,3,2,1.0,1.0,0.0,0.0
29119,29,6,23303,494.0,1168.0,146,390.0,955.0,0,321.0,801.0,0,6,0.0,1.0,0.0,1.0
29121,29,5,15209,352.0,521.0,4710,252.0,323.0,2350,224.0,271.0,2,1,1.0,0.0,0.0,0.0
29123,29,4,12626,385.0,629.0,3449,204.0,430.0,1539,144.0,351.0,2,2,2.0,1.0,0.0,1.0
29125,29,3,8432,166.0,385.0,800,129.0,310.0,3,121.0,293.0,0,1,0.0,0.0,0.0,0.0
29127,29,8,28525,870.0,1370.0,3699,227.0,446.0,1412,125.0,248.0,4,3,1.0,2.0,0.0,0.0
29129,29,2,3538,73.0,139.0,563,59.0,112.0,90,56.0,107.0,0,1,0.0,0.0,0.0,0.0
29131,29,9,24722,547.0,875.0,1242,300.0,608.0,219,216.0,488.0,2,4,1.0,0.0,0.0,0.0
29133,29,4,12577,644.0,1224.0,279,148.0,330.0,41,70.0,173.0,0,2,0.0,1.0,0.0,0.0
29135,29,4,15473,380.0,435.0,233,276.0,200.0,0,257.0,165.0,0,2,0.0,1.0,0.0,1.0
29137,29,3,8666,242.0,265.0,1100,191.0,213.0,87,185.0,205.0,0,1,0.0,1.0,0.0,1.0
29139,29,4,11322,163.0,516.0,647,119.0,396.0,105,110.0,367.0,0,2,0.0,0.0,0.0,0.0
29141,29,8,21006,906.0,1059.0,580,630.0,784.0,0,533.0,655.0,0,5,0.0,2.0,0.0,2.0
29143,29,6,16434,483.0,1575.0,84,239.0,766.0,0,196.0,612.0,0,4,0.0,1.0,0.0,1.0
29145,29,13,58648,855.0,2727.0,8114,456.0,1707.0,3148,332.0,1311.0,5,6,2.0,0.0,1.0,0.0
29147,29,6,21241,562.0,704.0,7019,243.0,386.0,2361,153.0,279.0,3,2,2.0,0.0,0.0,0.0
29149,29,3,8635,192.0,672.0,1578,145.0,484.0,846,126.0,412.0,0,3,2.0,0.0,1.0,0.0
29151,29,4,13274,295.0,220.0,1780,250.0,193.0,419,230.0,181.0,0,0,0.0,1.0,0.0,1.0
29153,29,3,8553,244.0,547.0,2060,232.0,518.0,805,223.0,499.0,0,3,3.0,1.0,0.0,1.0
29155,29,6,15661,667.0,1947.0,1056,198.0,676.0,402,133.0,503.0,2,4,1.0,1.0,0.0,0.0
29157,29,5,18956,394.0,764.0,2595,165.0,406.0,716,117.0,324.0,2,1,1.0,1.0,0.0,0.0
29159,29,11,42980,1249.0,1941.0,5033,441.0,649.0,1863,352.0,507.0,7,6,1.0,2.0,0.0,1.0
29161,29,12,44638,1049.0,2275.0,3941,420.0,834.0,825,311.0,590.0,6,7,3.0,2.0,0.0,2.0
29163,29,5,17587,476.0,670.0,1178,207.0,221.0,77,183.0,179.0,0,2,0.0,1.0,0.0,0.0
29165,29,27,106718,1766.0,1857.0,33394,729.0,879.0,14869,359.0,479.0,21,4,1.0,7.0,0.0,3.0
29167,29,8,31519,523.0,1306.0,102,366.0,928.0,0,316.0,820.0,0,4,0.0,0.0,0.0,0.0
29169,29,13,53955,545.0,1411.0,18956,361.0,995.0,14264,248.0,752.0,6,7,4.0,0.0,4.0,0.0
29171,29,2,4681,104.0,134.0,1051,62.0,75.0,366,56.0,66.0,0,0,0.0,0.0,0.0,0.0
29173,29,3,10355,130.0,190.0,433,111.0,160.0,0,104.0,151.0,0,1,0.0,0.0,0.0,0.0
29175,29,6,24716,596.0,1388.0,2776,144.0,373.0,567,98.0,263.0,3,2,0.0,1.0,0.0,0.0
29177,29,6,23158,448.0,954.0,3235,252.0,571.0,1604,209.0,484.0,2,2,2.0,0.0,2.0,0.0
29179,29,2,6096,172.0,379.0,975,153.0,336.0,253,143.0,316.0,0,2,1.0,1.0,0.0,0.0
29181,29,4,10679,295.0,694.0,1191,238.0,552.0,543,221.0,513.0,0,4,1.0,0.0,1.0,0.0
29183,29,85,405262,6099.0,5871.0,168818,2535.0,2278.0,64746,1066.0,901.0,76,7,1.0,14.0,0.0,8.0
29185,29,3,9284,230.0,551.0,1402,167.0,413.0,323,153.0,381.0,0,2,0.0,0.0,0.0,0.0
29186,29,5,18479,304.0,467.0,4181,218.0,381.0,1640,164.0,324.0,1,1,1.0,1.0,1.0,1.0
29187,29,19,66922,1629.0,3863.0,12858,736.0,1970.0,5701,465.0,1436.0,9,12,4.0,2.0,1.0,2.0
29189,29,236,1004125,27417.0,33196.0,260178,4763.0,4618.0,95038,1329.0,923.0,232,80,18.0,45.0,3.0,17.0
29195,29,8,23333,511.0,1064.0,3957,184.0,311.0,1622,141.0,240.0,4,3,1.0,1.0,0.0,1.0
29197,29,2,4032,77.0,100.0,374,65.0,85.0,13,63.0,81.0,0,0,0.0,0.0,0.0,0.0
29199,29,2,4716,55.0,65.0,338,32.0,25.0,59,27.0,17.0,0,0,0.0,0.0,0.0,0.0
29201,29,11,38059,737.0,2284.0,5209,279.0,845.0,1650,186.0,566.0,6,6,2.0,1.0,2.0,0.0
29203,29,2,7031,150.0,389.0,582,122.0,319.0,119,108.0,283.0,0,2,0.0,1.0,0.0,0.0
29205,29,3,6103,115.0,200.0,1009,84.0,146.0,408,78.0,138.0,0,3,0.0,0.0,0.0,0.0
29207,29,8,28672,422.0,1759.0,3013,254.0,976.0,963,211.0,756.0,2,3,2.0,0.0,1.0,0.0
29209,29,12,31076,527.0,899.0,4810,457.0,747.0,3138,409.0,652.0,2,4,2.0,1.0,1.0,1.0
29211,29,3,5999,129.0,204.0,624,105.0,141.0,222,95.0,119.0,0,1,0.0,0.0,0.0,0.0
29213,29,18,56066,1011.0,2593.0,11409,575.0,1438.0,4590,384.0,922.0,9,10,6.0,2.0,3.0,1.0
29215,29,8,24487,776.0,1287.0,1940,615.0,1010.0,280,527.0,849.0,0,7,0.0,3.0,0.0,3.0
29217,29,6,19707,883.0,1159.0,5002,322.0,490.0,1703,237.0,386.0,2,3,2.0,1.0,1.0,1.0
29219,29,9,35532,427.0,952.0,563,343.0,694.0,0,297.0,538.0,0,2,0.0,1.0,0.0,1.0
29221,29,6,23514,891.0,1792.0,390,689.0,1390.0,0,538.0,1085.0,0,3,0.0,3.0,0.0,2.0
29223,29,4,10974,255.0,844.0,899,182.0,565.0,232,151.0,455.0,0,4,1.0,0.0,0.0,0.0
29225,29,8,39085,960.0,1367.0,4949,709.0,1006.0,3750,657.0,915.0,2,3,0.0,2.0,0.0,2.0
29227,29,1,1973,59.0,93.0,533,47.0,73.0,247,45.0,71.0,0,1,1.0,0.0,0.0,0.0
29229,29,4,18188,503.0,974.0,3497,406.0,696.0,2372,367.0,616.0,1,4,2.0,2.0,2.0,2.0
29510,29,104,301578,26767.0,26878.0,2525,119.0,106.0,128,7.0,14.0,104,69,0.0,12.0,0.0,2.0
30001,30,3,9371,33.0,304.0,2025,14.0,133.0,1752,13.0,124.0,1,1,1.0,0.0,1.0,0.0
30003,30,5,13124,264.0,671.0,5123,208.0,546.0,4776,197.0,521.0,0,4,3.0,0.0,3.0,0.0
30005,30,4,7044,173.0,336.0,3015,146.0,283.0,2852,144.0,276.0,0,2,1.0,0.0,1.0,0.0
30007,30,2,6774,73.0,100.0,1700,17.0,17.0,1331,13.0,11.0,0,1,1.0,0.0,1.0,0.0
30009,30,5,10473,159.0,286.0,1694,100.0,207.0,1195,68.0,167.0,0,1,0.0,0.0,0.0,0.0
30011,30,1,1415,37.0,32.0,1032,33.0,28.0,926,32.0,28.0,0,1,1.0,0.0,1.0,0.0
30013,30,25,84414,2150.0,3704.0,17675,344.0,618.0,8659,228.0,374.0,19,5,1.0,2.0,1.0,0.0
30015,30,2,5895,111.0,204.0,3567,90.0,163.0,3201,89.0,161.0,0,1,1.0,0.0,1.0,0.0
30017,30,6,11867,258.0,415.0,3338,38.0,108.0,2216,22.0,78.0,5,1,1.0,0.0,1.0,0.0
30019,30,1,1661,19.0,21.0,797,13.0,14.0,731,12.0,13.0,0,0,0.0,0.0,0.0,0.0
30021,30,3,8940,149.0,127.0,4386,53.0,82.0,2758,30.0,51.0,2,0,0.0,0.0,0.0,0.0
30023,30,3,9421,318.0,586.0,1470,44.0,93.0,922,37.0,81.0,2,0,0.0,0.0,0.0,0.0
30025,30,1,3049,58.0,27.0,1535,39.0,18.0,1384,38.0,18.0,0,0,0.0,0.0,0.0,0.0
30027,30,3,11446,498.0,389.0,3932,226.0,190.0,2957,162.0,143.0,1,2,1.0,2.0,1.0,1.0
30029,30,32,104357,1837.0,2870.0,14217,683.0,1233.0,5009,514.0,909.0,11,6,3.0,2.0,2.0,1.0
30031,30,26,118960,1219.0,1448.0,22293,413.0,505.0,14050,299.0,371.0,15,7,3.0,2.0,3.0,1.0
30033,30,1,1173,7.0,13.0,896,6.0,11.0,861,6.0,11.0,0,0,0.0,0.0,0.0,0.0
30035,30,4,13778,256.0,1023.0,3346,82.0,366.0,2999,74.0,333.0,0,4,2.0,0.0,2.0,0.0
30037,30,1,823,23.0,3.0,533,20.0,3.0,390,19.0,3.0,0,1,1.0,0.0,1.0,0.0
30039,30,2,3309,53.0,87.0,1452,42.0,70.0,1120,39.0,66.0,0,1,1.0,0.0,0.0,0.0
30041,30,6,16309,533.0,810.0,3020,110.0,191.0,2341,61.0,91.0,2,3,1.0,0.0,1.0,0.0
30043,30,3,12085,151.0,257.0,2095,112.0,189.0,1098,107.0,179.0,0,1,1.0,0.0,0.0,0.0
30045,30,1,2023,22.0,49.0,1183,20.0,45.0,999,20.0,44.0,0,0,0.0,0.0,0.0,0.0
30047,30,10,31134,608.0,1345.0,2046,457.0,1018.0,440,408.0,868.0,0,4,0.0,2.0,0.0,2.0
30049,30,17,70973,1670.0,2432.0,12160,601.0,1069.0,7699,372.0,788.0,8,2,1.0,3.0,0.0,2.0
30051,30,1,1959,74.0,47.0,1245,68.0,43.0,1164,64.0,41.0,0,1,1.0,0.0,1.0,0.0
30053,30,6,19677,578.0,1112.0,2599,299.0,619.0,1667,249.0,517.0,1,5,2.0,1.0,1.0,1.0
30055,30,1,1729,3.0,2.0,1113,2.0,2.0,903,2.0,2.0,0,0,0.0,0.0,0.0,0.0
30057,30,4,8623,58.0,132.0,2541,48.0,102.0,1686,45.0,91.0,0,0,0.0,0.0,0.0,0.0
30059,30,1,1927,5.0,80.0,1029,4.0,60.0,885,4.0,58.0,0,0,0.0,0.0,0.0,0.0
30061,30,2,4535,59.0,295.0,752,43.0,202.0,542,38.0,178.0,0,2,1.0,0.0,0.0,0.0
30063,30,29,117922,2753.0,3964.0,24121,535.0,1170.0,17892,394.0,953.0,19,7,1.0,2.0,0.0,1.0
30065,30,2,4730,126.0,220.0,2087,33.0,109.0,1603,30.0,105.0,0,1,1.0,0.0,1.0,0.0
30067,30,6,17191,284.0,504.0,7731,166.0,242.0,4432,115.0,129.0,2,1,1.0,0.0,0.0,0.0
30069,30,1,496,0.0,1.0,320,0.0,1.0,288,0.0,1.0,0,1,1.0,0.0,1.0,0.0
30071,30,1,4217,10.0,124.0,2046,7.0,88.0,1952,6.0,80.0,0,1,1.0,0.0,1.0,0.0
30073,30,2,5898,158.0,204.0,2046,105.0,132.0,1503,101.0,127.0,0,1,1.0,0.0,1.0,0.0
30075,30,1,1694,23.0,38.0,1229,20.0,33.0,1125,19.0,32.0,0,0,0.0,0.0,0.0,0.0
30077,30,2,6946,58.0,163.0,1495,34.0,102.0,1201,31.0,92.0,0,1,0.0,0.0,0.0,0.0
30079,30,1,1088,52.0,79.0,668,39.0,59.0,555,38.0,58.0,0,1,1.0,0.0,1.0,0.0
30081,30,13,44174,765.0,1209.0,5563,442.0,894.0,4598,392.0,813.0,2,3,2.0,2.0,2.0,2.0
30083,30,5,11491,225.0,193.0,3240,75.0,85.0,2683,64.0,72.0,1,1,0.0,0.0,0.0,0.0
30085,30,3,10794,322.0,392.0,4134,195.0,232.0,3634,185.0,221.0,0,2,2.0,2.0,2.0,2.0
30087,30,4,8329,244.0,414.0,1361,104.0,152.0,1143,84.0,123.0,0,3,2.0,0.0,2.0,0.0
30089,30,4,12400,247.0,610.0,1468,185.0,460.0,429,160.0,398.0,0,4,1.0,1.0,0.0,1.0
30091,30,2,3539,77.0,62.0,1595,49.0,42.0,1336,47.0,41.0,0,0,0.0,0.0,0.0,0.0
30093,30,9,35133,1001.0,2028.0,3510,177.0,164.0,563,101.0,61.0,8,3,1.0,1.0,0.0,1.0
30095,30,3,8963,123.0,214.0,2451,85.0,161.0,1730,80.0,151.0,0,0,0.0,0.0,0.0,0.0
30097,30,1,3678,39.0,72.0,1463,28.0,51.0,1256,26.0,48.0,0,0,0.0,0.0,0.0,0.0
30099,30,3,6226,154.0,119.0,3045,99.0,84.0,2109,93.0,80.0,0,0,0.0,0.0,0.0,0.0
30101,30,3,4971,135.0,144.0,1940,76.0,84.0,1583,72.0,80.0,0,0,0.0,0.0,0.0,0.0
30103,30,1,762,27.0,25.0,762,27.0,25.0,762,27.0,25.0,0,0,0.0,0.0,0.0,0.0
30105,30,3,7578,170.0,247.0,3109,56.0,106.0,2863,38.0,83.0,0,0,0.0,0.0,0.0,0.0
30107,30,1,2069,20.0,54.0,983,14.0,39.0,931,14.0,38.0,0,1,1.0,0.0,1.0,0.0
30109,30,1,937,14.0,21.0,366,10.0,15.0,277,10.0,15.0,0,0,0.0,0.0,0.0,0.0
30111,30,36,164731,2997.0,5532.0,28072,719.0,1386.0,13935,450.0,932.0,29,12,2.0,6.0,0.0,3.0
31001,31,9,31205,600.0,1189.0,6701,120.0,255.0,2659,92.0,140.0,7,4,1.0,0.0,1.0,0.0
31003,31,3,6295,108.0,124.0,526,70.0,85.0,117,59.0,73.0,0,2,0.0,0.0,0.0,0.0
31005,31,1,434,8.0,11.0,434,8.0,11.0,434,8.0,11.0,0,0,0.0,0.0,0.0,0.0
31007,31,1,674,3.0,4.0,672,3.0,4.0,645,3.0,4.0,0,0,0.0,0.0,0.0,0.0
31009,31,1,431,5.0,0.0,431,5.0,0.0,431,5.0,0.0,0,1,1.0,0.0,1.0,0.0
31011,31,2,5379,62.0,86.0,803,31.0,50.0,518,27.0,46.0,0,0,0.0,0.0,0.0,0.0
31013,31,3,10842,290.0,321.0,4971,195.0,138.0,3442,135.0,115.0,2,1,1.0,1.0,1.0,1.0
31015,31,1,1810,6.0,51.0,529,5.0,43.0,297,5.0,41.0,0,0,0.0,0.0,0.0,0.0
31017,31,1,2903,60.0,77.0,643,41.0,53.0,392,37.0,47.0,0,1,1.0,0.0,0.0,0.0
31019,31,11,50084,891.0,1306.0,9161,237.0,292.0,5068,172.0,201.0,8,2,1.0,1.0,0.0,1.0
31021,31,3,6722,171.0,302.0,246,119.0,213.0,7,109.0,194.0,0,1,0.0,0.0,0.0,0.0
31023,31,3,8369,140.0,205.0,1936,80.0,114.0,993,73.0,104.0,0,0,0.0,0.0,0.0,0.0
31025,31,6,26598,366.0,462.0,4187,241.0,273.0,2541,198.0,216.0,2,0,0.0,1.0,0.0,1.0
31027,31,2,8380,60.0,186.0,1166,49.0,152.0,179,48.0,148.0,0,0,0.0,0.0,0.0,0.0
31029,31,1,3893,26.0,69.0,1812,19.0,51.0,1572,19.0,49.0,0,0,0.0,0.0,0.0,0.0
31031,31,2,5455,168.0,99.0,2572,119.0,69.0,2415,111.0,65.0,0,2,2.0,1.0,2.0,1.0
31033,31,3,9468,192.0,548.0,3365,73.0,187.0,2099,43.0,112.0,2,2,2.0,1.0,0.0,0.0
31035,31,2,6104,116.0,151.0,603,85.0,110.0,175,80.0,105.0,0,0,0.0,0.0,0.0,0.0
31037,31,3,10582,15.0,329.0,2381,14.0,135.0,940,13.0,89.0,1,1,1.0,0.0,1.0,0.0
31039,31,3,9013,134.0,97.0,149,95.0,76.0,0,91.0,73.0,0,0,0.0,0.0,0.0,0.0
31041,31,4,10545,187.0,350.0,1943,93.0,167.0,1538,54.0,99.0,0,2,1.0,0.0,1.0,0.0
31043,31,5,21582,338.0,743.0,647,74.0,187.0,46,61.0,144.0,3,2,0.0,0.0,0.0,0.0
31045,31,2,8199,137.0,344.0,2058,58.0,96.0,1393,52.0,76.0,1,0,0.0,0.0,0.0,0.0
31047,31,7,24111,475.0,571.0,2066,91.0,164.0,1185,62.0,134.0,2,3,1.0,1.0,0.0,0.0
31049,31,1,1838,28.0,70.0,218,20.0,49.0,98,17.0,42.0,0,0,0.0,0.0,0.0,0.0
31051,31,2,5606,36.0,172.0,1363,30.0,144.0,483,30.0,140.0,0,0,0.0,0.0,0.0,0.0
31053,31,9,37167,590.0,1245.0,3886,108.0,360.0,1581,69.0,266.0,6,1,0.0,1.0,0.0,0.0
31055,31,163,584526,16137.0,22724.0,71963,1011.0,1576.0,20997,359.0,615.0,157,70,5.0,16.0,0.0,6.0
31057,31,1,1654,36.0,62.0,384,16.0,27.0,314,16.0,27.0,0,0,0.0,0.0,0.0,0.0
31059,31,2,5551,65.0,140.0,45,43.0,95.0,0,40.0,87.0,0,0,0.0,0.0,0.0,0.0
31061,31,2,2889,27.0,85.0,932,19.0,63.0,580,18.0,60.0,0,0,0.0,0.0,0.0,0.0
31063,31,1,2519,21.0,124.0,930,15.0,86.0,759,14.0,82.0,0,1,1.0,0.0,1.0,0.0
31065,31,1,4636,85.0,102.0,539,52.0,62.0,289,49.0,58.0,0,0,0.0,0.0,0.0,0.0
31067,31,7,21704,776.0,1016.0,5754,233.0,403.0,2921,154.0,304.0,4,3,1.0,2.0,0.0,0.0
31069,31,1,1874,18.0,95.0,1151,15.0,77.0,955,14.0,74.0,0,1,1.0,0.0,1.0,0.0
31071,31,1,1813,43.0,35.0,440,29.0,24.0,333,27.0,22.0,0,1,0.0,0.0,0.0,0.0
31073,31,1,1893,8.0,62.0,51,6.0,47.0,12,6.0,44.0,0,0,0.0,0.0,0.0,0.0
31075,31,1,611,11.0,6.0,69,6.0,3.0,59,3.0,2.0,0,0,0.0,0.0,0.0,0.0
31077,31,1,2188,21.0,58.0,920,17.0,47.0,712,17.0,46.0,0,0,0.0,0.0,0.0,0.0
31079,31,14,62895,1622.0,2556.0,16262,435.0,570.0,6412,175.0,234.0,11,6,3.0,2.0,3.0,2.0
31081,31,3,9429,50.0,175.0,914,26.0,92.0,80,22.0,80.0,0,0,0.0,0.0,0.0,0.0
31083,31,1,3073,13.0,63.0,846,11.0,52.0,176,10.0,50.0,0,0,0.0,0.0,0.0,0.0
31085,31,1,856,12.0,19.0,620,11.0,18.0,495,11.0,17.0,0,1,1.0,0.0,1.0,0.0
31087,31,1,2616,44.0,82.0,1122,35.0,66.0,558,35.0,65.0,0,1,1.0,0.0,1.0,0.0
31089,31,4,10127,152.0,335.0,892,49.0,111.0,610,34.0,76.0,0,1,0.0,0.0,0.0,0.0
31091,31,1,711,20.0,1.0,217,10.0,1.0,173,8.0,0.0,0,0,0.0,0.0,0.0,0.0
31093,31,2,6475,74.0,169.0,899,53.0,117.0,622,51.0,110.0,0,0,0.0,0.0,0.0,0.0
31095,31,3,7240,237.0,392.0,2715,65.0,112.0,1772,49.0,87.0,2,2,1.0,0.0,0.0,0.0
31097,31,2,5290,127.0,204.0,652,103.0,170.0,162,99.0,164.0,0,1,0.0,0.0,0.0,0.0
31099,31,2,6688,26.0,111.0,259,18.0,54.0,88,17.0,49.0,0,0,0.0,0.0,0.0,0.0
31101,31,3,8335,228.0,360.0,2324,59.0,107.0,1509,45.0,92.0,2,2,1.0,1.0,1.0,1.0
31103,31,1,769,4.0,4.0,507,3.0,3.0,427,3.0,3.0,0,1,1.0,0.0,1.0,0.0
31105,31,1,3434,56.0,168.0,975,35.0,105.0,628,33.0,99.0,0,1,1.0,0.0,1.0,0.0
31107,31,3,8391,157.0,254.0,1308,114.0,193.0,372,111.0,186.0,0,1,1.0,0.0,0.0,0.0
31109,31,81,322608,8343.0,11241.0,51169,903.0,1487.0,20783,359.0,734.0,74,29,5.0,7.0,3.0,2.0
31111,31,8,34676,606.0,1730.0,7357,249.0,494.0,4205,180.0,319.0,4,3,1.0,1.0,0.0,1.0
31113,31,1,716,0.0,6.0,128,0.0,5.0,80,0.0,4.0,0,0,0.0,0.0,0.0,0.0
31115,31,1,607,4.0,15.0,428,4.0,15.0,267,4.0,15.0,0,0,0.0,0.0,0.0,0.0
31117,31,1,399,15.0,2.0,399,15.0,2.0,399,15.0,2.0,0,1,1.0,0.0,1.0,0.0
31119,31,9,35585,994.0,1236.0,7034,304.0,377.0,3488,184.0,252.0,6,3,0.0,1.0,0.0,1.0
31121,31,3,7668,61.0,184.0,367,22.0,117.0,22,18.0,109.0,0,1,0.0,0.0,0.0,0.0
31123,31,1,4555,88.0,223.0,1349,64.0,163.0,1172,59.0,150.0,0,0,0.0,0.0,0.0,0.0
31125,31,1,3380,30.0,93.0,453,21.0,64.0,145,19.0,59.0,0,0,0.0,0.0,0.0,0.0
31127,31,2,7074,136.0,378.0,761,47.0,135.0,103,23.0,69.0,0,1,0.0,0.0,0.0,0.0
31129,31,2,4095,55.0,109.0,1344,18.0,52.0,910,12.0,42.0,0,1,0.0,0.0,0.0,0.0
31131,31,5,15912,193.0,382.0,4639,119.0,208.0,2369,99.0,169.0,2,1,0.0,0.0,0.0,0.0
31133,31,1,2544,63.0,64.0,907,55.0,56.0,576,54.0,55.0,0,1,1.0,0.0,1.0,0.0
31135,31,1,2858,31.0,61.0,1302,25.0,49.0,1002,24.0,47.0,0,0,0.0,0.0,0.0,0.0
31137,31,3,8968,243.0,389.0,1179,55.0,102.0,750,48.0,91.0,2,0,0.0,0.0,0.0,0.0
31139,31,2,7317,92.0,209.0,169,70.0,159.0,61,67.0,152.0,0,1,0.0,0.0,0.0,0.0
31141,31,8,34296,698.0,969.0,4249,107.0,272.0,1543,63.0,189.0,4,3,1.0,1.0,1.0,1.0
31143,31,2,5214,44.0,104.0,646,35.0,82.0,119,34.0,79.0,0,0,0.0,0.0,0.0,0.0
31145,31,3,10702,420.0,415.0,3815,154.0,169.0,2778,108.0,143.0,2,1,0.0,1.0,0.0,1.0
31147,31,3,7871,285.0,268.0,2259,108.0,141.0,1132,86.0,125.0,1,2,1.0,1.0,1.0,0.0
31149,31,1,1262,35.0,32.0,146,12.0,11.0,55,10.0,9.0,0,1,0.0,0.0,0.0,0.0
31151,31,5,14292,164.0,230.0,2214,93.0,120.0,917,80.0,94.0,1,1,0.0,0.0,0.0,0.0
31153,31,47,190604,2251.0,3519.0,57055,703.0,679.0,19589,217.0,174.0,44,8,1.0,3.0,0.0,1.0
31155,31,5,22278,390.0,407.0,5498,242.0,274.0,3996,216.0,249.0,1,0,0.0,0.0,0.0,0.0
31157,31,11,36084,1053.0,1799.0,6044,468.0,535.0,2054,313.0,390.0,6,3,1.0,3.0,0.0,2.0
31159,31,4,17609,294.0,364.0,3619,161.0,263.0,1468,117.0,165.0,2,0,0.0,0.0,0.0,0.0
31161,31,2,5127,77.0,215.0,1593,50.0,150.0,1306,46.0,142.0,0,2,1.0,0.0,1.0,0.0
31163,31,1,2959,91.0,69.0,397,73.0,56.0,121,72.0,54.0,0,1,0.0,0.0,0.0,0.0
31165,31,1,1135,29.0,11.0,611,26.0,10.0,438,26.0,10.0,0,1,1.0,0.0,1.0,0.0
31167,31,2,5842,37.0,112.0,407,28.0,96.0,31,24.0,91.0,0,0,0.0,0.0,0.0,0.0
31169,31,2,5034,72.0,151.0,1456,49.0,112.0,700,46.0,108.0,0,1,1.0,0.0,0.0,0.0
31171,31,1,669,14.0,13.0,301,11.0,10.0,260,9.0,9.0,0,1,1.0,0.0,1.0,0.0
31173,31,2,6773,108.0,293.0,10,79.0,217.0,0,74.0,204.0,0,1,0.0,0.0,0.0,0.0
31175,31,2,4059,63.0,176.0,978,12.0,63.0,750,8.0,55.0,0,0,0.0,0.0,0.0,0.0
31177,31,5,20865,257.0,395.0,3489,140.0,198.0,1629,96.0,141.0,2,0,0.0,1.0,0.0,1.0
31179,31,2,9697,207.0,256.0,2393,62.0,78.0,1151,43.0,55.0,1,0,0.0,1.0,0.0,0.0
31181,31,2,3395,49.0,142.0,981,33.0,99.0,535,31.0,91.0,0,1,0.0,0.0,0.0,0.0
31183,31,1,774,13.0,10.0,714,13.0,10.0,653,13.0,10.0,0,0,0.0,0.0,0.0,0.0
31185,31,4,14125,363.0,420.0,3994,162.0,195.0,2287,122.0,152.0,2,1,1.0,1.0,1.0,1.0
32001,32,7,25516,369.0,1012.0,738,134.0,327.0,145,101.0,239.0,2,2,0.0,0.0,0.0,0.0
32003,32,535,2265461,65483.0,117447.0,317121,3702.0,8538.0,109060,1156.0,3006.0,520,191,10.0,52.0,2.0,10.0
32005,32,17,49488,702.0,1200.0,18072,383.0,563.0,11361,307.0,388.0,9,1,0.0,2.0,0.0,1.0
32007,32,15,53702,1097.0,1781.0,7163,385.0,790.0,4670,277.0,592.0,5,3,1.0,1.0,1.0,1.0
32009,32,1,729,115.0,140.0,704,112.0,136.0,704,111.0,135.0,0,0,0.0,1.0,0.0,1.0
32011,32,1,1855,66.0,16.0,887,48.0,12.0,826,45.0,11.0,0,1,1.0,0.0,1.0,0.0
32013,32,5,17285,222.0,778.0,4421,81.0,415.0,3208,59.0,298.0,2,1,1.0,0.0,1.0,0.0
32015,32,2,5734,59.0,244.0,849,19.0,121.0,774,15.0,103.0,0,1,0.0,0.0,0.0,0.0
32017,32,2,4499,32.0,79.0,830,15.0,42.0,697,10.0,32.0,0,0,0.0,0.0,0.0,0.0
32019,32,18,59235,540.0,2603.0,19388,309.0,1499.0,10263,225.0,1050.0,7,12,3.0,0.0,2.0,0.0
32021,32,2,4554,93.0,255.0,1176,60.0,182.0,1136,55.0,173.0,0,2,1.0,0.0,1.0,0.0
32023,32,15,51591,1251.0,3307.0,22235,713.0,2205.0,14205,451.0,1549.0,8,9,6.0,3.0,4.0,3.0
32027,32,1,6650,59.0,161.0,1308,46.0,125.0,1182,44.0,119.0,0,0,0.0,0.0,0.0,0.0
32029,32,1,4104,31.0,83.0,6,20.0,54.0,0,20.0,52.0,0,0,0.0,0.0,0.0,0.0
32031,32,139,486492,12773.0,20928.0,148919,1717.0,3584.0,83435,952.0,1833.0,124,48,10.0,7.0,3.0,3.0
32033,32,3,9080,63.0,284.0,2627,33.0,151.0,1578,32.0,138.0,0,0,0.0,0.0,0.0,0.0
32510,32,15,58639,1620.0,2432.0,7546,305.0,346.0,3326,118.0,159.0,12,4,0.0,3.0,0.0,2.0
33001,33,18,63705,1050.0,1812.0,5610,491.0,790.0,2995,353.0,557.0,4,4,2.0,1.0,2.0,0.0
33003,33,19,50107,679.0,1091.0,1861,549.0,904.0,817,445.0,766.0,1,8,1.0,1.0,1.0,1.0
33005,33,18,76458,1442.0,1943.0,5909,690.0,916.0,2830,542.0,676.0,5,6,2.0,2.0,0.0,1.0
33007,33,11,31268,1261.0,1770.0,2981,670.0,861.0,2048,577.0,736.0,0,9,2.0,2.0,2.0,2.0
33009,33,28,91118,2348.0,2364.0,12372,1379.0,1576.0,7162,1021.0,1251.0,6,9,1.0,5.0,1.0,4.0
33011,33,103,422937,8825.0,11060.0,109976,2605.0,2357.0,62451,1513.0,1286.0,70,32,4.0,9.0,1.0,7.0
33013,33,39,153808,2571.0,4269.0,20199,1161.0,1958.0,12376,923.0,1482.0,14,7,3.0,3.0,2.0,1.0
33015,33,72,314176,3935.0,4216.0,120598,1850.0,2136.0,82689,1212.0,1422.0,51,12,7.0,7.0,5.0,2.0
33017,33,30,130889,2537.0,3816.0,26385,738.0,1405.0,13624,413.0,923.0,19,15,6.0,2.0,4.0,0.0
33019,33,11,43063,879.0,1371.0,5705,455.0,781.0,3611,367.0,639.0,2,5,3.0,0.0,2.0,0.0
34001,34,73,274534,12057.0,13416.0,64491,2404.0,3481.0,35241,1103.0,1976.0,60,38,10.0,11.0,7.0,7.0
34003,34,203,955732,26572.0,18954.0,158765,2118.0,1069.0,61917,701.0,277.0,202,37,1.0,16.0,0.0,7.0
34005,34,117,461860,7699.0,8705.0,122778,2453.0,2111.0,62491,1394.0,1109.0,101,24,8.0,15.0,5.0,8.0
34007,34,129,523485,21376.0,26941.0,66489,1420.0,1781.0,17058,352.0,496.0,127,53,4.0,23.0,2.0,9.0
34009,34,32,95263,2544.0,3380.0,27269,727.0,1184.0,17370,421.0,705.0,25,12,4.0,2.0,2.0,2.0
34011,34,41,154152,5451.0,9464.0,29134,1339.0,2882.0,8458,636.0,1441.0,27,27,9.0,10.0,2.0,4.0
34013,34,211,863728,67128.0,47471.0,85061,1149.0,533.0,37767,429.0,190.0,211,129,3.0,11.0,0.0,5.0
34015,34,69,302294,5817.0,7447.0,66793,1187.0,1803.0,22773,531.0,843.0,58,16,3.0,5.0,0.0,2.0
34017,34,183,724854,100117.0,44096.0,13223,1089.0,259.0,5989,316.0,130.0,183,109,1.0,6.0,1.0,2.0
34019,34,30,128947,1692.0,1825.0,23647,1195.0,1177.0,16537,950.0,923.0,9,0,0.0,4.0,0.0,2.0
34021,34,84,387340,16114.0,13377.0,99827,2255.0,1193.0,50795,967.0,491.0,80,36,4.0,18.0,3.0,9.0
34023,34,192,863162,24726.0,24330.0,193516,4308.0,3392.0,80244,1479.0,1014.0,187,46,11.0,30.0,3.0,15.0
34025,34,154,643615,16104.0,13702.0,205308,3891.0,2633.0,102853,1820.0,1040.0,144,20,2.0,21.0,1.0,13.0
34027,34,110,509285,9840.0,7093.0,198899,3458.0,2058.0,104511,1836.0,990.0,98,8,1.0,20.0,0.0,11.0
34029,34,144,637229,14730.0,15692.0,234340,6548.0,5390.0,109908,3147.0,2445.0,135,47,29.0,33.0,12.0,22.0
34031,34,120,524118,24809.0,34016.0,65538,996.0,995.0,18998,287.0,304.0,116,67,2.0,6.0,0.0,3.0
34033,34,24,64837,2396.0,3099.0,8264,843.0,970.0,3486,479.0,510.0,12,12,3.0,2.0,1.0,1.0
34035,34,74,345361,5274.0,4857.0,154772,1832.0,1296.0,97027,1071.0,808.0,68,6,0.0,5.0,0.0,5.0
34037,34,42,144221,1928.0,1808.0,41924,1024.0,879.0,30989,785.0,686.0,21,4,2.0,3.0,1.0,2.0
34039,34,120,575345,20643.0,17870.0,63396,708.0,432.0,30638,265.0,108.0,120,49,1.0,2.0,0.0,2.0
34041,34,23,109632,2542.0,3363.0,22668,882.0,1063.0,12625,553.0,614.0,12,3,1.0,4.0,0.0,4.0
35001,35,176,676444,18362.0,48464.0,116201,1481.0,6295.0,41178,576.0,2772.0,165,64,7.0,14.0,2.0,3.0
35003,35,2,3579,105.0,166.0,2162,95.0,143.0,1964,91.0,138.0,0,1,1.0,0.0,1.0,0.0
35005,35,17,65157,1302.0,5927.0,13896,263.0,1638.0,8309,167.0,1194.0,13,11,3.0,2.0,3.0,1.0
35006,35,9,27172,775.0,2009.0,8240,553.0,1126.0,5704,515.0,1011.0,4,8,5.0,1.0,3.0,1.0
35007,35,3,12387,352.0,1255.0,1165,144.0,633.0,666,113.0,509.0,0,2,0.0,1.0,0.0,1.0
35009,35,14,48430,1141.0,4738.0,6180,344.0,793.0,2055,256.0,512.0,10,7,1.0,1.0,0.0,1.0
35011,35,1,1698,46.0,153.0,411,28.0,94.0,380,22.0,74.0,0,0,0.0,0.0,0.0,0.0
35013,35,61,219561,5164.0,20500.0,45342,1296.0,6821.0,18918,758.0,3974.0,39,35,12.0,4.0,1.0,2.0
35015,35,13,62314,1120.0,3345.0,11755,296.0,1030.0,5536,227.0,799.0,9,3,1.0,2.0,1.0,1.0
35017,35,10,28185,360.0,2162.0,8196,156.0,1217.0,6304,95.0,989.0,3,6,2.0,1.0,2.0,0.0
35019,35,1,4452,71.0,606.0,705,40.0,340.0,556,32.0,276.0,0,1,1.0,0.0,1.0,0.0
35021,35,1,657,22.0,25.0,370,17.0,19.0,342,16.0,18.0,0,0,0.0,0.0,0.0,0.0
35023,35,2,4178,147.0,314.0,1128,30.0,86.0,1074,20.0,67.0,0,2,1.0,0.0,1.0,0.0
35025,35,18,74455,1051.0,4886.0,6929,164.0,992.0,3315,113.0,727.0,12,10,5.0,0.0,0.0,0.0
35027,35,9,20269,388.0,1466.0,3663,247.0,933.0,2043,194.0,737.0,2,4,2.0,1.0,0.0,0.0
35028,35,4,19419,181.0,350.0,6305,62.0,176.0,2713,19.0,88.0,3,0,0.0,0.0,0.0,0.0
35029,35,7,25427,482.0,2776.0,6847,209.0,1363.0,4945,164.0,1089.0,4,7,3.0,0.0,3.0,0.0
35031,35,33,72902,2280.0,8047.0,10460,1389.0,4820.0,3622,1093.0,3771.0,7,28,7.0,4.0,2.0,3.0
35033,35,2,4189,49.0,400.0,2030,42.0,372.0,1692,41.0,367.0,0,1,1.0,0.0,1.0,0.0
35035,35,21,67839,1232.0,5283.0,11313,510.0,2361.0,6803,360.0,1638.0,10,9,2.0,3.0,2.0,2.0
35037,35,3,8746,512.0,1340.0,1754,163.0,406.0,1317,140.0,346.0,2,3,2.0,1.0,2.0,0.0
35039,35,11,40363,587.0,2948.0,6908,335.0,1869.0,4525,251.0,1438.0,2,6,4.0,1.0,2.0,1.0
35041,35,5,19191,549.0,1579.0,4138,125.0,577.0,2362,79.0,444.0,3,4,3.0,1.0,2.0,0.0
35043,35,35,148834,1804.0,7867.0,67706,1009.0,4909.0,44499,757.0,3671.0,23,8,5.0,2.0,3.0,2.0
35045,35,36,121661,2778.0,9643.0,24544,1157.0,4741.0,11055,835.0,3362.0,19,22,11.0,7.0,6.0,4.0
35047,35,10,27201,1039.0,3486.0,4508,387.0,1614.0,2105,262.0,1203.0,3,8,5.0,3.0,1.0,2.0
35049,35,57,154823,2938.0,7774.0,38230,1289.0,3023.0,18734,955.0,2083.0,35,15,4.0,3.0,3.0,2.0
35051,35,4,11576,397.0,863.0,2667,127.0,228.0,2156,85.0,138.0,2,2,1.0,1.0,1.0,0.0
35053,35,6,16595,354.0,1307.0,7040,151.0,778.0,4928,95.0,606.0,3,4,3.0,1.0,2.0,0.0
35055,35,10,34489,474.0,2689.0,3348,262.0,1746.0,1725,198.0,1412.0,2,3,2.0,1.0,1.0,0.0
35057,35,5,15045,263.0,1641.0,1772,201.0,1244.0,863,182.0,1127.0,0,1,0.0,1.0,0.0,1.0
35059,35,1,4079,68.0,290.0,2354,47.0,199.0,1660,45.0,191.0,0,1,1.0,0.0,1.0,0.0
35061,35,25,76205,817.0,6612.0,24776,436.0,3607.0,12347,247.0,2067.0,12,14,8.0,0.0,5.0,0.0
36001,36,85,314848,17005.0,14841.0,62551,1940.0,1904.0,26921,728.0,941.0,72,26,4.0,13.0,0.0,4.0
36003,36,16,46456,1362.0,2813.0,48,816.0,1731.0,0,698.0,1487.0,0,11,0.0,3.0,0.0,1.0
36005,36,361,1472654,326220.0,206275.0,21600,3320.0,1164.0,3733,0.0,0.0,361,289,8.0,11.0,0.0,1.0
36007,36,57,198683,11088.0,12589.0,37553,1998.0,3235.0,14263,1092.0,2266.0,40,33,3.0,11.0,1.0,3.0
36009,36,24,77042,3403.0,5729.0,1073,1523.0,2547.0,11,1270.0,2047.0,4,18,0.0,8.0,0.0,5.0
36011,36,24,76248,2854.0,4663.0,2750,1007.0,1736.0,176,756.0,1351.0,7,10,1.0,8.0,0.0,3.0
36013,36,36,127657,5913.0,10617.0,10472,1657.0,3087.0,5068,1291.0,2386.0,19,28,3.0,10.0,2.0,7.0
36015,36,25,84148,3444.0,5824.0,6396,409.0,1136.0,1073,240.0,813.0,18,18,1.0,2.0,0.0,0.0
36017,36,16,47220,1549.0,2874.0,109,750.0,1595.0,0,652.0,1387.0,2,11,0.0,2.0,0.0,2.0
36019,36,22,79843,3485.0,5663.0,6078,1321.0,2792.0,2926,916.0,2143.0,9,7,1.0,4.0,0.0,2.0
36021,36,21,61570,1623.0,2592.0,1770,842.0,1500.0,817,666.0,1225.0,3,6,0.0,4.0,0.0,2.0
36023,36,13,46809,2223.0,2947.0,2754,518.0,997.0,1030,380.0,785.0,7,7,0.0,2.0,0.0,2.0
36025,36,18,44308,1644.0,2390.0,1940,961.0,1535.0,0,839.0,1375.0,1,13,0.0,3.0,0.0,3.0
36027,36,82,295911,8348.0,9145.0,81201,2746.0,3047.0,43023,1697.0,2000.0,48,12,3.0,9.0,0.0,6.0
36029,36,260,954236,47159.0,63474.0,129107,4374.0,5715.0,53798,2339.0,3094.0,226,117,7.0,38.0,2.0,18.0
36031,36,18,37381,1203.0,1711.0,1524,621.0,987.0,545,461.0,794.0,2,7,0.0,1.0,0.0,1.0
36033,36,15,47555,2066.0,3410.0,5587,1236.0,2104.0,3374,993.0,1711.0,3,9,2.0,6.0,0.0,5.0
36035,36,17,53324,2331.0,3521.0,3879,457.0,1089.0,2571,363.0,916.0,8,12,0.0,1.0,0.0,1.0
36037,36,18,58388,2182.0,3374.0,4318,603.0,1346.0,1748,420.0,1019.0,9,6,0.0,3.0,0.0,2.0
36039,36,18,47931,1354.0,1477.0,4741,786.0,970.0,2815,656.0,825.0,4,2,0.0,2.0,0.0,1.0
36041,36,4,5107,84.0,119.0,1153,75.0,109.0,273,70.0,102.0,0,1,0.0,0.0,0.0,0.0
36043,36,20,60139,2477.0,3806.0,3632,886.0,1402.0,1573,726.0,1160.0,8,6,1.0,6.0,1.0,4.0
36045,36,36,116721,4623.0,7529.0,19929,1622.0,3103.0,12221,1202.0,2464.0,11,17,3.0,5.0,3.0,5.0
36047,36,804,2736074,569113.0,231177.0,2765,505.0,248.0,21,0.0,0.0,802,475,2.0,8.0,0.0,0.0
36049,36,9,26582,595.0,1394.0,989,407.0,1022.0,446,361.0,904.0,0,8,1.0,1.0,0.0,0.0
36051,36,18,61834,1413.0,2552.0,723,747.0,1468.0,9,594.0,1191.0,3,6,0.0,3.0,0.0,3.0
36053,36,19,68016,1577.0,3056.0,5358,639.0,1438.0,2855,501.0,1099.0,5,5,0.0,1.0,0.0,0.0
36055,36,210,759443,34301.0,47855.0,202027,4721.0,6707.0,108103,2291.0,3362.0,193,91,11.0,32.0,2.0,18.0
36057,36,16,49532,2230.0,3014.0,3574,661.0,827.0,1971,547.0,651.0,9,7,0.0,3.0,0.0,2.0
36059,36,281,1395774,31006.0,22835.0,130148,2090.0,951.0,47312,735.0,329.0,280,9,1.0,21.0,1.0,8.0
36061,36,310,1694251,607348.0,112139.0,4065,937.0,212.0,0,0.0,0.0,310,112,1.0,5.0,0.0,0.0
36063,36,65,212666,9118.0,13529.0,22954,1575.0,2996.0,8242,929.0,1916.0,46,34,4.0,11.0,0.0,7.0
36065,36,75,232125,11412.0,15855.0,24005,1953.0,3170.0,10564,1351.0,2341.0,48,33,2.0,12.0,0.0,7.0
36067,36,142,476516,23723.0,28395.0,80546,2653.0,3507.0,34761,1365.0,1977.0,118,61,3.0,22.0,1.0,12.0
36069,36,40,112458,2971.0,4174.0,25476,1524.0,2101.0,13153,1117.0,1450.0,20,8,3.0,6.0,2.0,5.0
36071,36,92,401310,13012.0,14898.0,72614,2783.0,3679.0,33579,1532.0,2161.0,64,23,4.0,14.0,1.0,10.0
36073,36,13,40343,1277.0,2498.0,2306,491.0,1331.0,355,395.0,1113.0,5,6,1.0,1.0,0.0,1.0
36075,36,44,117525,3962.0,7542.0,5035,1407.0,3973.0,1360,1052.0,3234.0,12,27,2.0,3.0,0.0,3.0
36077,36,22,58524,1683.0,2285.0,4094,815.0,1188.0,1584,649.0,951.0,5,11,1.0,1.0,1.0,0.0
36079,36,24,97668,1641.0,1152.0,33561,1056.0,702.0,22583,752.0,473.0,13,1,0.0,4.0,0.0,2.0
36081,36,724,2405464,314790.0,133891.0,15655,1756.0,533.0,4867,259.0,87.0,720,341,1.0,22.0,0.0,6.0
36083,36,48,161130,6513.0,7264.0,18765,1000.0,1234.0,8339,632.0,855.0,29,16,0.0,5.0,0.0,1.0
36085,36,125,495747,27235.0,22803.0,11436,312.0,345.0,1472,34.0,22.0,125,35,1.0,10.0,0.0,4.0
36087,36,80,338329,10131.0,12398.0,99119,1348.0,1882.0,42848,578.0,624.0,80,26,3.0,12.0,0.0,6.0
36089,36,30,108505,4214.0,6467.0,8253,2227.0,3387.0,4937,1811.0,2771.0,10,19,4.0,13.0,2.0,12.0
36091,36,65,235509,4780.0,6660.0,72251,1858.0,3067.0,40123,1207.0,2113.0,40,8,1.0,10.0,0.0,8.0
36093,36,45,158061,8292.0,9338.0,23574,727.0,602.0,10971,423.0,325.0,41,20,0.0,4.0,0.0,3.0
36095,36,8,29714,844.0,1764.0,2738,565.0,1200.0,1006,469.0,1004.0,2,5,1.0,3.0,1.0,3.0
36097,36,5,17898,501.0,1111.0,0,356.0,812.0,0,303.0,691.0,0,2,0.0,1.0,0.0,1.0
36099,36,11,33814,1201.0,1637.0,3464,721.0,937.0,1360,526.0,667.0,3,3,2.0,4.0,2.0,2.0
36101,36,31,93584,3947.0,4761.0,6593,1361.0,2143.0,3936,1122.0,1795.0,11,15,0.0,6.0,0.0,5.0
36103,36,384,1525920,23672.0,33009.0,451274,6805.0,7520.0,241393,3664.0,3460.0,368,20,10.0,35.0,5.0,23.0
36105,36,31,78624,2692.0,5383.0,3207,1534.0,3024.0,1944,1229.0,2400.0,4,15,3.0,5.0,3.0,4.0
36107,36,11,48455,1456.0,2730.0,1942,827.0,1873.0,584,687.0,1585.0,3,6,0.0,5.0,0.0,5.0
36109,36,26,105740,6098.0,3869.0,16086,1890.0,2199.0,9042,1347.0,1776.0,14,12,3.0,14.0,2.0,11.0
36111,36,50,181851,5448.0,7262.0,16095,2144.0,3270.0,6686,1493.0,2364.0,18,18,3.0,10.0,1.0,8.0
36113,36,23,65737,2350.0,2940.0,15965,968.0,1075.0,10711,791.0,858.0,12,6,2.0,4.0,0.0,2.0
36115,36,21,61302,2007.0,2955.0,2501,823.0,1327.0,1236,719.0,1164.0,5,6,0.0,2.0,0.0,1.0
36117,36,25,91283,2759.0,4368.0,8011,1585.0,2571.0,4551,1176.0,1961.0,6,10,2.0,9.0,2.0,7.0
36119,36,241,1004457,53196.0,34921.0,217648,4450.0,2160.0,119258,2083.0,930.0,229,58,5.0,33.0,3.0,20.0
36121,36,12,40531,1193.0,1816.0,85,745.0,1137.0,0,616.0,940.0,0,4,0.0,4.0,0.0,4.0
36123,36,8,24774,1327.0,1012.0,1208,1039.0,781.0,521,889.0,675.0,1,5,1.0,7.0,1.0,5.0
37001,37,37,171415,3325.0,9499.0,24420,851.0,3093.0,7134,491.0,1893.0,23,13,3.0,4.0,1.0,0.0
37003,37,7,36444,432.0,1902.0,5430,332.0,1469.0,3658,260.0,1132.0,1,3,0.0,1.0,0.0,0.0
37005,37,3,10888,313.0,725.0,406,228.0,604.0,0,180.0,518.0,0,2,0.0,1.0,0.0,1.0
37007,37,9,22055,805.0,2889.0,1898,570.0,2156.0,1160,457.0,1738.0,1,6,0.0,3.0,0.0,2.0
37009,37,9,26577,532.0,1709.0,486,439.0,1465.0,0,360.0,1243.0,0,4,0.0,2.0,0.0,1.0
37011,37,5,17806,347.0,946.0,340,284.0,801.0,0,239.0,667.0,0,2,0.0,1.0,0.0,0.0
37013,37,13,44652,1198.0,3243.0,4691,571.0,1905.0,2235,453.0,1548.0,3,8,2.0,3.0,2.0,1.0
37015,37,5,17934,620.0,1706.0,298,512.0,1361.0,0,479.0,1265.0,0,4,0.0,3.0,0.0,3.0
37017,37,11,29606,922.0,3093.0,494,512.0,2090.0,0,362.0,1735.0,0,6,0.0,3.0,0.0,3.0
37019,37,43,136693,1693.0,5908.0,50790,1187.0,4065.0,33257,794.0,2616.0,23,16,4.0,2.0,2.0,1.0
37021,37,65,269452,4822.0,9660.0,87149,1750.0,4512.0,44662,874.0,2786.0,48,18,8.0,11.0,5.0,4.0
37023,37,21,87570,1740.0,5202.0,14591,878.0,3102.0,5007,452.0,1763.0,8,11,3.0,2.0,1.0,0.0
37025,37,47,225804,3373.0,8695.0,80662,1313.0,3369.0,35991,695.0,1886.0,36,14,4.0,9.0,2.0,6.0
37027,37,19,80652,1545.0,4717.0,14446,898.0,2713.0,2720,574.0,1481.0,8,11,4.0,5.0,2.0,4.0
37029,37,2,10355,55.0,426.0,52,45.0,363.0,0,40.0,317.0,0,0,0.0,0.0,0.0,0.0
37031,37,31,67686,1195.0,2886.0,22307,514.0,1541.0,11503,299.0,945.0,19,7,2.0,1.0,1.0,0.0
37033,37,6,22736,532.0,1778.0,111,462.0,1561.0,0,356.0,1243.0,0,4,0.0,1.0,0.0,1.0
37035,37,34,160610,3438.0,7896.0,25309,1640.0,3978.0,5157,901.0,2247.0,17,13,7.0,8.0,1.0,5.0
37037,37,19,76285,846.0,1675.0,18187,578.0,1237.0,12194,452.0,990.0,4,6,1.0,1.0,1.0,0.0
37039,37,12,28774,765.0,1577.0,1096,631.0,1215.0,40,518.0,977.0,0,8,1.0,3.0,0.0,2.0
37041,37,4,13708,599.0,1359.0,1595,324.0,805.0,802,234.0,587.0,1,1,1.0,2.0,1.0,2.0
37043,37,4,11089,327.0,570.0,61,284.0,517.0,0,204.0,433.0,0,0,0.0,1.0,0.0,1.0
37045,37,24,99519,1949.0,8280.0,7817,987.0,4290.0,2117,636.0,2773.0,8,12,4.0,3.0,0.0,1.0
37047,37,15,50623,1110.0,4531.0,66,738.0,3234.0,0,630.0,2807.0,0,12,0.0,4.0,0.0,4.0
37049,37,26,100720,2709.0,6015.0,24147,804.0,2452.0,11110,448.0,1557.0,16,12,5.0,6.0,2.0,1.0
37051,37,81,334728,8840.0,24156.0,110832,2490.0,8008.0,42563,775.0,2748.0,67,47,24.0,21.0,9.0,7.0
37053,37,9,28100,244.0,686.0,1440,199.0,561.0,776,164.0,453.0,1,1,0.0,0.0,0.0,0.0
37055,37,10,36915,449.0,851.0,14012,238.0,470.0,10432,164.0,363.0,6,1,0.0,0.0,0.0,0.0
37057,37,42,168930,2749.0,9151.0,39129,1700.0,4633.0,24400,1199.0,3201.0,20,14,6.0,5.0,4.0,5.0
37059,37,10,42712,1045.0,2020.0,7752,802.0,1555.0,4560,543.0,1204.0,2,1,0.0,3.0,0.0,2.0
37061,37,21,48715,1209.0,3290.0,520,870.0,2442.0,0,736.0,2121.0,0,15,0.0,2.0,0.0,1.0
37063,37,68,324833,9512.0,12872.0,99645,1644.0,2995.0,41570,602.0,1242.0,64,28,9.0,18.0,2.0,12.0
37065,37,14,48900,1971.0,4642.0,4251,639.0,1764.0,2145,419.0,1264.0,5,11,3.0,4.0,1.0,3.0
37067,37,95,382590,9963.0,22305.0,145366,2367.0,7138.0,70303,894.0,3344.0,84,36,15.0,14.0,5.0,6.0
37069,37,16,68573,1090.0,3551.0,2416,824.0,2835.0,2075,667.0,2377.0,1,12,0.0,2.0,0.0,2.0
37071,37,85,227943,4793.0,15034.0,66865,1288.0,5112.0,29671,591.0,2459.0,65,43,17.0,5.0,8.0,2.0
37073,37,3,10478,98.0,585.0,27,88.0,531.0,0,75.0,459.0,0,2,0.0,0.0,0.0,0.0
37075,37,3,8030,372.0,518.0,495,307.0,420.0,21,234.0,309.0,0,3,0.0,1.0,0.0,1.0
37077,37,15,60992,800.0,3131.0,3590,487.0,1988.0,2847,360.0,1546.0,2,6,1.0,2.0,1.0,1.0
37079,37,5,20451,403.0,1513.0,125,291.0,1242.0,0,255.0,1075.0,0,4,0.0,1.0,0.0,1.0
37081,37,126,541299,14751.0,33985.0,115820,2972.0,7543.0,52236,1326.0,3674.0,105,55,7.0,23.0,1.0,12.0
37083,37,16,48622,1847.0,5922.0,2339,1001.0,3004.0,1026,834.0,2434.0,5,13,2.0,5.0,1.0,5.0
37085,37,28,133568,1929.0,7587.0,20173,1292.0,5400.0,11157,999.0,4206.0,6,10,4.0,4.0,2.0,4.0
37087,37,21,62089,1078.0,3675.0,15081,600.0,2560.0,6595,334.0,1667.0,11,6,4.0,1.0,3.0,1.0
37089,37,30,116281,1806.0,4687.0,31949,1027.0,2669.0,20033,669.0,1886.0,17,10,4.0,6.0,4.0,3.0
37091,37,8,21552,656.0,2305.0,127,371.0,1395.0,0,274.0,1065.0,0,5,0.0,0.0,0.0,0.0
37093,37,12,52082,917.0,3864.0,9378,457.0,2214.0,3310,275.0,1357.0,4,6,0.0,1.0,0.0,0.0
37095,37,2,4589,215.0,436.0,1227,160.0,343.0,251,138.0,300.0,0,2,1.0,1.0,0.0,1.0
37097,37,46,186693,2790.0,6163.0,50344,1426.0,3510.0,25193,965.0,2501.0,24,17,2.0,3.0,0.0,1.0
37099,37,9,43109,573.0,2242.0,12174,423.0,1722.0,7759,296.0,1225.0,2,5,2.0,2.0,2.0,2.0
37101,37,53,215999,3175.0,9747.0,53788,1867.0,6325.0,34789,1390.0,4827.0,19,27,4.0,5.0,2.0,5.0
37103,37,3,9172,271.0,641.0,169,223.0,526.0,0,201.0,469.0,0,2,0.0,0.0,0.0,0.0
37105,37,16,63285,977.0,3822.0,14153,428.0,1833.0,7524,268.0,1254.0,8,7,3.0,1.0,2.0,0.0
37107,37,17,55122,2128.0,6384.0,9348,593.0,2970.0,6605,448.0,2429.0,9,11,1.0,2.0,1.0,1.0
37109,37,18,86810,1229.0,4204.0,3370,748.0,2623.0,861,543.0,1906.0,3,5,1.0,2.0,0.0,1.0
37111,37,12,44578,1150.0,3419.0,1440,780.0,2111.0,128,590.0,1438.0,2,6,1.0,3.0,0.0,3.0
37113,37,10,37014,1124.0,1640.0,3274,912.0,1208.0,1117,698.0,906.0,2,3,1.0,4.0,1.0,4.0
37115,37,7,21193,378.0,1017.0,2612,338.0,943.0,53,296.0,866.0,0,4,2.0,1.0,0.0,1.0
37117,37,6,22031,813.0,1912.0,1557,442.0,1187.0,1080,367.0,1021.0,1,4,1.0,2.0,1.0,2.0
37119,37,305,1115482,27225.0,40445.0,407494,6199.0,9983.0,151629,1683.0,2679.0,298,90,41.0,51.0,9.0,19.0
37121,37,4,14903,532.0,1117.0,210,456.0,953.0,0,370.0,785.0,0,2,0.0,3.0,0.0,3.0
37123,37,10,25751,506.0,1984.0,321,356.0,1439.0,0,290.0,1162.0,0,8,0.0,0.0,0.0,0.0
37125,37,29,99727,1847.0,3772.0,30608,1212.0,2787.0,22194,855.0,2110.0,12,4,0.0,5.0,0.0,4.0
37127,37,25,94970,2677.0,7087.0,11829,1039.0,3334.0,3817,614.0,2164.0,12,10,3.0,6.0,0.0,4.0
37129,37,54,225702,5887.0,9694.0,86709,1117.0,2193.0,39540,370.0,877.0,52,18,3.0,10.0,1.0,6.0
37131,37,10,17471,547.0,2078.0,29,385.0,1564.0,0,347.0,1425.0,0,8,0.0,1.0,0.0,0.0
37133,37,45,204576,3209.0,9138.0,60945,1551.0,5214.0,28281,914.0,3150.0,25,21,8.0,7.0,6.0,3.0
37135,37,42,148696,2812.0,3352.0,37469,984.0,1716.0,19204,539.0,1214.0,27,8,5.0,5.0,2.0,1.0
37137,37,6,12276,189.0,591.0,240,149.0,475.0,0,116.0,383.0,0,2,0.0,0.0,0.0,0.0
37139,37,10,40568,897.0,2771.0,1094,236.0,1064.0,92,159.0,782.0,4,3,0.0,0.0,0.0,0.0
37141,37,15,60203,821.0,2977.0,20675,686.0,2466.0,14745,586.0,2040.0,5,3,0.0,1.0,0.0,1.0
37143,37,4,13005,323.0,770.0,98,244.0,616.0,0,213.0,539.0,0,1,0.0,1.0,0.0,1.0
37145,37,7,39097,780.0,3298.0,2263,378.0,1891.0,425,226.0,1307.0,2,4,1.0,2.0,0.0,1.0
37147,37,42,170243,6699.0,11320.0,34036,2193.0,4145.0,13043,1167.0,2487.0,27,21,5.0,15.0,2.0,10.0
37149,37,8,19328,360.0,873.0,1533,261.0,742.0,1071,189.0,629.0,1,2,0.0,2.0,0.0,1.0
37151,37,34,144171,2116.0,8752.0,20351,1130.0,5383.0,10053,805.0,3993.0,12,18,5.0,4.0,1.0,4.0
37153,37,11,42946,1830.0,4868.0,9255,927.0,2476.0,4702,616.0,1675.0,6,9,3.0,6.0,2.0,5.0
37155,37,35,116530,3425.0,14065.0,6641,1675.0,8141.0,2428,1133.0,5924.0,9,33,2.0,8.0,0.0,3.0
37157,37,22,91096,2641.0,7022.0,10617,1184.0,3510.0,2773,687.0,2194.0,11,9,6.0,7.0,1.0,4.0
37159,37,31,146875,3805.0,9438.0,21845,1704.0,4379.0,8763,997.0,2671.0,15,19,9.0,9.0,5.0,7.0
37161,37,22,64444,1350.0,5183.0,3282,901.0,3186.0,624,620.0,2165.0,3,15,3.0,2.0,1.0,1.0
37163,37,20,59036,1028.0,4361.0,3347,745.0,3387.0,629,616.0,2926.0,3,13,1.0,2.0,1.0,1.0
37165,37,9,34174,1357.0,3980.0,3964,556.0,1908.0,1769,445.0,1552.0,4,7,2.0,3.0,1.0,2.0
37167,37,17,62504,1383.0,3880.0,5093,661.0,2299.0,2288,536.0,1811.0,4,5,2.0,3.0,0.0,1.0
37169,37,13,44520,887.0,2889.0,1209,715.0,2164.0,726,557.0,1694.0,1,5,1.0,2.0,1.0,1.0
37171,37,23,71359,1425.0,5839.0,5032,863.0,3611.0,2674,663.0,2652.0,5,9,2.0,2.0,1.0,1.0
37173,37,5,14117,396.0,882.0,121,309.0,702.0,5,212.0,509.0,0,3,0.0,2.0,0.0,2.0
37175,37,12,32986,666.0,1647.0,3479,345.0,1075.0,1341,226.0,824.0,3,4,0.0,1.0,0.0,0.0
37177,37,1,3245,166.0,423.0,377,140.0,357.0,298,136.0,345.0,0,1,0.0,1.0,0.0,1.0
37179,37,48,238267,1986.0,6424.0,112419,1244.0,4553.0,68359,852.0,3402.0,33,10,5.0,3.0,5.0,1.0
37181,37,12,42578,1299.0,3920.0,1393,354.0,1512.0,249,249.0,1079.0,5,8,1.0,2.0,0.0,1.0
37183,37,230,1129410,20156.0,28628.0,411968,5663.0,9168.0,189234,2399.0,4126.0,215,62,32.0,46.0,13.0,23.0
37185,37,7,18642,621.0,1882.0,83,503.0,1578.0,0,441.0,1392.0,0,5,0.0,3.0,0.0,2.0
37187,37,4,11003,668.0,1608.0,229,458.0,1039.0,140,383.0,858.0,0,3,0.0,2.0,0.0,2.0
37189,37,13,54086,926.0,1589.0,12994,533.0,1050.0,9123,423.0,866.0,5,6,2.0,1.0,1.0,1.0
37191,37,30,117333,3246.0,9310.0,19745,1132.0,4781.0,11058,615.0,3286.0,14,17,6.0,6.0,2.0,2.0
37193,37,18,65969,1562.0,4180.0,10690,1135.0,3176.0,4609,744.0,2175.0,5,16,5.0,5.0,3.0,2.0
37195,37,25,78784,2319.0,6000.0,8937,585.0,1656.0,4195,440.0,1234.0,15,15,2.0,1.0,1.0,1.0
37197,37,9,37214,773.0,2145.0,21,597.0,1657.0,0,526.0,1455.0,0,2,0.0,2.0,0.0,2.0
37199,37,5,18470,376.0,1120.0,1087,309.0,939.0,0,266.0,810.0,0,0,0.0,2.0,0.0,1.0
38001,38,1,2200,97.0,130.0,1048,75.0,100.0,756,70.0,94.0,0,0,0.0,0.0,0.0,0.0
38003,38,4,10853,313.0,308.0,3790,86.0,99.0,2239,45.0,51.0,2,1,1.0,0.0,0.0,0.0
38005,38,3,5964,178.0,416.0,1901,158.0,367.0,1218,132.0,308.0,0,3,2.0,0.0,1.0,0.0
38007,38,1,945,8.0,0.0,780,8.0,0.0,697,8.0,0.0,0,0,0.0,0.0,0.0,0.0
38009,38,3,6379,46.0,138.0,2389,20.0,52.0,1850,18.0,44.0,0,1,1.0,0.0,1.0,0.0
38011,38,2,2993,43.0,66.0,570,27.0,42.0,495,14.0,22.0,0,0,0.0,0.0,0.0,0.0
38013,38,1,2201,43.0,67.0,1635,38.0,59.0,1471,37.0,57.0,0,0,0.0,0.0,0.0,0.0
38015,38,19,98458,2509.0,2377.0,15604,498.0,529.0,6240,267.0,300.0,13,4,0.0,3.0,0.0,2.0
38017,38,44,184525,5742.0,5219.0,32488,467.0,397.0,16626,262.0,224.0,38,11,2.0,6.0,1.0,1.0
38019,38,2,3704,59.0,73.0,1348,29.0,42.0,1249,17.0,29.0,0,0,0.0,0.0,0.0,0.0
38021,38,3,4999,25.0,108.0,867,16.0,35.0,552,13.0,22.0,0,0,0.0,0.0,0.0,0.0
38023,38,1,2195,37.0,18.0,1163,28.0,14.0,1016,27.0,13.0,0,0,0.0,0.0,0.0,0.0
38025,38,1,4095,32.0,58.0,2190,29.0,53.0,1737,28.0,51.0,0,0,0.0,0.0,0.0,0.0
38027,38,1,2347,45.0,77.0,771,24.0,42.0,498,23.0,40.0,0,0,0.0,0.0,0.0,0.0
38029,38,1,3301,91.0,139.0,1037,58.0,88.0,618,53.0,82.0,0,0,0.0,0.0,0.0,0.0
38031,38,1,3397,123.0,146.0,1298,86.0,102.0,1042,80.0,95.0,0,0,0.0,1.0,0.0,0.0
38033,38,1,1736,26.0,114.0,796,18.0,77.0,717,17.0,74.0,0,0,0.0,0.0,0.0,0.0
38035,38,22,73170,2216.0,1892.0,5677,112.0,138.0,2110,67.0,112.0,16,12,0.0,3.0,0.0,0.0
38037,38,1,2301,47.0,123.0,1254,40.0,104.0,1073,39.0,102.0,0,1,1.0,0.0,1.0,0.0
38039,38,1,2306,59.0,57.0,479,42.0,41.0,262,40.0,39.0,0,0,0.0,0.0,0.0,0.0
38041,38,2,2489,43.0,47.0,870,31.0,33.0,617,28.0,31.0,0,0,0.0,0.0,0.0,0.0
38043,38,1,2394,13.0,63.0,1200,9.0,44.0,1003,9.0,42.0,0,0,0.0,0.0,0.0,0.0
38045,38,2,4093,55.0,100.0,770,39.0,71.0,676,36.0,65.0,0,0,0.0,0.0,0.0,0.0
38047,38,1,1876,24.0,40.0,1002,20.0,34.0,698,19.0,32.0,0,1,1.0,0.0,1.0,0.0
38049,38,2,5345,72.0,141.0,2280,57.0,113.0,1804,55.0,108.0,0,0,0.0,0.0,0.0,0.0
38051,38,1,2530,67.0,77.0,463,26.0,30.0,263,22.0,25.0,0,1,0.0,0.0,0.0,0.0
38053,38,5,14704,297.0,205.0,4979,204.0,132.0,2496,166.0,103.0,1,1,1.0,0.0,1.0,0.0
38055,38,3,9771,144.0,166.0,3622,105.0,116.0,2455,101.0,110.0,0,0,0.0,0.0,0.0,0.0
38057,38,3,8350,89.0,98.0,1243,37.0,64.0,817,18.0,44.0,0,0,0.0,0.0,0.0,0.0
38059,38,7,33291,347.0,592.0,17968,140.0,303.0,14461,110.0,245.0,5,0,0.0,0.0,0.0,0.0
38061,38,3,9809,168.0,183.0,2109,115.0,126.0,1036,105.0,115.0,0,2,0.0,0.0,0.0,0.0
38063,38,1,3015,42.0,66.0,1305,35.0,55.0,922,33.0,52.0,0,0,0.0,0.0,0.0,0.0
38065,38,1,1877,17.0,9.0,717,15.0,8.0,332,15.0,8.0,0,1,1.0,0.0,0.0,0.0
38067,38,4,6844,95.0,256.0,2125,61.0,159.0,1590,52.0,133.0,0,0,0.0,0.0,0.0,0.0
38069,38,2,3990,44.0,133.0,1667,31.0,94.0,1308,28.0,84.0,0,0,0.0,0.0,0.0,0.0
38071,38,3,11605,580.0,590.0,1500,133.0,186.0,1179,112.0,161.0,1,2,0.0,2.0,0.0,0.0
38073,38,3,5703,93.0,136.0,1030,31.0,72.0,763,18.0,59.0,0,0,0.0,0.0,0.0,0.0
38075,38,1,2282,26.0,64.0,1191,21.0,52.0,806,21.0,51.0,0,1,1.0,0.0,1.0,0.0
38077,38,6,16529,434.0,426.0,4213,82.0,126.0,3080,68.0,115.0,2,0,0.0,1.0,0.0,0.0
38079,38,4,12187,408.0,965.0,1342,283.0,711.0,710,245.0,622.0,0,3,1.0,1.0,1.0,1.0
38081,38,2,3862,52.0,94.0,1322,40.0,67.0,891,40.0,63.0,0,0,0.0,0.0,0.0,0.0
38083,38,1,1265,20.0,48.0,775,18.0,43.0,623,17.0,42.0,0,0,0.0,0.0,0.0,0.0
38085,38,2,3898,141.0,409.0,1436,122.0,356.0,1141,99.0,293.0,0,2,1.0,0.0,1.0,0.0
38087,38,1,706,3.0,9.0,603,3.0,9.0,541,3.0,9.0,0,0,0.0,0.0,0.0,0.0
38089,38,9,33646,1064.0,1021.0,8977,411.0,318.0,3828,221.0,178.0,6,0,0.0,2.0,0.0,2.0
38091,38,1,1798,6.0,27.0,632,5.0,21.0,218,5.0,21.0,0,0,0.0,0.0,0.0,0.0
38093,38,7,21593,626.0,885.0,4445,199.0,175.0,2600,88.0,94.0,4,2,1.0,2.0,1.0,1.0
38095,38,1,2162,26.0,45.0,1210,21.0,36.0,1002,20.0,34.0,0,0,0.0,0.0,0.0,0.0
38097,38,4,7997,153.0,147.0,1316,66.0,75.0,906,50.0,62.0,0,0,0.0,0.0,0.0,0.0
38099,38,6,10563,142.0,182.0,1904,46.0,77.0,1106,31.0,58.0,0,2,0.0,0.0,0.0,0.0
38101,38,16,69919,1383.0,2025.0,17730,279.0,509.0,10164,135.0,264.0,11,6,1.0,2.0,1.0,0.0
38103,38,2,3982,85.0,117.0,1074,31.0,47.0,708,22.0,36.0,0,1,0.0,0.0,0.0,0.0
38105,38,8,40950,997.0,902.0,11308,360.0,260.0,6561,220.0,184.0,5,0,0.0,1.0,0.0,1.0
39001,39,7,27477,771.0,2153.0,136,500.0,1537.0,0,440.0,1377.0,0,6,0.0,1.0,0.0,1.0
39003,39,35,102206,3115.0,5691.0,13640,635.0,1047.0,5521,433.0,635.0,23,15,2.0,2.0,0.0,0.0
39005,39,12,52447,1347.0,1854.0,9477,756.0,998.0,5600,609.0,802.0,6,2,1.0,3.0,1.0,3.0
39007,39,28,97574,3064.0,7161.0,13237,1668.0,3003.0,7039,1337.0,2211.0,14,19,4.0,7.0,4.0,6.0
39009,39,15,62431,1574.0,3314.0,183,633.0,1464.0,0,462.0,1084.0,4,12,0.0,2.0,0.0,1.0
39011,39,11,46422,762.0,1289.0,5692,351.0,467.0,3115,274.0,331.0,5,0,0.0,2.0,0.0,0.0
39013,39,22,66497,1939.0,4138.0,7367,679.0,1714.0,3132,486.0,1235.0,10,14,4.0,4.0,1.0,2.0
39015,39,10,43676,1007.0,2904.0,4,632.0,1738.0,0,520.0,1388.0,0,7,0.0,4.0,0.0,3.0
39017,39,86,390357,6863.0,14429.0,116128,1510.0,3227.0,42085,661.0,1506.0,76,34,9.0,4.0,3.0,2.0
39019,39,7,26721,764.0,1344.0,4,563.0,1014.0,0,484.0,884.0,0,3,0.0,2.0,0.0,2.0
39021,39,10,38714,869.0,1599.0,1545,380.0,763.0,781,304.0,634.0,3,2,1.0,1.0,1.0,1.0
39023,39,45,136001,4025.0,10097.0,22990,827.0,2134.0,10556,443.0,1267.0,34,19,2.0,4.0,0.0,2.0
39025,39,48,208601,3866.0,6700.0,66151,1900.0,3297.0,30482,1081.0,1938.0,31,13,5.0,9.0,1.0,4.0
39027,39,10,42018,799.0,1888.0,3374,365.0,787.0,1616,281.0,584.0,4,3,1.0,1.0,1.0,0.0
39029,39,25,101877,3163.0,6288.0,6916,985.0,2386.0,2142,650.0,1732.0,10,9,3.0,4.0,2.0,3.0
39031,39,10,36612,1749.0,2702.0,3591,1164.0,1460.0,2060,999.0,1177.0,4,8,2.0,4.0,2.0,4.0
39033,39,13,42025,957.0,2496.0,6556,242.0,729.0,3269,141.0,489.0,10,6,2.0,0.0,1.0,0.0
39035,39,427,1264817,67457.0,90557.0,207894,3912.0,4446.0,83656,1100.0,1194.0,423,208,6.0,44.0,1.0,16.0
39037,39,14,51881,1099.0,1728.0,2253,392.0,936.0,588,299.0,775.0,4,5,0.0,1.0,0.0,1.0
39039,39,9,38286,765.0,1431.0,2604,377.0,603.0,671,303.0,470.0,3,2,1.0,0.0,1.0,0.0
39041,39,40,214124,2667.0,3002.0,81404,1259.0,1434.0,51627,766.0,937.0,28,2,1.0,6.0,0.0,3.0
39043,39,19,75622,2245.0,3695.0,11008,556.0,680.0,4321,322.0,374.0,13,7,1.0,2.0,0.0,0.0
39045,39,36,158921,2465.0,5469.0,42026,1014.0,2283.0,18612,528.0,1237.0,22,10,4.0,4.0,0.0,0.0
39047,39,7,28951,553.0,1653.0,4911,218.0,674.0,2556,150.0,504.0,4,2,1.0,0.0,0.0,0.0
39049,39,328,1323807,40786.0,60349.0,254471,4441.0,5804.0,84057,1091.0,1416.0,322,154,19.0,41.0,3.0,15.0
39051,39,10,42713,483.0,1633.0,3118,262.0,949.0,790,193.0,726.0,2,0,0.0,0.0,0.0,0.0
39053,39,8,29220,948.0,2206.0,1107,632.0,1549.0,495,476.0,1226.0,1,6,1.0,4.0,0.0,3.0
39055,39,21,95397,2897.0,1572.0,15997,2358.0,1214.0,9168,1932.0,940.0,4,0,0.0,9.0,0.0,9.0
39057,39,42,167966,3026.0,5229.0,40914,1007.0,1456.0,18196,551.0,785.0,29,10,3.0,6.0,2.0,4.0
39059,39,10,38438,1438.0,2790.0,4387,772.0,1183.0,1654,544.0,797.0,4,6,2.0,6.0,0.0,4.0
39061,39,226,830639,36435.0,43374.0,155551,3305.0,4122.0,48651,677.0,1089.0,221,97,10.0,36.0,1.0,15.0
39063,39,15,74920,1620.0,2838.0,7517,489.0,771.0,1967,336.0,493.0,9,4,2.0,4.0,0.0,2.0
39065,39,8,30696,775.0,1448.0,3485,451.0,691.0,1447,374.0,520.0,4,4,2.0,3.0,1.0,2.0
39067,39,5,14483,364.0,811.0,50,266.0,527.0,0,237.0,457.0,0,2,0.0,1.0,0.0,0.0
39069,39,7,27662,427.0,701.0,3837,293.0,442.0,839,227.0,316.0,2,0,0.0,0.0,0.0,0.0
39071,39,11,43317,1145.0,2555.0,2663,711.0,1575.0,784,559.0,1237.0,2,6,2.0,4.0,1.0,3.0
39073,39,7,28050,662.0,1923.0,2448,416.0,1145.0,1361,341.0,962.0,1,6,1.0,1.0,1.0,1.0
39075,39,10,44223,4144.0,645.0,30,3670.0,435.0,0,3298.0,362.0,0,1,0.0,7.0,0.0,7.0
39077,39,13,58565,1017.0,2665.0,3938,302.0,914.0,1401,207.0,663.0,6,2,0.0,1.0,0.0,0.0
39079,39,7,32653,980.0,2588.0,2246,537.0,1291.0,1240,427.0,1005.0,2,6,2.0,3.0,2.0,2.0
39081,39,22,65249,2308.0,4493.0,5630,483.0,1277.0,2094,335.0,911.0,13,9,1.0,1.0,0.0,0.0
39083,39,14,62721,1486.0,2462.0,4647,941.0,1236.0,2583,802.0,1039.0,4,2,1.0,5.0,1.0,4.0
39085,39,59,232603,5141.0,7547.0,62192,1098.0,1679.0,24359,464.0,748.0,54,10,2.0,5.0,2.0,2.0
39087,39,18,58240,1538.0,4751.0,6043,694.0,2226.0,3118,493.0,1617.0,8,14,1.0,3.0,1.0,1.0
39089,39,46,178519,3580.0,8177.0,35676,1162.0,2987.0,19872,688.0,2002.0,26,13,6.0,6.0,2.0,5.0
39091,39,11,46150,1185.0,2201.0,3101,468.0,699.0,1106,351.0,473.0,4,4,1.0,3.0,1.0,2.0
39093,39,79,312964,7231.0,14487.0,80992,1645.0,2656.0,31818,738.0,1079.0,66,28,5.0,6.0,1.0,3.0
39095,39,168,431279,15841.0,29998.0,55904,770.0,1489.0,20713,218.0,472.0,160,89,3.0,7.0,1.0,1.0
39097,39,12,43824,514.0,1522.0,5055,266.0,786.0,1999,208.0,621.0,3,1,0.0,0.0,0.0,0.0
39099,39,75,228614,8281.0,18645.0,48911,1626.0,3813.0,20374,710.0,1626.0,63,44,8.0,12.0,5.0,6.0
39101,39,18,65359,1706.0,4191.0,8343,373.0,1114.0,3415,210.0,785.0,13,9,0.0,3.0,0.0,1.0
39103,39,42,182470,2944.0,4760.0,50345,1199.0,2175.0,29338,694.0,1387.0,27,3,0.0,5.0,0.0,4.0
39105,39,6,22210,583.0,2282.0,599,382.0,1587.0,72,305.0,1307.0,1,5,1.0,0.0,0.0,0.0
39107,39,9,42528,662.0,1119.0,3916,376.0,529.0,845,274.0,331.0,2,0,0.0,1.0,0.0,1.0
39109,39,23,108774,2540.0,3455.0,21033,828.0,1115.0,11311,527.0,659.0,14,5,2.0,4.0,2.0,3.0
39111,39,4,13385,530.0,757.0,175,362.0,534.0,0,297.0,444.0,0,4,0.0,2.0,0.0,2.0
39113,39,156,537309,19669.0,31126.0,111679,2337.0,3662.0,42233,839.0,1466.0,147,72,9.0,19.0,3.0,8.0
39115,39,4,13802,383.0,935.0,111,280.0,764.0,0,228.0,676.0,0,4,0.0,1.0,0.0,0.0
39117,39,9,34950,708.0,1594.0,0,584.0,1117.0,0,527.0,989.0,0,5,0.0,2.0,0.0,2.0
39119,39,21,86410,2662.0,6638.0,10646,896.0,2387.0,4891,534.0,1549.0,11,10,4.0,4.0,2.0,2.0
39121,39,4,14115,355.0,456.0,41,283.0,344.0,0,261.0,311.0,0,1,0.0,1.0,0.0,1.0
39123,39,15,40364,651.0,1441.0,4651,397.0,584.0,3018,325.0,433.0,5,3,0.0,0.0,0.0,0.0
39125,39,5,18806,247.0,878.0,0,199.0,631.0,0,185.0,547.0,0,1,0.0,1.0,0.0,1.0
39127,39,9,35408,973.0,2145.0,4565,500.0,1344.0,2746,366.0,1090.0,2,5,1.0,2.0,1.0,2.0
39129,39,16,58539,1458.0,2630.0,3781,596.0,1296.0,1972,480.0,1070.0,5,8,0.0,3.0,0.0,3.0
39131,39,7,27088,587.0,2583.0,1000,423.0,2085.0,704,350.0,1772.0,1,6,1.0,1.0,1.0,1.0
39133,39,38,161791,4291.0,6649.0,41362,1949.0,3467.0,22621,1139.0,2362.0,19,10,4.0,12.0,1.0,9.0
39135,39,12,40999,663.0,1707.0,1263,326.0,1011.0,312,265.0,850.0,2,3,1.0,1.0,0.0,0.0
39137,39,8,34451,278.0,898.0,3139,201.0,638.0,2452,179.0,576.0,1,0,0.0,0.0,0.0,0.0
39139,39,30,124936,3583.0,7440.0,30858,1379.0,2096.0,12509,935.0,1268.0,23,14,4.0,9.0,1.0,7.0
39141,39,17,77093,1870.0,4916.0,5751,1051.0,2812.0,1823,700.0,2165.0,7,8,3.0,3.0,1.0,3.0
39143,39,15,58896,854.0,3340.0,3711,177.0,883.0,994,108.0,636.0,8,7,3.0,1.0,0.0,0.0
39145,39,21,74008,2277.0,6527.0,3589,633.0,2718.0,967,429.0,2010.0,9,17,2.0,1.0,0.0,0.0
39147,39,14,55069,1369.0,3001.0,8193,595.0,1217.0,6132,497.0,1061.0,7,5,2.0,2.0,2.0,2.0
39149,39,10,48230,779.0,1657.0,2727,245.0,636.0,681,171.0,499.0,4,2,0.0,1.0,0.0,0.0
39151,39,90,374853,10438.0,19848.0,84632,2281.0,3933.0,46932,1453.0,2585.0,73,30,1.0,14.0,0.0,6.0
39153,39,138,540428,18225.0,32721.0,127734,2406.0,3473.0,57197,947.0,1269.0,128,57,3.0,16.0,0.0,8.0
39155,39,54,201977,7068.0,12094.0,41835,2673.0,3638.0,17440,1697.0,1916.0,38,32,11.0,13.0,5.0,8.0
39157,39,24,93263,2848.0,5437.0,7216,1276.0,2091.0,3526,937.0,1413.0,9,9,1.0,6.0,1.0,5.0
39159,39,13,62784,581.0,1177.0,8692,405.0,717.0,4871,347.0,578.0,4,2,0.0,1.0,0.0,1.0
39161,39,9,28931,415.0,867.0,2460,163.0,273.0,985,140.0,218.0,5,3,0.0,0.0,0.0,0.0
39163,39,3,12800,286.0,1111.0,19,212.0,822.0,0,186.0,725.0,0,1,0.0,1.0,0.0,1.0
39165,39,44,242337,2833.0,4235.0,97714,1344.0,1771.0,47564,768.0,965.0,34,6,2.0,4.0,2.0,2.0
39167,39,18,59771,1370.0,3347.0,5862,562.0,1413.0,2472,357.0,947.0,8,6,2.0,1.0,1.0,1.0
39169,39,32,116894,4451.0,3632.0,23102,3135.0,1799.0,11853,2651.0,1266.0,16,3,1.0,9.0,1.0,7.0
39171,39,9,37102,851.0,2195.0,1374,351.0,1018.0,19,253.0,779.0,2,3,1.0,0.0,0.0,0.0
39173,39,31,132248,2784.0,3766.0,27280,1123.0,1934.0,16005,809.0,1335.0,17,8,1.0,5.0,1.0,4.0
39175,39,6,21900,409.0,755.0,2005,190.0,399.0,1287,150.0,339.0,2,0,0.0,0.0,0.0,0.0
40001,40,5,19495,640.0,1805.0,1009,433.0,1335.0,7,335.0,1088.0,0,3,0.0,2.0,0.0,2.0
40003,40,3,5699,35.0,183.0,1006,22.0,106.0,546,19.0,97.0,0,1,0.0,0.0,0.0,0.0
40005,40,4,14143,371.0,742.0,1187,255.0,580.0,238,216.0,517.0,0,2,1.0,1.0,0.0,1.0
40007,40,3,5049,22.0,71.0,2307,16.0,23.0,1762,16.0,21.0,0,1,0.0,0.0,0.0,0.0
40009,40,4,22410,423.0,1519.0,2753,220.0,786.0,997,155.0,550.0,1,3,0.0,1.0,0.0,1.0
40011,40,5,8735,111.0,482.0,535,56.0,252.0,79,41.0,199.0,0,3,0.0,0.0,0.0,0.0
40013,40,13,46067,1039.0,2486.0,5299,501.0,1382.0,1473,399.0,1075.0,4,7,2.0,2.0,0.0,1.0
40015,40,10,26945,628.0,1391.0,1445,365.0,818.0,922,315.0,709.0,1,3,1.0,0.0,1.0,0.0
40017,40,37,154405,1939.0,4863.0,25363,520.0,1233.0,8501,295.0,718.0,28,5,0.0,1.0,0.0,0.0
40019,40,16,48003,908.0,3090.0,1650,387.0,1283.0,399,305.0,1020.0,6,7,0.0,0.0,0.0,0.0
40021,40,13,47078,1285.0,3092.0,6936,733.0,2047.0,3074,498.0,1539.0,4,8,2.0,1.0,0.0,1.0
40023,40,5,14204,472.0,1472.0,5101,179.0,774.0,3340,115.0,606.0,3,3,3.0,2.0,0.0,0.0
40025,40,2,2296,26.0,39.0,911,7.0,10.0,881,7.0,9.0,0,1,0.0,0.0,0.0,0.0
40027,40,71,295528,4981.0,11590.0,60077,763.0,2757.0,25881,333.0,1547.0,63,24,4.0,6.0,2.0,0.0
40029,40,2,5266,134.0,362.0,492,102.0,267.0,116,98.0,258.0,0,2,0.0,0.0,0.0,0.0
40031,40,38,121125,3690.0,7246.0,19192,553.0,1161.0,10308,352.0,728.0,27,20,4.0,2.0,1.0,0.0
40033,40,2,5527,127.0,363.0,454,73.0,220.0,39,64.0,201.0,0,1,0.0,0.0,0.0,0.0
40035,40,5,14107,287.0,755.0,3377,150.0,436.0,2327,118.0,361.0,2,3,2.0,0.0,1.0,0.0
40037,40,23,71754,1398.0,4169.0,5460,736.0,2380.0,3090,597.0,1908.0,6,8,0.0,1.0,0.0,0.0
40039,40,7,28513,531.0,1303.0,6973,198.0,510.0,5239,167.0,437.0,5,2,2.0,0.0,2.0,0.0
40041,40,13,40397,690.0,2682.0,2336,559.0,2233.0,866,479.0,1925.0,1,9,1.0,1.0,1.0,1.0
40043,40,3,4484,41.0,148.0,1294,27.0,106.0,679,25.0,100.0,0,0,0.0,0.0,0.0,0.0
40045,40,2,3749,58.0,170.0,729,43.0,126.0,425,40.0,116.0,0,0,0.0,0.0,0.0,0.0
40047,40,17,62846,1172.0,3734.0,4602,250.0,819.0,774,194.0,670.0,10,6,0.0,0.0,0.0,0.0
40049,40,9,25656,494.0,1438.0,1109,278.0,824.0,87,224.0,679.0,1,5,0.0,1.0,0.0,1.0
40051,40,15,54795,919.0,2534.0,3797,405.0,1420.0,1138,281.0,1054.0,5,4,1.0,1.0,0.0,0.0
40053,40,2,4169,63.0,191.0,1911,41.0,116.0,1764,39.0,111.0,0,0,0.0,0.0,0.0,0.0
40055,40,2,5491,100.0,494.0,593,44.0,219.0,385,39.0,197.0,0,0,0.0,0.0,0.0,0.0
40057,40,1,2488,94.0,215.0,586,50.0,114.0,411,44.0,100.0,0,1,1.0,0.0,0.0,0.0
40059,40,2,3272,18.0,59.0,779,9.0,31.0,415,8.0,28.0,0,1,0.0,0.0,0.0,0.0
40061,40,4,11561,253.0,1019.0,954,177.0,789.0,0,153.0,686.0,0,4,1.0,1.0,0.0,0.0
40063,40,5,13367,129.0,638.0,456,86.0,370.0,88,78.0,334.0,1,3,0.0,0.0,0.0,0.0
40065,40,8,24785,627.0,1494.0,3757,85.0,259.0,1022,34.0,167.0,5,4,0.0,1.0,0.0,0.0
40067,40,3,5337,197.0,487.0,476,104.0,261.0,278,96.0,238.0,0,3,0.0,1.0,0.0,1.0
40069,40,4,10272,220.0,756.0,1188,114.0,449.0,697,92.0,373.0,0,2,0.0,0.0,0.0,0.0
40071,40,11,43700,1002.0,2880.0,7828,283.0,842.0,2175,170.0,475.0,7,5,2.0,1.0,1.0,0.0
40073,40,4,15184,232.0,466.0,1738,109.0,273.0,1087,88.0,240.0,0,0,0.0,1.0,0.0,0.0
40075,40,3,8509,166.0,715.0,782,80.0,334.0,372,73.0,299.0,0,2,0.0,0.0,0.0,0.0
40077,40,3,9444,144.0,731.0,539,111.0,575.0,6,101.0,528.0,0,3,0.0,0.0,0.0,0.0
40079,40,12,48129,1127.0,3768.0,5305,706.0,2493.0,1525,552.0,1908.0,3,7,4.0,2.0,1.0,1.0
40081,40,8,33458,441.0,1968.0,277,349.0,1584.0,0,309.0,1406.0,0,3,0.0,0.0,0.0,0.0
40083,40,13,49555,605.0,1907.0,5823,314.0,932.0,3343,262.0,768.0,4,3,0.0,1.0,0.0,1.0
40085,40,3,10146,126.0,537.0,714,65.0,347.0,162,49.0,287.0,0,1,0.0,0.0,0.0,0.0
40087,40,9,41662,258.0,1281.0,1626,192.0,835.0,580,161.0,704.0,1,0,0.0,0.0,0.0,0.0
40089,40,9,30814,802.0,2376.0,3385,542.0,1694.0,2119,468.0,1473.0,1,5,1.0,3.0,1.0,2.0
40091,40,8,18941,391.0,1589.0,1038,245.0,1044.0,74,208.0,894.0,0,7,1.0,0.0,0.0,0.0
40093,40,3,7782,90.0,405.0,1310,45.0,240.0,409,35.0,204.0,0,0,0.0,0.0,0.0,0.0
40095,40,6,15312,186.0,723.0,108,130.0,369.0,0,116.0,305.0,0,3,0.0,0.0,0.0,0.0
40097,40,10,39046,687.0,2160.0,8377,490.0,1517.0,6076,401.0,1246.0,3,5,2.0,2.0,1.0,1.0
40099,40,5,13904,204.0,605.0,1821,115.0,399.0,986,88.0,326.0,1,1,0.0,0.0,0.0,0.0
40101,40,20,66339,1931.0,5071.0,11612,623.0,1797.0,3639,364.0,1113.0,12,9,3.0,3.0,2.0,0.0
40103,40,4,10924,97.0,450.0,1787,65.0,284.0,759,54.0,223.0,1,0,0.0,0.0,0.0,0.0
40105,40,4,9320,146.0,648.0,759,99.0,432.0,104,78.0,339.0,0,2,0.0,0.0,0.0,0.0
40107,40,4,11310,337.0,761.0,1754,186.0,450.0,348,147.0,368.0,0,3,1.0,0.0,0.0,0.0
40109,40,266,796292,21827.0,48425.0,95960,1581.0,4314.0,45987,824.0,2263.0,243,135,4.0,16.0,1.0,4.0
40111,40,11,36706,937.0,3042.0,3319,321.0,1340.0,1285,227.0,1027.0,4,5,3.0,2.0,1.0,0.0
40113,40,13,45818,984.0,2418.0,6954,639.0,1520.0,1872,379.0,1033.0,2,3,1.0,1.0,0.0,1.0
40115,40,9,30285,726.0,2096.0,4089,344.0,991.0,1506,270.0,756.0,5,6,3.0,0.0,1.0,0.0
40117,40,5,15553,241.0,947.0,381,135.0,627.0,8,110.0,542.0,0,3,0.0,0.0,0.0,0.0
40119,40,23,81646,1924.0,3303.0,15204,597.0,1371.0,7122,411.0,1081.0,15,14,3.0,2.0,2.0,1.0
40121,40,14,43773,1261.0,3243.0,4283,552.0,1469.0,641,423.0,1171.0,4,5,2.0,2.0,0.0,0.0
40123,40,11,38065,972.0,2330.0,9436,419.0,1203.0,5457,271.0,863.0,6,3,1.0,1.0,1.0,0.0
40125,40,20,72454,1167.0,5005.0,3756,542.0,2558.0,1355,396.0,1969.0,8,5,1.0,0.0,0.0,0.0
40127,40,4,10812,298.0,785.0,1980,152.0,525.0,984,124.0,467.0,0,3,1.0,0.0,0.0,0.0
40129,40,1,3442,24.0,148.0,1771,21.0,129.0,1481,20.0,123.0,0,0,0.0,0.0,0.0,0.0
40131,40,28,95240,1012.0,3941.0,12489,554.0,2384.0,4354,399.0,1842.0,9,6,0.0,0.0,0.0,0.0
40133,40,9,23556,614.0,2014.0,1347,322.0,1024.0,709,262.0,838.0,2,7,1.0,0.0,1.0,0.0
40135,40,12,39281,806.0,3283.0,2491,401.0,1866.0,726,304.0,1443.0,3,8,1.0,1.0,0.0,0.0
40137,40,11,42848,1002.0,3096.0,10389,432.0,1246.0,7344,351.0,969.0,6,3,1.0,1.0,0.0,1.0
40139,40,6,21384,345.0,458.0,7055,168.0,179.0,5813,156.0,156.0,4,2,2.0,0.0,2.0,0.0
40141,40,5,6968,257.0,517.0,151,55.0,146.0,20,36.0,108.0,0,3,0.0,0.0,0.0,0.0
40143,40,208,669279,17116.0,34993.0,82858,1368.0,3484.0,31548,541.0,1615.0,193,79,6.0,11.0,2.0,2.0
40145,40,25,80981,838.0,2692.0,21031,471.0,1446.0,10833,332.0,990.0,14,3,1.0,1.0,1.0,1.0
40147,40,14,52455,1111.0,3254.0,10978,223.0,923.0,4806,116.0,571.0,10,6,2.0,1.0,0.0,0.0
40149,40,4,10924,123.0,616.0,1182,65.0,355.0,719,58.0,318.0,0,2,1.0,0.0,1.0,0.0
40151,40,4,8624,282.0,328.0,2291,188.0,204.0,1103,169.0,183.0,1,2,2.0,1.0,1.0,1.0
40153,40,5,20470,317.0,731.0,6477,87.0,274.0,5399,64.0,216.0,3,2,1.0,0.0,1.0,0.0
41001,41,6,16668,392.0,1225.0,2931,134.0,583.0,1504,100.0,478.0,2,3,1.0,0.0,0.0,0.0
41003,41,22,95184,2867.0,5123.0,24040,681.0,1516.0,14661,367.0,1039.0,17,10,3.0,3.0,1.0,3.0
41005,41,87,421401,7916.0,16492.0,94632,2262.0,5172.0,41926,1285.0,3326.0,69,12,4.0,13.0,3.0,8.0
41007,41,11,41072,1387.0,2752.0,6610,381.0,1111.0,3333,240.0,714.0,5,3,2.0,2.0,1.0,1.0
41009,41,11,52589,915.0,3258.0,2547,349.0,1472.0,799,277.0,1172.0,3,6,1.0,0.0,0.0,0.0
41011,41,21,64929,2006.0,6711.0,4997,500.0,2423.0,1795,320.0,1784.0,10,12,2.0,3.0,1.0,1.0
41013,41,7,24738,533.0,1579.0,2797,267.0,897.0,1373,244.0,815.0,1,2,0.0,1.0,0.0,0.0
41015,41,7,23446,452.0,1676.0,2193,262.0,986.0,905,205.0,830.0,2,6,2.0,0.0,0.0,0.0
41017,41,45,198253,3411.0,8417.0,56265,1228.0,3942.0,26565,730.0,2625.0,28,8,3.0,6.0,1.0,5.0
41019,41,29,111201,2452.0,10041.0,11937,656.0,3600.0,3498,343.0,2263.0,12,16,7.0,3.0,2.0,0.0
41021,41,1,1995,45.0,101.0,726,28.0,62.0,448,25.0,56.0,0,0,0.0,0.0,0.0,0.0
41023,41,3,7233,83.0,538.0,1454,49.0,338.0,1038,36.0,266.0,0,2,2.0,0.0,1.0,0.0
41025,41,3,7495,245.0,723.0,2405,96.0,317.0,1869,64.0,223.0,1,2,1.0,0.0,1.0,0.0
41027,41,6,23977,516.0,1202.0,4810,129.0,586.0,2711,72.0,434.0,4,0,0.0,1.0,0.0,0.0
41029,41,52,223259,5299.0,16488.0,35446,1099.0,4822.0,15523,569.0,3211.0,38,19,5.0,8.0,4.0,4.0
41031,41,8,24502,397.0,2176.0,3870,198.0,1232.0,1694,137.0,947.0,2,5,3.0,1.0,1.0,0.0
41033,41,22,88090,1763.0,8836.0,9555,366.0,3673.0,4083,190.0,2420.0,11,18,3.0,1.0,2.0,0.0
41035,41,22,69413,1921.0,6861.0,8826,398.0,2283.0,3210,264.0,1803.0,11,15,3.0,2.0,1.0,1.0
41037,41,2,8160,178.0,591.0,2463,108.0,394.0,1806,98.0,361.0,0,1,1.0,1.0,1.0,1.0
41039,41,92,382971,12300.0,30686.0,46966,1774.0,6692.0,15373,936.0,4138.0,70,37,7.0,8.0,2.0,6.0
41041,41,18,50395,1033.0,4876.0,8312,418.0,2442.0,5061,299.0,1759.0,8,10,1.0,1.0,1.0,1.0
41043,41,28,128610,2150.0,10009.0,14082,636.0,3219.0,5590,408.0,2276.0,17,11,4.0,1.0,2.0,1.0
41045,41,8,31571,694.0,2916.0,3581,340.0,1252.0,1950,269.0,932.0,2,5,3.0,2.0,1.0,2.0
41047,41,65,345920,7892.0,24964.0,50441,919.0,4091.0,22332,424.0,2096.0,51,23,4.0,8.0,2.0,3.0
41049,41,3,12186,151.0,843.0,2606,118.0,647.0,588,105.0,572.0,0,2,1.0,0.0,0.0,0.0
41051,41,197,815428,44147.0,56291.0,53869,905.0,1944.0,20757,137.0,649.0,193,64,6.0,9.0,2.0,2.0
41053,41,16,87433,1596.0,6530.0,19790,564.0,2374.0,11478,401.0,1722.0,11,6,2.0,5.0,2.0,3.0
41055,41,1,1870,50.0,191.0,341,38.0,144.0,174,34.0,129.0,0,1,0.0,0.0,0.0,0.0
41057,41,10,27390,517.0,1921.0,2682,238.0,1072.0,1423,162.0,810.0,2,4,1.0,1.0,1.0,0.0
41059,41,18,80075,1507.0,5875.0,12240,613.0,2387.0,7597,426.0,1677.0,9,11,5.0,2.0,3.0,0.0
41061,41,8,26196,794.0,2114.0,4138,203.0,766.0,2332,137.0,526.0,4,5,2.0,1.0,2.0,0.0
41063,41,3,7391,126.0,406.0,793,74.0,250.0,458,61.0,212.0,0,3,0.0,0.0,0.0,0.0
41065,41,8,26670,638.0,2299.0,5090,189.0,798.0,1448,100.0,583.0,5,3,2.0,1.0,1.0,0.0
41067,41,134,600372,13218.0,24720.0,114770,1532.0,3797.0,47809,528.0,1674.0,123,23,5.0,14.0,1.0,6.0
41069,41,1,1451,24.0,78.0,465,17.0,54.0,304,15.0,48.0,0,1,0.0,0.0,0.0,0.0
41071,41,19,107722,2172.0,6210.0,14353,659.0,2050.0,8733,488.0,1561.0,11,9,3.0,3.0,1.0,2.0
42001,42,27,103852,1832.0,3350.0,3957,976.0,1940.0,2379,779.0,1538.0,6,4,0.0,3.0,0.0,3.0
42003,42,394,1250578,65143.0,70877.0,286641,5663.0,8695.0,110199,1729.0,2905.0,380,132,14.0,55.0,2.0,22.0
42005,42,19,65558,2195.0,4387.0,4321,1023.0,2288.0,3014,827.0,1886.0,6,12,0.0,6.0,0.0,5.0
42007,42,53,168215,5421.0,10006.0,36672,1324.0,2999.0,15380,676.0,1742.0,36,21,5.0,6.0,0.0,4.0
42009,42,12,47577,1128.0,3116.0,4949,686.0,2053.0,2989,608.0,1803.0,2,5,1.0,2.0,0.0,2.0
42011,42,107,428849,14157.0,22640.0,60352,2299.0,4277.0,29431,1385.0,2842.0,75,32,0.0,11.0,0.0,7.0
42013,42,38,122822,4324.0,9068.0,6442,924.0,1876.0,2714,530.0,1171.0,25,17,0.0,5.0,0.0,4.0
42015,42,15,59967,1710.0,3572.0,825,776.0,2041.0,51,673.0,1760.0,4,8,0.0,2.0,0.0,2.0
42017,42,147,646538,12107.0,19418.0,177666,3278.0,4304.0,86614,1462.0,2020.0,122,14,2.0,15.0,0.0,8.0
42019,42,47,193763,4415.0,7285.0,37054,1727.0,3020.0,18226,1141.0,2088.0,25,7,3.0,5.0,0.0,2.0
42021,42,42,133472,5807.0,10559.0,12012,1372.0,2869.0,3343,848.0,1891.0,23,23,3.0,12.0,0.0,4.0
42023,42,2,4547,227.0,577.0,715,91.0,250.0,497,72.0,201.0,0,2,1.0,0.0,0.0,0.0
42025,42,17,64749,1745.0,4252.0,1539,535.0,1659.0,282,318.0,1227.0,4,9,0.0,2.0,0.0,1.0
42027,42,41,158172,6579.0,4910.0,26482,2048.0,2011.0,13880,1307.0,1325.0,24,14,1.0,14.0,1.0,11.0
42029,42,124,534413,8790.0,11536.0,196741,3667.0,4468.0,109879,2346.0,2866.0,92,11,4.0,11.0,2.0,7.0
42031,42,13,37241,981.0,2363.0,516,628.0,1478.0,0,491.0,1157.0,1,9,0.0,2.0,0.0,2.0
42033,42,20,80562,2401.0,6255.0,11663,1257.0,3681.0,7937,905.0,2852.0,7,14,1.0,8.0,1.0,5.0
42035,42,10,37450,1382.0,2457.0,4314,848.0,1118.0,843,697.0,799.0,4,6,2.0,4.0,0.0,4.0
42037,42,16,64727,1917.0,2826.0,1536,796.0,1091.0,80,650.0,891.0,7,6,0.0,3.0,0.0,3.0
42039,42,23,83938,3560.0,6313.0,11940,1624.0,3242.0,5597,1233.0,2490.0,8,15,2.0,8.0,1.0,3.0
42041,42,55,259469,5365.0,8281.0,64286,1536.0,2842.0,27958,929.0,1646.0,41,13,3.0,10.0,1.0,5.0
42043,42,67,286401,11383.0,16085.0,56401,1538.0,2581.0,28129,893.0,1460.0,56,27,4.0,13.0,3.0,7.0
42045,42,152,576830,20907.0,28783.0,95039,1747.0,1470.0,48716,971.0,594.0,148,53,2.0,10.0,0.0,4.0
42047,42,9,30990,835.0,1932.0,3120,309.0,785.0,1425,226.0,595.0,3,1,1.0,1.0,0.0,1.0
42049,42,73,270876,10958.0,21112.0,29805,1388.0,3396.0,13232,776.0,2199.0,54,35,3.0,8.0,0.0,6.0
42051,42,36,128804,4969.0,12964.0,13754,1681.0,5477.0,6495,1129.0,3789.0,14,24,4.0,8.0,2.0,6.0
42053,42,2,6973,128.0,268.0,259,103.0,216.0,0,74.0,161.0,0,2,0.0,0.0,0.0,0.0
42055,42,33,155932,2928.0,6967.0,24123,1364.0,3173.0,14918,972.0,2295.0,15,9,3.0,7.0,1.0,7.0
42057,42,3,14556,336.0,883.0,122,224.0,668.0,0,188.0,588.0,0,0,0.0,1.0,0.0,1.0
42059,42,10,35954,676.0,2977.0,3359,337.0,1834.0,376,255.0,1277.0,2,2,0.0,0.0,0.0,0.0
42061,42,13,44092,1162.0,2191.0,3715,609.0,1311.0,707,503.0,1139.0,2,6,0.0,2.0,0.0,1.0
42063,42,24,83246,2444.0,5289.0,4452,1358.0,2822.0,2613,1187.0,2374.0,9,15,1.0,4.0,0.0,3.0
42065,42,13,44492,1518.0,2728.0,3289,703.0,1320.0,2019,597.0,1127.0,5,9,0.0,3.0,0.0,3.0
42067,42,6,23509,626.0,939.0,116,480.0,738.0,0,404.0,641.0,0,3,0.0,3.0,0.0,2.0
42069,42,60,215896,8298.0,15738.0,22270,898.0,2015.0,11645,522.0,1275.0,50,27,0.0,4.0,0.0,0.0
42071,42,116,552984,18325.0,19471.0,106988,8823.0,5623.0,50594,6893.0,3742.0,80,20,4.0,36.0,3.0,34.0
42073,42,28,86070,2890.0,7368.0,9530,872.0,2178.0,3216,506.0,1313.0,17,14,1.0,4.0,0.0,3.0
42075,42,33,143257,3660.0,6934.0,30696,982.0,1501.0,18397,657.0,1014.0,22,9,1.0,5.0,0.0,4.0
42077,42,81,374557,12050.0,22198.0,65146,1172.0,1803.0,32414,576.0,971.0,71,29,1.0,6.0,0.0,2.0
42079,42,101,325594,12819.0,26482.0,39465,1853.0,4908.0,16307,1015.0,3036.0,78,51,5.0,8.0,3.0,3.0
42081,42,32,114188,4556.0,6961.0,11320,1013.0,1834.0,5920,800.0,1456.0,17,13,1.0,6.0,0.0,4.0
42083,42,12,40432,1426.0,3038.0,881,558.0,1403.0,199,473.0,1184.0,3,5,0.0,2.0,0.0,1.0
42085,42,35,110652,4461.0,8100.0,10801,1665.0,2867.0,3037,1164.0,1837.0,18,19,5.0,10.0,1.0,8.0
42087,42,13,46143,1864.0,3151.0,1941,791.0,1036.0,1113,586.0,737.0,5,8,0.0,3.0,0.0,3.0
42089,42,51,168327,3357.0,9234.0,36695,1751.0,6335.0,23081,1110.0,4582.0,19,15,6.0,5.0,3.0,2.0
42091,42,219,856553,19056.0,22272.0,252513,3751.0,3828.0,117315,1748.0,1596.0,211,22,2.0,28.0,0.0,14.0
42093,42,4,18136,637.0,511.0,3495,250.0,311.0,2834,228.0,294.0,2,1,0.0,2.0,0.0,2.0
42095,42,74,312951,7963.0,12621.0,54135,1457.0,2319.0,22137,873.0,1590.0,60,17,0.0,6.0,0.0,4.0
42097,42,25,91647,3498.0,5909.0,5633,781.0,1281.0,1506,523.0,793.0,15,14,2.0,3.0,1.0,2.0
42099,42,10,45842,1038.0,1934.0,158,834.0,1508.0,0,718.0,1279.0,0,1,0.0,2.0,0.0,2.0
42101,42,408,1603797,189616.0,177955.0,20889,785.0,710.0,2580,76.0,65.0,408,256,3.0,15.0,0.0,6.0
42103,42,25,58535,1286.0,3046.0,2477,932.0,2606.0,968,840.0,2387.0,3,3,0.0,3.0,0.0,3.0
42105,42,7,16396,426.0,978.0,564,283.0,633.0,170,249.0,562.0,0,5,0.0,0.0,0.0,0.0
42107,42,42,143049,4611.0,9958.0,9996,891.0,2012.0,7167,605.0,1338.0,22,21,1.0,0.0,1.0,0.0
42109,42,8,39736,986.0,1455.0,221,620.0,826.0,0,538.0,686.0,2,4,0.0,2.0,0.0,2.0
42111,42,24,74129,1861.0,4209.0,3108,933.0,2002.0,1785,735.0,1526.0,4,13,1.0,5.0,1.0,4.0
42113,42,4,5840,131.0,207.0,150,87.0,153.0,0,63.0,127.0,0,2,0.0,0.0,0.0,0.0
42115,42,12,38434,802.0,2002.0,5,487.0,1307.0,0,445.0,1202.0,0,4,0.0,1.0,0.0,0.0
42117,42,10,41045,924.0,2344.0,325,585.0,1580.0,96,481.0,1310.0,0,6,0.0,1.0,0.0,1.0
42119,42,11,42681,1417.0,1711.0,6052,746.0,893.0,3404,625.0,729.0,3,3,0.0,3.0,0.0,3.0
42121,42,17,50454,1623.0,4145.0,3453,714.0,2134.0,435,506.0,1533.0,7,12,1.0,1.0,0.0,1.0
42123,42,13,38587,1003.0,2361.0,1377,487.0,1083.0,9,384.0,860.0,3,8,0.0,1.0,0.0,0.0
42125,42,62,209349,6463.0,12279.0,42852,2064.0,4768.0,24613,1354.0,3537.0,36,20,2.0,11.0,1.0,8.0
42127,42,17,51155,1435.0,2708.0,534,863.0,2087.0,174,749.0,1814.0,1,9,0.0,3.0,0.0,3.0
42129,42,113,354663,9606.0,21526.0,82723,3172.0,7268.0,37416,1835.0,4380.0,76,43,6.0,12.0,3.0,7.0
42131,42,7,26069,563.0,1732.0,85,424.0,1351.0,0,371.0,1193.0,0,1,0.0,1.0,0.0,0.0
42133,42,108,456438,10771.0,20436.0,104378,2900.0,5589.0,61459,2001.0,3984.0,75,24,1.0,12.0,0.0,6.0
44001,44,11,50793,1156.0,1074.0,17916,162.0,302.0,8145,76.0,135.0,11,0,0.0,0.0,0.0,0.0
44003,44,39,170363,4352.0,8756.0,29661,799.0,1504.0,10832,234.0,585.0,34,5,1.0,5.0,0.0,4.0
44005,44,23,85643,2685.0,3030.0,15870,524.0,676.0,8933,324.0,466.0,17,5,1.0,3.0,0.0,2.0
44007,44,145,660741,29859.0,46094.0,48924,1421.0,2142.0,23039,859.0,1267.0,135,66,0.0,8.0,0.0,4.0
44009,44,29,129839,2324.0,2987.0,35276,1095.0,1452.0,20256,642.0,906.0,17,2,2.0,6.0,2.0,4.0
45001,45,7,24295,647.0,1411.0,5639,464.0,1036.0,4369,377.0,863.0,2,4,2.0,1.0,2.0,1.0
45003,45,43,168808,4092.0,7543.0,40974,2051.0,4162.0,21143,1402.0,2898.0,23,21,6.0,11.0,3.0,8.0
45005,45,3,8039,583.0,928.0,72,369.0,613.0,5,325.0,540.0,0,3,0.0,2.0,0.0,2.0
45007,45,51,203718,4778.0,8864.0,45554,1900.0,3856.0,25162,1240.0,2721.0,28,22,7.0,8.0,3.0,5.0
45009,45,6,13311,601.0,1117.0,7,336.0,679.0,0,269.0,582.0,0,5,0.0,2.0,0.0,2.0
45011,45,8,20589,857.0,1990.0,16,408.0,1107.0,0,350.0,944.0,0,6,0.0,3.0,0.0,3.0
45013,45,42,187117,3507.0,4306.0,91096,2282.0,2608.0,56394,1610.0,1792.0,28,11,6.0,13.0,5.0,7.0
45015,45,48,229861,3717.0,6615.0,85983,2145.0,3575.0,44728,1344.0,2226.0,32,18,9.0,9.0,4.0,7.0
45017,45,4,14119,341.0,817.0,69,259.0,659.0,0,244.0,621.0,0,1,0.0,1.0,0.0,0.0
45019,45,98,408235,10520.0,11493.0,122763,2185.0,2459.0,48595,1036.0,1197.0,87,34,12.0,16.0,2.0,8.0
45021,45,16,56216,1197.0,3105.0,5803,640.0,1768.0,2566,437.0,1256.0,4,7,4.0,3.0,3.0,2.0
45023,45,11,32294,827.0,2204.0,860,318.0,1232.0,31,267.0,1055.0,3,11,1.0,1.0,0.0,1.0
45025,45,14,43273,1575.0,3158.0,1473,996.0,2186.0,1209,786.0,1781.0,1,13,1.0,5.0,1.0,4.0
45027,45,12,31144,1245.0,2111.0,44,842.0,1579.0,0,675.0,1303.0,0,5,0.0,4.0,0.0,4.0
45029,45,13,38604,1709.0,3837.0,1294,1165.0,2822.0,245,928.0,2347.0,2,7,1.0,5.0,0.0,4.0
45031,45,19,62905,2658.0,4986.0,8276,1375.0,2739.0,3332,813.0,1687.0,9,14,4.0,9.0,2.0,6.0
45033,45,9,28292,1059.0,2596.0,952,540.0,1399.0,560,430.0,1168.0,2,8,1.0,2.0,1.0,2.0
45035,45,31,161540,2214.0,5597.0,54843,1107.0,2778.0,15587,438.0,1431.0,23,13,4.0,4.0,1.0,4.0
45037,45,7,25657,760.0,1201.0,274,597.0,949.0,16,453.0,682.0,0,3,0.0,3.0,0.0,3.0
45039,45,8,20948,531.0,1879.0,511,299.0,1081.0,14,247.0,903.0,1,3,0.0,0.0,0.0,0.0
45041,45,36,137059,4019.0,8488.0,19954,1532.0,3539.0,8713,1059.0,2438.0,18,17,2.0,10.0,1.0,5.0
45043,45,20,63404,1424.0,3112.0,18178,782.0,1623.0,11464,611.0,1261.0,10,10,3.0,5.0,0.0,3.0
45045,45,123,525534,10330.0,16773.0,148108,2967.0,4742.0,68791,1447.0,2435.0,101,43,9.0,18.0,5.0,12.0
45047,45,18,69351,2066.0,3806.0,12857,612.0,1220.0,5940,363.0,843.0,9,7,1.0,6.0,1.0,3.0
45049,45,7,18561,794.0,1401.0,43,545.0,951.0,0,474.0,817.0,0,6,0.0,2.0,0.0,2.0
45051,45,77,351029,7633.0,11900.0,98726,3168.0,5976.0,42006,1740.0,3984.0,53,25,7.0,17.0,2.0,11.0
45053,45,6,28791,577.0,1467.0,1065,431.0,1161.0,0,370.0,939.0,0,4,1.0,3.0,0.0,2.0
45055,45,18,65403,1097.0,3175.0,15586,667.0,2313.0,9996,486.0,1909.0,6,7,1.0,3.0,1.0,3.0
45057,45,22,96016,1371.0,3874.0,39088,603.0,2065.0,27036,396.0,1379.0,13,10,2.0,3.0,1.0,1.0
45059,45,20,67539,1548.0,4730.0,5534,873.0,3063.0,2618,635.0,2394.0,4,9,1.0,3.0,0.0,3.0
45061,45,9,16531,663.0,1741.0,0,485.0,1317.0,0,426.0,1172.0,0,6,0.0,1.0,0.0,1.0
45063,45,92,293991,5518.0,11870.0,104758,2359.0,7160.0,50384,1266.0,4606.0,65,23,7.0,8.0,5.0,3.0
45065,45,3,9526,173.0,446.0,274,145.0,363.0,62,123.0,299.0,0,1,0.0,1.0,0.0,1.0
45067,45,8,29183,1007.0,2710.0,45,597.0,1711.0,0,520.0,1511.0,0,8,0.0,3.0,0.0,2.0
45069,45,8,26667,1519.0,2254.0,2341,798.0,1297.0,824,604.0,1045.0,2,8,2.0,6.0,1.0,4.0
45071,45,10,37719,1031.0,1964.0,4189,540.0,1190.0,2153,402.0,952.0,3,4,2.0,3.0,1.0,2.0
45073,45,20,78607,1784.0,3940.0,7524,1110.0,2479.0,3234,794.0,1810.0,5,10,4.0,8.0,2.0,7.0
45075,45,39,84223,2984.0,6856.0,10271,1517.0,3975.0,6516,1239.0,3247.0,10,24,3.0,6.0,3.0,5.0
45077,45,37,131404,3345.0,4369.0,26802,1389.0,2448.0,13130,779.0,1594.0,18,15,9.0,7.0,3.0,5.0
45079,45,98,416147,12146.0,17881.0,126758,2782.0,4984.0,52985,1400.0,2374.0,86,47,10.0,19.0,2.0,13.0
45081,45,6,18862,334.0,1065.0,518,254.0,864.0,57,235.0,800.0,0,4,1.0,1.0,0.0,1.0
45083,45,87,327997,5895.0,14389.0,82533,1946.0,5582.0,35287,970.0,2936.0,55,33,10.0,8.0,3.0,5.0
45085,45,26,105556,3446.0,6454.0,13807,1271.0,2984.0,7680,831.0,2012.0,11,16,1.0,7.0,1.0,5.0
45087,45,10,27244,1184.0,2276.0,1578,636.0,1088.0,756,507.0,822.0,3,8,1.0,3.0,1.0,3.0
45089,45,12,31026,1576.0,2582.0,1102,1243.0,2093.0,73,1091.0,1863.0,0,10,1.0,5.0,0.0,5.0
45091,45,55,282090,4177.0,7393.0,101619,1734.0,3158.0,55985,1007.0,1972.0,39,15,6.0,8.0,1.0,5.0
46003,46,1,2747,28.0,47.0,691,23.0,38.0,500,22.0,36.0,0,0,0.0,0.0,0.0,0.0
46005,46,6,19149,644.0,851.0,5419,92.0,182.0,4107,67.0,156.0,4,1,0.0,1.0,0.0,0.0
46007,46,2,3381,14.0,156.0,774,9.0,97.0,665,7.0,80.0,0,2,1.0,0.0,1.0,0.0
46009,46,2,7003,102.0,152.0,912,72.0,107.0,389,65.0,95.0,0,0,0.0,0.0,0.0,0.0
46011,46,7,34375,720.0,610.0,8084,231.0,229.0,5165,199.0,188.0,5,3,2.0,1.0,2.0,1.0
46013,46,8,38301,1104.0,1441.0,13380,320.0,471.0,10286,235.0,362.0,5,2,1.0,2.0,1.0,2.0
46015,46,2,5247,111.0,122.0,1190,61.0,63.0,783,47.0,46.0,0,0,0.0,0.0,0.0,0.0
46017,46,1,1948,66.0,120.0,1153,53.0,96.0,1082,49.0,90.0,0,1,1.0,0.0,1.0,0.0
46019,46,3,10243,243.0,324.0,1330,135.0,166.0,721,105.0,131.0,1,1,1.0,1.0,0.0,1.0
46021,46,1,1377,22.0,43.0,766,20.0,38.0,552,19.0,38.0,0,0,0.0,0.0,0.0,0.0
46023,46,3,9373,158.0,430.0,1381,111.0,320.0,364,100.0,291.0,0,2,1.0,0.0,0.0,0.0
46025,46,1,3837,71.0,25.0,1715,60.0,21.0,1179,58.0,21.0,0,0,0.0,0.0,0.0,0.0
46027,46,3,14967,314.0,547.0,5147,99.0,222.0,2685,55.0,150.0,2,2,1.0,1.0,1.0,0.0
46029,46,8,28325,668.0,628.0,3675,95.0,230.0,2393,82.0,220.0,4,1,0.0,1.0,0.0,0.0
46031,46,2,3902,131.0,283.0,1924,106.0,223.0,1589,103.0,215.0,0,2,2.0,0.0,1.0,0.0
46033,46,2,8318,32.0,204.0,2127,23.0,175.0,1573,19.0,158.0,0,0,0.0,0.0,0.0,0.0
46035,46,5,19956,549.0,679.0,7545,232.0,222.0,5575,188.0,167.0,4,1,1.0,2.0,1.0,1.0
46037,46,3,5449,143.0,168.0,1454,62.0,110.0,1046,48.0,98.0,0,0,0.0,0.0,0.0,0.0
46039,46,2,4295,41.0,61.0,1219,29.0,39.0,610,27.0,36.0,0,0,0.0,0.0,0.0,0.0
46041,46,2,5239,196.0,359.0,1166,60.0,150.0,804,42.0,122.0,0,2,1.0,0.0,1.0,0.0
46043,46,1,2835,23.0,21.0,799,18.0,17.0,204,17.0,16.0,0,0,0.0,0.0,0.0,0.0
46045,46,2,3986,20.0,57.0,2565,18.0,54.0,2225,18.0,53.0,0,0,0.0,0.0,0.0,0.0
46047,46,2,6973,238.0,382.0,1718,131.0,181.0,976,122.0,165.0,0,0,0.0,0.0,0.0,0.0
46049,46,1,2125,94.0,12.0,1171,65.0,8.0,973,64.0,8.0,0,1,1.0,0.0,1.0,0.0
46051,46,2,7556,110.0,230.0,1148,69.0,138.0,643,64.0,125.0,0,0,0.0,0.0,0.0,0.0
46053,46,2,3994,47.0,127.0,930,37.0,96.0,595,34.0,89.0,0,0,0.0,0.0,0.0,0.0
46055,46,1,1872,28.0,21.0,979,20.0,15.0,892,19.0,14.0,0,0,0.0,0.0,0.0,0.0
46057,46,2,6164,28.0,71.0,2484,25.0,66.0,1047,25.0,64.0,0,0,0.0,0.0,0.0,0.0
46059,46,2,3145,102.0,54.0,1225,50.0,36.0,1102,40.0,33.0,0,0,0.0,0.0,0.0,0.0
46061,46,1,3461,17.0,35.0,1322,16.0,33.0,723,16.0,32.0,0,0,0.0,0.0,0.0,0.0
46063,46,1,1311,8.0,10.0,1133,7.0,9.0,1084,7.0,9.0,0,0,0.0,0.0,0.0,0.0
46065,46,4,17765,565.0,446.0,2423,218.0,86.0,2003,177.0,55.0,1,1,0.0,1.0,0.0,1.0
46067,46,3,7427,156.0,231.0,1289,112.0,166.0,668,108.0,160.0,0,0,0.0,0.0,0.0,0.0
46069,46,1,1262,10.0,12.0,482,7.0,8.0,350,7.0,8.0,0,0,0.0,0.0,0.0,0.0
46071,46,2,2806,106.0,195.0,1586,88.0,166.0,1162,79.0,151.0,0,2,2.0,0.0,2.0,0.0
46073,46,1,1663,42.0,27.0,798,33.0,21.0,514,32.0,21.0,0,0,0.0,0.0,0.0,0.0
46075,46,1,917,15.0,4.0,409,11.0,3.0,235,11.0,3.0,0,0,0.0,0.0,0.0,0.0
46077,46,2,5187,86.0,83.0,1728,70.0,67.0,975,68.0,65.0,0,0,0.0,0.0,0.0,0.0
46079,46,4,11059,166.0,246.0,3392,65.0,86.0,1497,47.0,59.0,2,1,1.0,0.0,0.0,0.0
46081,46,8,25768,583.0,1027.0,7450,213.0,358.0,4512,149.0,255.0,4,1,0.0,1.0,0.0,0.0
46083,46,13,65161,578.0,919.0,19136,225.0,440.0,7930,92.0,259.0,9,0,0.0,2.0,0.0,0.0
46085,46,2,3718,68.0,136.0,1187,60.0,116.0,657,56.0,107.0,0,1,0.0,0.0,0.0,0.0
46087,46,2,5682,47.0,112.0,1442,42.0,100.0,556,41.0,98.0,0,0,0.0,0.0,0.0,0.0
46089,46,1,2411,14.0,29.0,1354,11.0,23.0,843,11.0,22.0,0,0,0.0,0.0,0.0,0.0
46091,46,1,4306,38.0,26.0,2126,32.0,22.0,1469,31.0,22.0,0,0,0.0,0.0,0.0,0.0
46093,46,7,29852,458.0,708.0,12202,103.0,265.0,8771,39.0,170.0,4,1,0.0,1.0,0.0,0.0
46095,46,1,1918,38.0,159.0,1359,32.0,135.0,1134,32.0,133.0,0,1,1.0,0.0,1.0,0.0
46097,46,1,2298,33.0,64.0,964,30.0,59.0,678,29.0,55.0,0,0,0.0,0.0,0.0,0.0
46099,46,47,197214,4740.0,7124.0,18750,509.0,798.0,5312,272.0,402.0,39,14,1.0,3.0,0.0,0.0
46101,46,2,6336,74.0,108.0,654,39.0,63.0,160,35.0,58.0,0,0,0.0,0.0,0.0,0.0
46102,46,3,13672,659.0,1446.0,2915,508.0,1083.0,1124,453.0,951.0,0,3,1.0,2.0,1.0,2.0
46103,46,25,109222,2574.0,3738.0,21441,594.0,982.0,8484,257.0,542.0,17,10,1.0,6.0,0.0,4.0
46105,46,1,2835,59.0,107.0,1681,48.0,86.0,1523,46.0,84.0,0,0,0.0,0.0,0.0,0.0
46107,46,1,2472,28.0,22.0,535,19.0,15.0,186,17.0,14.0,0,0,0.0,0.0,0.0,0.0
46109,46,4,10280,168.0,386.0,1417,104.0,267.0,212,79.0,222.0,0,2,0.0,0.0,0.0,0.0
46111,46,1,2330,66.0,54.0,1348,59.0,48.0,1147,55.0,45.0,0,0,0.0,0.0,0.0,0.0
46115,46,3,6361,83.0,107.0,2919,49.0,39.0,2641,46.0,33.0,0,0,0.0,0.0,0.0,0.0
46117,46,1,2980,34.0,30.0,988,22.0,19.0,862,19.0,17.0,0,0,0.0,0.0,0.0,0.0
46119,46,1,1446,15.0,31.0,791,13.0,26.0,559,12.0,25.0,0,0,0.0,0.0,0.0,0.0
46121,46,2,9319,325.0,1023.0,1935,213.0,668.0,1432,163.0,502.0,0,2,1.0,1.0,1.0,1.0
46123,46,2,5624,161.0,231.0,1692,49.0,79.0,1487,36.0,61.0,0,1,0.0,0.0,0.0,0.0
46125,46,2,8673,138.0,304.0,868,117.0,256.0,203,112.0,245.0,0,0,0.0,0.0,0.0,0.0
46127,46,4,16811,270.0,303.0,3622,202.0,247.0,1162,186.0,211.0,1,0,0.0,1.0,0.0,1.0
46129,46,2,5315,62.0,182.0,648,20.0,68.0,331,13.0,51.0,0,0,0.0,0.0,0.0,0.0
46135,46,5,23310,502.0,712.0,3636,159.0,254.0,1286,61.0,114.0,2,1,0.0,2.0,0.0,1.0
46137,46,1,2413,90.0,186.0,1753,83.0,171.0,1625,77.0,158.0,0,1,1.0,0.0,1.0,0.0
47001,47,20,77123,1836.0,3901.0,21348,739.0,1717.0,10494,461.0,1124.0,13,8,3.0,3.0,0.0,1.0
47003,47,10,50237,582.0,1997.0,11918,329.0,935.0,8051,269.0,719.0,4,2,2.0,0.0,2.0,0.0
47005,47,5,15864,385.0,1126.0,95,271.0,880.0,0,211.0,731.0,0,4,0.0,0.0,0.0,0.0
47007,47,4,14913,248.0,878.0,39,206.0,712.0,0,190.0,643.0,0,3,0.0,0.0,0.0,0.0
47009,47,31,135280,1506.0,3281.0,25691,553.0,1626.0,10621,354.0,1089.0,16,3,0.0,1.0,0.0,1.0
47011,47,25,108620,2256.0,4973.0,11631,926.0,1958.0,4380,657.0,1341.0,14,8,2.0,5.0,1.0,4.0
47013,47,13,39272,986.0,3181.0,6452,520.0,1891.0,2130,354.0,1421.0,4,12,4.0,2.0,2.0,0.0
47015,47,4,14506,267.0,603.0,78,179.0,452.0,0,149.0,392.0,0,3,0.0,0.0,0.0,0.0
47017,47,9,28440,629.0,1438.0,2255,377.0,954.0,1753,313.0,812.0,1,5,0.0,2.0,0.0,2.0
47019,47,18,56356,1123.0,3483.0,14827,519.0,1796.0,7304,317.0,1175.0,10,12,6.0,2.0,4.0,2.0
47021,47,9,41072,323.0,957.0,6,230.0,696.0,0,180.0,564.0,0,0,0.0,0.0,0.0,0.0
47023,47,5,17341,201.0,857.0,1570,93.0,493.0,263,57.0,370.0,1,3,1.0,0.0,0.0,0.0
47025,47,9,32043,555.0,2031.0,199,402.0,1370.0,0,332.0,1116.0,0,6,0.0,1.0,0.0,1.0
47027,47,2,7581,235.0,879.0,682,183.0,690.0,0,171.0,646.0,0,2,1.0,1.0,0.0,1.0
47029,47,9,35999,683.0,2913.0,4493,430.0,1802.0,2842,313.0,1334.0,2,8,2.0,2.0,2.0,1.0
47031,47,17,57889,964.0,2706.0,9797,396.0,1439.0,4209,264.0,1067.0,7,7,2.0,1.0,0.0,1.0
47033,47,5,13911,398.0,741.0,12,281.0,542.0,0,235.0,456.0,0,0,0.0,2.0,0.0,1.0
47035,47,17,61145,1380.0,3191.0,12333,767.0,1991.0,7473,504.0,1434.0,6,8,3.0,3.0,1.0,2.0
47037,47,174,715884,21243.0,26860.0,169410,3201.0,5349.0,70201,1138.0,1681.0,163,71,25.0,30.0,6.0,15.0
47039,47,5,11435,260.0,787.0,276,173.0,574.0,0,146.0,504.0,0,5,0.0,0.0,0.0,0.0
47041,47,5,20080,607.0,1145.0,3699,366.0,782.0,2668,286.0,652.0,2,3,2.0,2.0,2.0,2.0
47043,47,11,54315,636.0,2017.0,1606,401.0,1305.0,1218,343.0,1132.0,1,6,1.0,1.0,1.0,1.0
47045,47,10,36801,986.0,2336.0,2071,261.0,968.0,874,194.0,786.0,3,5,2.0,2.0,0.0,0.0
47047,47,11,41990,916.0,1663.0,3405,726.0,1329.0,2315,649.0,1200.0,1,0,0.0,3.0,0.0,2.0
47049,47,5,18489,404.0,1763.0,381,284.0,1322.0,0,253.0,1174.0,0,5,0.0,1.0,0.0,1.0
47051,47,10,42774,718.0,1449.0,2027,433.0,907.0,505,343.0,692.0,2,2,1.0,2.0,0.0,2.0
47053,47,17,50429,1344.0,3366.0,3674,597.0,1551.0,2407,474.0,1272.0,4,10,2.0,3.0,0.0,3.0
47055,47,9,30346,629.0,1374.0,18,465.0,1010.0,0,414.0,908.0,0,1,0.0,1.0,0.0,1.0
47057,47,6,23527,480.0,1350.0,3386,374.0,1050.0,2619,321.0,882.0,1,5,1.0,1.0,1.0,1.0
47059,47,17,70152,1496.0,3329.0,7181,1074.0,2162.0,4540,908.0,1742.0,4,7,0.0,5.0,0.0,4.0
47061,47,4,13529,234.0,868.0,71,173.0,645.0,0,150.0,544.0,0,4,0.0,0.0,0.0,0.0
47063,47,12,64499,1293.0,3650.0,19339,418.0,1271.0,11569,240.0,786.0,9,5,2.0,3.0,0.0,3.0
47065,47,87,366207,8942.0,14488.0,104797,1882.0,3601.0,53759,805.0,1664.0,74,27,7.0,11.0,1.0,6.0
47067,47,2,6662,335.0,984.0,705,264.0,791.0,0,253.0,758.0,0,2,1.0,1.0,0.0,1.0
47069,47,6,25462,691.0,1759.0,175,523.0,1381.0,0,438.0,1187.0,0,5,0.0,3.0,0.0,1.0
47071,47,8,26831,596.0,1634.0,5624,396.0,901.0,2841,318.0,754.0,3,6,2.0,1.0,1.0,1.0
47073,47,13,56721,1006.0,3041.0,7875,622.0,2194.0,4350,463.0,1815.0,4,7,1.0,2.0,1.0,1.0
47075,47,6,17864,810.0,1773.0,4615,402.0,948.0,2743,280.0,719.0,3,4,3.0,3.0,2.0,3.0
47077,47,7,27842,492.0,1802.0,2498,339.0,1271.0,1518,277.0,1041.0,1,3,0.0,1.0,0.0,1.0
47079,47,12,32199,759.0,1762.0,3718,463.0,1045.0,1231,358.0,764.0,4,7,3.0,1.0,1.0,0.0
47081,47,7,24925,260.0,952.0,1481,199.0,747.0,16,173.0,643.0,0,6,1.0,0.0,0.0,0.0
47083,47,3,8283,91.0,516.0,191,71.0,404.0,13,64.0,358.0,0,1,0.0,0.0,0.0,0.0
47085,47,5,18990,278.0,835.0,770,191.0,574.0,0,171.0,512.0,0,2,0.0,0.0,0.0,0.0
47087,47,4,11617,293.0,758.0,684,261.0,678.0,0,245.0,636.0,0,3,0.0,1.0,0.0,1.0
47089,47,12,54683,604.0,2360.0,5865,436.0,1704.0,3876,352.0,1303.0,2,2,1.0,1.0,1.0,1.0
47091,47,5,17948,312.0,1101.0,279,204.0,755.0,0,176.0,664.0,0,4,0.0,1.0,0.0,1.0
47093,47,121,478971,10608.0,17979.0,173975,2727.0,5305.0,70948,1063.0,2427.0,103,38,11.0,10.0,2.0,3.0
47095,47,2,7005,379.0,657.0,43,199.0,350.0,0,185.0,327.0,0,2,0.0,2.0,0.0,1.0
47097,47,9,25143,852.0,2117.0,2037,410.0,1224.0,984,307.0,980.0,2,6,1.0,3.0,1.0,1.0
47099,47,11,44159,1289.0,2390.0,12,668.0,1271.0,0,535.0,1024.0,0,5,0.0,4.0,0.0,3.0
47101,47,2,12582,132.0,1010.0,236,98.0,682.0,0,81.0,530.0,0,1,0.0,0.0,0.0,0.0
47103,47,9,35319,572.0,1273.0,26,354.0,854.0,0,290.0,718.0,0,1,0.0,1.0,0.0,1.0
47105,47,14,54886,906.0,1547.0,19557,407.0,818.0,13584,289.0,580.0,8,2,1.0,2.0,1.0,1.0
47107,47,14,53276,883.0,2873.0,9665,476.0,1617.0,6019,352.0,1213.0,6,4,2.0,0.0,0.0,0.0
47109,47,8,25866,459.0,1510.0,104,352.0,1114.0,0,301.0,938.0,0,5,0.0,1.0,0.0,0.0
47111,47,5,25216,461.0,1663.0,1193,374.0,1132.0,825,353.0,1035.0,1,3,1.0,2.0,1.0,2.0
47113,47,28,98823,3566.0,6540.0,24087,779.0,1723.0,12400,349.0,957.0,19,12,3.0,8.0,0.0,4.0
47115,47,7,28837,501.0,1728.0,1960,292.0,1094.0,1007,231.0,890.0,1,3,0.0,0.0,0.0,0.0
47117,47,6,34318,442.0,905.0,7466,274.0,532.0,4082,190.0,350.0,3,1,1.0,2.0,0.0,2.0
47119,47,21,100974,1186.0,2674.0,19247,629.0,1166.0,8521,506.0,864.0,10,8,5.0,1.0,2.0,1.0
47121,47,3,12758,148.0,828.0,4,121.0,673.0,0,105.0,591.0,0,1,0.0,0.0,0.0,0.0
47123,47,12,46250,1082.0,3064.0,3968,762.0,2075.0,1380,630.0,1636.0,1,6,1.0,3.0,0.0,3.0
47125,47,46,220069,3300.0,7142.0,53450,808.0,2051.0,20086,406.0,1001.0,34,15,5.0,3.0,3.0,0.0
47127,47,2,6461,140.0,183.0,38,115.0,165.0,0,107.0,157.0,0,0,0.0,0.0,0.0,0.0
47129,47,5,21035,364.0,1033.0,58,311.0,827.0,0,280.0,719.0,0,3,0.0,1.0,0.0,1.0
47131,47,10,30787,741.0,1957.0,1796,293.0,1021.0,859,230.0,868.0,2,6,1.0,0.0,0.0,0.0
47133,47,8,22511,311.0,1067.0,14,239.0,773.0,0,211.0,676.0,0,4,0.0,0.0,0.0,0.0
47135,47,3,8366,151.0,480.0,1129,121.0,387.0,0,114.0,370.0,0,2,1.0,0.0,0.0,0.0
47137,47,2,5001,116.0,378.0,112,93.0,313.0,0,86.0,289.0,0,2,0.0,0.0,0.0,0.0
47139,47,6,17544,344.0,1043.0,86,270.0,868.0,0,240.0,739.0,0,1,0.0,1.0,0.0,1.0
47141,47,18,79854,1278.0,3111.0,11106,404.0,1478.0,6302,287.0,1105.0,10,6,2.0,1.0,0.0,1.0
47143,47,6,32870,946.0,2297.0,2423,543.0,1512.0,428,359.0,1122.0,1,4,1.0,3.0,0.0,3.0
47145,47,16,53404,1343.0,2983.0,14408,672.0,1768.0,9168,446.0,1253.0,8,5,3.0,2.0,3.0,2.0
47147,47,15,72803,928.0,2086.0,9299,324.0,935.0,4811,247.0,730.0,7,4,2.0,1.0,1.0,0.0
47149,47,64,341486,3446.0,9079.0,78554,929.0,2689.0,32290,480.0,1385.0,52,22,9.0,3.0,2.0,0.0
47151,47,6,21850,462.0,1973.0,220,355.0,1501.0,0,284.0,1192.0,0,5,0.0,0.0,0.0,0.0
47153,47,4,15826,274.0,1022.0,131,182.0,681.0,0,127.0,475.0,0,3,0.0,1.0,0.0,0.0
47155,47,27,98380,1659.0,2911.0,9273,919.0,1615.0,4250,595.0,1079.0,6,11,2.0,3.0,0.0,1.0
47157,47,249,929744,29600.0,56268.0,188671,2804.0,4770.0,99422,1337.0,2120.0,238,139,10.0,20.0,3.0,8.0
47159,47,5,19904,308.0,780.0,37,219.0,579.0,0,185.0,491.0,0,3,0.0,0.0,0.0,0.0
47161,47,6,13657,254.0,591.0,936,234.0,547.0,0,222.0,517.0,0,1,1.0,1.0,0.0,1.0
47163,47,40,158163,3281.0,9053.0,48714,1083.0,3591.0,26032,596.0,2166.0,30,19,8.0,2.0,6.0,1.0
47165,47,43,196281,2597.0,4779.0,55053,1221.0,2082.0,37106,856.0,1499.0,20,10,3.0,5.0,1.0,2.0
47167,47,13,60970,1179.0,2817.0,7563,545.0,1890.0,5066,398.0,1558.0,2,4,1.0,2.0,0.0,2.0
47169,47,2,11615,157.0,405.0,5,78.0,250.0,0,58.0,208.0,0,0,0.0,0.0,0.0,0.0
47171,47,4,17928,310.0,1059.0,1053,134.0,612.0,0,70.0,415.0,1,1,0.0,1.0,0.0,0.0
47173,47,5,19802,230.0,1171.0,25,155.0,879.0,0,122.0,741.0,0,2,0.0,0.0,0.0,0.0
47175,47,2,6168,209.0,479.0,308,193.0,392.0,0,179.0,353.0,0,2,0.0,1.0,0.0,1.0
47177,47,10,40953,731.0,2433.0,3272,404.0,1430.0,1489,290.0,1087.0,2,7,2.0,0.0,1.0,0.0
47179,47,32,133001,2948.0,4886.0,22829,827.0,1924.0,10094,445.0,1242.0,22,13,3.0,4.0,0.0,1.0
47181,47,4,16232,488.0,1018.0,738,369.0,781.0,139,317.0,646.0,0,4,0.0,2.0,0.0,2.0
47183,47,11,32902,742.0,1869.0,4671,329.0,1032.0,2802,218.0,777.0,4,8,0.0,1.0,0.0,1.0
47185,47,6,27351,430.0,1463.0,3973,291.0,953.0,2327,233.0,755.0,2,3,2.0,2.0,1.0,1.0
47187,47,46,247726,1893.0,1728.0,104425,1061.0,976.0,67218,730.0,690.0,31,0,0.0,4.0,0.0,1.0
47189,47,28,147737,1321.0,3158.0,33100,626.0,1569.0,17676,463.0,1146.0,14,3,3.0,2.0,1.0,1.0
48001,48,12,57922,1014.0,3161.0,20577,538.0,1929.0,2247,392.0,1514.0,4,7,6.0,3.0,2.0,2.0
48003,48,4,18610,308.0,891.0,1387,109.0,207.0,860,91.0,155.0,2,1,1.0,0.0,1.0,0.0
48005,48,21,86395,2021.0,5405.0,10836,878.0,2903.0,4822,568.0,2018.0,9,11,2.0,4.0,0.0,2.0
48007,48,10,23830,803.0,1071.0,4199,398.0,443.0,1271,223.0,299.0,5,3,1.0,2.0,0.0,1.0
48009,48,3,8560,50.0,227.0,76,34.0,120.0,39,31.0,95.0,0,1,0.0,0.0,0.0,0.0
48011,48,1,1848,4.0,26.0,498,2.0,15.0,387,2.0,15.0,0,0,0.0,0.0,0.0,0.0
48013,48,13,48981,856.0,2725.0,5009,444.0,1689.0,1688,353.0,1379.0,2,8,1.0,2.0,0.0,2.0
48015,48,8,30167,340.0,1111.0,850,242.0,734.0,33,197.0,618.0,0,2,0.0,0.0,0.0,0.0
48017,48,2,6904,225.0,395.0,1431,92.0,175.0,1066,79.0,152.0,1,1,1.0,0.0,1.0,0.0
48019,48,7,20851,199.0,670.0,899,153.0,495.0,660,117.0,341.0,0,1,0.0,0.0,0.0,0.0
48021,48,21,97216,1249.0,2750.0,7528,748.0,1725.0,4056,576.0,1331.0,5,16,3.0,2.0,2.0,1.0
48023,48,2,3465,107.0,243.0,457,45.0,107.0,365,39.0,93.0,0,2,0.0,0.0,0.0,0.0
48025,48,9,31047,521.0,1201.0,1818,182.0,360.0,1093,153.0,289.0,2,6,2.0,0.0,0.0,0.0
48027,48,87,370647,7484.0,18429.0,55121,1132.0,2617.0,21349,582.0,1412.0,69,44,7.0,6.0,2.0,3.0
48029,48,375,2009324,48040.0,103965.0,343506,4265.0,12792.0,102293,1342.0,4405.0,348,178,21.0,47.0,2.0,14.0
48031,48,4,11374,115.0,243.0,1215,86.0,179.0,35,73.0,153.0,0,0,0.0,0.0,0.0,0.0
48033,48,1,631,3.0,0.0,631,3.0,0.0,619,3.0,0.0,0,1,1.0,0.0,1.0,0.0
48035,48,7,18235,175.0,782.0,467,57.0,389.0,12,37.0,324.0,0,4,0.0,0.0,0.0,0.0
48037,48,26,92893,2418.0,5109.0,15270,586.0,1452.0,5326,328.0,830.0,15,12,5.0,2.0,3.0,0.0
48039,48,77,372031,4208.0,10824.0,82580,1684.0,4677.0,22319,844.0,2515.0,55,10,2.0,7.0,2.0,4.0
48041,48,63,233849,5463.0,7858.0,49594,876.0,1104.0,19368,481.0,636.0,53,36,5.0,11.0,2.0,3.0
48043,48,3,9546,284.0,338.0,2760,67.0,83.0,2072,42.0,55.0,2,2,2.0,0.0,2.0,0.0
48045,48,1,1435,8.0,36.0,315,4.0,19.0,188,4.0,18.0,0,1,0.0,0.0,0.0,0.0
48047,48,2,7076,737.0,1062.0,1371,156.0,278.0,879,96.0,194.0,1,1,1.0,1.0,1.0,1.0
48049,48,13,38095,979.0,1776.0,8877,370.0,764.0,2509,158.0,403.0,7,8,4.0,1.0,1.0,1.0
48051,48,7,17642,314.0,941.0,840,222.0,545.0,142,196.0,441.0,0,2,0.0,0.0,0.0,0.0
48053,48,15,49130,783.0,1531.0,11676,550.0,869.0,4083,455.0,626.0,4,4,2.0,1.0,1.0,1.0
48055,48,11,45883,597.0,1893.0,3255,258.0,1031.0,1529,197.0,712.0,4,8,1.0,0.0,1.0,0.0
48057,48,7,20106,445.0,1357.0,1468,196.0,394.0,343,173.0,319.0,2,1,0.0,1.0,0.0,1.0
48059,48,3,13708,139.0,556.0,1123,70.0,321.0,680,51.0,251.0,0,1,1.0,0.0,0.0,0.0
48061,48,121,421017,9157.0,34273.0,30653,1256.0,6138.0,4996,567.0,2933.0,92,96,10.0,6.0,2.0,4.0
48063,48,3,12464,322.0,800.0,55,216.0,397.0,0,188.0,321.0,0,2,0.0,1.0,0.0,1.0
48065,48,2,5807,93.0,101.0,256,40.0,41.0,67,35.0,36.0,0,0,0.0,0.0,0.0,0.0
48067,48,9,28454,710.0,1963.0,3997,489.0,1346.0,1850,412.0,1129.0,2,6,3.0,2.0,1.0,2.0
48069,48,3,7371,41.0,228.0,1248,25.0,117.0,471,21.0,90.0,0,3,2.0,0.0,0.0,0.0
48071,48,7,46571,581.0,995.0,2904,420.0,703.0,316,306.0,483.0,1,1,0.0,2.0,0.0,1.0
48073,48,14,50412,1186.0,2668.0,4699,658.0,1511.0,1456,519.0,1161.0,4,8,4.0,3.0,2.0,1.0
48075,48,2,6664,86.0,162.0,1177,26.0,45.0,475,15.0,24.0,1,1,1.0,0.0,0.0,0.0
48077,48,3,10218,103.0,273.0,1772,68.0,190.0,515,60.0,171.0,0,0,0.0,0.0,0.0,0.0
48079,48,1,2547,50.0,200.0,159,10.0,41.0,142,9.0,38.0,0,1,0.0,0.0,0.0,0.0
48081,48,2,3285,58.0,234.0,1156,36.0,150.0,865,34.0,141.0,0,2,1.0,0.0,1.0,0.0
48083,48,3,7684,282.0,439.0,4020,152.0,252.0,2452,87.0,163.0,1,2,2.0,1.0,2.0,1.0
48085,48,220,1064465,13472.0,12768.0,213315,2551.0,3347.0,75383,897.0,1838.0,202,24,6.0,24.0,3.0,14.0
48087,48,1,2652,19.0,169.0,372,6.0,53.0,193,5.0,46.0,0,1,0.0,0.0,0.0,0.0
48089,48,5,20557,371.0,757.0,1643,189.0,395.0,97,158.0,335.0,0,2,0.0,0.0,0.0,0.0
48091,48,33,161501,1595.0,3111.0,20080,886.0,1701.0,7619,653.0,1151.0,14,2,0.0,3.0,0.0,2.0
48093,48,5,13594,277.0,560.0,912,117.0,248.0,192,88.0,200.0,0,2,0.0,0.0,0.0,0.0
48095,48,1,3303,37.0,56.0,1534,23.0,35.0,1292,22.0,33.0,0,1,1.0,0.0,1.0,0.0
48097,48,9,41668,638.0,1561.0,3654,261.0,558.0,1450,172.0,434.0,4,2,1.0,2.0,0.0,2.0
48099,48,19,83093,1509.0,3416.0,34845,469.0,1212.0,25348,325.0,877.0,14,8,6.0,3.0,6.0,1.0
48101,48,1,1380,16.0,172.0,457,8.0,86.0,374,7.0,79.0,0,1,1.0,0.0,0.0,0.0
48103,48,1,4675,193.0,63.0,677,70.0,23.0,575,57.0,19.0,0,1,1.0,1.0,1.0,0.0
48105,48,1,3098,0.0,0.0,723,0.0,0.0,676,0.0,0.0,0,0,0.0,0.0,0.0,0.0
48107,48,3,5133,75.0,466.0,708,28.0,167.0,570,23.0,145.0,0,3,0.0,0.0,0.0,0.0
48109,48,1,2188,45.0,232.0,40,10.0,52.0,34,1.0,7.0,0,1,0.0,0.0,0.0,0.0
48111,48,2,7115,56.0,301.0,1218,20.0,56.0,550,16.0,27.0,1,0,0.0,0.0,0.0,0.0
48113,48,645,2613539,66428.0,103078.0,273038,4383.0,8835.0,86787,1117.0,3064.0,638,345,38.0,64.0,6.0,18.0
48115,48,4,12456,201.0,791.0,4734,39.0,275.0,3338,13.0,179.0,3,3,3.0,0.0,1.0,0.0
48117,48,4,18583,276.0,810.0,2114,42.0,107.0,1465,29.0,73.0,3,4,2.0,0.0,2.0,0.0
48119,48,2,5230,78.0,239.0,400,9.0,113.0,61,6.0,108.0,0,1,0.0,0.0,0.0,0.0
48121,48,193,906422,12640.0,15679.0,270938,3152.0,3840.0,123811,1436.0,2031.0,173,36,6.0,18.0,2.0,9.0
48123,48,6,19824,467.0,818.0,1299,263.0,461.0,613,228.0,393.0,0,3,1.0,1.0,0.0,1.0
48125,48,1,1770,48.0,108.0,739,33.0,74.0,514,31.0,69.0,0,1,1.0,0.0,1.0,0.0
48127,48,3,8615,494.0,774.0,766,115.0,258.0,452,92.0,214.0,1,3,0.0,0.0,0.0,0.0
48129,48,2,3258,38.0,40.0,482,14.0,8.0,344,12.0,5.0,0,1,1.0,0.0,0.0,0.0
48131,48,3,9831,329.0,759.0,2297,183.0,381.0,1572,168.0,330.0,0,3,2.0,1.0,1.0,0.0
48133,48,7,17725,364.0,851.0,462,189.0,403.0,99,159.0,337.0,0,4,0.0,0.0,0.0,0.0
48135,48,33,165171,3938.0,8102.0,13574,353.0,1150.0,5890,197.0,601.0,27,16,2.0,5.0,2.0,0.0
48137,48,1,1422,32.0,91.0,490,20.0,56.0,448,19.0,53.0,0,1,1.0,0.0,0.0,0.0
48139,48,36,192455,2674.0,4902.0,58394,1296.0,2277.0,40734,946.0,1610.0,20,9,2.0,7.0,1.0,6.0
48141,48,188,865657,19103.0,57900.0,111753,1380.0,6284.0,31983,413.0,1913.0,172,140,26.0,9.0,5.0,3.0
48143,48,12,42545,814.0,1143.0,5444,336.0,540.0,1381,253.0,377.0,5,6,3.0,1.0,0.0,0.0
48145,48,6,16968,370.0,835.0,1209,183.0,421.0,196,133.0,304.0,2,3,1.0,0.0,0.0,0.0
48147,48,9,35662,429.0,1314.0,6003,264.0,804.0,4467,240.0,725.0,2,3,1.0,0.0,1.0,0.0
48149,48,9,24435,639.0,768.0,3959,344.0,395.0,436,277.0,326.0,1,0,0.0,2.0,0.0,2.0
48151,48,2,3672,67.0,218.0,360,40.0,69.0,119,39.0,66.0,0,2,0.0,0.0,0.0,0.0
48153,48,2,5402,131.0,252.0,898,60.0,123.0,572,53.0,107.0,0,2,0.0,0.0,0.0,0.0
48155,48,1,1095,28.0,8.0,133,9.0,2.0,106,8.0,2.0,0,0,0.0,0.0,0.0,0.0
48157,48,133,822779,9402.0,19922.0,270005,3049.0,6223.0,101858,1130.0,2688.0,120,26,5.0,18.0,1.0,10.0
48159,48,4,10359,75.0,241.0,87,15.0,165.0,0,10.0,149.0,0,0,0.0,0.0,0.0,0.0
48161,48,8,19435,176.0,1050.0,751,100.0,642.0,119,83.0,543.0,0,4,0.0,0.0,0.0,0.0
48163,48,6,18385,565.0,1281.0,2221,207.0,519.0,828,106.0,332.0,1,5,1.0,1.0,0.0,0.0
48165,48,4,21598,390.0,539.0,741,118.0,223.0,404,94.0,174.0,1,1,0.0,0.0,0.0,0.0
48167,48,102,350682,7600.0,14723.0,98559,1407.0,2917.0,39915,584.0,1293.0,93,34,8.0,9.0,3.0,3.0
48169,48,3,5816,116.0,161.0,1088,43.0,49.0,1070,39.0,44.0,0,2,1.0,0.0,1.0,0.0
48171,48,7,26725,629.0,417.0,4123,322.0,269.0,1783,233.0,216.0,1,1,0.0,1.0,0.0,1.0
48173,48,1,1116,32.0,45.0,1049,32.0,45.0,989,32.0,45.0,0,0,0.0,0.0,0.0,0.0
48175,48,2,7012,215.0,293.0,2532,162.0,223.0,1198,156.0,213.0,0,0,0.0,1.0,0.0,1.0
48177,48,6,19653,604.0,1295.0,5968,277.0,663.0,4401,247.0,595.0,3,5,3.0,1.0,2.0,1.0
48179,48,7,21227,331.0,1107.0,1881,52.0,114.0,792,43.0,62.0,6,4,0.0,0.0,0.0,0.0
48181,48,30,135543,2061.0,4565.0,12355,776.0,1814.0,4097,514.0,1239.0,13,11,5.0,3.0,1.0,0.0
48183,48,30,124239,2240.0,6530.0,29499,483.0,1653.0,15818,218.0,1028.0,26,15,7.0,3.0,4.0,0.0
48185,48,8,29268,497.0,1420.0,591,303.0,914.0,6,261.0,786.0,1,4,0.0,0.0,0.0,0.0
48187,48,41,172706,2083.0,5919.0,36503,717.0,2239.0,12166,445.0,1375.0,27,8,2.0,2.0,1.0,1.0
48189,48,9,32522,718.0,2532.0,7756,152.0,612.0,4226,64.0,237.0,5,5,1.0,1.0,0.0,0.0
48191,48,1,2825,50.0,163.0,266,11.0,37.0,253,9.0,28.0,0,1,0.0,0.0,0.0,0.0
48193,48,3,8222,131.0,401.0,1105,80.0,192.0,397,74.0,167.0,0,0,0.0,0.0,0.0,0.0
48195,48,2,5285,96.0,52.0,272,19.0,10.0,232,10.0,5.0,0,0,0.0,0.0,0.0,0.0
48197,48,1,3549,25.0,168.0,70,7.0,44.0,30,4.0,28.0,0,0,0.0,0.0,0.0,0.0
48199,48,13,56231,876.0,2866.0,11805,528.0,1741.0,5589,360.0,1175.0,6,4,2.0,2.0,2.0,2.0
48201,48,1115,4731145,124912.0,235477.0,560659,6805.0,17187.0,163123,1908.0,5065.0,1095,589,47.0,78.0,8.0,28.0
48203,48,16,68839,1781.0,3371.0,3898,966.0,1858.0,1713,742.0,1474.0,4,8,2.0,3.0,1.0,3.0
48205,48,1,5382,44.0,131.0,1096,25.0,73.0,1074,23.0,69.0,0,0,0.0,0.0,0.0,0.0
48207,48,2,5416,70.0,328.0,677,36.0,177.0,156,24.0,134.0,0,1,0.0,0.0,0.0,0.0
48209,48,46,241067,3864.0,5032.0,37052,1404.0,1508.0,15768,950.0,1059.0,23,24,7.0,8.0,1.0,5.0
48211,48,1,3382,93.0,135.0,994,54.0,79.0,820,47.0,68.0,0,0,0.0,0.0,0.0,0.0
48213,48,28,82150,1542.0,4306.0,12483,928.0,2939.0,7840,702.0,2297.0,7,13,3.0,3.0,3.0,1.0
48215,48,212,870781,15247.0,75177.0,99970,1971.0,13463.0,18199,496.0,3788.0,181,165,44.0,9.0,7.0,2.0
48217,48,12,35874,717.0,1535.0,670,419.0,709.0,149,361.0,612.0,3,6,0.0,1.0,0.0,1.0
48219,48,7,21537,336.0,946.0,4183,98.0,318.0,1882,61.0,226.0,3,3,2.0,0.0,1.0,0.0
48221,48,14,61598,662.0,1166.0,19123,374.0,785.0,11495,223.0,548.0,6,1,0.0,1.0,0.0,0.0
48223,48,10,36787,500.0,1041.0,1941,216.0,501.0,382,163.0,419.0,3,4,0.0,0.0,0.0,0.0
48225,48,8,22066,702.0,1425.0,5284,278.0,628.0,1146,228.0,544.0,2,5,1.0,2.0,1.0,1.0
48227,48,10,34860,766.0,1511.0,8108,207.0,484.0,867,85.0,204.0,7,4,0.0,1.0,0.0,0.0
48229,48,1,3202,44.0,173.0,2081,37.0,147.0,1791,35.0,136.0,0,1,1.0,0.0,1.0,0.0
48231,48,21,99956,1433.0,4508.0,6735,668.0,2712.0,1981,480.0,2175.0,6,14,6.0,1.0,1.0,0.0
48233,48,8,20617,273.0,478.0,4274,84.0,140.0,2942,59.0,109.0,5,2,0.0,0.0,0.0,0.0
48235,48,1,1513,7.0,23.0,479,5.0,16.0,374,5.0,15.0,0,0,0.0,0.0,0.0,0.0
48237,48,3,8472,345.0,316.0,1163,99.0,97.0,747,71.0,70.0,0,1,0.0,1.0,0.0,0.0
48239,48,3,14988,419.0,1101.0,606,218.0,525.0,235,191.0,456.0,0,1,0.0,2.0,0.0,1.0
48241,48,10,32980,716.0,2161.0,2098,397.0,1332.0,360,265.0,971.0,2,8,2.0,1.0,0.0,1.0
48243,48,1,1996,24.0,53.0,967,18.0,39.0,800,16.0,36.0,0,1,1.0,0.0,1.0,0.0
48245,48,76,256526,7702.0,16008.0,22492,842.0,1805.0,11069,350.0,799.0,65,45,6.0,8.0,4.0,1.0
48247,48,2,4838,96.0,394.0,817,41.0,158.0,696,37.0,140.0,0,2,1.0,0.0,1.0,0.0
48249,48,11,38891,914.0,3190.0,5325,302.0,1064.0,3501,239.0,856.0,7,9,2.0,1.0,2.0,1.0
48251,48,39,179927,1719.0,5079.0,21060,917.0,2601.0,11466,681.0,2106.0,17,17,4.0,2.0,3.0,2.0
48253,48,6,19663,314.0,871.0,1646,139.0,414.0,1037,117.0,357.0,0,3,0.0,1.0,0.0,0.0
48255,48,5,14710,463.0,998.0,1152,206.0,500.0,623,139.0,371.0,0,2,0.0,1.0,0.0,1.0
48257,48,27,145310,1570.0,5054.0,25635,743.0,2521.0,10718,468.0,1690.0,13,12,5.0,2.0,3.0,2.0
48259,48,9,44279,478.0,795.0,4649,193.0,402.0,1020,99.0,283.0,2,0,0.0,2.0,0.0,1.0
48261,48,1,350,9.0,1.0,224,9.0,1.0,161,9.0,1.0,0,0,0.0,0.0,0.0,0.0
48263,48,1,753,15.0,53.0,753,15.0,53.0,753,15.0,53.0,0,0,0.0,0.0,0.0,0.0
48265,48,14,52598,1398.0,1452.0,8620,495.0,594.0,3862,322.0,409.0,5,2,0.0,3.0,0.0,1.0
48267,48,2,4286,105.0,232.0,1050,36.0,69.0,849,32.0,60.0,0,0,0.0,0.0,0.0,0.0
48269,48,1,265,7.0,0.0,265,7.0,0.0,265,7.0,0.0,0,1,1.0,0.0,1.0,0.0
48271,48,1,3129,59.0,174.0,947,38.0,113.0,854,35.0,103.0,0,1,1.0,0.0,1.0,0.0
48273,48,9,31040,697.0,2531.0,5638,173.0,678.0,525,51.0,290.0,7,7,5.0,1.0,0.0,0.0
48275,48,2,3353,93.0,175.0,725,49.0,96.0,624,45.0,90.0,0,2,1.0,0.0,1.0,0.0
48277,48,13,50088,1420.0,2494.0,4884,368.0,576.0,1356,253.0,378.0,7,7,3.0,3.0,0.0,1.0
48279,48,5,13045,149.0,666.0,954,68.0,233.0,580,56.0,196.0,1,4,0.0,0.0,0.0,0.0
48281,48,6,21627,274.0,733.0,2376,148.0,402.0,1191,120.0,293.0,1,1,1.0,0.0,1.0,0.0
48283,48,2,6664,116.0,229.0,1356,65.0,114.0,1157,56.0,98.0,0,2,1.0,0.0,1.0,0.0
48285,48,6,20337,254.0,705.0,1281,126.0,340.0,460,109.0,286.0,1,2,0.0,0.0,0.0,0.0
48287,48,4,17478,224.0,829.0,1589,107.0,432.0,53,92.0,381.0,0,1,0.0,0.0,0.0,0.0
48289,48,6,15719,201.0,551.0,2764,156.0,409.0,1087,143.0,359.0,0,3,1.0,0.0,0.0,0.0
48291,48,17,91628,1600.0,5190.0,1507,972.0,3320.0,562,719.0,2383.0,2,10,1.0,6.0,0.0,4.0
48293,48,8,22146,296.0,1390.0,1123,121.0,743.0,31,97.0,647.0,2,7,0.0,0.0,0.0,0.0
48295,48,2,3059,22.0,61.0,1170,14.0,35.0,1032,14.0,33.0,0,0,0.0,0.0,0.0,0.0
48297,48,4,11335,410.0,718.0,1270,300.0,507.0,553,252.0,419.0,0,3,1.0,2.0,0.0,2.0
48299,48,8,21243,448.0,811.0,6738,294.0,477.0,5032,222.0,363.0,3,3,1.0,0.0,1.0,0.0
48301,48,1,64,2.0,2.0,64,2.0,2.0,64,2.0,2.0,0,0,0.0,0.0,0.0,0.0
48303,48,106,310639,7322.0,13478.0,15569,808.0,1914.0,10738,610.0,1468.0,89,55,6.0,5.0,5.0,2.0
48305,48,3,5596,78.0,256.0,778,34.0,146.0,382,24.0,105.0,0,0,0.0,0.0,0.0,0.0
48307,48,3,7630,142.0,405.0,1360,31.0,58.0,1042,24.0,41.0,1,1,1.0,0.0,1.0,0.0
48309,48,58,260579,5128.0,11783.0,24736,830.0,1933.0,9364,427.0,1128.0,37,26,6.0,7.0,1.0,2.0
48311,48,1,600,7.0,8.0,323,6.0,7.0,244,6.0,7.0,0,1,1.0,0.0,1.0,0.0
48313,48,4,13455,156.0,447.0,210,78.0,224.0,8,66.0,192.0,0,0,0.0,0.0,0.0,0.0
48315,48,4,9725,340.0,863.0,811,244.0,603.0,214,223.0,541.0,0,2,0.0,1.0,0.0,1.0
48317,48,2,5237,0.0,194.0,605,0.0,104.0,471,0.0,82.0,0,1,1.0,0.0,0.0,0.0
48319,48,2,3953,57.0,80.0,770,31.0,22.0,675,24.0,8.0,0,0,0.0,0.0,0.0,0.0
48321,48,12,36255,922.0,2628.0,2953,344.0,1082.0,580,243.0,822.0,3,7,1.0,2.0,0.0,0.0
48323,48,13,57887,1185.0,5191.0,4505,173.0,1033.0,1700,78.0,538.0,9,11,3.0,1.0,1.0,0.0
48325,48,11,50748,617.0,1902.0,1828,344.0,1250.0,704,291.0,1076.0,0,3,0.0,2.0,0.0,1.0
48327,48,1,1962,10.0,86.0,376,4.0,36.0,331,3.0,27.0,0,0,0.0,0.0,0.0,0.0
48329,48,37,169983,2946.0,4750.0,13768,257.0,627.0,6587,161.0,344.0,29,14,0.0,2.0,0.0,0.0
48331,48,7,24754,562.0,1135.0,4272,285.0,645.0,1594,250.0,594.0,2,2,1.0,0.0,1.0,0.0
48333,48,2,4456,40.0,238.0,1270,28.0,189.0,910,25.0,178.0,0,1,1.0,0.0,1.0,0.0
48335,48,2,8990,82.0,357.0,3258,64.0,213.0,2768,63.0,200.0,1,0,0.0,0.0,0.0,0.0
48337,48,8,19965,481.0,837.0,3251,229.0,443.0,889,177.0,357.0,2,4,2.0,0.0,0.0,0.0
48339,48,133,620443,8534.0,16304.0,271886,4662.0,9646.0,136400,2558.0,5506.0,97,22,9.0,22.0,6.0,15.0
48341,48,6,21358,478.0,616.0,3241,89.0,103.0,2623,17.0,64.0,4,4,0.0,1.0,0.0,0.0
48343,48,3,11973,242.0,665.0,19,144.0,365.0,0,110.0,281.0,0,3,0.0,1.0,0.0,1.0
48345,48,1,1063,12.0,58.0,419,8.0,40.0,352,8.0,38.0,0,1,1.0,0.0,1.0,0.0
48347,48,17,64653,1541.0,4205.0,8527,606.0,1989.0,3741,465.0,1493.0,9,12,2.0,3.0,1.0,1.0
48349,48,12,52624,849.0,2635.0,4146,425.0,1489.0,1796,329.0,1212.0,4,5,1.0,1.0,0.0,1.0
48351,48,5,12217,332.0,687.0,847,286.0,553.0,10,258.0,490.0,0,4,0.0,0.0,0.0,0.0
48353,48,5,14738,501.0,1160.0,1765,85.0,196.0,1266,51.0,116.0,3,4,2.0,0.0,1.0,0.0
48355,48,96,353178,9051.0,22892.0,25612,681.0,1947.0,8824,354.0,1137.0,82,52,5.0,7.0,1.0,2.0
48357,48,3,10015,195.0,184.0,1683,31.0,39.0,1067,18.0,27.0,2,0,0.0,0.0,0.0,0.0
48359,48,1,1758,8.0,8.0,110,3.0,3.0,77,3.0,3.0,0,1,0.0,0.0,0.0,0.0
48361,48,24,84808,1515.0,4455.0,10991,609.0,2175.0,5027,324.0,1160.0,10,8,4.0,1.0,3.0,1.0
48363,48,10,28409,459.0,1679.0,3303,142.0,486.0,451,99.0,300.0,5,5,2.0,0.0,0.0,0.0
48365,48,7,22491,460.0,969.0,2301,337.0,763.0,951,298.0,683.0,2,2,0.0,1.0,0.0,1.0
48367,48,29,148222,1747.0,2873.0,16404,811.0,1625.0,7164,588.0,1096.0,9,5,2.0,4.0,0.0,2.0
48369,48,2,9869,75.0,159.0,1247,23.0,54.0,965,20.0,48.0,0,2,1.0,0.0,1.0,0.0
48371,48,5,15193,373.0,705.0,4405,77.0,317.0,3454,36.0,248.0,2,2,2.0,1.0,1.0,0.0
48373,48,13,50123,748.0,3170.0,1454,549.0,2409.0,421,418.0,1821.0,0,9,1.0,1.0,0.0,1.0
48375,48,35,118525,3299.0,6211.0,7815,174.0,531.0,4811,111.0,359.0,31,20,2.0,1.0,1.0,0.0
48377,48,2,6131,138.0,426.0,155,16.0,55.0,153,6.0,22.0,0,2,0.0,0.0,0.0,0.0
48379,48,3,12164,98.0,542.0,53,78.0,444.0,0,66.0,385.0,0,1,0.0,0.0,0.0,0.0
48381,48,33,140753,1874.0,3917.0,14599,199.0,800.0,5868,115.0,525.0,28,9,0.0,1.0,0.0,1.0
48383,48,1,3385,20.0,62.0,844,8.0,24.0,791,6.0,19.0,0,0,0.0,0.0,0.0,0.0
48385,48,1,2758,50.0,163.0,798,40.0,131.0,520,37.0,120.0,0,1,1.0,0.0,1.0,0.0
48387,48,5,11587,129.0,938.0,1356,63.0,511.0,584,50.0,415.0,0,3,0.0,0.0,0.0,0.0
48389,48,4,14748,257.0,735.0,1274,23.0,58.0,698,10.0,23.0,3,2,1.0,0.0,1.0,0.0
48391,48,2,6741,259.0,352.0,789,102.0,157.0,198,87.0,137.0,0,2,1.0,1.0,0.0,0.0
48393,48,1,827,11.0,11.0,770,11.0,11.0,769,11.0,11.0,0,0,0.0,0.0,0.0,0.0
48395,48,6,16757,599.0,1048.0,1102,299.0,528.0,152,220.0,392.0,0,3,0.0,1.0,0.0,0.0
48397,48,29,107819,859.0,1759.0,36510,313.0,844.0,17695,170.0,564.0,21,0,0.0,0.0,0.0,0.0
48399,48,4,9900,123.0,414.0,738,50.0,123.0,281,40.0,81.0,0,2,0.0,0.0,0.0,0.0
48401,48,14,52214,816.0,2012.0,7126,504.0,1312.0,3265,409.0,1116.0,4,7,2.0,3.0,0.0,1.0
48403,48,3,9894,125.0,691.0,679,107.0,590.0,0,87.0,494.0,0,1,0.0,0.0,0.0,0.0
48405,48,3,7918,235.0,689.0,702,143.0,477.0,0,118.0,414.0,0,3,1.0,0.0,0.0,0.0
48407,48,9,27402,455.0,1862.0,216,376.0,1574.0,0,318.0,1332.0,0,6,0.0,1.0,0.0,0.0
48409,48,16,68755,1610.0,3623.0,10212,440.0,827.0,4142,246.0,423.0,11,6,3.0,1.0,1.0,0.0
48411,48,2,5730,42.0,198.0,1780,16.0,86.0,1645,14.0,74.0,0,1,0.0,0.0,0.0,0.0
48413,48,1,2451,40.0,70.0,315,16.0,28.0,270,14.0,25.0,0,0,0.0,0.0,0.0,0.0
48415,48,4,16932,335.0,471.0,1936,118.0,190.0,1009,85.0,145.0,1,2,0.0,0.0,0.0,0.0
48417,48,1,3105,37.0,107.0,61,11.0,31.0,52,8.0,24.0,0,0,0.0,0.0,0.0,0.0
48419,48,7,24022,624.0,1474.0,3521,467.0,1040.0,1683,414.0,905.0,2,7,3.0,1.0,2.0,1.0
48421,48,1,2782,0.0,37.0,765,0.0,23.0,578,0.0,21.0,0,0,0.0,0.0,0.0,0.0
48423,48,56,233479,3878.0,7560.0,34923,1401.0,3395.0,17458,889.0,2325.0,34,18,5.0,2.0,1.0,2.0
48425,48,3,9205,90.0,203.0,148,54.0,118.0,0,47.0,99.0,0,0,0.0,0.0,0.0,0.0
48427,48,17,65920,1989.0,8146.0,5793,435.0,2199.0,2124,244.0,1284.0,10,17,4.0,1.0,2.0,0.0
48429,48,3,9101,305.0,374.0,4346,51.0,113.0,3597,15.0,70.0,3,2,2.0,1.0,0.0,0.0
48431,48,1,1372,0.0,48.0,78,0.0,16.0,34,0.0,8.0,0,0,0.0,0.0,0.0,0.0
48433,48,1,1245,24.0,41.0,245,14.0,24.0,145,12.0,21.0,0,0,0.0,0.0,0.0,0.0
48435,48,1,3372,48.0,85.0,146,15.0,26.0,131,7.0,13.0,0,0,0.0,0.0,0.0,0.0
48437,48,3,6971,146.0,328.0,1852,41.0,112.0,1733,21.0,71.0,0,3,2.0,0.0,2.0,0.0
48439,48,449,2110640,36180.0,74867.0,325954,3132.0,6320.0,124124,921.0,1851.0,436,194,20.0,39.0,2.0,7.0
48441,48,41,143208,2102.0,6088.0,11037,112.0,439.0,3553,48.0,220.0,34,21,3.0,0.0,1.0,0.0
48443,48,1,760,24.0,16.0,332,13.0,8.0,310,12.0,8.0,0,0,0.0,0.0,0.0,0.0
48445,48,3,11831,224.0,1146.0,2889,95.0,284.0,1395,69.0,139.0,2,2,2.0,0.0,1.0,0.0
48447,48,1,1440,13.0,78.0,468,6.0,39.0,453,6.0,36.0,0,1,0.0,0.0,0.0,0.0
48449,48,9,31247,536.0,2159.0,4537,171.0,935.0,2711,136.0,792.0,5,7,1.0,0.0,0.0,0.0
48451,48,27,120003,2315.0,4490.0,14583,421.0,901.0,5846,284.0,565.0,22,12,3.0,2.0,1.0,1.0
48453,48,290,1290188,34727.0,32506.0,315291,4294.0,6382.0,168251,2071.0,2946.0,268,97,16.0,41.0,6.0,16.0
48455,48,5,13602,587.0,1005.0,562,387.0,713.0,174,307.0,601.0,0,4,0.0,1.0,0.0,1.0
48457,48,6,19798,362.0,1175.0,265,288.0,923.0,0,248.0,795.0,0,6,0.0,0.0,0.0,0.0
48459,48,10,40892,590.0,1922.0,5168,439.0,1458.0,3984,379.0,1258.0,2,4,2.0,1.0,1.0,0.0
48461,48,2,3308,38.0,104.0,318,10.0,24.0,304,9.0,20.0,0,2,0.0,0.0,0.0,0.0
48463,48,6,24564,475.0,2041.0,5856,209.0,654.0,3438,155.0,450.0,4,6,4.0,1.0,2.0,1.0
48465,48,14,47586,998.0,3666.0,10581,218.0,738.0,4577,96.0,255.0,11,10,5.0,0.0,1.0,0.0
48467,48,14,59541,720.0,2503.0,1230,418.0,1805.0,12,353.0,1612.0,0,3,1.0,0.0,0.0,0.0
48469,48,25,91319,2160.0,4948.0,6428,441.0,802.0,1757,358.0,616.0,17,12,0.0,1.0,0.0,1.0
48471,48,12,76400,2114.0,2736.0,4703,802.0,1117.0,460,600.0,805.0,4,8,4.0,6.0,0.0,4.0
48473,48,11,56794,534.0,2365.0,167,316.0,1311.0,0,255.0,979.0,0,5,0.0,0.0,0.0,0.0
48475,48,3,11644,284.0,400.0,415,107.0,102.0,16,76.0,66.0,2,2,0.0,1.0,0.0,1.0
48477,48,9,35805,1047.0,1653.0,7907,566.0,793.0,3839,409.0,547.0,3,1,1.0,3.0,0.0,3.0
48479,48,69,267114,5356.0,19282.0,29372,266.0,1447.0,5466,68.0,400.0,61,48,4.0,1.0,0.0,0.0
48481,48,12,41570,1145.0,2206.0,5376,653.0,958.0,2852,562.0,740.0,4,7,2.0,4.0,1.0,3.0
48483,48,2,4990,115.0,263.0,869,49.0,121.0,627,43.0,105.0,0,1,0.0,0.0,0.0,0.0
48485,48,44,129350,3482.0,5991.0,13371,483.0,1017.0,3878,220.0,507.0,35,22,1.0,4.0,1.0,1.0
48487,48,4,12887,250.0,673.0,3602,67.0,190.0,1863,22.0,94.0,3,3,2.0,0.0,0.0,0.0
48489,48,5,20164,324.0,1813.0,5460,114.0,663.0,3374,78.0,462.0,2,3,1.0,0.0,1.0,0.0
48491,48,135,609017,7583.0,11096.0,182320,2350.0,3358.0,77056,1123.0,1801.0,110,32,7.0,11.0,4.0,4.0
48493,48,12,49753,586.0,1522.0,2601,401.0,1104.0,525,332.0,920.0,1,2,0.0,1.0,0.0,1.0
48495,48,3,7791,86.0,520.0,383,11.0,38.0,41,6.0,16.0,2,0,0.0,0.0,0.0,0.0
48497,48,16,68632,651.0,1959.0,3567,452.0,1447.0,1570,402.0,1271.0,2,1,0.0,1.0,0.0,0.0
48499,48,12,44843,953.0,2078.0,6327,443.0,1265.0,5047,344.0,1092.0,2,3,1.0,2.0,0.0,1.0
48501,48,2,7694,97.0,85.0,171,40.0,36.0,91,35.0,31.0,0,0,0.0,0.0,0.0,0.0
48503,48,5,17867,523.0,863.0,1487,219.0,296.0,683,193.0,246.0,2,2,0.0,0.0,0.0,0.0
48505,48,6,13889,403.0,1430.0,2660,156.0,378.0,1402,115.0,242.0,5,6,3.0,1.0,2.0,1.0
48507,48,4,9670,263.0,1329.0,1191,102.0,364.0,813,86.0,299.0,1,4,1.0,0.0,0.0,0.0
49001,49,2,7072,72.0,113.0,1335,52.0,73.0,1050,48.0,65.0,0,1,1.0,0.0,1.0,0.0
49003,49,12,57666,788.0,1087.0,4731,290.0,435.0,2773,239.0,358.0,6,3,0.0,2.0,0.0,1.0
49005,49,28,133154,1381.0,2127.0,49172,429.0,890.0,37395,321.0,696.0,21,9,2.0,1.0,1.0,0.0
49007,49,5,20412,361.0,1135.0,871,187.0,605.0,480,141.0,467.0,1,4,0.0,1.0,0.0,0.0
49009,49,1,935,0.0,15.0,254,0.0,10.0,251,0.0,9.0,0,0,0.0,0.0,0.0,0.0
49011,49,66,362679,3009.0,5317.0,137156,625.0,1285.0,89405,418.0,845.0,64,10,1.0,0.0,0.0,0.0
49013,49,4,19596,228.0,720.0,5959,123.0,459.0,4353,101.0,395.0,2,2,1.0,0.0,1.0,0.0
49015,49,3,9825,109.0,351.0,850,61.0,199.0,720,44.0,138.0,0,0,0.0,0.0,0.0,0.0
49017,49,2,5083,20.0,114.0,1580,13.0,75.0,1380,11.0,66.0,0,1,1.0,0.0,1.0,0.0
49019,49,3,9669,252.0,148.0,1654,78.0,48.0,418,49.0,31.0,1,1,1.0,0.0,0.0,0.0
49021,49,12,57289,686.0,1797.0,13517,412.0,801.0,5859,349.0,558.0,7,8,4.0,2.0,1.0,2.0
49023,49,2,11786,132.0,230.0,1480,42.0,107.0,517,25.0,79.0,1,0,0.0,0.0,0.0,0.0
49025,49,2,7667,100.0,82.0,1957,75.0,62.0,1731,68.0,57.0,0,0,0.0,0.0,0.0,0.0
49027,49,3,12975,88.0,208.0,2728,55.0,108.0,2416,50.0,92.0,0,2,2.0,0.0,2.0,0.0
49029,49,3,12295,12.0,13.0,286,12.0,11.0,87,12.0,9.0,0,0,0.0,0.0,0.0,0.0
49031,49,1,1438,26.0,53.0,195,13.0,27.0,180,10.0,21.0,0,1,0.0,0.0,0.0,0.0
49033,49,1,2510,0.0,30.0,999,0.0,27.0,609,0.0,25.0,0,0,0.0,0.0,0.0,0.0
49035,49,251,1185238,23393.0,22043.0,166261,1453.0,1281.0,56978,476.0,377.0,246,68,6.0,14.0,1.0,5.0
49037,49,4,14518,353.0,690.0,3843,290.0,556.0,2722,242.0,456.0,0,4,4.0,2.0,4.0,1.0
49039,49,7,28437,276.0,647.0,2865,159.0,387.0,1516,126.0,310.0,1,6,2.0,0.0,1.0,0.0
49041,49,5,21522,328.0,751.0,4376,173.0,390.0,2077,120.0,262.0,2,3,2.0,0.0,1.0,0.0
49043,49,14,42357,312.0,222.0,13038,220.0,158.0,7773,147.0,109.0,5,0,0.0,0.0,0.0,0.0
49045,49,17,72698,746.0,1632.0,22349,223.0,593.0,12254,127.0,383.0,11,3,2.0,0.0,1.0,0.0
49047,49,8,35620,376.0,1603.0,9644,276.0,911.0,6136,224.0,668.0,4,4,4.0,1.0,3.0,0.0
49049,49,156,659399,5451.0,8173.0,219519,1330.0,1952.0,120530,698.0,973.0,147,45,5.0,1.0,1.0,0.0
49051,49,10,34788,272.0,128.0,19428,111.0,80.0,13213,63.0,67.0,8,1,1.0,0.0,0.0,0.0
49053,49,35,180279,2300.0,3112.0,57053,1172.0,1508.0,32756,752.0,1017.0,26,14,10.0,6.0,5.0,3.0
49055,49,1,2486,27.0,81.0,972,22.0,66.0,859,20.0,60.0,0,0,0.0,0.0,0.0,0.0
49057,49,58,262223,4636.0,5705.0,71092,842.0,927.0,38870,327.0,462.0,54,24,5.0,6.0,1.0,3.0
50001,50,10,37363,732.0,1306.0,1856,432.0,950.0,795,333.0,811.0,1,0,0.0,1.0,0.0,0.0
50003,50,12,37347,1119.0,2310.0,3073,483.0,1137.0,1818,376.0,843.0,3,2,1.0,2.0,1.0,2.0
50005,50,10,30233,880.0,1949.0,1387,539.0,1244.0,930,436.0,1040.0,1,2,1.0,1.0,1.0,1.0
50007,50,41,168323,5047.0,5608.0,39108,1270.0,1778.0,19102,718.0,1039.0,30,6,0.0,6.0,0.0,5.0
50009,50,3,5920,118.0,530.0,774,88.0,440.0,279,79.0,406.0,0,3,0.0,0.0,0.0,0.0
50011,50,11,49946,1163.0,2456.0,4914,453.0,1192.0,3423,374.0,996.0,3,6,0.0,1.0,0.0,0.0
50013,50,2,7293,44.0,283.0,70,39.0,245.0,0,33.0,214.0,0,0,0.0,0.0,0.0,0.0
50015,50,7,25945,560.0,1243.0,62,436.0,932.0,0,367.0,776.0,0,1,0.0,1.0,0.0,1.0
50017,50,10,29277,493.0,1240.0,1278,402.0,1079.0,13,345.0,983.0,0,2,0.0,0.0,0.0,0.0
50019,50,10,27393,774.0,1738.0,91,459.0,1174.0,0,367.0,992.0,0,3,0.0,0.0,0.0,0.0
50021,50,20,60572,1616.0,2710.0,6153,634.0,1267.0,2566,473.0,983.0,6,6,1.0,2.0,0.0,2.0
50023,50,20,59807,1560.0,2600.0,5909,557.0,1105.0,2903,379.0,803.0,7,1,0.0,1.0,0.0,1.0
50025,50,18,45905,1232.0,2624.0,2619,488.0,1398.0,1325,378.0,1132.0,3,6,1.0,1.0,1.0,0.0
50027,50,19,57753,1543.0,2437.0,2209,944.0,1586.0,483,684.0,1213.0,1,4,0.0,4.0,0.0,2.0
51001,51,13,33413,883.0,1805.0,1801,695.0,1379.0,189,576.0,1097.0,2,10,0.0,3.0,0.0,3.0
51003,51,29,112395,2251.0,2100.0,27556,675.0,1058.0,11653,412.0,716.0,18,6,2.0,3.0,0.0,0.0
51005,51,6,15223,384.0,520.0,1155,157.0,244.0,66,122.0,200.0,1,6,0.0,0.0,0.0,0.0
51007,51,3,13265,88.0,727.0,1006,80.0,683.0,0,66.0,598.0,0,2,0.0,0.0,0.0,0.0
51009,51,10,31307,436.0,1327.0,6226,301.0,999.0,1882,184.0,710.0,4,8,4.0,0.0,2.0,0.0
51011,51,4,16119,256.0,1014.0,74,215.0,857.0,0,189.0,766.0,0,4,0.0,0.0,0.0,0.0
51013,51,71,238643,17046.0,4480.0,10194,111.0,20.0,5007,28.0,3.0,71,10,0.0,3.0,0.0,0.0
51015,51,18,77487,1332.0,1762.0,6411,981.0,1410.0,2239,653.0,1095.0,2,7,2.0,3.0,0.0,2.0
51017,51,2,4209,75.0,188.0,855,71.0,178.0,478,69.0,174.0,0,2,1.0,0.0,0.0,0.0
51019,51,20,79462,1059.0,2164.0,10768,740.0,1666.0,3928,526.0,1247.0,4,12,2.0,1.0,1.0,0.0
51021,51,2,6270,126.0,119.0,1289,121.0,114.0,0,115.0,109.0,0,1,1.0,0.0,0.0,0.0
51023,51,9,33596,495.0,427.0,12088,420.0,348.0,5203,324.0,236.0,3,4,1.0,1.0,0.0,1.0
51025,51,6,15849,422.0,1287.0,32,331.0,1081.0,0,286.0,945.0,0,5,0.0,1.0,0.0,1.0
51027,51,7,20355,416.0,2056.0,173,331.0,1666.0,0,266.0,1367.0,0,7,0.0,0.0,0.0,0.0
51029,51,4,16824,425.0,1065.0,1061,398.0,973.0,229,357.0,826.0,0,4,1.0,2.0,0.0,2.0
51031,51,12,55696,1045.0,2735.0,11406,702.0,1891.0,3243,443.0,1210.0,5,9,3.0,3.0,1.0,2.0
51033,51,9,30887,419.0,1605.0,39,322.0,1277.0,0,283.0,1123.0,0,3,0.0,0.0,0.0,0.0
51035,51,10,29155,716.0,1903.0,140,600.0,1629.0,0,509.0,1378.0,0,10,0.0,3.0,0.0,3.0
51036,51,3,6773,171.0,309.0,31,164.0,296.0,0,152.0,275.0,0,1,0.0,0.0,0.0,0.0
51037,51,4,11529,304.0,990.0,334,228.0,814.0,0,195.0,725.0,0,4,0.0,1.0,0.0,1.0
51041,51,75,364548,4819.0,9081.0,194724,2559.0,4505.0,101355,1402.0,2299.0,67,21,14.0,7.0,3.0,6.0
51043,51,4,14783,187.0,165.0,845,110.0,71.0,0,101.0,62.0,0,0,0.0,0.0,0.0,0.0
51045,51,1,4892,82.0,169.0,1545,68.0,140.0,484,65.0,133.0,0,0,0.0,0.0,0.0,0.0
51047,51,10,52552,733.0,1849.0,9134,353.0,1114.0,3679,243.0,808.0,4,7,3.0,2.0,3.0,0.0
51049,51,3,9675,297.0,850.0,563,285.0,828.0,0,256.0,780.0,0,3,0.0,1.0,0.0,1.0
51051,51,4,14124,389.0,1376.0,495,311.0,1108.0,0,255.0,897.0,0,4,0.0,1.0,0.0,1.0
51053,51,9,27947,472.0,1587.0,6406,399.0,1362.0,3365,317.0,1090.0,2,4,0.0,2.0,0.0,2.0
51057,51,3,10599,284.0,571.0,2030,231.0,481.0,22,181.0,396.0,0,2,1.0,2.0,0.0,1.0
51059,51,274,1150309,19850.0,17970.0,382853,4124.0,3477.0,140672,1032.0,911.0,269,39,14.0,27.0,5.0,10.0
51061,51,20,72972,924.0,1288.0,19781,673.0,1085.0,13510,550.0,933.0,5,4,0.0,0.0,0.0,0.0
51063,51,5,15476,352.0,534.0,175,318.0,473.0,0,286.0,423.0,0,4,0.0,1.0,0.0,1.0
51065,51,5,27249,408.0,685.0,7654,367.0,647.0,2601,280.0,569.0,2,1,0.0,1.0,0.0,1.0
51067,51,16,54477,1040.0,2939.0,3566,813.0,2376.0,461,626.0,1905.0,2,9,2.0,2.0,0.0,2.0
51069,51,19,91419,1175.0,2070.0,19169,800.0,1321.0,5892,563.0,953.0,8,2,2.0,3.0,1.0,3.0
51071,51,4,16787,478.0,741.0,699,317.0,434.0,0,258.0,337.0,0,3,0.0,2.0,0.0,2.0
51073,51,9,38711,318.0,1089.0,1333,234.0,740.0,165,179.0,534.0,1,3,0.0,0.0,0.0,0.0
51075,51,6,24727,253.0,383.0,244,241.0,370.0,0,220.0,340.0,0,1,0.0,0.0,0.0,0.0
51077,51,5,15333,344.0,1036.0,985,307.0,928.0,0,276.0,837.0,0,5,1.0,1.0,0.0,1.0
51079,51,4,20552,240.0,728.0,480,188.0,598.0,0,147.0,472.0,0,2,0.0,1.0,0.0,1.0
51081,51,3,11391,190.0,496.0,48,156.0,409.0,0,127.0,338.0,0,1,0.0,1.0,0.0,1.0
51083,51,11,34022,1027.0,2815.0,2556,736.0,2114.0,497,548.0,1579.0,2,10,2.0,4.0,0.0,2.0
51085,51,25,109979,1260.0,2238.0,31597,683.0,1232.0,14893,396.0,794.0,14,2,1.0,2.0,1.0,0.0
51087,51,85,334389,7993.0,11106.0,98909,1659.0,2128.0,41668,555.0,735.0,83,35,9.0,11.0,2.0,3.0
51089,51,14,50948,1148.0,3613.0,10646,720.0,2465.0,3704,386.0,1470.0,5,13,5.0,4.0,3.0,2.0
51091,51,1,2232,51.0,81.0,498,46.0,73.0,167,42.0,66.0,0,1,0.0,0.0,0.0,0.0
51093,51,9,38606,668.0,1193.0,10237,439.0,867.0,5185,320.0,687.0,4,0,0.0,1.0,0.0,1.0
51095,51,17,78254,1268.0,2072.0,36764,658.0,1117.0,18422,263.0,440.0,13,3,3.0,4.0,0.0,2.0
51097,51,2,6608,144.0,585.0,835,138.0,560.0,25,130.0,526.0,0,2,1.0,0.0,0.0,0.0
51099,51,6,26723,261.0,693.0,78,183.0,503.0,0,139.0,401.0,0,0,0.0,1.0,0.0,0.0
51101,51,4,17810,319.0,498.0,281,250.0,422.0,0,204.0,368.0,0,2,0.0,0.0,0.0,0.0
51103,51,4,10919,249.0,566.0,65,219.0,469.0,0,198.0,425.0,0,2,0.0,1.0,0.0,0.0
51105,51,7,22173,760.0,2407.0,343,525.0,1678.0,0,420.0,1358.0,0,6,0.0,1.0,0.0,1.0
51107,51,75,420959,4178.0,4541.0,140129,1218.0,1424.0,61453,426.0,737.0,64,6,0.0,8.0,0.0,2.0
51109,51,9,37596,497.0,1774.0,102,451.0,1638.0,0,393.0,1446.0,0,3,0.0,0.0,0.0,0.0
51111,51,3,11936,611.0,1048.0,377,528.0,932.0,0,480.0,865.0,0,3,0.0,3.0,0.0,3.0
51113,51,4,13837,127.0,581.0,94,107.0,521.0,0,85.0,443.0,0,0,0.0,0.0,0.0,0.0
51115,51,4,8533,164.0,255.0,205,157.0,239.0,0,145.0,218.0,0,2,0.0,0.0,0.0,0.0
51117,51,12,30319,977.0,2281.0,3501,697.0,1558.0,1673,535.0,1227.0,2,8,1.0,3.0,1.0,3.0
51119,51,4,10625,119.0,544.0,742,96.0,479.0,27,68.0,361.0,0,1,1.0,0.0,0.0,0.0
51121,51,23,99721,2349.0,1782.0,20972,946.0,848.0,8575,506.0,517.0,16,14,6.0,5.0,3.0,4.0
51125,51,5,14775,396.0,728.0,1869,359.0,659.0,82,330.0,609.0,0,2,1.0,1.0,0.0,1.0
51127,51,4,22945,89.0,414.0,30,77.0,381.0,0,67.0,344.0,0,0,0.0,0.0,0.0,0.0
51131,51,4,12282,515.0,811.0,641,438.0,670.0,0,368.0,560.0,0,3,0.0,3.0,0.0,3.0
51133,51,4,11839,230.0,371.0,77,215.0,343.0,0,197.0,309.0,0,2,0.0,0.0,0.0,0.0
51135,51,5,15642,442.0,852.0,199,325.0,550.0,0,266.0,440.0,0,4,0.0,2.0,0.0,2.0
51137,51,8,36254,641.0,1126.0,12419,501.0,909.0,7791,378.0,752.0,3,3,1.0,3.0,1.0,2.0
51139,51,6,23709,774.0,1345.0,224,650.0,1061.0,0,551.0,897.0,0,6,0.0,3.0,0.0,3.0
51141,51,6,17608,384.0,980.0,135,326.0,839.0,0,256.0,688.0,0,6,0.0,1.0,0.0,0.0
51143,51,19,60501,1297.0,3733.0,2365,1079.0,3103.0,920,858.0,2475.0,1,18,0.0,4.0,0.0,4.0
51145,51,6,30333,230.0,166.0,1653,226.0,162.0,0,200.0,146.0,0,0,0.0,0.0,0.0,0.0
51147,51,6,21849,464.0,1314.0,1247,263.0,1018.0,511,167.0,805.0,1,5,1.0,0.0,1.0,0.0
51149,51,7,43010,422.0,1425.0,13419,312.0,1092.0,4740,191.0,783.0,2,5,2.0,1.0,2.0,1.0
51153,51,93,482204,4012.0,9124.0,190669,1378.0,2939.0,72189,529.0,821.0,85,37,18.0,7.0,1.0,2.0
51155,51,12,33800,664.0,2239.0,4192,267.0,1004.0,1900,171.0,693.0,3,8,2.0,1.0,1.0,0.0
51157,51,2,7348,56.0,161.0,3946,56.0,161.0,1705,56.0,161.0,0,2,2.0,0.0,2.0,0.0
51159,51,2,8923,202.0,335.0,186,173.0,286.0,0,117.0,198.0,0,1,0.0,1.0,0.0,0.0
51161,51,22,96929,1741.0,2930.0,32371,770.0,1157.0,10868,340.0,532.0,16,7,2.0,5.0,0.0,3.0
51163,51,6,22650,364.0,1061.0,1449,284.0,871.0,7,234.0,746.0,0,4,1.0,1.0,0.0,0.0
51165,51,22,83757,1583.0,1941.0,12962,1115.0,1447.0,7919,829.0,1168.0,4,10,1.0,4.0,1.0,4.0
51167,51,9,25781,554.0,2331.0,175,440.0,1884.0,0,375.0,1600.0,0,9,0.0,0.0,0.0,0.0
51169,51,6,21576,691.0,2113.0,598,576.0,1606.0,0,498.0,1328.0,0,6,0.0,4.0,0.0,4.0
51171,51,11,44186,907.0,1852.0,5326,517.0,1063.0,1499,385.0,807.0,2,9,2.0,2.0,2.0,0.0
51173,51,9,29800,818.0,2152.0,2398,504.0,1421.0,1061,386.0,1106.0,1,9,2.0,2.0,1.0,2.0
51175,51,6,17996,373.0,999.0,102,316.0,861.0,14,283.0,786.0,0,3,0.0,0.0,0.0,0.0
51177,51,34,140032,1531.0,3489.0,50699,869.0,2138.0,22546,550.0,1373.0,22,19,12.0,4.0,5.0,1.0
51179,51,32,156927,1044.0,2299.0,75099,608.0,1290.0,37807,356.0,735.0,24,5,3.0,0.0,2.0,0.0
51181,51,2,6561,134.0,266.0,30,123.0,245.0,0,116.0,229.0,0,0,0.0,0.0,0.0,0.0
51183,51,5,10829,347.0,715.0,680,207.0,466.0,246,160.0,381.0,0,3,1.0,1.0,0.0,1.0
51185,51,13,40429,1067.0,2490.0,8159,613.0,1460.0,3635,434.0,1015.0,4,12,5.0,2.0,3.0,1.0
51187,51,9,40727,741.0,1609.0,259,310.0,762.0,0,250.0,641.0,2,8,0.0,0.0,0.0,0.0
51191,51,15,53935,1008.0,2816.0,7698,689.0,2039.0,3700,503.0,1528.0,4,12,3.0,3.0,2.0,2.0
51193,51,6,18477,498.0,1635.0,1748,400.0,1240.0,1000,345.0,1079.0,1,5,1.0,1.0,1.0,1.0
51195,51,11,36130,1261.0,3135.0,7511,802.0,1965.0,4282,578.0,1408.0,3,11,3.0,4.0,3.0,3.0
51197,51,8,28290,1025.0,1651.0,2343,691.0,1122.0,1265,536.0,861.0,2,8,2.0,4.0,1.0,3.0
51199,51,15,70045,1029.0,965.0,32178,526.0,520.0,13799,261.0,233.0,13,4,1.0,2.0,0.0,1.0
51510,51,48,159467,8671.0,3899.0,4746,170.0,78.0,0,0.0,0.0,48,15,0.0,6.0,0.0,0.0
51520,51,5,17219,849.0,1599.0,2000,43.0,97.0,12,0.0,0.0,5,4,1.0,0.0,0.0,0.0
51530,51,2,6641,216.0,348.0,1591,46.0,80.0,57,1.0,3.0,2,2,2.0,0.0,0.0,0.0
51540,51,12,46553,2185.0,1967.0,3511,72.0,99.0,79,1.0,3.0,12,4,0.0,1.0,0.0,0.0
51550,51,61,249422,4681.0,6728.0,80244,919.0,1207.0,35186,373.0,399.0,57,20,2.0,8.0,1.0,3.0
51570,51,5,18170,511.0,983.0,4680,23.0,84.0,2817,5.0,35.0,5,3,0.0,0.0,0.0,0.0
51580,51,2,5737,155.0,470.0,2152,56.0,170.0,444,12.0,37.0,2,2,2.0,0.0,0.0,0.0
51590,51,16,42590,2591.0,5197.0,5256,264.0,581.0,749,27.0,66.0,14,14,4.0,3.0,1.0,2.0
51595,51,2,5766,270.0,736.0,505,23.0,71.0,89,4.0,15.0,2,2,0.0,0.0,0.0,0.0
51600,51,5,24146,544.0,286.0,2515,57.0,30.0,0,0.0,0.0,5,0,0.0,0.0,0.0,0.0
51610,51,3,14658,390.0,97.0,0,0.0,0.0,0,0.0,0.0,3,0,0.0,0.0,0.0,0.0
51620,51,2,8180,314.0,983.0,2555,48.0,197.0,964,5.0,45.0,2,2,1.0,0.0,1.0,0.0
51630,51,7,27982,1130.0,1249.0,4078,177.0,146.0,0,0.0,0.0,7,4,2.0,2.0,0.0,0.0
51640,51,2,6720,233.0,610.0,2295,89.0,219.0,840,32.0,81.0,2,2,2.0,1.0,0.0,0.0
51650,51,36,137148,4413.0,9340.0,17875,322.0,676.0,3143,68.0,56.0,36,23,3.0,3.0,0.0,1.0
51660,51,11,51814,1132.0,1900.0,5395,96.0,175.0,283,2.0,1.0,11,10,3.0,1.0,0.0,0.0
51670,51,7,23033,1079.0,2321.0,2533,90.0,187.0,752,20.0,42.0,7,6,1.0,2.0,1.0,0.0
51678,51,2,7320,276.0,388.0,3088,103.0,149.0,742,41.0,53.0,2,1,1.0,1.0,0.0,1.0
51680,51,23,79009,3322.0,4361.0,20518,513.0,658.0,3175,74.0,54.0,23,21,11.0,6.0,0.0,2.0
51683,51,7,42772,623.0,899.0,3735,57.0,103.0,1660,27.0,48.0,7,4,0.0,1.0,0.0,0.0
51685,51,3,17219,274.0,525.0,1356,28.0,46.0,0,0.0,0.0,3,2,0.0,1.0,0.0,0.0
51690,51,5,13485,556.0,1379.0,4946,103.0,372.0,1669,1.0,48.0,5,4,2.0,1.0,0.0,0.0
51700,51,47,186247,7439.0,11796.0,36455,564.0,1119.0,17482,91.0,276.0,47,31,5.0,5.0,1.0,1.0
51710,51,80,238005,10943.0,16170.0,21515,378.0,693.0,4738,40.0,68.0,80,43,3.0,5.0,1.0,1.0
51720,51,1,3687,171.0,477.0,1000,46.0,130.0,6,0.0,1.0,1,1,1.0,0.0,0.0,0.0
51730,51,11,33458,2247.0,3428.0,4440,206.0,444.0,515,18.0,73.0,10,11,2.0,2.0,0.0,1.0
51735,51,3,12460,46.0,91.0,9037,43.0,77.0,7263,40.0,69.0,3,0,0.0,0.0,0.0,0.0
51740,51,31,97915,4840.0,8008.0,15252,258.0,576.0,8173,129.0,256.0,31,24,3.0,2.0,1.0,1.0
51750,51,4,16070,126.0,730.0,2868,15.0,136.0,440,3.0,39.0,4,3,1.0,0.0,0.0,0.0
51760,51,75,226610,13529.0,15789.0,13843,254.0,500.0,4480,37.0,70.0,75,41,4.0,11.0,0.0,1.0
51770,51,25,100011,4789.0,7359.0,7719,353.0,411.0,270,15.0,19.0,25,19,1.0,5.0,0.0,3.0
51775,51,5,25346,658.0,795.0,6518,168.0,196.0,1347,32.0,37.0,5,2,2.0,0.0,0.0,0.0
51790,51,7,25750,911.0,1467.0,5092,190.0,322.0,1450,60.0,92.0,7,4,4.0,1.0,1.0,1.0
51800,51,36,94324,1911.0,3807.0,23065,720.0,1338.0,8754,404.0,766.0,21,13,2.0,2.0,1.0,1.0
51810,51,111,459470,8299.0,11892.0,95787,975.0,1351.0,41045,323.0,453.0,106,41,1.0,9.0,0.0,1.0
51820,51,5,22196,568.0,1402.0,5018,137.0,348.0,1189,35.0,87.0,5,4,3.0,1.0,1.0,1.0
51830,51,3,15425,327.0,397.0,1707,42.0,39.0,280,7.0,5.0,3,2,0.0,0.0,0.0,0.0
51840,51,6,28120,1078.0,1340.0,2221,112.0,97.0,42,2.0,1.0,6,5,1.0,2.0,0.0,1.0
53001,53,7,20613,402.0,1188.0,2346,102.0,531.0,834,84.0,440.0,2,7,3.0,0.0,0.0,0.0
53003,53,6,22285,300.0,1767.0,5783,95.0,497.0,2762,49.0,228.0,5,5,3.0,0.0,1.0,0.0
53005,53,45,206873,4575.0,11533.0,29386,730.0,2501.0,9963,357.0,1485.0,32,21,5.0,6.0,2.0,1.0
53007,53,23,79074,1826.0,3798.0,10043,410.0,1037.0,4484,259.0,696.0,12,12,4.0,1.0,1.0,0.0
53009,53,24,77155,1948.0,4564.0,22625,720.0,2108.0,13326,513.0,1507.0,14,18,7.0,1.0,4.0,1.0
53011,53,115,503311,9307.0,23679.0,101953,1661.0,4330.0,38102,921.0,2183.0,97,31,4.0,4.0,2.0,0.0
53013,53,1,3952,117.0,263.0,440,46.0,103.0,254,40.0,91.0,0,0,0.0,0.0,0.0,0.0
53015,53,30,110730,2734.0,7772.0,15052,467.0,2005.0,4670,281.0,1268.0,19,16,4.0,1.0,2.0,0.0
53017,53,9,42938,680.0,2275.0,16888,314.0,1034.0,11129,223.0,772.0,6,6,2.0,1.0,2.0,1.0
53019,53,3,7178,131.0,618.0,1234,111.0,519.0,187,103.0,484.0,0,3,1.0,0.0,0.0,0.0
53021,53,22,96749,1242.0,5631.0,16235,201.0,1014.0,6037,100.0,629.0,18,11,1.0,1.0,0.0,0.0
53023,53,1,2286,0.0,140.0,245,0.0,54.0,198,0.0,44.0,0,1,0.0,0.0,0.0,0.0
53025,53,23,99123,1813.0,5855.0,21319,646.0,2386.0,8071,411.0,1583.0,10,18,7.0,4.0,2.0,2.0
53027,53,20,75636,1658.0,5577.0,16228,513.0,2132.0,9902,341.0,1511.0,11,13,7.0,2.0,2.0,1.0
53029,53,23,86857,1351.0,2771.0,9260,900.0,1947.0,5370,714.0,1669.0,7,5,1.0,2.0,1.0,2.0
53031,53,10,32977,744.0,1327.0,10181,338.0,825.0,7329,239.0,632.0,4,4,2.0,2.0,2.0,0.0
53033,53,494,2269675,105734.0,77601.0,422938,6872.0,8630.0,181575,2631.0,3113.0,471,118,21.0,56.0,3.0,22.0
53035,53,59,275611,4696.0,10833.0,102694,1558.0,4027.0,70735,900.0,2595.0,49,11,3.0,6.0,2.0,4.0
53037,53,14,44337,873.0,2459.0,8770,223.0,920.0,4130,161.0,702.0,8,6,4.0,2.0,4.0,0.0
53039,53,6,22735,513.0,1181.0,5762,319.0,791.0,2425,268.0,679.0,1,3,2.0,1.0,0.0,1.0
53041,53,21,82149,1516.0,5397.0,7593,732.0,2633.0,3150,500.0,1902.0,8,12,3.0,4.0,2.0,1.0
53043,53,4,10876,181.0,707.0,2649,113.0,460.0,1228,107.0,435.0,0,4,3.0,0.0,2.0,0.0
53045,53,19,65726,1020.0,3954.0,7469,674.0,3006.0,4298,551.0,2528.0,3,11,1.0,1.0,0.0,1.0
53047,53,13,42104,737.0,3380.0,3686,446.0,2030.0,1483,371.0,1681.0,1,12,2.0,0.0,1.0,0.0
53049,53,11,23365,609.0,1662.0,4640,298.0,800.0,2690,224.0,597.0,5,9,2.0,2.0,0.0,1.0
53051,53,5,13401,224.0,994.0,534,126.0,747.0,315,101.0,628.0,0,3,0.0,1.0,0.0,0.0
53053,53,193,921130,19026.0,43291.0,286276,3742.0,9291.0,166183,2241.0,5291.0,178,91,28.0,15.0,19.0,7.0
53055,53,8,17788,324.0,512.0,1720,218.0,351.0,482,185.0,292.0,1,0,0.0,0.0,0.0,0.0
53057,53,41,129523,2034.0,6469.0,26882,650.0,2394.0,12065,399.0,1573.0,24,14,5.0,0.0,1.0,0.0
53059,53,5,12036,167.0,615.0,1194,110.0,382.0,54,91.0,319.0,0,2,0.0,0.0,0.0,0.0
53061,53,173,827957,14791.0,27910.0,190069,2755.0,6215.0,91578,1673.0,3709.0,147,52,10.0,12.0,5.0,3.0
53063,53,130,539339,14918.0,34596.0,85274,2373.0,6790.0,38596,1210.0,3808.0,104,59,9.0,16.0,3.0,10.0
53065,53,15,46445,790.0,2915.0,4623,401.0,2089.0,1331,300.0,1765.0,2,10,4.0,1.0,1.0,1.0
53067,53,61,294793,5637.0,13304.0,80106,1715.0,5178.0,37593,882.0,2943.0,42,10,4.0,10.0,1.0,7.0
53069,53,1,4422,84.0,144.0,479,64.0,110.0,0,60.0,103.0,0,1,0.0,0.0,0.0,0.0
53071,53,14,62584,1451.0,3168.0,16373,236.0,799.0,9632,99.0,424.0,12,5,2.0,2.0,0.0,1.0
53073,53,54,226847,5991.0,11003.0,45585,1696.0,4653.0,22785,984.0,2898.0,34,22,5.0,13.0,1.0,8.0
53075,53,12,47973,1372.0,2044.0,12982,551.0,923.0,7709,386.0,711.0,8,8,4.0,2.0,2.0,2.0
53077,53,57,256728,4600.0,19853.0,29114,999.0,5472.0,11233,625.0,3718.0,37,40,8.0,5.0,3.0,4.0
54001,54,4,15465,398.0,1199.0,51,245.0,840.0,0,193.0,714.0,0,3,0.0,1.0,0.0,1.0
54003,54,26,122076,2615.0,5907.0,28769,1233.0,2695.0,13465,640.0,1575.0,14,5,2.0,5.0,0.0,3.0
54005,54,8,21809,587.0,1747.0,171,410.0,1268.0,0,348.0,1058.0,0,3,0.0,2.0,0.0,2.0
54007,54,3,12447,514.0,1055.0,614,425.0,872.0,0,354.0,729.0,0,3,0.0,3.0,0.0,3.0
54009,54,8,22559,736.0,1364.0,7435,428.0,832.0,4275,235.0,403.0,4,3,0.0,2.0,0.0,2.0
54011,54,34,94350,4104.0,6575.0,9403,701.0,1445.0,902,257.0,674.0,25,18,1.0,2.0,0.0,0.0
54013,54,2,6229,300.0,643.0,102,255.0,560.0,0,234.0,515.0,0,2,0.0,1.0,0.0,1.0
54015,54,3,8051,305.0,969.0,548,265.0,850.0,0,229.0,738.0,0,3,0.0,1.0,0.0,1.0
54017,54,2,7808,71.0,264.0,785,61.0,233.0,26,58.0,221.0,0,0,0.0,0.0,0.0,0.0
54019,54,13,40488,1292.0,3120.0,7117,651.0,1622.0,2850,435.0,1114.0,5,6,1.0,2.0,1.0,1.0
54021,54,3,7408,214.0,487.0,131,180.0,438.0,0,169.0,417.0,0,1,0.0,1.0,0.0,1.0
54023,54,3,10976,389.0,731.0,923,277.0,563.0,63,257.0,526.0,0,0,0.0,1.0,0.0,1.0
54025,54,10,32977,870.0,2697.0,2408,475.0,1790.0,561,353.0,1440.0,1,7,2.0,1.0,0.0,0.0
54027,54,9,23093,571.0,1272.0,874,423.0,1032.0,0,372.0,939.0,0,6,0.0,2.0,0.0,1.0
54029,54,8,29095,947.0,1941.0,2803,381.0,729.0,952,257.0,487.0,4,2,0.0,2.0,0.0,1.0
54031,54,5,14299,505.0,1144.0,668,391.0,929.0,217,350.0,845.0,0,2,0.0,1.0,0.0,1.0
54033,54,25,65921,2494.0,4208.0,6156,807.0,1546.0,2785,552.0,1070.0,9,7,0.0,2.0,0.0,0.0
54035,54,7,27791,1294.0,2207.0,605,588.0,1179.0,0,390.0,853.0,0,3,0.0,3.0,0.0,3.0
54037,54,15,57701,1342.0,2492.0,3789,694.0,1279.0,1266,458.0,886.0,4,9,2.0,2.0,2.0,2.0
54039,54,57,180745,7245.0,12081.0,28394,2434.0,4555.0,6538,1391.0,2407.0,34,26,5.0,13.0,2.0,6.0
54041,54,5,17033,710.0,1487.0,1637,441.0,963.0,633,358.0,748.0,1,2,1.0,2.0,1.0,1.0
54043,54,6,20463,787.0,1838.0,87,684.0,1562.0,0,600.0,1377.0,0,4,0.0,3.0,0.0,3.0
54045,54,10,32567,1222.0,3566.0,41,747.0,2100.0,0,642.0,1790.0,0,7,0.0,5.0,0.0,5.0
54047,54,8,19111,691.0,2360.0,41,539.0,1807.0,0,464.0,1506.0,0,8,0.0,3.0,0.0,3.0
54049,54,21,56205,1782.0,3624.0,6544,441.0,1312.0,2235,285.0,942.0,10,5,0.0,1.0,0.0,0.0
54051,54,10,30591,989.0,2647.0,1445,390.0,1080.0,359,277.0,784.0,4,5,0.0,1.0,0.0,1.0
54053,54,7,25453,621.0,1878.0,409,369.0,1150.0,12,309.0,981.0,1,4,0.0,0.0,0.0,0.0
54055,54,16,59664,1574.0,5242.0,8311,483.0,2057.0,3071,185.0,1042.0,8,4,1.0,3.0,0.0,1.0
54057,54,7,26938,970.0,1886.0,1124,452.0,997.0,427,333.0,772.0,1,1,0.0,3.0,0.0,2.0
54059,54,7,23568,1197.0,3397.0,200,822.0,2503.0,0,615.0,2044.0,0,7,0.0,4.0,0.0,4.0
54061,54,28,105822,3377.0,4169.0,23130,929.0,1805.0,10749,498.0,1052.0,21,14,4.0,4.0,3.0,2.0
54063,54,3,12376,292.0,556.0,632,249.0,489.0,330,224.0,447.0,0,1,1.0,1.0,0.0,1.0
54065,54,6,17063,375.0,1031.0,126,230.0,795.0,0,181.0,696.0,0,2,0.0,1.0,0.0,1.0
54067,54,8,24604,644.0,1829.0,159,408.0,1260.0,0,315.0,977.0,0,3,0.0,1.0,0.0,1.0
54069,54,18,42425,2198.0,3393.0,6696,415.0,846.0,872,91.0,403.0,14,7,2.0,4.0,0.0,0.0
54071,54,3,6143,83.0,315.0,2166,68.0,277.0,886,65.0,268.0,0,1,1.0,0.0,0.0,0.0
54073,54,2,7653,71.0,452.0,131,51.0,348.0,0,42.0,300.0,0,0,0.0,0.0,0.0,0.0
54075,54,5,7869,206.0,690.0,377,167.0,567.0,17,141.0,477.0,0,3,0.0,0.0,0.0,0.0
54077,54,11,34216,736.0,2207.0,47,547.0,1694.0,0,437.0,1392.0,0,6,0.0,2.0,0.0,2.0
54079,54,12,57440,1171.0,2998.0,4945,557.0,1417.0,1588,401.0,1010.0,6,1,1.0,3.0,1.0,2.0
54081,54,17,74591,2574.0,5591.0,19668,1170.0,2644.0,8367,645.0,1559.0,11,11,5.0,6.0,2.0,5.0
54083,54,7,27932,826.0,1773.0,5725,403.0,942.0,3071,279.0,703.0,3,1,0.0,3.0,0.0,2.0
54085,54,3,8444,229.0,540.0,502,145.0,360.0,22,124.0,315.0,0,2,0.0,0.0,0.0,0.0
54087,54,5,14028,598.0,1245.0,516,363.0,868.0,0,284.0,729.0,0,4,0.0,2.0,0.0,0.0
54089,54,4,11959,428.0,1077.0,372,280.0,768.0,0,244.0,665.0,0,3,0.0,1.0,0.0,1.0
54091,54,4,16705,592.0,1334.0,34,349.0,848.0,0,284.0,685.0,0,2,0.0,2.0,0.0,1.0
54093,54,3,6762,344.0,363.0,336,251.0,259.0,0,214.0,219.0,0,0,0.0,1.0,0.0,1.0
54095,54,3,8313,187.0,644.0,19,98.0,413.0,0,81.0,346.0,0,1,0.0,0.0,0.0,0.0
54097,54,6,23816,782.0,1815.0,1043,427.0,1117.0,279,314.0,858.0,2,3,0.0,2.0,0.0,1.0
54099,54,11,38982,1425.0,2879.0,6554,841.0,1921.0,4221,669.0,1525.0,5,6,0.0,5.0,0.0,5.0
54101,54,4,8378,376.0,944.0,479,259.0,674.0,34,228.0,596.0,0,3,0.0,1.0,0.0,0.0
54103,54,5,14442,469.0,1215.0,205,258.0,582.0,24,234.0,524.0,1,1,0.0,1.0,0.0,1.0
54105,54,2,5194,161.0,374.0,28,129.0,312.0,0,121.0,280.0,0,2,0.0,1.0,0.0,1.0
54107,54,28,84296,2624.0,6317.0,8315,702.0,1834.0,2196,407.0,1045.0,19,9,0.0,3.0,0.0,3.0
54109,54,6,21382,550.0,1948.0,230,394.0,1384.0,0,351.0,1239.0,0,6,0.0,2.0,0.0,2.0
55001,55,8,20654,401.0,1391.0,128,352.0,1240.0,0,337.0,1179.0,0,6,0.0,1.0,0.0,0.0
55003,55,7,16027,394.0,975.0,1891,200.0,536.0,485,162.0,455.0,2,4,1.0,0.0,0.0,0.0
55005,55,12,46711,965.0,2288.0,2414,565.0,1483.0,908,412.0,1172.0,2,4,1.0,1.0,1.0,1.0
55007,55,6,16220,309.0,859.0,2351,247.0,708.0,1183,230.0,663.0,0,0,0.0,0.0,0.0,0.0
55009,55,58,268740,5674.0,11597.0,71682,1303.0,2546.0,36986,658.0,1290.0,49,17,1.0,8.0,1.0,5.0
55011,55,5,13317,190.0,598.0,1076,131.0,315.0,174,122.0,273.0,0,1,0.0,0.0,0.0,0.0
55013,55,6,16526,318.0,900.0,869,289.0,808.0,286,269.0,754.0,0,0,0.0,0.0,0.0,0.0
55015,55,11,52442,666.0,1301.0,12269,301.0,522.0,8278,236.0,426.0,5,1,0.0,1.0,0.0,0.0
55017,55,12,66297,1301.0,3203.0,14917,728.0,1908.0,8428,514.0,1405.0,5,1,0.0,5.0,0.0,4.0
55019,55,8,34659,1257.0,1348.0,972,883.0,970.0,306,798.0,888.0,0,3,0.0,6.0,0.0,5.0
55021,55,13,58490,1075.0,2162.0,5854,606.0,1235.0,1697,465.0,933.0,4,6,4.0,3.0,1.0,2.0
55023,55,6,16113,402.0,728.0,998,217.0,374.0,208,171.0,267.0,2,3,1.0,0.0,0.0,0.0
55025,55,125,561504,20653.0,20385.0,115441,2762.0,4329.0,52167,1240.0,2148.0,104,33,7.0,20.0,0.0,8.0
55027,55,20,89396,1463.0,3831.0,13170,569.0,1643.0,5149,343.0,1085.0,9,3,2.0,1.0,1.0,1.0
55029,55,9,30066,409.0,1168.0,4568,259.0,690.0,2192,193.0,512.0,2,0,0.0,1.0,0.0,0.0
55031,55,14,44295,1542.0,2390.0,7250,321.0,674.0,3632,269.0,569.0,9,2,0.0,2.0,0.0,1.0
55033,55,9,45440,611.0,2212.0,9339,332.0,1375.0,5319,281.0,1184.0,4,1,0.0,0.0,0.0,0.0
55035,55,22,105710,2882.0,4962.0,19113,791.0,1301.0,7227,491.0,731.0,17,6,2.0,4.0,0.0,3.0
55037,55,3,4558,47.0,292.0,832,43.0,269.0,412,40.0,254.0,0,2,0.0,0.0,0.0,0.0
55039,55,23,104154,2428.0,4095.0,24338,690.0,1124.0,12568,449.0,739.0,15,6,1.0,2.0,1.0,2.0
55041,55,4,9179,208.0,599.0,1066,169.0,488.0,486,160.0,460.0,0,3,0.0,0.0,0.0,0.0
55043,55,12,51938,983.0,2122.0,3626,519.0,964.0,825,412.0,728.0,2,2,1.0,1.0,0.0,1.0
55045,55,8,37093,676.0,1296.0,2144,312.0,572.0,667,249.0,471.0,3,4,2.0,1.0,0.0,0.0
55047,55,6,19018,645.0,966.0,3214,441.0,585.0,1416,366.0,459.0,2,2,1.0,3.0,1.0,2.0
55049,55,6,23709,438.0,958.0,1778,251.0,594.0,411,198.0,497.0,1,2,0.0,1.0,0.0,0.0
55051,55,3,6137,130.0,377.0,1164,81.0,237.0,713,70.0,206.0,0,2,1.0,0.0,0.0,0.0
55053,55,5,21145,479.0,1265.0,2348,322.0,828.0,1016,289.0,733.0,1,1,1.0,1.0,0.0,0.0
55055,55,21,84900,1615.0,3213.0,10144,625.0,1344.0,3585,437.0,928.0,10,2,0.0,4.0,0.0,2.0
55057,55,8,26718,466.0,1635.0,739,299.0,1117.0,264,254.0,972.0,0,2,1.0,0.0,0.0,0.0
55059,55,42,169151,3390.0,8401.0,36516,915.0,1869.0,22208,620.0,1236.0,35,12,2.0,3.0,2.0,3.0
55061,55,5,20563,236.0,434.0,23,144.0,227.0,0,122.0,189.0,0,0,0.0,0.0,0.0,0.0
55063,55,28,120784,3596.0,4781.0,17075,993.0,1599.0,3832,355.0,620.0,20,9,4.0,6.0,0.0,4.0
55065,55,5,16611,336.0,588.0,22,209.0,363.0,0,186.0,326.0,0,1,0.0,0.0,0.0,0.0
55067,55,7,19491,551.0,1191.0,1794,161.0,478.0,178,108.0,360.0,2,4,1.0,1.0,0.0,0.0
55069,55,10,28415,597.0,1674.0,4311,291.0,832.0,1479,206.0,579.0,3,1,0.0,0.0,0.0,0.0
55071,55,19,81359,1860.0,3617.0,11866,585.0,1142.0,5059,388.0,772.0,12,7,4.0,3.0,1.0,2.0
55073,55,32,138013,2781.0,5745.0,23283,968.0,2038.0,11811,680.0,1513.0,17,5,1.0,4.0,0.0,2.0
55075,55,12,41872,752.0,2313.0,5312,478.0,1525.0,1827,352.0,1243.0,3,8,2.0,1.0,1.0,1.0
55077,55,5,15592,318.0,831.0,169,252.0,677.0,0,220.0,603.0,0,4,0.0,1.0,0.0,0.0
55078,55,3,4255,70.0,366.0,26,38.0,206.0,0,25.0,136.0,0,2,0.0,0.0,0.0,0.0
55079,55,301,939489,49178.0,80462.0,53841,1377.0,1924.0,16374,189.0,341.0,300,175,2.0,16.0,0.0,8.0
55081,55,9,46274,1526.0,2553.0,3315,772.0,1229.0,970,583.0,909.0,3,2,2.0,6.0,0.0,5.0
55083,55,11,38965,577.0,1510.0,100,435.0,1138.0,0,383.0,1007.0,0,3,0.0,1.0,0.0,1.0
55085,55,16,37845,749.0,1383.0,3782,511.0,832.0,741,401.0,642.0,2,2,1.0,0.0,0.0,0.0
55087,55,47,190705,3236.0,6395.0,29501,555.0,1519.0,11771,325.0,998.0,37,9,0.0,1.0,0.0,0.0
55089,55,21,91503,1506.0,1921.0,32587,862.0,901.0,16653,485.0,482.0,15,0,0.0,5.0,0.0,4.0
55091,55,2,7318,109.0,301.0,157,81.0,223.0,0,68.0,190.0,0,0,0.0,0.0,0.0,0.0
55093,55,8,42212,428.0,934.0,2865,268.0,593.0,1053,227.0,506.0,2,2,1.0,1.0,0.0,1.0
55095,55,14,44977,731.0,1900.0,941,565.0,1482.0,204,455.0,1218.0,0,3,0.0,2.0,0.0,1.0
55097,55,15,70377,1161.0,2387.0,9399,410.0,1096.0,2725,293.0,845.0,8,4,2.0,1.0,0.0,1.0
55099,55,6,14054,346.0,861.0,2028,242.0,642.0,754,211.0,574.0,0,4,0.0,0.0,0.0,0.0
55101,55,46,197727,4191.0,9869.0,38232,946.0,1606.0,19838,488.0,782.0,38,12,0.0,4.0,0.0,2.0
55103,55,5,17304,488.0,1037.0,3627,261.0,591.0,1757,228.0,521.0,2,2,1.0,1.0,1.0,1.0
55105,55,41,163687,4012.0,8653.0,25726,793.0,1721.0,13297,446.0,1153.0,31,16,1.0,3.0,0.0,2.0
55107,55,5,14188,346.0,1027.0,1702,177.0,609.0,589,144.0,523.0,0,5,2.0,1.0,0.0,0.0
55109,55,18,93536,1224.0,2322.0,13344,640.0,1374.0,6637,421.0,998.0,6,4,1.0,3.0,1.0,2.0
55111,55,24,65763,1441.0,2830.0,8910,780.0,1463.0,3386,582.0,1001.0,10,4,3.0,2.0,1.0,2.0
55113,55,8,18074,377.0,1205.0,1735,321.0,991.0,291,289.0,883.0,0,4,0.0,0.0,0.0,0.0
55115,55,11,40881,1082.0,1901.0,3708,657.0,1338.0,1297,482.0,1086.0,2,5,2.0,1.0,1.0,1.0
55117,55,28,118034,2584.0,4354.0,16366,626.0,1041.0,5620,370.0,644.0,14,7,1.0,2.0,0.0,0.0
55119,55,6,19913,413.0,746.0,3592,348.0,610.0,1323,315.0,543.0,1,1,0.0,1.0,0.0,1.0
55121,55,8,30760,584.0,1140.0,430,394.0,731.0,0,347.0,628.0,0,0,0.0,1.0,0.0,1.0
55123,55,7,30714,1129.0,1127.0,2275,752.0,669.0,808,694.0,603.0,1,1,0.0,4.0,0.0,3.0
55125,55,8,23047,427.0,1098.0,3692,395.0,1009.0,1183,365.0,916.0,0,2,1.0,1.0,0.0,1.0
55127,55,29,106478,1686.0,3316.0,22456,808.0,1663.0,13503,565.0,1186.0,15,3,2.0,2.0,1.0,1.0
55129,55,6,16623,323.0,873.0,2035,240.0,669.0,72,218.0,610.0,0,2,1.0,0.0,0.0,0.0
55131,55,30,136761,2107.0,2920.0,39875,1001.0,1345.0,22122,626.0,860.0,19,1,1.0,4.0,1.0,4.0
55133,55,98,406978,5872.0,7378.0,142512,2267.0,2855.0,74310,1111.0,1497.0,75,5,1.0,8.0,0.0,4.0
55135,55,12,51812,1326.0,2246.0,5387,718.0,1293.0,2666,574.0,1060.0,3,3,1.0,3.0,1.0,1.0
55137,55,8,24520,536.0,1310.0,5,415.0,1032.0,0,354.0,895.0,0,2,0.0,2.0,0.0,2.0
55139,55,45,171730,3968.0,6976.0,31725,768.0,1296.0,15108,368.0,659.0,36,19,2.0,5.0,0.0,1.0
55141,55,17,74207,1765.0,4244.0,14918,675.0,1881.0,8019,449.0,1373.0,10,5,4.0,4.0,4.0,1.0
56001,56,11,37066,965.0,694.0,16882,345.0,300.0,10576,185.0,159.0,10,7,4.0,2.0,3.0,2.0
56003,56,3,11521,124.0,235.0,3138,83.0,158.0,2572,75.0,140.0,0,2,2.0,0.0,1.0,0.0
56005,56,10,47026,671.0,604.0,13555,314.0,276.0,9657,223.0,197.0,4,2,2.0,1.0,2.0,1.0
56007,56,5,14537,372.0,284.0,4544,128.0,95.0,2531,52.0,29.0,2,3,2.0,0.0,1.0,0.0
56009,56,4,13751,300.0,389.0,3093,97.0,137.0,2451,72.0,107.0,1,2,0.0,1.0,0.0,0.0
56011,56,2,7181,71.0,18.0,2903,57.0,15.0,2042,53.0,14.0,0,0,0.0,0.0,0.0,0.0
56013,56,12,39234,666.0,1217.0,10347,310.0,710.0,7036,257.0,631.0,5,6,2.0,0.0,1.0,0.0
56015,56,4,12498,301.0,383.0,3145,158.0,236.0,2759,140.0,215.0,0,1,0.0,1.0,0.0,1.0
56017,56,2,4621,70.0,168.0,577,46.0,81.0,456,38.0,61.0,0,1,1.0,0.0,0.0,0.0
56019,56,3,8447,107.0,59.0,2350,45.0,41.0,2010,33.0,36.0,1,2,1.0,0.0,0.0,0.0
56021,56,27,100512,2159.0,2337.0,24101,548.0,702.0,13311,351.0,517.0,23,6,3.0,3.0,0.0,1.0
56023,56,5,19581,292.0,369.0,914,176.0,243.0,703,144.0,207.0,0,0,0.0,1.0,0.0,1.0
56025,56,20,79955,1541.0,2197.0,12851,334.0,481.0,4356,146.0,238.0,15,7,1.0,2.0,0.0,1.0
56027,56,1,2467,9.0,53.0,1005,6.0,37.0,912,5.0,30.0,0,0,0.0,0.0,0.0,0.0
56029,56,7,29624,354.0,474.0,12884,125.0,179.0,9773,82.0,122.0,5,1,1.0,0.0,0.0,0.0
56031,56,3,8605,72.0,189.0,1287,43.0,59.0,978,37.0,46.0,0,1,0.0,0.0,0.0,0.0
56033,56,7,30921,581.0,513.0,10376,286.0,234.0,6894,224.0,162.0,4,0,0.0,1.0,0.0,0.0
56035,56,3,8728,67.0,94.0,2769,48.0,73.0,2236,43.0,66.0,0,0,0.0,0.0,0.0,0.0
56037,56,13,42272,494.0,1289.0,13879,229.0,422.0,9355,116.0,260.0,8,4,3.0,0.0,2.0,0.0
56039,56,7,23331,194.0,124.0,8761,170.0,107.0,6905,164.0,100.0,2,0,0.0,0.0,0.0,0.0
56041,56,6,20450,305.0,528.0,3382,139.0,250.0,1670,97.0,179.0,2,1,1.0,1.0,1.0,0.0
56043,56,3,7685,107.0,258.0,1748,44.0,77.0,1227,37.0,56.0,2,0,0.0,0.0,0.0,0.0
56045,56,2,6838,101.0,77.0,1436,54.0,31.0,1237,47.0,26.0,0,0,0.0,0.0,0.0,0.0
